[08:53:56] [main/INFO]: Loading Minecraft 1.21.4 with Fabric Loader 0.18.4
[08:53:56] [main/INFO]: Loading 55 mods:
	- fabric-api 0.119.4+1.21.4
	   |-- fabric-api-base 0.4.54+b47eab6b04
	   |-- fabric-api-lookup-api-v1 1.6.86+b1caf1e904
	   |-- fabric-biome-api-v1 15.0.6+b1c29d8e04
	   |-- fabric-block-api-v1 1.0.31+7feeb73304
	   |-- fabric-block-view-api-v2 1.0.20+9c49cc8c04
	   |-- fabric-blockrenderlayer-v1 2.0.8+7feeb73304
	   |-- fabric-client-tags-api-v1 1.1.29+20ea1e2304
	   |-- fabric-command-api-v1 1.2.62+f71b366f04
	   |-- fabric-command-api-v2 2.2.41+e496eb1504
	   |-- fabric-commands-v0 0.2.79+df3654b304
	   |-- fabric-content-registries-v0 9.1.19+25d1a67604
	   |-- fabric-convention-tags-v1 2.1.20+7f945d5b04
	   |-- fabric-convention-tags-v2 2.14.1+aebda09404
	   |-- fabric-crash-report-info-v1 0.3.6+7feeb73304
	   |-- fabric-data-attachment-api-v1 1.6.2+e99da0f704
	   |-- fabric-data-generation-api-v1 22.3.1+0f4e5f5504
	   |-- fabric-dimensions-v1 4.0.10+7feeb73304
	   |-- fabric-entity-events-v1 2.0.15+62245bef04
	   |-- fabric-events-interaction-v0 4.0.4+a4eebcf004
	   |-- fabric-game-rule-api-v1 1.0.63+7d48d43904
	   |-- fabric-item-api-v1 11.4.0+189dd6fe04
	   |-- fabric-item-group-api-v1 4.2.2+fcb9601404
	   |-- fabric-key-binding-api-v1 1.0.57+7d48d43904
	   |-- fabric-keybindings-v0 0.2.55+df3654b304
	   |-- fabric-lifecycle-events-v1 2.5.4+bf2a60eb04
	   |-- fabric-loot-api-v2 3.0.38+3f89f5a504
	   |-- fabric-loot-api-v3 1.0.26+203e6b2304
	   |-- fabric-message-api-v1 6.0.26+238a33c004
	   |-- fabric-model-loading-api-v1 4.3.0+ae23723504
	   |-- fabric-networking-api-v1 4.4.0+db5e668204
	   |-- fabric-object-builder-api-v1 18.0.14+38b0d59804
	   |-- fabric-particles-v1 4.0.14+7feeb73304
	   |-- fabric-recipe-api-v1 8.1.1+640e77ae04
	   |-- fabric-registry-sync-v0 6.1.11+4a9c1ece04
	   |-- fabric-renderer-api-v1 5.0.3+50f0feb204
	   |-- fabric-renderer-indigo 2.0.3+50f0feb204
	   |-- fabric-rendering-data-attachment-v1 0.3.58+73761d2e04
	   |-- fabric-rendering-fluids-v1 3.1.19+7feeb73304
	   |-- fabric-rendering-v1 10.2.1+0d31b09f04
	   |-- fabric-resource-conditions-api-v1 5.0.13+203e6b2304
	   |-- fabric-resource-loader-v0 3.1.1+360374ac04
	   |-- fabric-screen-api-v1 2.0.38+7feeb73304
	   |-- fabric-screen-handler-api-v1 1.3.118+7feeb73304
	   |-- fabric-sound-api-v1 1.0.32+7feeb73304
	   |-- fabric-tag-api-v1 1.0.7+7d48d43904
	   |-- fabric-transfer-api-v1 5.4.9+efa825c904
	   \-- fabric-transitive-access-wideners-v1 6.3.2+56e78b9b04
	- fabricloader 0.18.4
	   \-- mixinextras 0.5.0
	- java 21
	- minecraft 1.21.4
	- radiance 0.1.3-alpha
	   \-- org_yaml_snakeyaml 2.5
	- radiance-debug-bridge 1.0.0
[08:53:56] [main/INFO]: SpongePowered MIXIN Subsystem Version=0.8.7 Source=file:/C:/Users/Administrator/AppData/Roaming/PrismLauncher/libraries/net/fabricmc/sponge-mixin/0.17.0+mixin.0.8.7/sponge-mixin-0.17.0+mixin.0.8.7.jar Service=Knot/Fabric Env=CLIENT
[08:53:56] [main/INFO]: Compatibility level set to JAVA_21
[08:53:57] [main/INFO]: Initializing MixinExtras via com.llamalad7.mixinextras.service.MixinExtrasServiceImpl(version=0.5.0).
[08:53:57] [Datafixer Bootstrap/INFO]: 243 Datafixer optimizations took 231 milliseconds
[08:54:00] [Render thread/INFO]: Environment: Environment[sessionHost=https://sessionserver.mojang.com, servicesHost=https://api.minecraftservices.com, name=PROD]
[08:54:00] [Render thread/INFO]: Setting user: RiceArchery
[08:54:00] [Render thread/INFO]: [Indigo] Registering Indigo renderer!
[08:54:00] [Render thread/INFO]: [Radiance] Build 0.1.3-alpha commit=7e02ab7694acb52f883236ecb9ee8441241d529f jarSha256=85BBFD87235A908A41AAC5ED38C1D0B527A9745BF82CD22C1EDFD018CD1A0CF1
[08:54:01] [Render thread/INFO]: [CrashContext] Shutdown hook registered
[08:54:01] [Render thread/INFO]: [STDOUT]: [DebugBridge] Starting debug bridge server...
[08:54:01] [Render thread/INFO]: [STDOUT]: [DebugBridge] Found Radiance Options class
[08:54:01] [Render thread/INFO]: [STDOUT]: [DebugBridge] BRIDGE_START port=19845 processAge=7657ms
[08:54:01] [Render thread/INFO]: Backend library: LWJGL version 3.3.3-snapshot
[08:54:10] [Render thread/INFO]: [RadianceLogger] Opened C:\Users\Administrator\AppData\Roaming\PrismLauncher\instances\1.21.4\minecraft\radiance\logs\radiance_java_20260611_085410.log
[08:54:10] [Render thread/INFO]: Found non-pack entry 'C:\Users\Administrator\AppData\Roaming\PrismLauncher\instances\1.21.4\minecraft\resourcepacks\.index', ignoring
[08:54:10] [Render thread/WARN]: Pack file/Optimum Realism R3.7.0 64x.zip declared support for versions [15, 64] but declared main format is 80, defaulting to 80
[08:54:10] [Render thread/INFO]: Found non-pack entry 'C:\Users\Administrator\AppData\Roaming\PrismLauncher\instances\1.21.4\minecraft\resourcepacks\Patrix128x-20260606T171428Z-3-001.zip.disabled', ignoring
[08:54:10] [Render thread/INFO]: Found non-pack entry 'C:\Users\Administrator\AppData\Roaming\PrismLauncher\instances\1.21.4\minecraft\resourcepacks\Patrix_26.1_32x_basic.zip.disabled', ignoring
[08:54:10] [Render thread/INFO]: Found non-pack entry 'C:\Users\Administrator\AppData\Roaming\PrismLauncher\instances\1.21.4\minecraft\resourcepacks\SPBR-20_1.zip.disabled', ignoring
[08:54:10] [Render thread/INFO]: Reloading ResourceManager: vanilla, fabric, fabric-api, fabric-api-base, fabric-api-lookup-api-v1, fabric-biome-api-v1, fabric-block-api-v1, fabric-block-view-api-v2, fabric-blockrenderlayer-v1, fabric-client-tags-api-v1, fabric-command-api-v1, fabric-command-api-v2, fabric-commands-v0, fabric-content-registries-v0, fabric-convention-tags-v1, fabric-convention-tags-v2, fabric-crash-report-info-v1, fabric-data-attachment-api-v1, fabric-data-generation-api-v1, fabric-dimensions-v1, fabric-entity-events-v1, fabric-events-interaction-v0, fabric-game-rule-api-v1, fabric-item-api-v1, fabric-item-group-api-v1, fabric-key-binding-api-v1, fabric-keybindings-v0, fabric-lifecycle-events-v1, fabric-loot-api-v2, fabric-loot-api-v3, fabric-message-api-v1, fabric-model-loading-api-v1, fabric-networking-api-v1, fabric-object-builder-api-v1, fabric-particles-v1, fabric-recipe-api-v1, fabric-registry-sync-v0, fabric-renderer-api-v1, fabric-renderer-indigo, fabric-rendering-data-attachment-v1, fabric-rendering-fluids-v1, fabric-rendering-v1, fabric-resource-conditions-api-v1, fabric-resource-loader-v0, fabric-screen-api-v1, fabric-screen-handler-api-v1, fabric-sound-api-v1, fabric-tag-api-v1, fabric-transfer-api-v1, fabric-transitive-access-wideners-v1, fabricloader, radiance, file/Patrix_1.20.4_128x_basic.zip, file/Patrix_1.20.4_models.zip, file/Patrix_1.20.4_128x_addon.zip
[08:54:11] [Worker-Main-13/INFO]: Found unifont_all_no_pua-16.0.01.hex, loading
[08:54:11] [Worker-Main-9/INFO]: Found unifont_jp_patch-16.0.01.hex, loading
[08:54:11] [Render thread/INFO]: [STDOUT]: [DebugBridge] SCREEN  -> class_424 (Loading Minecraft)
[08:54:11] [Worker-Main-11/WARN]: Missing block model: 'minecraft:block/grass_extra1a'
[08:54:11] [Worker-Main-11/WARN]: Missing block model: 'minecraft:block/grass_extra1b'
[08:54:12] [Render thread/ERROR]: ########## GL ERROR ##########
[08:54:12] [Render thread/ERROR]: @ Render
[08:54:12] [Render thread/ERROR]: 65538: Cannot set swap interval without a current OpenGL or OpenGL ES context
[08:54:33] [Worker-Main-14/WARN]: Unused frames in sprite minecraft:block/lava_still: [0, 1, 2, 3, 4, 5, 6, 7]
[08:54:34] [Worker-Main-5/WARN]: Unused frames in sprite minecraft:block/lava_flow: [0, 1, 2, 3, 4, 5, 6, 7, 8, 9, 10, 11, 12, 13, 14, 15, 16, 17, 18, 19, 20, 21, 22, 23, 24, 25, 26, 27, 28, 29, 30, 31, 32, 33, 34, 35, 36, 37, 38, 39, 40, 41, 42, 43, 44, 45, 46, 47]
[08:54:36] [Worker-Main-10/WARN]: Missing texture references in model minecraft:nether_quartz_ore#:
    particle
[08:54:36] [Worker-Main-10/WARN]: Missing texture references in model minecraft:redstone_wire#east=none,north=up,power=10,south=none,west=up:
    particle
[08:54:36] [Worker-Main-10/WARN]: Missing texture references in model minecraft:emerald_ore#:
    particle
[08:54:36] [Worker-Main-10/WARN]: Missing texture references in model minecraft:deepslate_redstone_ore#lit=true:
    particle
[08:54:36] [Worker-Main-10/WARN]: Missing texture references in model minecraft:stone#:
    particle
[08:54:36] [Worker-Main-10/WARN]: Missing texture references in model minecraft:granite#:
    particle
[08:54:36] [Worker-Main-10/WARN]: Missing texture references in model minecraft:diamond_ore#:
    particle
[08:54:36] [Worker-Main-10/WARN]: Missing texture references in model minecraft:deepslate_diamond_ore#:
    particle
[08:54:36] [Worker-Main-10/WARN]: Missing texture references in model minecraft:redstone_ore#lit=false:
    particle
[08:54:36] [Worker-Main-10/WARN]: Missing texture references in model minecraft:andesite#:
    particle
[08:54:36] [Worker-Main-10/WARN]: Missing texture references in model minecraft:deepslate_emerald_ore#:
    particle
[08:54:36] [Worker-Main-10/WARN]: Missing texture references in model minecraft:diorite#:
    particle
[08:54:36] [Worker-Main-10/WARN]: Missing texture references in model minecraft:netherrack#:
    particle
[08:54:36] [Render thread/INFO]: OpenAL initialized on device OpenAL Soft on Headphones (USB-C to 3.5mm Headphone Jack Adapter)
[08:54:36] [Render thread/INFO]: Sound engine started
[08:54:36] [Render thread/INFO]: Created: 4096x4096x4 minecraft:textures/atlas/blocks.png-atlas
[08:54:36] [Render thread/INFO]: [TextureSystem] Sprite lookup refreshed: 1810 entries, renderable capacity 4096
[08:54:37] [Render thread/WARN]: [TextureSystem] Vanilla tier page upload failed: page=1 size=16 start=0 layers=910/910
[08:54:37] [Render thread/WARN]: [TextureSystem] Vanilla tier page upload failed: page=2 size=32 start=0 layers=101/101
[08:54:37] [Render thread/WARN]: [TextureSystem] Vanilla tier page upload failed: page=3 size=64 start=0 layers=44/44
[08:54:37] [Render thread/WARN]: [TextureSystem] Vanilla tier page upload failed: page=4 size=128 start=0 layers=256/1089
[08:54:37] [Render thread/WARN]: [TextureSystem] Vanilla tier page upload failed: page=5 size=256 start=0 layers=83/83
[08:54:37] [Render thread/WARN]: [TextureSystem] Vanilla tier page upload failed: page=6 size=512 start=0 layers=1/1
[08:54:37] [Render thread/ERROR]: [TextureLoaderV4] Block atlas v4 extraction failed
java.lang.IllegalStateException: v4 tier staging produced no uploaded pages
	at knot/net.minecraft.class_1059.handler$zod000$radiance$setImageTargetIDBeforeUpload(class_1059.java:1101) ~[client-intermediary.jar:?]
	at knot/net.minecraft.class_1059.method_45848(class_1059.java:78) ~[client-intermediary.jar:?]
	at knot/net.minecraft.class_4724$class_7774.method_45871(class_4724.java:68) ~[client-intermediary.jar:?]
	at java.base/java.util.HashMap$Values.forEach(HashMap.java:1073) ~[?:?]
	at knot/net.minecraft.class_1092.method_18179(class_1092.java:245) ~[client-intermediary.jar:?]
	at knot/net.minecraft.class_1092.method_45882(class_1092.java:148) ~[client-intermediary.jar:?]
	at java.base/java.util.concurrent.CompletableFuture$UniAccept.tryFire(CompletableFuture.java:718) ~[?:?]
	at java.base/java.util.concurrent.CompletableFuture$Completion.run(CompletableFuture.java:482) ~[?:?]
	at knot/net.minecraft.class_4014.method_18365(class_4014.java:68) ~[client-intermediary.jar:?]
	at knot/net.minecraft.class_1255.method_18859(class_1255.java:164) [client-intermediary.jar:?]
	at knot/net.minecraft.class_4093.method_18859(class_4093.java:23) [client-intermediary.jar:?]
	at knot/net.minecraft.class_1255.method_16075(class_1255.java:138) [client-intermediary.jar:?]
	at knot/net.minecraft.class_1255.method_5383(class_1255.java:123) [client-intermediary.jar:?]
	at knot/net.minecraft.class_310.method_1523(class_310.java:1296) [client-intermediary.jar:?]
	at knot/net.minecraft.class_310.method_1514(class_310.java:922) [client-intermediary.jar:?]
	at knot/net.minecraft.client.main.Main.main(Main.java:267) [client-intermediary.jar:?]
	at net.fabricmc.loader.impl.game.minecraft.MinecraftGameProvider.launch(MinecraftGameProvider.java:514) [fabric-loader-0.18.4.jar:?]
	at net.fabricmc.loader.impl.launch.knot.Knot.launch(Knot.java:72) [fabric-loader-0.18.4.jar:?]
	at net.fabricmc.loader.impl.launch.knot.KnotClient.main(KnotClient.java:23) [fabric-loader-0.18.4.jar:?]
	at org.prismlauncher.launcher.impl.StandardLauncher.launch(StandardLauncher.java:115) [NewLaunch.jar:?]
	at org.prismlauncher.EntryPoint.listen(EntryPoint.java:129) [NewLaunch.jar:?]
	at org.prismlauncher.EntryPoint.main(EntryPoint.java:70) [NewLaunch.jar:?]
[08:54:38] [Render thread/ERROR]: [TextureLoaderV4] v4 failed closed; legacy fixed block extractor disabled
[08:54:38] [Render thread/INFO]: Created: 1024x512x4 minecraft:textures/atlas/signs.png-atlas
[08:54:38] [Render thread/INFO]: Created: 4096x4096x4 minecraft:textures/atlas/banner_patterns.png-atlas
[08:54:45] [Render thread/INFO]: Created: 512x512x4 minecraft:textures/atlas/shield_patterns.png-atlas
[08:54:45] [Render thread/INFO]: Created: 2048x1024x4 minecraft:textures/atlas/armor_trims.png-atlas
[08:54:45] [Render thread/INFO]: Created: 2048x2048x4 minecraft:textures/atlas/chest.png-atlas
[08:54:47] [Render thread/INFO]: Created: 128x64x4 minecraft:textures/atlas/decorated_pot.png-atlas
[08:54:47] [Render thread/INFO]: Created: 4096x2048x4 minecraft:textures/atlas/beds.png-atlas
[08:54:49] [Render thread/INFO]: Created: 4096x2048x4 minecraft:textures/atlas/shulker_boxes.png-atlas
[08:54:51] [Render thread/INFO]: [STDOUT]: [DebugBridge] SPIKE 15364.1ms (avg 772.2ms, 19.9x)
[08:54:51] [Render thread/INFO]: Created: 64x64x0 minecraft:textures/atlas/map_decorations.png-atlas
[08:54:52] [Render thread/INFO]: Created: 1024x512x0 minecraft:textures/atlas/particles.png-atlas
[08:54:52] [Render thread/INFO]: Created: 512x256x0 minecraft:textures/atlas/paintings.png-atlas
[08:54:52] [Render thread/INFO]: Created: 256x128x0 minecraft:textures/atlas/mob_effects.png-atlas
[08:54:52] [Render thread/INFO]: Created: 1024x512x0 minecraft:textures/atlas/gui.png-atlas
[08:54:52] [Render thread/INFO]: [STDOUT]: [DebugBridge] SCREEN class_424 -> class_442 (Title Screen)
[08:54:54] [Render thread/INFO]: [STDOUT]: [DebugBridge] SPIKE 22.1ms (avg 5.1ms, 4.4x)
[08:54:59] [Render thread/INFO]: [STDOUT]: [DebugBridge] SCREEN class_442 -> class_526 (Select World)
[08:55:01] [Render thread/INFO]: [STDOUT]: [DebugBridge] SCREEN class_526 -> class_424 (Reading world data...)
[08:55:02] [Render thread/INFO]: Loaded 1370 recipes
[08:55:02] [Render thread/INFO]: Loaded 1481 advancements
[08:55:02] [Render thread/INFO]: [STDOUT]: [DebugBridge] SCREEN class_424 -> class_435
[08:55:02] [Render thread/INFO]: [STDOUT]: [DebugBridge] SPIKE 1165.0ms (avg 62.4ms, 18.7x)
[08:55:02] [Render thread/INFO]: Applied 0 biome modifications to 0 of 65 new biomes in 901.2 μs
[08:55:02] [Server thread/INFO]: Starting integrated minecraft server version 1.21.4
[08:55:02] [Server thread/INFO]: Generating keypair
[08:55:02] [Render thread/INFO]: [STDOUT]: [DebugBridge] SCREEN class_435 -> class_3928
[08:55:02] [Server thread/INFO]: Preparing start region for dimension minecraft:overworld
[08:55:03] [Render thread/INFO]: Preparing spawn area: 0%
[08:55:03] [Render thread/INFO]: Preparing spawn area: 0%
[08:55:03] [Render thread/INFO]: Time elapsed: 559 ms
[08:55:03] [Server thread/INFO]: Changing view distance to 4, from 10
[08:55:03] [Server thread/INFO]: Changing simulation distance to 12, from 0
[08:55:03] [Render thread/INFO]: [STDOUT]: [DebugBridge] SPIKE 285.1ms (avg 35.7ms, 8.0x)
[08:55:03] [Server thread/INFO]: RiceArchery[local:E:8ea5037e] logged in with entity id 1 at (711.0111969090564, 105.0, 250.0425641514104)
[08:55:03] [Server thread/INFO]: RiceArchery joined the game
[08:55:03] [Render thread/INFO]: [STDOUT]: [DebugBridge] SCREEN class_3928 -> class_434
[08:55:04] [Render thread/INFO]: [STDOUT]: [DebugBridge] WORLD_LOADED at 70568ms from process start
[08:55:04] [Render thread/INFO]: Loaded 13 advancements
[08:55:04] [Render thread/INFO]: [STDOUT]: [DebugBridge] SCREEN class_434 -> InGame
[08:55:04] [Thread-17/INFO]: [MaterialCompat] Color resolver compiled 0 fixed block tints from 0 flat palettes and 0 fixed colormaps; 1 biome palettes pending
[08:55:04] [Thread-17/INFO]: [MaterialCompat] Runtime material bootstrap published 9357 CTM materials from 1190 property files for generation 1 in 200.27 ms (tableUploaded=false)
[08:55:04] [Thread-17/INFO]: [MaterialCompat] CTM residency deferred for generation 1: no visible material demand
[08:55:04] [Thread-17/INFO]: [MaterialCompat] Variant resolver compiled 1190 block texture rules
[08:55:04] [Thread-17/INFO]: [MaterialCompat] Block layer resolver compiled 1 block.properties entries from C:\Users\Administrator\AppData\Roaming\PrismLauncher\instances\1.21.4\minecraft\radiance\shaders\world\ray_tracing\vanilla-pt.zip|rm=633511514|tex=1
[08:55:04] [RadSER Material Residency Upload/INFO]: [MaterialCompat] Material page upload starting: 1 candidate materials, layerSize=128, pageCapacity=512, pageBudget=120, decodeThreads=4, generation=1, visibleOnly=true
[08:55:04] [RadSER Material Residency Upload/WARN]: [MaterialCompat] Material page 8 upload failed: 1 layers
[08:55:04] [RadSER Material Residency Upload/INFO]: [MaterialCompat] Material page upload: 0 materials across 0 pages, 0 deferred
[08:55:04] [RadSER Material Residency Upload/INFO]: [MaterialCompat] Runtime material residency complete for generation 1: 0 materials resident, tableUploaded=false, totalMs=60.81
[08:55:04] [RadSER Material Residency Upload/INFO]: [MaterialCompat] Residency updated descriptor/material-table state only; chunk rebuild skipped for generation 1
[08:55:05] [RadSER Material Residency Upload/INFO]: [MaterialCompat] Material page upload starting: 25 candidate materials, layerSize=128, pageCapacity=512, pageBudget=120, decodeThreads=4, generation=1, visibleOnly=true
[08:55:05] [RadSER Material Residency Upload/WARN]: [MaterialCompat] Material page 8 upload failed: 25 layers
[08:55:05] [RadSER Material Residency Upload/INFO]: [MaterialCompat] Material page upload: 0 materials across 0 pages, 0 deferred
[08:55:05] [RadSER Material Residency Upload/INFO]: [MaterialCompat] Runtime material residency complete for generation 1: 0 materials resident, tableUploaded=false, totalMs=46.02
[08:55:05] [RadSER Material Residency Upload/INFO]: [MaterialCompat] Residency updated descriptor/material-table state only; chunk rebuild skipped for generation 1
[08:55:05] [RadSER Material Residency Upload/INFO]: [MaterialCompat] Material page upload starting: 24 candidate materials, layerSize=128, pageCapacity=512, pageBudget=120, decodeThreads=4, generation=1, visibleOnly=true
[08:55:05] [RadSER Material Residency Upload/WARN]: [MaterialCompat] Material page 8 upload failed: 24 layers
[08:55:05] [RadSER Material Residency Upload/INFO]: [MaterialCompat] Material page upload: 0 materials across 0 pages, 0 deferred
[08:55:05] [RadSER Material Residency Upload/INFO]: [MaterialCompat] Runtime material residency complete for generation 1: 0 materials resident, tableUploaded=false, totalMs=38.73
[08:55:05] [RadSER Material Residency Upload/INFO]: [MaterialCompat] Residency updated descriptor/material-table state only; chunk rebuild skipped for generation 1
[08:55:05] [RadSER Material Residency Upload/INFO]: [MaterialCompat] Material page upload starting: 30 candidate materials, layerSize=128, pageCapacity=512, pageBudget=120, decodeThreads=4, generation=1, visibleOnly=true
[08:55:05] [RadSER Material Residency Upload/WARN]: [MaterialCompat] Material page 8 upload failed: 30 layers
[08:55:05] [RadSER Material Residency Upload/INFO]: [MaterialCompat] Material page upload: 0 materials across 0 pages, 0 deferred
[08:55:05] [RadSER Material Residency Upload/INFO]: [MaterialCompat] Runtime material residency complete for generation 1: 0 materials resident, tableUploaded=false, totalMs=35.13
[08:55:05] [RadSER Material Residency Upload/INFO]: [MaterialCompat] Residency updated descriptor/material-table state only; chunk rebuild skipped for generation 1
[08:55:05] [RadSER Material Residency Upload/INFO]: [MaterialCompat] Material page upload starting: 41 candidate materials, layerSize=128, pageCapacity=512, pageBudget=120, decodeThreads=4, generation=1, visibleOnly=true
[08:55:05] [RadSER Material Residency Upload/WARN]: [MaterialCompat] Material page 8 upload failed: 41 layers
[08:55:05] [RadSER Material Residency Upload/INFO]: [MaterialCompat] Material page upload: 0 materials across 0 pages, 0 deferred
[08:55:05] [RadSER Material Residency Upload/INFO]: [MaterialCompat] Runtime material residency complete for generation 1: 0 materials resident, tableUploaded=false, totalMs=32.30
[08:55:05] [RadSER Material Residency Upload/INFO]: [MaterialCompat] Residency updated descriptor/material-table state only; chunk rebuild skipped for generation 1
[08:55:05] [Render thread/INFO]: [STDOUT]: [JAVA] setupTerrain=0.06 entities=1.78 blockEntities=0.19 particles=0.01 weather=0.00 chunkRebuild=0.21 other=0.80 TOTAL=3.05 rebuildQueue=392
[08:55:05] [RadSER Material Residency Upload/INFO]: [MaterialCompat] Material page upload starting: 40 candidate materials, layerSize=128, pageCapacity=512, pageBudget=120, decodeThreads=4, generation=1, visibleOnly=true
[08:55:05] [RadSER Material Residency Upload/WARN]: [MaterialCompat] Material page 8 upload failed: 40 layers
[08:55:05] [RadSER Material Residency Upload/INFO]: [MaterialCompat] Material page upload: 0 materials across 0 pages, 0 deferred
[08:55:05] [RadSER Material Residency Upload/INFO]: [MaterialCompat] Runtime material residency complete for generation 1: 0 materials resident, tableUploaded=false, totalMs=27.75
[08:55:05] [RadSER Material Residency Upload/INFO]: [MaterialCompat] Residency updated descriptor/material-table state only; chunk rebuild skipped for generation 1
[08:55:05] [RadSER Material Residency Upload/INFO]: [MaterialCompat] Material page upload starting: 15 candidate materials, layerSize=128, pageCapacity=512, pageBudget=120, decodeThreads=4, generation=1, visibleOnly=true
[08:55:05] [RadSER Material Residency Upload/WARN]: [MaterialCompat] Material page 8 upload failed: 15 layers
[08:55:05] [RadSER Material Residency Upload/INFO]: [MaterialCompat] Material page upload: 0 materials across 0 pages, 0 deferred
[08:55:05] [RadSER Material Residency Upload/INFO]: [MaterialCompat] Runtime material residency complete for generation 1: 0 materials resident, tableUploaded=false, totalMs=25.09
[08:55:05] [RadSER Material Residency Upload/INFO]: [MaterialCompat] Residency updated descriptor/material-table state only; chunk rebuild skipped for generation 1
[08:55:05] [RadSER Material Residency Upload/INFO]: [MaterialCompat] Material page upload starting: 10 candidate materials, layerSize=128, pageCapacity=512, pageBudget=120, decodeThreads=4, generation=1, visibleOnly=true
[08:55:05] [RadSER Material Residency Upload/WARN]: [MaterialCompat] Material page 8 upload failed: 10 layers
[08:55:05] [RadSER Material Residency Upload/INFO]: [MaterialCompat] Material page upload: 0 materials across 0 pages, 0 deferred
[08:55:05] [RadSER Material Residency Upload/INFO]: [MaterialCompat] Runtime material residency complete for generation 1: 0 materials resident, tableUploaded=false, totalMs=21.20
[08:55:05] [RadSER Material Residency Upload/INFO]: [MaterialCompat] Residency updated descriptor/material-table state only; chunk rebuild skipped for generation 1
[08:55:05] [RadSER Material Residency Upload/INFO]: [MaterialCompat] Material page upload starting: 38 candidate materials, layerSize=128, pageCapacity=512, pageBudget=120, decodeThreads=4, generation=1, visibleOnly=true
[08:55:05] [RadSER Material Residency Upload/WARN]: [MaterialCompat] Material page 8 upload failed: 38 layers
[08:55:05] [RadSER Material Residency Upload/INFO]: [MaterialCompat] Material page upload: 0 materials across 0 pages, 0 deferred
[08:55:05] [RadSER Material Residency Upload/INFO]: [MaterialCompat] Runtime material residency complete for generation 1: 0 materials resident, tableUploaded=false, totalMs=23.09
[08:55:05] [RadSER Material Residency Upload/INFO]: [MaterialCompat] Residency updated descriptor/material-table state only; chunk rebuild skipped for generation 1
[08:55:05] [RadSER Material Residency Upload/INFO]: [MaterialCompat] Material page upload starting: 30 candidate materials, layerSize=128, pageCapacity=512, pageBudget=120, decodeThreads=4, generation=1, visibleOnly=true
[08:55:05] [RadSER Material Residency Upload/WARN]: [MaterialCompat] Material page 8 upload failed: 30 layers
[08:55:05] [RadSER Material Residency Upload/INFO]: [MaterialCompat] Material page upload: 0 materials across 0 pages, 0 deferred
[08:55:05] [RadSER Material Residency Upload/INFO]: [MaterialCompat] Runtime material residency complete for generation 1: 0 materials resident, tableUploaded=false, totalMs=25.13
[08:55:05] [RadSER Material Residency Upload/INFO]: [MaterialCompat] Residency updated descriptor/material-table state only; chunk rebuild skipped for generation 1
[08:55:06] [RadSER Material Residency Upload/INFO]: [MaterialCompat] Material page upload starting: 49 candidate materials, layerSize=128, pageCapacity=512, pageBudget=120, decodeThreads=4, generation=1, visibleOnly=true
[08:55:06] [RadSER Material Residency Upload/WARN]: [MaterialCompat] Material page 8 upload failed: 49 layers
[08:55:06] [RadSER Material Residency Upload/INFO]: [MaterialCompat] Material page upload: 0 materials across 0 pages, 0 deferred
[08:55:06] [RadSER Material Residency Upload/INFO]: [MaterialCompat] Runtime material residency complete for generation 1: 0 materials resident, tableUploaded=false, totalMs=36.03
[08:55:06] [RadSER Material Residency Upload/INFO]: [MaterialCompat] Residency updated descriptor/material-table state only; chunk rebuild skipped for generation 1
[08:55:06] [RadSER Material Residency Upload/INFO]: [MaterialCompat] Material page upload starting: 30 candidate materials, layerSize=128, pageCapacity=512, pageBudget=120, decodeThreads=4, generation=1, visibleOnly=true
[08:55:06] [RadSER Material Residency Upload/WARN]: [MaterialCompat] Material page 8 upload failed: 30 layers
[08:55:06] [RadSER Material Residency Upload/INFO]: [MaterialCompat] Material page upload: 0 materials across 0 pages, 0 deferred
[08:55:06] [RadSER Material Residency Upload/INFO]: [MaterialCompat] Runtime material residency complete for generation 1: 0 materials resident, tableUploaded=false, totalMs=25.36
[08:55:06] [RadSER Material Residency Upload/INFO]: [MaterialCompat] Residency updated descriptor/material-table state only; chunk rebuild skipped for generation 1
[08:55:06] [RadSER Material Residency Upload/INFO]: [MaterialCompat] Material page upload starting: 6 candidate materials, layerSize=128, pageCapacity=512, pageBudget=120, decodeThreads=4, generation=1, visibleOnly=true
[08:55:06] [RadSER Material Residency Upload/WARN]: [MaterialCompat] Material page 8 upload failed: 6 layers
[08:55:06] [RadSER Material Residency Upload/INFO]: [MaterialCompat] Material page upload: 0 materials across 0 pages, 0 deferred
[08:55:06] [RadSER Material Residency Upload/INFO]: [MaterialCompat] Runtime material residency complete for generation 1: 0 materials resident, tableUploaded=false, totalMs=19.85
[08:55:06] [RadSER Material Residency Upload/INFO]: [MaterialCompat] Residency updated descriptor/material-table state only; chunk rebuild skipped for generation 1
[08:55:06] [RadSER Material Residency Upload/INFO]: [MaterialCompat] Material page upload starting: 16 candidate materials, layerSize=128, pageCapacity=512, pageBudget=120, decodeThreads=4, generation=1, visibleOnly=true
[08:55:06] [RadSER Material Residency Upload/WARN]: [MaterialCompat] Material page 8 upload failed: 16 layers
[08:55:06] [RadSER Material Residency Upload/INFO]: [MaterialCompat] Material page upload: 0 materials across 0 pages, 0 deferred
[08:55:06] [RadSER Material Residency Upload/INFO]: [MaterialCompat] Runtime material residency complete for generation 1: 0 materials resident, tableUploaded=false, totalMs=23.79
[08:55:06] [RadSER Material Residency Upload/INFO]: [MaterialCompat] Residency updated descriptor/material-table state only; chunk rebuild skipped for generation 1
[08:55:06] [RadSER Material Residency Upload/INFO]: [MaterialCompat] Material page upload starting: 8 candidate materials, layerSize=128, pageCapacity=512, pageBudget=120, decodeThreads=4, generation=1, visibleOnly=true
[08:55:06] [RadSER Material Residency Upload/WARN]: [MaterialCompat] Material page 8 upload failed: 8 layers
[08:55:06] [RadSER Material Residency Upload/INFO]: [MaterialCompat] Material page upload: 0 materials across 0 pages, 0 deferred
[08:55:06] [RadSER Material Residency Upload/INFO]: [MaterialCompat] Runtime material residency complete for generation 1: 0 materials resident, tableUploaded=false, totalMs=19.92
[08:55:06] [RadSER Material Residency Upload/INFO]: [MaterialCompat] Residency updated descriptor/material-table state only; chunk rebuild skipped for generation 1
[08:55:06] [RadSER Material Residency Upload/INFO]: [MaterialCompat] Material page upload starting: 39 candidate materials, layerSize=128, pageCapacity=512, pageBudget=120, decodeThreads=4, generation=1, visibleOnly=true
[08:55:06] [RadSER Material Residency Upload/WARN]: [MaterialCompat] Material page 8 upload failed: 39 layers
[08:55:06] [RadSER Material Residency Upload/INFO]: [MaterialCompat] Material page upload: 0 materials across 0 pages, 0 deferred
[08:55:06] [RadSER Material Residency Upload/INFO]: [MaterialCompat] Runtime material residency complete for generation 1: 0 materials resident, tableUploaded=false, totalMs=22.94
[08:55:06] [RadSER Material Residency Upload/INFO]: [MaterialCompat] Residency updated descriptor/material-table state only; chunk rebuild skipped for generation 1
[08:55:06] [RadSER Material Residency Upload/INFO]: [MaterialCompat] Material page upload starting: 14 candidate materials, layerSize=128, pageCapacity=512, pageBudget=120, decodeThreads=4, generation=1, visibleOnly=true
[08:55:06] [RadSER Material Residency Upload/WARN]: [MaterialCompat] Material page 8 upload failed: 14 layers
[08:55:06] [RadSER Material Residency Upload/INFO]: [MaterialCompat] Material page upload: 0 materials across 0 pages, 0 deferred
[08:55:06] [RadSER Material Residency Upload/INFO]: [MaterialCompat] Runtime material residency complete for generation 1: 0 materials resident, tableUploaded=false, totalMs=18.36
[08:55:06] [RadSER Material Residency Upload/INFO]: [MaterialCompat] Residency updated descriptor/material-table state only; chunk rebuild skipped for generation 1
[08:55:06] [RadSER Material Residency Upload/INFO]: [MaterialCompat] Material page upload starting: 28 candidate materials, layerSize=128, pageCapacity=512, pageBudget=120, decodeThreads=4, generation=1, visibleOnly=true
[08:55:06] [RadSER Material Residency Upload/WARN]: [MaterialCompat] Material page 8 upload failed: 28 layers
[08:55:06] [RadSER Material Residency Upload/INFO]: [MaterialCompat] Material page upload: 0 materials across 0 pages, 0 deferred
[08:55:06] [RadSER Material Residency Upload/INFO]: [MaterialCompat] Runtime material residency complete for generation 1: 0 materials resident, tableUploaded=false, totalMs=18.63
[08:55:06] [RadSER Material Residency Upload/INFO]: [MaterialCompat] Residency updated descriptor/material-table state only; chunk rebuild skipped for generation 1
[08:55:06] [Render thread/INFO]: [STDOUT]: [JAVA] setupTerrain=0.03 entities=0.61 blockEntities=0.04 particles=0.01 weather=0.00 chunkRebuild=0.02 other=0.24 TOTAL=0.95 rebuildQueue=96
[08:55:06] [RadSER Material Residency Upload/INFO]: [MaterialCompat] Material page upload starting: 34 candidate materials, layerSize=128, pageCapacity=512, pageBudget=120, decodeThreads=4, generation=1, visibleOnly=true
[08:55:06] [RadSER Material Residency Upload/WARN]: [MaterialCompat] Material page 8 upload failed: 34 layers
[08:55:06] [RadSER Material Residency Upload/INFO]: [MaterialCompat] Material page upload: 0 materials across 0 pages, 0 deferred
[08:55:06] [RadSER Material Residency Upload/INFO]: [MaterialCompat] Runtime material residency complete for generation 1: 0 materials resident, tableUploaded=false, totalMs=22.46
[08:55:06] [RadSER Material Residency Upload/INFO]: [MaterialCompat] Residency updated descriptor/material-table state only; chunk rebuild skipped for generation 1
[08:55:06] [RadSER Material Residency Upload/INFO]: [MaterialCompat] Material page upload starting: 12 candidate materials, layerSize=128, pageCapacity=512, pageBudget=120, decodeThreads=4, generation=1, visibleOnly=true
[08:55:06] [RadSER Material Residency Upload/WARN]: [MaterialCompat] Material page 8 upload failed: 12 layers
[08:55:06] [RadSER Material Residency Upload/INFO]: [MaterialCompat] Material page upload: 0 materials across 0 pages, 0 deferred
[08:55:06] [RadSER Material Residency Upload/INFO]: [MaterialCompat] Runtime material residency complete for generation 1: 0 materials resident, tableUploaded=false, totalMs=25.10
[08:55:06] [RadSER Material Residency Upload/INFO]: [MaterialCompat] Residency updated descriptor/material-table state only; chunk rebuild skipped for generation 1
[08:55:06] [RadSER Material Residency Upload/INFO]: [MaterialCompat] Material page upload starting: 31 candidate materials, layerSize=128, pageCapacity=512, pageBudget=120, decodeThreads=4, generation=1, visibleOnly=true
[08:55:06] [RadSER Material Residency Upload/WARN]: [MaterialCompat] Material page 8 upload failed: 22 layers
[08:55:06] [RadSER Material Residency Upload/WARN]: [MaterialCompat] Material page 9 upload failed: 9 layers
[08:55:06] [RadSER Material Residency Upload/INFO]: [MaterialCompat] Material page upload: 0 materials across 0 pages, 0 deferred
[08:55:06] [RadSER Material Residency Upload/INFO]: [MaterialCompat] Runtime material residency complete for generation 1: 0 materials resident, tableUploaded=false, totalMs=24.57
[08:55:06] [RadSER Material Residency Upload/INFO]: [MaterialCompat] Residency updated descriptor/material-table state only; chunk rebuild skipped for generation 1
[08:55:06] [RadSER Material Residency Upload/INFO]: [MaterialCompat] Material page upload starting: 30 candidate materials, layerSize=128, pageCapacity=512, pageBudget=120, decodeThreads=4, generation=1, visibleOnly=true
[08:55:06] [RadSER Material Residency Upload/WARN]: [MaterialCompat] Material page 9 upload failed: 30 layers
[08:55:06] [RadSER Material Residency Upload/INFO]: [MaterialCompat] Material page upload: 0 materials across 0 pages, 0 deferred
[08:55:06] [RadSER Material Residency Upload/INFO]: [MaterialCompat] Runtime material residency complete for generation 1: 0 materials resident, tableUploaded=false, totalMs=26.62
[08:55:06] [RadSER Material Residency Upload/INFO]: [MaterialCompat] Residency updated descriptor/material-table state only; chunk rebuild skipped for generation 1
[08:55:06] [Render thread/INFO]: [STDOUT]: [DebugBridge] SCREEN InGame -> RadianceUnifiedScreen (Radiance Settings)
[08:55:06] [Render thread/INFO]: [STDOUT]: [DebugBridge] SPIKE 114.6ms (avg 12.4ms, 9.2x)
[08:55:06] [RadSER Material Residency Upload/INFO]: [MaterialCompat] Material page upload starting: 33 candidate materials, layerSize=128, pageCapacity=512, pageBudget=120, decodeThreads=4, generation=1, visibleOnly=true
[08:55:06] [RadSER Material Residency Upload/WARN]: [MaterialCompat] Material page 9 upload failed: 33 layers
[08:55:06] [RadSER Material Residency Upload/INFO]: [MaterialCompat] Material page upload: 0 materials across 0 pages, 0 deferred
[08:55:06] [RadSER Material Residency Upload/INFO]: [MaterialCompat] Runtime material residency complete for generation 1: 0 materials resident, tableUploaded=false, totalMs=30.63
[08:55:06] [RadSER Material Residency Upload/INFO]: [MaterialCompat] Residency updated descriptor/material-table state only; chunk rebuild skipped for generation 1
[08:55:06] [Server thread/INFO]: Saving and pausing game...
[08:55:06] [RadSER Material Residency Upload/INFO]: [MaterialCompat] Material page upload starting: 37 candidate materials, layerSize=128, pageCapacity=512, pageBudget=120, decodeThreads=4, generation=1, visibleOnly=true
[08:55:06] [RadSER Material Residency Upload/WARN]: [MaterialCompat] Material page 9 upload failed: 37 layers
[08:55:06] [RadSER Material Residency Upload/INFO]: [MaterialCompat] Material page upload: 0 materials across 0 pages, 0 deferred
[08:55:06] [RadSER Material Residency Upload/INFO]: [MaterialCompat] Runtime material residency complete for generation 1: 0 materials resident, tableUploaded=false, totalMs=32.99
[08:55:06] [RadSER Material Residency Upload/INFO]: [MaterialCompat] Residency updated descriptor/material-table state only; chunk rebuild skipped for generation 1
[08:55:06] [Server thread/INFO]: Saving chunks for level 'ServerLevel[New World]'/minecraft:overworld
[08:55:06] [RadSER Material Residency Upload/INFO]: [MaterialCompat] Material page upload starting: 29 candidate materials, layerSize=128, pageCapacity=512, pageBudget=120, decodeThreads=4, generation=1, visibleOnly=true
[08:55:06] [RadSER Material Residency Upload/WARN]: [MaterialCompat] Material page 9 upload failed: 29 layers
[08:55:06] [RadSER Material Residency Upload/INFO]: [MaterialCompat] Material page upload: 0 materials across 0 pages, 0 deferred
[08:55:06] [RadSER Material Residency Upload/INFO]: [MaterialCompat] Runtime material residency complete for generation 1: 0 materials resident, tableUploaded=false, totalMs=18.97
[08:55:06] [RadSER Material Residency Upload/INFO]: [MaterialCompat] Residency updated descriptor/material-table state only; chunk rebuild skipped for generation 1
[08:55:06] [Server thread/INFO]: Saving chunks for level 'ServerLevel[New World]'/minecraft:the_end
[08:55:06] [Server thread/INFO]: Saving chunks for level 'ServerLevel[New World]'/minecraft:the_nether
[08:55:06] [RadSER Material Residency Upload/INFO]: [MaterialCompat] Material page upload starting: 42 candidate materials, layerSize=128, pageCapacity=512, pageBudget=120, decodeThreads=4, generation=1, visibleOnly=true
[08:55:06] [RadSER Material Residency Upload/WARN]: [MaterialCompat] Material page 9 upload failed: 42 layers
[08:55:06] [RadSER Material Residency Upload/INFO]: [MaterialCompat] Material page upload: 0 materials across 0 pages, 0 deferred
[08:55:06] [RadSER Material Residency Upload/INFO]: [MaterialCompat] Runtime material residency complete for generation 1: 0 materials resident, tableUploaded=false, totalMs=19.94
[08:55:06] [RadSER Material Residency Upload/INFO]: [MaterialCompat] Residency updated descriptor/material-table state only; chunk rebuild skipped for generation 1
[08:55:06] [RadSER Material Residency Upload/INFO]: [MaterialCompat] Material page upload starting: 10 candidate materials, layerSize=128, pageCapacity=512, pageBudget=120, decodeThreads=4, generation=1, visibleOnly=true
[08:55:06] [RadSER Material Residency Upload/WARN]: [MaterialCompat] Material page 9 upload failed: 10 layers
[08:55:06] [RadSER Material Residency Upload/INFO]: [MaterialCompat] Material page upload: 0 materials across 0 pages, 0 deferred
[08:55:06] [RadSER Material Residency Upload/INFO]: [MaterialCompat] Runtime material residency complete for generation 1: 0 materials resident, tableUploaded=false, totalMs=16.28
[08:55:06] [RadSER Material Residency Upload/INFO]: [MaterialCompat] Residency updated descriptor/material-table state only; chunk rebuild skipped for generation 1
[08:55:06] [RadSER Material Residency Upload/INFO]: [MaterialCompat] Material page upload starting: 32 candidate materials, layerSize=128, pageCapacity=512, pageBudget=120, decodeThreads=4, generation=1, visibleOnly=true
[08:55:06] [RadSER Material Residency Upload/WARN]: [MaterialCompat] Material page 9 upload failed: 32 layers
[08:55:06] [RadSER Material Residency Upload/INFO]: [MaterialCompat] Material page upload: 0 materials across 0 pages, 0 deferred
[08:55:06] [RadSER Material Residency Upload/INFO]: [MaterialCompat] Runtime material residency complete for generation 1: 0 materials resident, tableUploaded=false, totalMs=20.42
[08:55:06] [RadSER Material Residency Upload/INFO]: [MaterialCompat] Residency updated descriptor/material-table state only; chunk rebuild skipped for generation 1
[08:55:06] [RadSER Material Residency Upload/INFO]: [MaterialCompat] Material page upload starting: 6 candidate materials, layerSize=128, pageCapacity=512, pageBudget=120, decodeThreads=4, generation=1, visibleOnly=true
[08:55:06] [RadSER Material Residency Upload/WARN]: [MaterialCompat] Material page 9 upload failed: 6 layers
[08:55:06] [RadSER Material Residency Upload/INFO]: [MaterialCompat] Material page upload: 0 materials across 0 pages, 0 deferred
[08:55:06] [RadSER Material Residency Upload/INFO]: [MaterialCompat] Runtime material residency complete for generation 1: 0 materials resident, tableUploaded=false, totalMs=18.59
[08:55:06] [RadSER Material Residency Upload/INFO]: [MaterialCompat] Residency updated descriptor/material-table state only; chunk rebuild skipped for generation 1
[08:55:06] [RadSER Material Residency Upload/INFO]: [MaterialCompat] Material page upload starting: 27 candidate materials, layerSize=128, pageCapacity=512, pageBudget=120, decodeThreads=4, generation=1, visibleOnly=true
[08:55:06] [RadSER Material Residency Upload/WARN]: [MaterialCompat] Material page 9 upload failed: 27 layers
[08:55:06] [RadSER Material Residency Upload/INFO]: [MaterialCompat] Material page upload: 0 materials across 0 pages, 0 deferred
[08:55:06] [RadSER Material Residency Upload/INFO]: [MaterialCompat] Runtime material residency complete for generation 1: 0 materials resident, tableUploaded=false, totalMs=20.84
[08:55:06] [RadSER Material Residency Upload/INFO]: [MaterialCompat] Residency updated descriptor/material-table state only; chunk rebuild skipped for generation 1
[08:55:06] [RadSER Material Residency Upload/INFO]: [MaterialCompat] Material page upload starting: 10 candidate materials, layerSize=128, pageCapacity=512, pageBudget=120, decodeThreads=4, generation=1, visibleOnly=true
[08:55:06] [RadSER Material Residency Upload/WARN]: [MaterialCompat] Material page 9 upload failed: 10 layers
[08:55:06] [RadSER Material Residency Upload/INFO]: [MaterialCompat] Material page upload: 0 materials across 0 pages, 0 deferred
[08:55:06] [RadSER Material Residency Upload/INFO]: [MaterialCompat] Runtime material residency complete for generation 1: 0 materials resident, tableUploaded=false, totalMs=16.44
[08:55:06] [RadSER Material Residency Upload/INFO]: [MaterialCompat] Residency updated descriptor/material-table state only; chunk rebuild skipped for generation 1
[08:55:07] [RadSER Material Residency Upload/INFO]: [MaterialCompat] Material page upload starting: 18 candidate materials, layerSize=128, pageCapacity=512, pageBudget=120, decodeThreads=4, generation=1, visibleOnly=true
[08:55:07] [RadSER Material Residency Upload/WARN]: [MaterialCompat] Material page 9 upload failed: 18 layers
[08:55:07] [RadSER Material Residency Upload/INFO]: [MaterialCompat] Material page upload: 0 materials across 0 pages, 0 deferred
[08:55:07] [RadSER Material Residency Upload/INFO]: [MaterialCompat] Runtime material residency complete for generation 1: 0 materials resident, tableUploaded=false, totalMs=17.37
[08:55:07] [RadSER Material Residency Upload/INFO]: [MaterialCompat] Residency updated descriptor/material-table state only; chunk rebuild skipped for generation 1
[08:55:07] [RadSER Material Residency Upload/INFO]: [MaterialCompat] Material page upload starting: 12 candidate materials, layerSize=128, pageCapacity=512, pageBudget=120, decodeThreads=4, generation=1, visibleOnly=true
[08:55:07] [RadSER Material Residency Upload/WARN]: [MaterialCompat] Material page 9 upload failed: 12 layers
[08:55:07] [RadSER Material Residency Upload/INFO]: [MaterialCompat] Material page upload: 0 materials across 0 pages, 0 deferred
[08:55:07] [RadSER Material Residency Upload/INFO]: [MaterialCompat] Runtime material residency complete for generation 1: 0 materials resident, tableUploaded=false, totalMs=18.31
[08:55:07] [RadSER Material Residency Upload/INFO]: [MaterialCompat] Residency updated descriptor/material-table state only; chunk rebuild skipped for generation 1
[08:55:07] [RadSER Material Residency Upload/INFO]: [MaterialCompat] Material page upload starting: 12 candidate materials, layerSize=128, pageCapacity=512, pageBudget=120, decodeThreads=4, generation=1, visibleOnly=true
[08:55:07] [RadSER Material Residency Upload/WARN]: [MaterialCompat] Material page 9 upload failed: 12 layers
[08:55:07] [RadSER Material Residency Upload/INFO]: [MaterialCompat] Material page upload: 0 materials across 0 pages, 0 deferred
[08:55:07] [RadSER Material Residency Upload/INFO]: [MaterialCompat] Runtime material residency complete for generation 1: 0 materials resident, tableUploaded=false, totalMs=17.19
[08:55:07] [RadSER Material Residency Upload/INFO]: [MaterialCompat] Residency updated descriptor/material-table state only; chunk rebuild skipped for generation 1
[08:55:07] [RadSER Material Residency Upload/INFO]: [MaterialCompat] Material page upload starting: 2 candidate materials, layerSize=128, pageCapacity=512, pageBudget=120, decodeThreads=4, generation=1, visibleOnly=true
[08:55:07] [RadSER Material Residency Upload/WARN]: [MaterialCompat] Material page 9 upload failed: 2 layers
[08:55:07] [RadSER Material Residency Upload/INFO]: [MaterialCompat] Material page upload: 0 materials across 0 pages, 0 deferred
[08:55:07] [RadSER Material Residency Upload/INFO]: [MaterialCompat] Runtime material residency complete for generation 1: 0 materials resident, tableUploaded=false, totalMs=14.01
[08:55:07] [RadSER Material Residency Upload/INFO]: [MaterialCompat] Residency updated descriptor/material-table state only; chunk rebuild skipped for generation 1
[08:55:07] [RadSER Material Residency Upload/INFO]: [MaterialCompat] Material page upload starting: 14 candidate materials, layerSize=128, pageCapacity=512, pageBudget=120, decodeThreads=4, generation=1, visibleOnly=true
[08:55:07] [RadSER Material Residency Upload/WARN]: [MaterialCompat] Material page 9 upload failed: 14 layers
[08:55:07] [RadSER Material Residency Upload/INFO]: [MaterialCompat] Material page upload: 0 materials across 0 pages, 0 deferred
[08:55:07] [RadSER Material Residency Upload/INFO]: [MaterialCompat] Runtime material residency complete for generation 1: 0 materials resident, tableUploaded=false, totalMs=24.54
[08:55:07] [RadSER Material Residency Upload/INFO]: [MaterialCompat] Residency updated descriptor/material-table state only; chunk rebuild skipped for generation 1
[08:55:07] [RadSER Material Residency Upload/INFO]: [MaterialCompat] Material page upload starting: 2 candidate materials, layerSize=128, pageCapacity=512, pageBudget=120, decodeThreads=4, generation=1, visibleOnly=true
[08:55:07] [RadSER Material Residency Upload/WARN]: [MaterialCompat] Material page 9 upload failed: 2 layers
[08:55:07] [RadSER Material Residency Upload/INFO]: [MaterialCompat] Material page upload: 0 materials across 0 pages, 0 deferred
[08:55:07] [RadSER Material Residency Upload/INFO]: [MaterialCompat] Runtime material residency complete for generation 1: 0 materials resident, tableUploaded=false, totalMs=16.16
[08:55:07] [RadSER Material Residency Upload/INFO]: [MaterialCompat] Residency updated descriptor/material-table state only; chunk rebuild skipped for generation 1
[08:55:07] [RadSER Material Residency Upload/INFO]: [MaterialCompat] Material page upload starting: 13 candidate materials, layerSize=128, pageCapacity=512, pageBudget=120, decodeThreads=4, generation=1, visibleOnly=true
[08:55:07] [RadSER Material Residency Upload/WARN]: [MaterialCompat] Material page 9 upload failed: 13 layers
[08:55:07] [RadSER Material Residency Upload/INFO]: [MaterialCompat] Material page upload: 0 materials across 0 pages, 0 deferred
[08:55:07] [RadSER Material Residency Upload/INFO]: [MaterialCompat] Runtime material residency complete for generation 1: 0 materials resident, tableUploaded=false, totalMs=17.32
[08:55:07] [RadSER Material Residency Upload/INFO]: [MaterialCompat] Residency updated descriptor/material-table state only; chunk rebuild skipped for generation 1
[08:55:07] [RadSER Material Residency Upload/INFO]: [MaterialCompat] Material page upload starting: 11 candidate materials, layerSize=128, pageCapacity=512, pageBudget=120, decodeThreads=4, generation=1, visibleOnly=true
[08:55:07] [RadSER Material Residency Upload/WARN]: [MaterialCompat] Material page 9 upload failed: 11 layers
[08:55:07] [RadSER Material Residency Upload/INFO]: [MaterialCompat] Material page upload: 0 materials across 0 pages, 0 deferred
[08:55:07] [RadSER Material Residency Upload/INFO]: [MaterialCompat] Runtime material residency complete for generation 1: 0 materials resident, tableUploaded=false, totalMs=18.40
[08:55:07] [RadSER Material Residency Upload/INFO]: [MaterialCompat] Residency updated descriptor/material-table state only; chunk rebuild skipped for generation 1
[08:55:07] [RadSER Material Residency Upload/INFO]: [MaterialCompat] Material page upload starting: 2 candidate materials, layerSize=128, pageCapacity=512, pageBudget=120, decodeThreads=4, generation=1, visibleOnly=true
[08:55:07] [RadSER Material Residency Upload/WARN]: [MaterialCompat] Material page 9 upload failed: 2 layers
[08:55:07] [RadSER Material Residency Upload/INFO]: [MaterialCompat] Material page upload: 0 materials across 0 pages, 0 deferred
[08:55:07] [RadSER Material Residency Upload/INFO]: [MaterialCompat] Runtime material residency complete for generation 1: 0 materials resident, tableUploaded=false, totalMs=15.42
[08:55:07] [RadSER Material Residency Upload/INFO]: [MaterialCompat] Residency updated descriptor/material-table state only; chunk rebuild skipped for generation 1
[08:55:07] [RadSER Material Residency Upload/INFO]: [MaterialCompat] Material page upload starting: 14 candidate materials, layerSize=128, pageCapacity=512, pageBudget=120, decodeThreads=4, generation=1, visibleOnly=true
[08:55:07] [RadSER Material Residency Upload/WARN]: [MaterialCompat] Material page 9 upload failed: 14 layers
[08:55:07] [RadSER Material Residency Upload/INFO]: [MaterialCompat] Material page upload: 0 materials across 0 pages, 0 deferred
[08:55:07] [RadSER Material Residency Upload/INFO]: [MaterialCompat] Runtime material residency complete for generation 1: 0 materials resident, tableUploaded=false, totalMs=16.88
[08:55:07] [RadSER Material Residency Upload/INFO]: [MaterialCompat] Residency updated descriptor/material-table state only; chunk rebuild skipped for generation 1
[08:55:07] [RadSER Material Residency Upload/INFO]: [MaterialCompat] Material page upload starting: 52 candidate materials, layerSize=128, pageCapacity=512, pageBudget=120, decodeThreads=4, generation=1, visibleOnly=true
[08:55:07] [RadSER Material Residency Upload/WARN]: [MaterialCompat] Material page 9 upload failed: 52 layers
[08:55:07] [RadSER Material Residency Upload/INFO]: [MaterialCompat] Material page upload: 0 materials across 0 pages, 0 deferred
[08:55:07] [RadSER Material Residency Upload/INFO]: [MaterialCompat] Runtime material residency complete for generation 1: 0 materials resident, tableUploaded=false, totalMs=20.93
[08:55:07] [RadSER Material Residency Upload/INFO]: [MaterialCompat] Residency updated descriptor/material-table state only; chunk rebuild skipped for generation 1
[08:55:07] [RadSER Material Residency Upload/INFO]: [MaterialCompat] Material page upload starting: 30 candidate materials, layerSize=128, pageCapacity=512, pageBudget=120, decodeThreads=4, generation=1, visibleOnly=true
[08:55:07] [RadSER Material Residency Upload/WARN]: [MaterialCompat] Material page 9 upload failed: 30 layers
[08:55:07] [RadSER Material Residency Upload/INFO]: [MaterialCompat] Material page upload: 0 materials across 0 pages, 0 deferred
[08:55:07] [RadSER Material Residency Upload/INFO]: [MaterialCompat] Runtime material residency complete for generation 1: 0 materials resident, tableUploaded=false, totalMs=18.16
[08:55:07] [RadSER Material Residency Upload/INFO]: [MaterialCompat] Residency updated descriptor/material-table state only; chunk rebuild skipped for generation 1
[08:55:07] [RadSER Material Residency Upload/INFO]: [MaterialCompat] Material page upload starting: 37 candidate materials, layerSize=128, pageCapacity=512, pageBudget=120, decodeThreads=4, generation=1, visibleOnly=true
[08:55:07] [RadSER Material Residency Upload/WARN]: [MaterialCompat] Material page 9 upload failed: 37 layers
[08:55:07] [RadSER Material Residency Upload/INFO]: [MaterialCompat] Material page upload: 0 materials across 0 pages, 0 deferred
[08:55:07] [RadSER Material Residency Upload/INFO]: [MaterialCompat] Runtime material residency complete for generation 1: 0 materials resident, tableUploaded=false, totalMs=18.98
[08:55:07] [RadSER Material Residency Upload/INFO]: [MaterialCompat] Residency updated descriptor/material-table state only; chunk rebuild skipped for generation 1
[08:55:07] [RadSER Material Residency Upload/INFO]: [MaterialCompat] Material page upload starting: 41 candidate materials, layerSize=128, pageCapacity=512, pageBudget=120, decodeThreads=4, generation=1, visibleOnly=true
[08:55:07] [RadSER Material Residency Upload/WARN]: [MaterialCompat] Material page 9 upload failed: 28 layers
[08:55:07] [RadSER Material Residency Upload/WARN]: [MaterialCompat] Material page 10 upload failed: 13 layers
[08:55:07] [RadSER Material Residency Upload/INFO]: [MaterialCompat] Material page upload: 0 materials across 0 pages, 0 deferred
[08:55:07] [RadSER Material Residency Upload/INFO]: [MaterialCompat] Runtime material residency complete for generation 1: 0 materials resident, tableUploaded=false, totalMs=22.94
[08:55:07] [RadSER Material Residency Upload/INFO]: [MaterialCompat] Residency updated descriptor/material-table state only; chunk rebuild skipped for generation 1
[08:55:07] [RadSER Material Residency Upload/INFO]: [MaterialCompat] Material page upload starting: 40 candidate materials, layerSize=128, pageCapacity=512, pageBudget=120, decodeThreads=4, generation=1, visibleOnly=true
[08:55:07] [Render thread/INFO]: [STDOUT]: [JAVA] setupTerrain=0.03 entities=0.56 blockEntities=0.05 particles=0.01 weather=0.00 chunkRebuild=0.02 other=0.24 TOTAL=0.91 rebuildQueue=96
[08:55:07] [RadSER Material Residency Upload/WARN]: [MaterialCompat] Material page 10 upload failed: 40 layers
[08:55:07] [RadSER Material Residency Upload/INFO]: [MaterialCompat] Material page upload: 0 materials across 0 pages, 0 deferred
[08:55:07] [RadSER Material Residency Upload/INFO]: [MaterialCompat] Runtime material residency complete for generation 1: 0 materials resident, tableUploaded=false, totalMs=20.47
[08:55:07] [RadSER Material Residency Upload/INFO]: [MaterialCompat] Residency updated descriptor/material-table state only; chunk rebuild skipped for generation 1
[08:55:07] [RadSER Material Residency Upload/INFO]: [MaterialCompat] Material page upload starting: 38 candidate materials, layerSize=128, pageCapacity=512, pageBudget=120, decodeThreads=4, generation=1, visibleOnly=true
[08:55:07] [RadSER Material Residency Upload/WARN]: [MaterialCompat] Material page 10 upload failed: 38 layers
[08:55:07] [RadSER Material Residency Upload/INFO]: [MaterialCompat] Material page upload: 0 materials across 0 pages, 0 deferred
[08:55:07] [RadSER Material Residency Upload/INFO]: [MaterialCompat] Runtime material residency complete for generation 1: 0 materials resident, tableUploaded=false, totalMs=21.71
[08:55:07] [RadSER Material Residency Upload/INFO]: [MaterialCompat] Residency updated descriptor/material-table state only; chunk rebuild skipped for generation 1
[08:55:07] [RadSER Material Residency Upload/INFO]: [MaterialCompat] Material page upload starting: 8 candidate materials, layerSize=128, pageCapacity=512, pageBudget=120, decodeThreads=4, generation=1, visibleOnly=true
[08:55:07] [RadSER Material Residency Upload/WARN]: [MaterialCompat] Material page 10 upload failed: 8 layers
[08:55:07] [RadSER Material Residency Upload/INFO]: [MaterialCompat] Material page upload: 0 materials across 0 pages, 0 deferred
[08:55:07] [RadSER Material Residency Upload/INFO]: [MaterialCompat] Runtime material residency complete for generation 1: 0 materials resident, tableUploaded=false, totalMs=15.56
[08:55:07] [RadSER Material Residency Upload/INFO]: [MaterialCompat] Residency updated descriptor/material-table state only; chunk rebuild skipped for generation 1
[08:55:07] [RadSER Material Residency Upload/INFO]: [MaterialCompat] Material page upload starting: 36 candidate materials, layerSize=128, pageCapacity=512, pageBudget=120, decodeThreads=4, generation=1, visibleOnly=true
[08:55:07] [RadSER Material Residency Upload/WARN]: [MaterialCompat] Material page 10 upload failed: 36 layers
[08:55:07] [RadSER Material Residency Upload/INFO]: [MaterialCompat] Material page upload: 0 materials across 0 pages, 0 deferred
[08:55:07] [RadSER Material Residency Upload/INFO]: [MaterialCompat] Runtime material residency complete for generation 1: 0 materials resident, tableUploaded=false, totalMs=18.82
[08:55:07] [RadSER Material Residency Upload/INFO]: [MaterialCompat] Residency updated descriptor/material-table state only; chunk rebuild skipped for generation 1
[08:55:07] [RadSER Material Residency Upload/INFO]: [MaterialCompat] Material page upload starting: 44 candidate materials, layerSize=128, pageCapacity=512, pageBudget=120, decodeThreads=4, generation=1, visibleOnly=true
[08:55:07] [RadSER Material Residency Upload/WARN]: [MaterialCompat] Material page 10 upload failed: 44 layers
[08:55:07] [RadSER Material Residency Upload/INFO]: [MaterialCompat] Material page upload: 0 materials across 0 pages, 0 deferred
[08:55:07] [RadSER Material Residency Upload/INFO]: [MaterialCompat] Runtime material residency complete for generation 1: 0 materials resident, tableUploaded=false, totalMs=20.32
[08:55:07] [RadSER Material Residency Upload/INFO]: [MaterialCompat] Residency updated descriptor/material-table state only; chunk rebuild skipped for generation 1
[08:55:08] [RadSER Material Residency Upload/INFO]: [MaterialCompat] Material page upload starting: 39 candidate materials, layerSize=128, pageCapacity=512, pageBudget=120, decodeThreads=4, generation=1, visibleOnly=true
[08:55:08] [RadSER Material Residency Upload/WARN]: [MaterialCompat] Material page 10 upload failed: 39 layers
[08:55:08] [RadSER Material Residency Upload/INFO]: [MaterialCompat] Material page upload: 0 materials across 0 pages, 0 deferred
[08:55:08] [RadSER Material Residency Upload/INFO]: [MaterialCompat] Runtime material residency complete for generation 1: 0 materials resident, tableUploaded=false, totalMs=38.81
[08:55:08] [RadSER Material Residency Upload/INFO]: [MaterialCompat] Residency updated descriptor/material-table state only; chunk rebuild skipped for generation 1
[08:55:08] [RadSER Material Residency Upload/INFO]: [MaterialCompat] Material page upload starting: 29 candidate materials, layerSize=128, pageCapacity=512, pageBudget=120, decodeThreads=4, generation=1, visibleOnly=true
[08:55:08] [RadSER Material Residency Upload/WARN]: [MaterialCompat] Material page 10 upload failed: 29 layers
[08:55:08] [RadSER Material Residency Upload/INFO]: [MaterialCompat] Material page upload: 0 materials across 0 pages, 0 deferred
[08:55:08] [RadSER Material Residency Upload/INFO]: [MaterialCompat] Runtime material residency complete for generation 1: 0 materials resident, tableUploaded=false, totalMs=28.53
[08:55:08] [RadSER Material Residency Upload/INFO]: [MaterialCompat] Residency updated descriptor/material-table state only; chunk rebuild skipped for generation 1
[08:55:08] [RadSER Material Residency Upload/INFO]: [MaterialCompat] Material page upload starting: 29 candidate materials, layerSize=128, pageCapacity=512, pageBudget=120, decodeThreads=4, generation=1, visibleOnly=true
[08:55:08] [RadSER Material Residency Upload/WARN]: [MaterialCompat] Material page 10 upload failed: 29 layers
[08:55:08] [RadSER Material Residency Upload/INFO]: [MaterialCompat] Material page upload: 0 materials across 0 pages, 0 deferred
[08:55:08] [RadSER Material Residency Upload/INFO]: [MaterialCompat] Runtime material residency complete for generation 1: 0 materials resident, tableUploaded=false, totalMs=27.65
[08:55:08] [RadSER Material Residency Upload/INFO]: [MaterialCompat] Residency updated descriptor/material-table state only; chunk rebuild skipped for generation 1
[08:55:08] [RadSER Material Residency Upload/INFO]: [MaterialCompat] Material page upload starting: 6 candidate materials, layerSize=128, pageCapacity=512, pageBudget=120, decodeThreads=4, generation=1, visibleOnly=true
[08:55:08] [RadSER Material Residency Upload/WARN]: [MaterialCompat] Material page 10 upload failed: 6 layers
[08:55:08] [RadSER Material Residency Upload/INFO]: [MaterialCompat] Material page upload: 0 materials across 0 pages, 0 deferred
[08:55:08] [RadSER Material Residency Upload/INFO]: [MaterialCompat] Runtime material residency complete for generation 1: 0 materials resident, tableUploaded=false, totalMs=18.48
[08:55:08] [RadSER Material Residency Upload/INFO]: [MaterialCompat] Residency updated descriptor/material-table state only; chunk rebuild skipped for generation 1
[08:55:08] [RadSER Material Residency Upload/INFO]: [MaterialCompat] Material page upload starting: 25 candidate materials, layerSize=128, pageCapacity=512, pageBudget=120, decodeThreads=4, generation=1, visibleOnly=true
[08:55:08] [RadSER Material Residency Upload/WARN]: [MaterialCompat] Material page 10 upload failed: 25 layers
[08:55:08] [RadSER Material Residency Upload/INFO]: [MaterialCompat] Material page upload: 0 materials across 0 pages, 0 deferred
[08:55:08] [RadSER Material Residency Upload/INFO]: [MaterialCompat] Runtime material residency complete for generation 1: 0 materials resident, tableUploaded=false, totalMs=21.15
[08:55:08] [RadSER Material Residency Upload/INFO]: [MaterialCompat] Residency updated descriptor/material-table state only; chunk rebuild skipped for generation 1
[08:55:08] [RadSER Material Residency Upload/INFO]: [MaterialCompat] Material page upload starting: 19 candidate materials, layerSize=128, pageCapacity=512, pageBudget=120, decodeThreads=4, generation=1, visibleOnly=true
[08:55:08] [RadSER Material Residency Upload/WARN]: [MaterialCompat] Material page 10 upload failed: 19 layers
[08:55:08] [RadSER Material Residency Upload/INFO]: [MaterialCompat] Material page upload: 0 materials across 0 pages, 0 deferred
[08:55:08] [RadSER Material Residency Upload/INFO]: [MaterialCompat] Runtime material residency complete for generation 1: 0 materials resident, tableUploaded=false, totalMs=17.37
[08:55:08] [RadSER Material Residency Upload/INFO]: [MaterialCompat] Residency updated descriptor/material-table state only; chunk rebuild skipped for generation 1
[08:55:08] [RadSER Material Residency Upload/INFO]: [MaterialCompat] Material page upload starting: 43 candidate materials, layerSize=128, pageCapacity=512, pageBudget=120, decodeThreads=4, generation=1, visibleOnly=true
[08:55:08] [RadSER Material Residency Upload/WARN]: [MaterialCompat] Material page 10 upload failed: 43 layers
[08:55:08] [RadSER Material Residency Upload/INFO]: [MaterialCompat] Material page upload: 0 materials across 0 pages, 0 deferred
[08:55:08] [RadSER Material Residency Upload/INFO]: [MaterialCompat] Runtime material residency complete for generation 1: 0 materials resident, tableUploaded=false, totalMs=20.49
[08:55:08] [RadSER Material Residency Upload/INFO]: [MaterialCompat] Residency updated descriptor/material-table state only; chunk rebuild skipped for generation 1
[08:55:08] [RadSER Material Residency Upload/INFO]: [MaterialCompat] Material page upload starting: 6 candidate materials, layerSize=128, pageCapacity=512, pageBudget=120, decodeThreads=4, generation=1, visibleOnly=true
[08:55:08] [RadSER Material Residency Upload/WARN]: [MaterialCompat] Material page 10 upload failed: 6 layers
[08:55:08] [RadSER Material Residency Upload/INFO]: [MaterialCompat] Material page upload: 0 materials across 0 pages, 0 deferred
[08:55:08] [RadSER Material Residency Upload/INFO]: [MaterialCompat] Runtime material residency complete for generation 1: 0 materials resident, tableUploaded=false, totalMs=13.79
[08:55:08] [RadSER Material Residency Upload/INFO]: [MaterialCompat] Residency updated descriptor/material-table state only; chunk rebuild skipped for generation 1
[08:55:08] [RadSER Material Residency Upload/INFO]: [MaterialCompat] Material page upload starting: 32 candidate materials, layerSize=128, pageCapacity=512, pageBudget=120, decodeThreads=4, generation=1, visibleOnly=true
[08:55:08] [RadSER Material Residency Upload/WARN]: [MaterialCompat] Material page 10 upload failed: 32 layers
[08:55:08] [RadSER Material Residency Upload/INFO]: [MaterialCompat] Material page upload: 0 materials across 0 pages, 0 deferred
[08:55:08] [RadSER Material Residency Upload/INFO]: [MaterialCompat] Runtime material residency complete for generation 1: 0 materials resident, tableUploaded=false, totalMs=18.64
[08:55:08] [RadSER Material Residency Upload/INFO]: [MaterialCompat] Residency updated descriptor/material-table state only; chunk rebuild skipped for generation 1
[08:55:08] [RadSER Material Residency Upload/INFO]: [MaterialCompat] Material page upload starting: 29 candidate materials, layerSize=128, pageCapacity=512, pageBudget=120, decodeThreads=4, generation=1, visibleOnly=true
[08:55:08] [RadSER Material Residency Upload/WARN]: [MaterialCompat] Material page 10 upload failed: 29 layers
[08:55:08] [RadSER Material Residency Upload/INFO]: [MaterialCompat] Material page upload: 0 materials across 0 pages, 0 deferred
[08:55:08] [RadSER Material Residency Upload/INFO]: [MaterialCompat] Runtime material residency complete for generation 1: 0 materials resident, tableUploaded=false, totalMs=17.88
[08:55:08] [RadSER Material Residency Upload/INFO]: [MaterialCompat] Residency updated descriptor/material-table state only; chunk rebuild skipped for generation 1
[08:55:08] [RadSER Material Residency Upload/INFO]: [MaterialCompat] Material page upload starting: 48 candidate materials, layerSize=128, pageCapacity=512, pageBudget=120, decodeThreads=4, generation=1, visibleOnly=true
[08:55:08] [RadSER Material Residency Upload/WARN]: [MaterialCompat] Material page 10 upload failed: 48 layers
[08:55:08] [RadSER Material Residency Upload/INFO]: [MaterialCompat] Material page upload: 0 materials across 0 pages, 0 deferred
[08:55:08] [RadSER Material Residency Upload/INFO]: [MaterialCompat] Runtime material residency complete for generation 1: 0 materials resident, tableUploaded=false, totalMs=21.86
[08:55:08] [RadSER Material Residency Upload/INFO]: [MaterialCompat] Residency updated descriptor/material-table state only; chunk rebuild skipped for generation 1
[08:55:08] [RadSER Material Residency Upload/INFO]: [MaterialCompat] Material page upload starting: 38 candidate materials, layerSize=128, pageCapacity=512, pageBudget=120, decodeThreads=4, generation=1, visibleOnly=true
[08:55:08] [RadSER Material Residency Upload/WARN]: [MaterialCompat] Material page 10 upload failed: 28 layers
[08:55:08] [RadSER Material Residency Upload/WARN]: [MaterialCompat] Material page 11 upload failed: 10 layers
[08:55:08] [RadSER Material Residency Upload/INFO]: [MaterialCompat] Material page upload: 0 materials across 0 pages, 0 deferred
[08:55:08] [RadSER Material Residency Upload/INFO]: [MaterialCompat] Runtime material residency complete for generation 1: 0 materials resident, tableUploaded=false, totalMs=18.13
[08:55:08] [RadSER Material Residency Upload/INFO]: [MaterialCompat] Residency updated descriptor/material-table state only; chunk rebuild skipped for generation 1
[08:55:08] [RadSER Material Residency Upload/INFO]: [MaterialCompat] Material page upload starting: 43 candidate materials, layerSize=128, pageCapacity=512, pageBudget=120, decodeThreads=4, generation=1, visibleOnly=true
[08:55:08] [RadSER Material Residency Upload/WARN]: [MaterialCompat] Material page 11 upload failed: 43 layers
[08:55:08] [RadSER Material Residency Upload/INFO]: [MaterialCompat] Material page upload: 0 materials across 0 pages, 0 deferred
[08:55:08] [RadSER Material Residency Upload/INFO]: [MaterialCompat] Runtime material residency complete for generation 1: 0 materials resident, tableUploaded=false, totalMs=26.43
[08:55:08] [RadSER Material Residency Upload/INFO]: [MaterialCompat] Residency updated descriptor/material-table state only; chunk rebuild skipped for generation 1
[08:55:08] [RadSER Material Residency Upload/INFO]: [MaterialCompat] Material page upload starting: 43 candidate materials, layerSize=128, pageCapacity=512, pageBudget=120, decodeThreads=4, generation=1, visibleOnly=true
[08:55:08] [RadSER Material Residency Upload/WARN]: [MaterialCompat] Material page 11 upload failed: 43 layers
[08:55:08] [RadSER Material Residency Upload/INFO]: [MaterialCompat] Material page upload: 0 materials across 0 pages, 0 deferred
[08:55:08] [RadSER Material Residency Upload/INFO]: [MaterialCompat] Runtime material residency complete for generation 1: 0 materials resident, tableUploaded=false, totalMs=20.81
[08:55:08] [RadSER Material Residency Upload/INFO]: [MaterialCompat] Residency updated descriptor/material-table state only; chunk rebuild skipped for generation 1
[08:55:08] [Render thread/INFO]: [STDOUT]: [JAVA] setupTerrain=0.02 entities=0.51 blockEntities=0.04 particles=0.00 weather=0.01 chunkRebuild=0.02 other=0.22 TOTAL=0.82 rebuildQueue=96
[08:55:08] [RadSER Material Residency Upload/INFO]: [MaterialCompat] Material page upload starting: 54 candidate materials, layerSize=128, pageCapacity=512, pageBudget=120, decodeThreads=4, generation=1, visibleOnly=true
[08:55:08] [RadSER Material Residency Upload/WARN]: [MaterialCompat] Material page 11 upload failed: 54 layers
[08:55:08] [RadSER Material Residency Upload/INFO]: [MaterialCompat] Material page upload: 0 materials across 0 pages, 0 deferred
[08:55:08] [RadSER Material Residency Upload/INFO]: [MaterialCompat] Runtime material residency complete for generation 1: 0 materials resident, tableUploaded=false, totalMs=21.30
[08:55:08] [RadSER Material Residency Upload/INFO]: [MaterialCompat] Residency updated descriptor/material-table state only; chunk rebuild skipped for generation 1
[08:55:08] [RadSER Material Residency Upload/INFO]: [MaterialCompat] Material page upload starting: 40 candidate materials, layerSize=128, pageCapacity=512, pageBudget=120, decodeThreads=4, generation=1, visibleOnly=true
[08:55:08] [RadSER Material Residency Upload/WARN]: [MaterialCompat] Material page 11 upload failed: 40 layers
[08:55:08] [RadSER Material Residency Upload/INFO]: [MaterialCompat] Material page upload: 0 materials across 0 pages, 0 deferred
[08:55:08] [RadSER Material Residency Upload/INFO]: [MaterialCompat] Runtime material residency complete for generation 1: 0 materials resident, tableUploaded=false, totalMs=19.13
[08:55:08] [RadSER Material Residency Upload/INFO]: [MaterialCompat] Residency updated descriptor/material-table state only; chunk rebuild skipped for generation 1
[08:55:08] [RadSER Material Residency Upload/INFO]: [MaterialCompat] Material page upload starting: 14 candidate materials, layerSize=128, pageCapacity=512, pageBudget=120, decodeThreads=4, generation=1, visibleOnly=true
[08:55:08] [RadSER Material Residency Upload/WARN]: [MaterialCompat] Material page 11 upload failed: 14 layers
[08:55:08] [RadSER Material Residency Upload/INFO]: [MaterialCompat] Material page upload: 0 materials across 0 pages, 0 deferred
[08:55:08] [RadSER Material Residency Upload/INFO]: [MaterialCompat] Runtime material residency complete for generation 1: 0 materials resident, tableUploaded=false, totalMs=14.43
[08:55:08] [RadSER Material Residency Upload/INFO]: [MaterialCompat] Residency updated descriptor/material-table state only; chunk rebuild skipped for generation 1
[08:55:08] [RadSER Material Residency Upload/INFO]: [MaterialCompat] Material page upload starting: 28 candidate materials, layerSize=128, pageCapacity=512, pageBudget=120, decodeThreads=4, generation=1, visibleOnly=true
[08:55:08] [RadSER Material Residency Upload/WARN]: [MaterialCompat] Material page 11 upload failed: 28 layers
[08:55:08] [RadSER Material Residency Upload/INFO]: [MaterialCompat] Material page upload: 0 materials across 0 pages, 0 deferred
[08:55:08] [RadSER Material Residency Upload/INFO]: [MaterialCompat] Runtime material residency complete for generation 1: 0 materials resident, tableUploaded=false, totalMs=17.23
[08:55:08] [RadSER Material Residency Upload/INFO]: [MaterialCompat] Residency updated descriptor/material-table state only; chunk rebuild skipped for generation 1
[08:55:08] [RadSER Material Residency Upload/INFO]: [MaterialCompat] Material page upload starting: 16 candidate materials, layerSize=128, pageCapacity=512, pageBudget=120, decodeThreads=4, generation=1, visibleOnly=true
[08:55:08] [RadSER Material Residency Upload/WARN]: [MaterialCompat] Material page 11 upload failed: 16 layers
[08:55:08] [RadSER Material Residency Upload/INFO]: [MaterialCompat] Material page upload: 0 materials across 0 pages, 0 deferred
[08:55:08] [RadSER Material Residency Upload/INFO]: [MaterialCompat] Runtime material residency complete for generation 1: 0 materials resident, tableUploaded=false, totalMs=16.96
[08:55:08] [RadSER Material Residency Upload/INFO]: [MaterialCompat] Residency updated descriptor/material-table state only; chunk rebuild skipped for generation 1
[08:55:08] [RadSER Material Residency Upload/INFO]: [MaterialCompat] Material page upload starting: 8 candidate materials, layerSize=128, pageCapacity=512, pageBudget=120, decodeThreads=4, generation=1, visibleOnly=true
[08:55:08] [RadSER Material Residency Upload/WARN]: [MaterialCompat] Material page 11 upload failed: 8 layers
[08:55:08] [RadSER Material Residency Upload/INFO]: [MaterialCompat] Material page upload: 0 materials across 0 pages, 0 deferred
[08:55:08] [RadSER Material Residency Upload/INFO]: [MaterialCompat] Runtime material residency complete for generation 1: 0 materials resident, tableUploaded=false, totalMs=11.22
[08:55:08] [RadSER Material Residency Upload/INFO]: [MaterialCompat] Residency updated descriptor/material-table state only; chunk rebuild skipped for generation 1
[08:55:09] [RadSER Material Residency Upload/INFO]: [MaterialCompat] Material page upload starting: 26 candidate materials, layerSize=128, pageCapacity=512, pageBudget=120, decodeThreads=4, generation=1, visibleOnly=true
[08:55:09] [RadSER Material Residency Upload/WARN]: [MaterialCompat] Material page 11 upload failed: 26 layers
[08:55:09] [RadSER Material Residency Upload/INFO]: [MaterialCompat] Material page upload: 0 materials across 0 pages, 0 deferred
[08:55:09] [RadSER Material Residency Upload/INFO]: [MaterialCompat] Runtime material residency complete for generation 1: 0 materials resident, tableUploaded=false, totalMs=23.06
[08:55:09] [RadSER Material Residency Upload/INFO]: [MaterialCompat] Residency updated descriptor/material-table state only; chunk rebuild skipped for generation 1
[08:55:09] [RadSER Material Residency Upload/INFO]: [MaterialCompat] Material page upload starting: 8 candidate materials, layerSize=128, pageCapacity=512, pageBudget=120, decodeThreads=4, generation=1, visibleOnly=true
[08:55:09] [RadSER Material Residency Upload/WARN]: [MaterialCompat] Material page 11 upload failed: 8 layers
[08:55:09] [RadSER Material Residency Upload/INFO]: [MaterialCompat] Material page upload: 0 materials across 0 pages, 0 deferred
[08:55:09] [RadSER Material Residency Upload/INFO]: [MaterialCompat] Runtime material residency complete for generation 1: 0 materials resident, tableUploaded=false, totalMs=16.88
[08:55:09] [RadSER Material Residency Upload/INFO]: [MaterialCompat] Residency updated descriptor/material-table state only; chunk rebuild skipped for generation 1
[08:55:09] [RadSER Material Residency Upload/INFO]: [MaterialCompat] Material page upload starting: 22 candidate materials, layerSize=128, pageCapacity=512, pageBudget=120, decodeThreads=4, generation=1, visibleOnly=true
[08:55:09] [RadSER Material Residency Upload/WARN]: [MaterialCompat] Material page 11 upload failed: 22 layers
[08:55:09] [RadSER Material Residency Upload/INFO]: [MaterialCompat] Material page upload: 0 materials across 0 pages, 0 deferred
[08:55:09] [RadSER Material Residency Upload/INFO]: [MaterialCompat] Runtime material residency complete for generation 1: 0 materials resident, tableUploaded=false, totalMs=20.24
[08:55:09] [RadSER Material Residency Upload/INFO]: [MaterialCompat] Residency updated descriptor/material-table state only; chunk rebuild skipped for generation 1
[08:55:09] [RadSER Material Residency Upload/INFO]: [MaterialCompat] Material page upload starting: 6 candidate materials, layerSize=128, pageCapacity=512, pageBudget=120, decodeThreads=4, generation=1, visibleOnly=true
[08:55:09] [RadSER Material Residency Upload/WARN]: [MaterialCompat] Material page 11 upload failed: 6 layers
[08:55:09] [RadSER Material Residency Upload/INFO]: [MaterialCompat] Material page upload: 0 materials across 0 pages, 0 deferred
[08:55:09] [RadSER Material Residency Upload/INFO]: [MaterialCompat] Runtime material residency complete for generation 1: 0 materials resident, tableUploaded=false, totalMs=15.23
[08:55:09] [RadSER Material Residency Upload/INFO]: [MaterialCompat] Residency updated descriptor/material-table state only; chunk rebuild skipped for generation 1
[08:55:09] [RadSER Material Residency Upload/INFO]: [MaterialCompat] Material page upload starting: 14 candidate materials, layerSize=128, pageCapacity=512, pageBudget=120, decodeThreads=4, generation=1, visibleOnly=true
[08:55:09] [RadSER Material Residency Upload/WARN]: [MaterialCompat] Material page 11 upload failed: 14 layers
[08:55:09] [RadSER Material Residency Upload/INFO]: [MaterialCompat] Material page upload: 0 materials across 0 pages, 0 deferred
[08:55:09] [RadSER Material Residency Upload/INFO]: [MaterialCompat] Runtime material residency complete for generation 1: 0 materials resident, tableUploaded=false, totalMs=18.87
[08:55:09] [RadSER Material Residency Upload/INFO]: [MaterialCompat] Residency updated descriptor/material-table state only; chunk rebuild skipped for generation 1
[08:55:09] [RadSER Material Residency Upload/INFO]: [MaterialCompat] Material page upload starting: 7 candidate materials, layerSize=128, pageCapacity=512, pageBudget=120, decodeThreads=4, generation=1, visibleOnly=true
[08:55:09] [RadSER Material Residency Upload/WARN]: [MaterialCompat] Material page 11 upload failed: 7 layers
[08:55:09] [RadSER Material Residency Upload/INFO]: [MaterialCompat] Material page upload: 0 materials across 0 pages, 0 deferred
[08:55:09] [RadSER Material Residency Upload/INFO]: [MaterialCompat] Runtime material residency complete for generation 1: 0 materials resident, tableUploaded=false, totalMs=16.17
[08:55:09] [RadSER Material Residency Upload/INFO]: [MaterialCompat] Residency updated descriptor/material-table state only; chunk rebuild skipped for generation 1
[08:55:09] [RadSER Material Residency Upload/INFO]: [MaterialCompat] Material page upload starting: 10 candidate materials, layerSize=128, pageCapacity=512, pageBudget=120, decodeThreads=4, generation=1, visibleOnly=true
[08:55:09] [RadSER Material Residency Upload/WARN]: [MaterialCompat] Material page 11 upload failed: 10 layers
[08:55:09] [RadSER Material Residency Upload/INFO]: [MaterialCompat] Material page upload: 0 materials across 0 pages, 0 deferred
[08:55:09] [RadSER Material Residency Upload/INFO]: [MaterialCompat] Runtime material residency complete for generation 1: 0 materials resident, tableUploaded=false, totalMs=19.32
[08:55:09] [RadSER Material Residency Upload/INFO]: [MaterialCompat] Residency updated descriptor/material-table state only; chunk rebuild skipped for generation 1
[08:55:09] [RadSER Material Residency Upload/INFO]: [MaterialCompat] Material page upload starting: 12 candidate materials, layerSize=128, pageCapacity=512, pageBudget=120, decodeThreads=4, generation=1, visibleOnly=true
[08:55:09] [RadSER Material Residency Upload/WARN]: [MaterialCompat] Material page 11 upload failed: 12 layers
[08:55:09] [RadSER Material Residency Upload/INFO]: [MaterialCompat] Material page upload: 0 materials across 0 pages, 0 deferred
[08:55:09] [RadSER Material Residency Upload/INFO]: [MaterialCompat] Runtime material residency complete for generation 1: 0 materials resident, tableUploaded=false, totalMs=14.21
[08:55:09] [RadSER Material Residency Upload/INFO]: [MaterialCompat] Residency updated descriptor/material-table state only; chunk rebuild skipped for generation 1
[08:55:09] [RadSER Material Residency Upload/INFO]: [MaterialCompat] Material page upload starting: 10 candidate materials, layerSize=128, pageCapacity=512, pageBudget=120, decodeThreads=4, generation=1, visibleOnly=true
[08:55:09] [RadSER Material Residency Upload/WARN]: [MaterialCompat] Material page 11 upload failed: 10 layers
[08:55:09] [RadSER Material Residency Upload/INFO]: [MaterialCompat] Material page upload: 0 materials across 0 pages, 0 deferred
[08:55:09] [RadSER Material Residency Upload/INFO]: [MaterialCompat] Runtime material residency complete for generation 1: 0 materials resident, tableUploaded=false, totalMs=15.17
[08:55:09] [RadSER Material Residency Upload/INFO]: [MaterialCompat] Residency updated descriptor/material-table state only; chunk rebuild skipped for generation 1
[08:55:09] [RadSER Material Residency Upload/INFO]: [MaterialCompat] Material page upload starting: 20 candidate materials, layerSize=128, pageCapacity=512, pageBudget=120, decodeThreads=4, generation=1, visibleOnly=true
[08:55:09] [RadSER Material Residency Upload/WARN]: [MaterialCompat] Material page 11 upload failed: 20 layers
[08:55:09] [RadSER Material Residency Upload/INFO]: [MaterialCompat] Material page upload: 0 materials across 0 pages, 0 deferred
[08:55:09] [RadSER Material Residency Upload/INFO]: [MaterialCompat] Runtime material residency complete for generation 1: 0 materials resident, tableUploaded=false, totalMs=18.42
[08:55:09] [RadSER Material Residency Upload/INFO]: [MaterialCompat] Residency updated descriptor/material-table state only; chunk rebuild skipped for generation 1
[08:55:09] [RadSER Material Residency Upload/INFO]: [MaterialCompat] Material page upload starting: 4 candidate materials, layerSize=128, pageCapacity=512, pageBudget=120, decodeThreads=4, generation=1, visibleOnly=true
[08:55:09] [RadSER Material Residency Upload/WARN]: [MaterialCompat] Material page 11 upload failed: 4 layers
[08:55:09] [RadSER Material Residency Upload/INFO]: [MaterialCompat] Material page upload: 0 materials across 0 pages, 0 deferred
[08:55:09] [RadSER Material Residency Upload/INFO]: [MaterialCompat] Runtime material residency complete for generation 1: 0 materials resident, tableUploaded=false, totalMs=14.13
[08:55:09] [RadSER Material Residency Upload/INFO]: [MaterialCompat] Residency updated descriptor/material-table state only; chunk rebuild skipped for generation 1
[08:55:09] [RadSER Material Residency Upload/INFO]: [MaterialCompat] Material page upload starting: 21 candidate materials, layerSize=128, pageCapacity=512, pageBudget=120, decodeThreads=4, generation=1, visibleOnly=true
[08:55:09] [RadSER Material Residency Upload/WARN]: [MaterialCompat] Material page 11 upload failed: 21 layers
[08:55:09] [RadSER Material Residency Upload/INFO]: [MaterialCompat] Material page upload: 0 materials across 0 pages, 0 deferred
[08:55:09] [RadSER Material Residency Upload/INFO]: [MaterialCompat] Runtime material residency complete for generation 1: 0 materials resident, tableUploaded=false, totalMs=18.18
[08:55:09] [RadSER Material Residency Upload/INFO]: [MaterialCompat] Residency updated descriptor/material-table state only; chunk rebuild skipped for generation 1
[08:55:09] [RadSER Material Residency Upload/INFO]: [MaterialCompat] Material page upload starting: 37 candidate materials, layerSize=128, pageCapacity=512, pageBudget=120, decodeThreads=4, generation=1, visibleOnly=true
[08:55:09] [RadSER Material Residency Upload/WARN]: [MaterialCompat] Material page 11 upload failed: 37 layers
[08:55:09] [RadSER Material Residency Upload/INFO]: [MaterialCompat] Material page upload: 0 materials across 0 pages, 0 deferred
[08:55:09] [RadSER Material Residency Upload/INFO]: [MaterialCompat] Runtime material residency complete for generation 1: 0 materials resident, tableUploaded=false, totalMs=23.78
[08:55:09] [RadSER Material Residency Upload/INFO]: [MaterialCompat] Residency updated descriptor/material-table state only; chunk rebuild skipped for generation 1
[08:55:09] [RadSER Material Residency Upload/INFO]: [MaterialCompat] Material page upload starting: 8 candidate materials, layerSize=128, pageCapacity=512, pageBudget=120, decodeThreads=4, generation=1, visibleOnly=true
[08:55:09] [RadSER Material Residency Upload/WARN]: [MaterialCompat] Material page 11 upload failed: 8 layers
[08:55:09] [RadSER Material Residency Upload/INFO]: [MaterialCompat] Material page upload: 0 materials across 0 pages, 0 deferred
[08:55:09] [RadSER Material Residency Upload/INFO]: [MaterialCompat] Runtime material residency complete for generation 1: 0 materials resident, tableUploaded=false, totalMs=15.14
[08:55:09] [RadSER Material Residency Upload/INFO]: [MaterialCompat] Residency updated descriptor/material-table state only; chunk rebuild skipped for generation 1
[08:55:09] [RadSER Material Residency Upload/INFO]: [MaterialCompat] Material page upload starting: 23 candidate materials, layerSize=128, pageCapacity=512, pageBudget=120, decodeThreads=4, generation=1, visibleOnly=true
[08:55:09] [Render thread/INFO]: [STDOUT]: [JAVA] setupTerrain=0.02 entities=0.43 blockEntities=0.03 particles=0.00 weather=0.01 chunkRebuild=0.02 other=0.21 TOTAL=0.71 rebuildQueue=96
[08:55:09] [RadSER Material Residency Upload/WARN]: [MaterialCompat] Material page 11 upload failed: 23 layers
[08:55:09] [RadSER Material Residency Upload/INFO]: [MaterialCompat] Material page upload: 0 materials across 0 pages, 0 deferred
[08:55:09] [RadSER Material Residency Upload/INFO]: [MaterialCompat] Runtime material residency complete for generation 1: 0 materials resident, tableUploaded=false, totalMs=18.21
[08:55:09] [RadSER Material Residency Upload/INFO]: [MaterialCompat] Residency updated descriptor/material-table state only; chunk rebuild skipped for generation 1
[08:55:09] [RadSER Material Residency Upload/INFO]: [MaterialCompat] Material page upload starting: 7 candidate materials, layerSize=128, pageCapacity=512, pageBudget=120, decodeThreads=4, generation=1, visibleOnly=true
[08:55:09] [RadSER Material Residency Upload/WARN]: [MaterialCompat] Material page 11 upload failed: 7 layers
[08:55:09] [RadSER Material Residency Upload/INFO]: [MaterialCompat] Material page upload: 0 materials across 0 pages, 0 deferred
[08:55:09] [RadSER Material Residency Upload/INFO]: [MaterialCompat] Runtime material residency complete for generation 1: 0 materials resident, tableUploaded=false, totalMs=15.53
[08:55:09] [RadSER Material Residency Upload/INFO]: [MaterialCompat] Residency updated descriptor/material-table state only; chunk rebuild skipped for generation 1
[08:55:09] [RadSER Material Residency Upload/INFO]: [MaterialCompat] Material page upload starting: 24 candidate materials, layerSize=128, pageCapacity=512, pageBudget=120, decodeThreads=4, generation=1, visibleOnly=true
[08:55:09] [RadSER Material Residency Upload/WARN]: [MaterialCompat] Material page 11 upload failed: 21 layers
[08:55:09] [RadSER Material Residency Upload/WARN]: [MaterialCompat] Material page 12 upload failed: 3 layers
[08:55:09] [RadSER Material Residency Upload/INFO]: [MaterialCompat] Material page upload: 0 materials across 0 pages, 0 deferred
[08:55:09] [RadSER Material Residency Upload/INFO]: [MaterialCompat] Runtime material residency complete for generation 1: 0 materials resident, tableUploaded=false, totalMs=17.76
[08:55:09] [RadSER Material Residency Upload/INFO]: [MaterialCompat] Residency updated descriptor/material-table state only; chunk rebuild skipped for generation 1
[08:55:09] [RadSER Material Residency Upload/INFO]: [MaterialCompat] Material page upload starting: 10 candidate materials, layerSize=128, pageCapacity=512, pageBudget=120, decodeThreads=4, generation=1, visibleOnly=true
[08:55:09] [RadSER Material Residency Upload/WARN]: [MaterialCompat] Material page 12 upload failed: 10 layers
[08:55:09] [RadSER Material Residency Upload/INFO]: [MaterialCompat] Material page upload: 0 materials across 0 pages, 0 deferred
[08:55:09] [RadSER Material Residency Upload/INFO]: [MaterialCompat] Runtime material residency complete for generation 1: 0 materials resident, tableUploaded=false, totalMs=14.98
[08:55:09] [RadSER Material Residency Upload/INFO]: [MaterialCompat] Residency updated descriptor/material-table state only; chunk rebuild skipped for generation 1
[08:55:09] [RadSER Material Residency Upload/INFO]: [MaterialCompat] Material page upload starting: 24 candidate materials, layerSize=128, pageCapacity=512, pageBudget=120, decodeThreads=4, generation=1, visibleOnly=true
[08:55:09] [RadSER Material Residency Upload/WARN]: [MaterialCompat] Material page 12 upload failed: 24 layers
[08:55:09] [RadSER Material Residency Upload/INFO]: [MaterialCompat] Material page upload: 0 materials across 0 pages, 0 deferred
[08:55:09] [RadSER Material Residency Upload/INFO]: [MaterialCompat] Runtime material residency complete for generation 1: 0 materials resident, tableUploaded=false, totalMs=15.97
[08:55:09] [RadSER Material Residency Upload/INFO]: [MaterialCompat] Residency updated descriptor/material-table state only; chunk rebuild skipped for generation 1
[08:55:09] [RadSER Material Residency Upload/INFO]: [MaterialCompat] Material page upload starting: 28 candidate materials, layerSize=128, pageCapacity=512, pageBudget=120, decodeThreads=4, generation=1, visibleOnly=true
[08:55:09] [RadSER Material Residency Upload/WARN]: [MaterialCompat] Material page 12 upload failed: 28 layers
[08:55:09] [RadSER Material Residency Upload/INFO]: [MaterialCompat] Material page upload: 0 materials across 0 pages, 0 deferred
[08:55:09] [RadSER Material Residency Upload/INFO]: [MaterialCompat] Runtime material residency complete for generation 1: 0 materials resident, tableUploaded=false, totalMs=17.82
[08:55:09] [RadSER Material Residency Upload/INFO]: [MaterialCompat] Residency updated descriptor/material-table state only; chunk rebuild skipped for generation 1
[08:55:09] [RadSER Material Residency Upload/INFO]: [MaterialCompat] Material page upload starting: 4 candidate materials, layerSize=128, pageCapacity=512, pageBudget=120, decodeThreads=4, generation=1, visibleOnly=true
[08:55:09] [RadSER Material Residency Upload/WARN]: [MaterialCompat] Material page 12 upload failed: 4 layers
[08:55:09] [RadSER Material Residency Upload/INFO]: [MaterialCompat] Material page upload: 0 materials across 0 pages, 0 deferred
[08:55:09] [RadSER Material Residency Upload/INFO]: [MaterialCompat] Runtime material residency complete for generation 1: 0 materials resident, tableUploaded=false, totalMs=15.46
[08:55:09] [RadSER Material Residency Upload/INFO]: [MaterialCompat] Residency updated descriptor/material-table state only; chunk rebuild skipped for generation 1
[08:55:09] [RadSER Material Residency Upload/INFO]: [MaterialCompat] Material page upload starting: 26 candidate materials, layerSize=128, pageCapacity=512, pageBudget=120, decodeThreads=4, generation=1, visibleOnly=true
[08:55:09] [RadSER Material Residency Upload/WARN]: [MaterialCompat] Material page 12 upload failed: 26 layers
[08:55:09] [RadSER Material Residency Upload/INFO]: [MaterialCompat] Material page upload: 0 materials across 0 pages, 0 deferred
[08:55:09] [RadSER Material Residency Upload/INFO]: [MaterialCompat] Runtime material residency complete for generation 1: 0 materials resident, tableUploaded=false, totalMs=17.49
[08:55:09] [RadSER Material Residency Upload/INFO]: [MaterialCompat] Residency updated descriptor/material-table state only; chunk rebuild skipped for generation 1
[08:55:09] [RadSER Material Residency Upload/INFO]: [MaterialCompat] Material page upload starting: 10 candidate materials, layerSize=128, pageCapacity=512, pageBudget=120, decodeThreads=4, generation=1, visibleOnly=true
[08:55:09] [RadSER Material Residency Upload/WARN]: [MaterialCompat] Material page 12 upload failed: 10 layers
[08:55:09] [RadSER Material Residency Upload/INFO]: [MaterialCompat] Material page upload: 0 materials across 0 pages, 0 deferred
[08:55:09] [RadSER Material Residency Upload/INFO]: [MaterialCompat] Runtime material residency complete for generation 1: 0 materials resident, tableUploaded=false, totalMs=15.10
[08:55:09] [RadSER Material Residency Upload/INFO]: [MaterialCompat] Residency updated descriptor/material-table state only; chunk rebuild skipped for generation 1
[08:55:10] [RadSER Material Residency Upload/INFO]: [MaterialCompat] Material page upload starting: 8 candidate materials, layerSize=128, pageCapacity=512, pageBudget=120, decodeThreads=4, generation=1, visibleOnly=true
[08:55:10] [RadSER Material Residency Upload/WARN]: [MaterialCompat] Material page 12 upload failed: 8 layers
[08:55:10] [RadSER Material Residency Upload/INFO]: [MaterialCompat] Material page upload: 0 materials across 0 pages, 0 deferred
[08:55:10] [RadSER Material Residency Upload/INFO]: [MaterialCompat] Runtime material residency complete for generation 1: 0 materials resident, tableUploaded=false, totalMs=17.90
[08:55:10] [RadSER Material Residency Upload/INFO]: [MaterialCompat] Residency updated descriptor/material-table state only; chunk rebuild skipped for generation 1
[08:55:10] [RadSER Material Residency Upload/INFO]: [MaterialCompat] Material page upload starting: 10 candidate materials, layerSize=128, pageCapacity=512, pageBudget=120, decodeThreads=4, generation=1, visibleOnly=true
[08:55:10] [RadSER Material Residency Upload/WARN]: [MaterialCompat] Material page 12 upload failed: 10 layers
[08:55:10] [RadSER Material Residency Upload/INFO]: [MaterialCompat] Material page upload: 0 materials across 0 pages, 0 deferred
[08:55:10] [RadSER Material Residency Upload/INFO]: [MaterialCompat] Runtime material residency complete for generation 1: 0 materials resident, tableUploaded=false, totalMs=18.72
[08:55:10] [RadSER Material Residency Upload/INFO]: [MaterialCompat] Residency updated descriptor/material-table state only; chunk rebuild skipped for generation 1
[08:55:10] [RadSER Material Residency Upload/INFO]: [MaterialCompat] Material page upload starting: 16 candidate materials, layerSize=128, pageCapacity=512, pageBudget=120, decodeThreads=4, generation=1, visibleOnly=true
[08:55:10] [RadSER Material Residency Upload/WARN]: [MaterialCompat] Material page 12 upload failed: 16 layers
[08:55:10] [RadSER Material Residency Upload/INFO]: [MaterialCompat] Material page upload: 0 materials across 0 pages, 0 deferred
[08:55:10] [RadSER Material Residency Upload/INFO]: [MaterialCompat] Runtime material residency complete for generation 1: 0 materials resident, tableUploaded=false, totalMs=17.78
[08:55:10] [RadSER Material Residency Upload/INFO]: [MaterialCompat] Residency updated descriptor/material-table state only; chunk rebuild skipped for generation 1
[08:55:10] [RadSER Material Residency Upload/INFO]: [MaterialCompat] Material page upload starting: 4 candidate materials, layerSize=128, pageCapacity=512, pageBudget=120, decodeThreads=4, generation=1, visibleOnly=true
[08:55:10] [RadSER Material Residency Upload/WARN]: [MaterialCompat] Material page 12 upload failed: 4 layers
[08:55:10] [RadSER Material Residency Upload/INFO]: [MaterialCompat] Material page upload: 0 materials across 0 pages, 0 deferred
[08:55:10] [RadSER Material Residency Upload/INFO]: [MaterialCompat] Runtime material residency complete for generation 1: 0 materials resident, tableUploaded=false, totalMs=14.62
[08:55:10] [RadSER Material Residency Upload/INFO]: [MaterialCompat] Residency updated descriptor/material-table state only; chunk rebuild skipped for generation 1
[08:55:10] [RadSER Material Residency Upload/INFO]: [MaterialCompat] Material page upload starting: 22 candidate materials, layerSize=128, pageCapacity=512, pageBudget=120, decodeThreads=4, generation=1, visibleOnly=true
[08:55:10] [RadSER Material Residency Upload/WARN]: [MaterialCompat] Material page 12 upload failed: 22 layers
[08:55:10] [RadSER Material Residency Upload/INFO]: [MaterialCompat] Material page upload: 0 materials across 0 pages, 0 deferred
[08:55:10] [RadSER Material Residency Upload/INFO]: [MaterialCompat] Runtime material residency complete for generation 1: 0 materials resident, tableUploaded=false, totalMs=26.30
[08:55:10] [RadSER Material Residency Upload/INFO]: [MaterialCompat] Residency updated descriptor/material-table state only; chunk rebuild skipped for generation 1
[08:55:10] [RadSER Material Residency Upload/INFO]: [MaterialCompat] Material page upload starting: 8 candidate materials, layerSize=128, pageCapacity=512, pageBudget=120, decodeThreads=4, generation=1, visibleOnly=true
[08:55:10] [RadSER Material Residency Upload/WARN]: [MaterialCompat] Material page 12 upload failed: 8 layers
[08:55:10] [RadSER Material Residency Upload/INFO]: [MaterialCompat] Material page upload: 0 materials across 0 pages, 0 deferred
[08:55:10] [RadSER Material Residency Upload/INFO]: [MaterialCompat] Runtime material residency complete for generation 1: 0 materials resident, tableUploaded=false, totalMs=16.83
[08:55:10] [RadSER Material Residency Upload/INFO]: [MaterialCompat] Residency updated descriptor/material-table state only; chunk rebuild skipped for generation 1
[08:55:10] [RadSER Material Residency Upload/INFO]: [MaterialCompat] Material page upload starting: 14 candidate materials, layerSize=128, pageCapacity=512, pageBudget=120, decodeThreads=4, generation=1, visibleOnly=true
[08:55:10] [RadSER Material Residency Upload/WARN]: [MaterialCompat] Material page 12 upload failed: 14 layers
[08:55:10] [RadSER Material Residency Upload/INFO]: [MaterialCompat] Material page upload: 0 materials across 0 pages, 0 deferred
[08:55:10] [RadSER Material Residency Upload/INFO]: [MaterialCompat] Runtime material residency complete for generation 1: 0 materials resident, tableUploaded=false, totalMs=18.98
[08:55:10] [RadSER Material Residency Upload/INFO]: [MaterialCompat] Residency updated descriptor/material-table state only; chunk rebuild skipped for generation 1
[08:55:10] [RadSER Material Residency Upload/INFO]: [MaterialCompat] Material page upload starting: 2 candidate materials, layerSize=128, pageCapacity=512, pageBudget=120, decodeThreads=4, generation=1, visibleOnly=true
[08:55:10] [RadSER Material Residency Upload/WARN]: [MaterialCompat] Material page 12 upload failed: 2 layers
[08:55:10] [RadSER Material Residency Upload/INFO]: [MaterialCompat] Material page upload: 0 materials across 0 pages, 0 deferred
[08:55:10] [RadSER Material Residency Upload/INFO]: [MaterialCompat] Runtime material residency complete for generation 1: 0 materials resident, tableUploaded=false, totalMs=14.15
[08:55:10] [RadSER Material Residency Upload/INFO]: [MaterialCompat] Residency updated descriptor/material-table state only; chunk rebuild skipped for generation 1
[08:55:10] [RadSER Material Residency Upload/INFO]: [MaterialCompat] Material page upload starting: 28 candidate materials, layerSize=128, pageCapacity=512, pageBudget=120, decodeThreads=4, generation=1, visibleOnly=true
[08:55:10] [RadSER Material Residency Upload/WARN]: [MaterialCompat] Material page 12 upload failed: 28 layers
[08:55:10] [RadSER Material Residency Upload/INFO]: [MaterialCompat] Material page upload: 0 materials across 0 pages, 0 deferred
[08:55:10] [RadSER Material Residency Upload/INFO]: [MaterialCompat] Runtime material residency complete for generation 1: 0 materials resident, tableUploaded=false, totalMs=17.01
[08:55:10] [RadSER Material Residency Upload/INFO]: [MaterialCompat] Residency updated descriptor/material-table state only; chunk rebuild skipped for generation 1
[08:55:10] [RadSER Material Residency Upload/INFO]: [MaterialCompat] Material page upload starting: 8 candidate materials, layerSize=128, pageCapacity=512, pageBudget=120, decodeThreads=4, generation=1, visibleOnly=true
[08:55:10] [RadSER Material Residency Upload/WARN]: [MaterialCompat] Material page 12 upload failed: 8 layers
[08:55:10] [RadSER Material Residency Upload/INFO]: [MaterialCompat] Material page upload: 0 materials across 0 pages, 0 deferred
[08:55:10] [RadSER Material Residency Upload/INFO]: [MaterialCompat] Runtime material residency complete for generation 1: 0 materials resident, tableUploaded=false, totalMs=14.41
[08:55:10] [RadSER Material Residency Upload/INFO]: [MaterialCompat] Residency updated descriptor/material-table state only; chunk rebuild skipped for generation 1
[08:55:10] [RadSER Material Residency Upload/INFO]: [MaterialCompat] Material page upload starting: 25 candidate materials, layerSize=128, pageCapacity=512, pageBudget=120, decodeThreads=4, generation=1, visibleOnly=true
[08:55:10] [RadSER Material Residency Upload/WARN]: [MaterialCompat] Material page 12 upload failed: 25 layers
[08:55:10] [RadSER Material Residency Upload/INFO]: [MaterialCompat] Material page upload: 0 materials across 0 pages, 0 deferred
[08:55:10] [RadSER Material Residency Upload/INFO]: [MaterialCompat] Runtime material residency complete for generation 1: 0 materials resident, tableUploaded=false, totalMs=16.67
[08:55:10] [RadSER Material Residency Upload/INFO]: [MaterialCompat] Residency updated descriptor/material-table state only; chunk rebuild skipped for generation 1
[08:55:10] [RadSER Material Residency Upload/INFO]: [MaterialCompat] Material page upload starting: 15 candidate materials, layerSize=128, pageCapacity=512, pageBudget=120, decodeThreads=4, generation=1, visibleOnly=true
[08:55:10] [RadSER Material Residency Upload/WARN]: [MaterialCompat] Material page 12 upload failed: 15 layers
[08:55:10] [RadSER Material Residency Upload/INFO]: [MaterialCompat] Material page upload: 0 materials across 0 pages, 0 deferred
[08:55:10] [RadSER Material Residency Upload/INFO]: [MaterialCompat] Runtime material residency complete for generation 1: 0 materials resident, tableUploaded=false, totalMs=15.20
[08:55:10] [RadSER Material Residency Upload/INFO]: [MaterialCompat] Residency updated descriptor/material-table state only; chunk rebuild skipped for generation 1
[08:55:10] [RadSER Material Residency Upload/INFO]: [MaterialCompat] Material page upload starting: 22 candidate materials, layerSize=128, pageCapacity=512, pageBudget=120, decodeThreads=4, generation=1, visibleOnly=true
[08:55:10] [RadSER Material Residency Upload/WARN]: [MaterialCompat] Material page 12 upload failed: 22 layers
[08:55:10] [RadSER Material Residency Upload/INFO]: [MaterialCompat] Material page upload: 0 materials across 0 pages, 0 deferred
[08:55:10] [RadSER Material Residency Upload/INFO]: [MaterialCompat] Runtime material residency complete for generation 1: 0 materials resident, tableUploaded=false, totalMs=16.79
[08:55:10] [RadSER Material Residency Upload/INFO]: [MaterialCompat] Residency updated descriptor/material-table state only; chunk rebuild skipped for generation 1
[08:55:10] [RadSER Material Residency Upload/INFO]: [MaterialCompat] Material page upload starting: 10 candidate materials, layerSize=128, pageCapacity=512, pageBudget=120, decodeThreads=4, generation=1, visibleOnly=true
[08:55:10] [RadSER Material Residency Upload/WARN]: [MaterialCompat] Material page 12 upload failed: 10 layers
[08:55:10] [RadSER Material Residency Upload/INFO]: [MaterialCompat] Material page upload: 0 materials across 0 pages, 0 deferred
[08:55:10] [RadSER Material Residency Upload/INFO]: [MaterialCompat] Runtime material residency complete for generation 1: 0 materials resident, tableUploaded=false, totalMs=13.89
[08:55:10] [RadSER Material Residency Upload/INFO]: [MaterialCompat] Residency updated descriptor/material-table state only; chunk rebuild skipped for generation 1
[08:55:10] [RadSER Material Residency Upload/INFO]: [MaterialCompat] Material page upload starting: 29 candidate materials, layerSize=128, pageCapacity=512, pageBudget=120, decodeThreads=4, generation=1, visibleOnly=true
[08:55:10] [RadSER Material Residency Upload/WARN]: [MaterialCompat] Material page 12 upload failed: 29 layers
[08:55:10] [RadSER Material Residency Upload/INFO]: [MaterialCompat] Material page upload: 0 materials across 0 pages, 0 deferred
[08:55:10] [RadSER Material Residency Upload/INFO]: [MaterialCompat] Runtime material residency complete for generation 1: 0 materials resident, tableUploaded=false, totalMs=17.99
[08:55:10] [RadSER Material Residency Upload/INFO]: [MaterialCompat] Residency updated descriptor/material-table state only; chunk rebuild skipped for generation 1
[08:55:10] [RadSER Material Residency Upload/INFO]: [MaterialCompat] Material page upload starting: 39 candidate materials, layerSize=128, pageCapacity=512, pageBudget=120, decodeThreads=4, generation=1, visibleOnly=true
[08:55:10] [RadSER Material Residency Upload/WARN]: [MaterialCompat] Material page 12 upload failed: 39 layers
[08:55:10] [RadSER Material Residency Upload/INFO]: [MaterialCompat] Material page upload: 0 materials across 0 pages, 0 deferred
[08:55:10] [RadSER Material Residency Upload/INFO]: [MaterialCompat] Runtime material residency complete for generation 1: 0 materials resident, tableUploaded=false, totalMs=20.25
[08:55:10] [RadSER Material Residency Upload/INFO]: [MaterialCompat] Residency updated descriptor/material-table state only; chunk rebuild skipped for generation 1
[08:55:10] [RadSER Material Residency Upload/INFO]: [MaterialCompat] Material page upload starting: 20 candidate materials, layerSize=128, pageCapacity=512, pageBudget=120, decodeThreads=4, generation=1, visibleOnly=true
[08:55:10] [RadSER Material Residency Upload/WARN]: [MaterialCompat] Material page 12 upload failed: 20 layers
[08:55:10] [RadSER Material Residency Upload/INFO]: [MaterialCompat] Material page upload: 0 materials across 0 pages, 0 deferred
[08:55:10] [RadSER Material Residency Upload/INFO]: [MaterialCompat] Runtime material residency complete for generation 1: 0 materials resident, tableUploaded=false, totalMs=15.80
[08:55:10] [RadSER Material Residency Upload/INFO]: [MaterialCompat] Residency updated descriptor/material-table state only; chunk rebuild skipped for generation 1
[08:55:10] [RadSER Material Residency Upload/INFO]: [MaterialCompat] Material page upload starting: 27 candidate materials, layerSize=128, pageCapacity=512, pageBudget=120, decodeThreads=4, generation=1, visibleOnly=true
[08:55:10] [Render thread/INFO]: [STDOUT]: [JAVA] setupTerrain=0.02 entities=0.44 blockEntities=0.04 particles=0.00 weather=0.00 chunkRebuild=0.02 other=0.19 TOTAL=0.71 rebuildQueue=96
[08:55:10] [RadSER Material Residency Upload/WARN]: [MaterialCompat] Material page 12 upload failed: 27 layers
[08:55:10] [RadSER Material Residency Upload/INFO]: [MaterialCompat] Material page upload: 0 materials across 0 pages, 0 deferred
[08:55:10] [RadSER Material Residency Upload/INFO]: [MaterialCompat] Runtime material residency complete for generation 1: 0 materials resident, tableUploaded=false, totalMs=17.28
[08:55:10] [RadSER Material Residency Upload/INFO]: [MaterialCompat] Residency updated descriptor/material-table state only; chunk rebuild skipped for generation 1
[08:55:10] [RadSER Material Residency Upload/INFO]: [MaterialCompat] Material page upload starting: 48 candidate materials, layerSize=128, pageCapacity=512, pageBudget=120, decodeThreads=4, generation=1, visibleOnly=true
[08:55:10] [RadSER Material Residency Upload/WARN]: [MaterialCompat] Material page 12 upload failed: 48 layers
[08:55:10] [RadSER Material Residency Upload/INFO]: [MaterialCompat] Material page upload: 0 materials across 0 pages, 0 deferred
[08:55:10] [RadSER Material Residency Upload/INFO]: [MaterialCompat] Runtime material residency complete for generation 1: 0 materials resident, tableUploaded=false, totalMs=19.53
[08:55:10] [RadSER Material Residency Upload/INFO]: [MaterialCompat] Residency updated descriptor/material-table state only; chunk rebuild skipped for generation 1
[08:55:10] [RadSER Material Residency Upload/INFO]: [MaterialCompat] Material page upload starting: 8 candidate materials, layerSize=128, pageCapacity=512, pageBudget=120, decodeThreads=4, generation=1, visibleOnly=true
[08:55:10] [RadSER Material Residency Upload/WARN]: [MaterialCompat] Material page 12 upload failed: 8 layers
[08:55:10] [RadSER Material Residency Upload/INFO]: [MaterialCompat] Material page upload: 0 materials across 0 pages, 0 deferred
[08:55:10] [RadSER Material Residency Upload/INFO]: [MaterialCompat] Runtime material residency complete for generation 1: 0 materials resident, tableUploaded=false, totalMs=14.26
[08:55:10] [RadSER Material Residency Upload/INFO]: [MaterialCompat] Residency updated descriptor/material-table state only; chunk rebuild skipped for generation 1
[08:55:10] [RadSER Material Residency Upload/INFO]: [MaterialCompat] Material page upload starting: 34 candidate materials, layerSize=128, pageCapacity=512, pageBudget=120, decodeThreads=4, generation=1, visibleOnly=true
[08:55:10] [RadSER Material Residency Upload/WARN]: [MaterialCompat] Material page 12 upload failed: 34 layers
[08:55:10] [RadSER Material Residency Upload/INFO]: [MaterialCompat] Material page upload: 0 materials across 0 pages, 0 deferred
[08:55:10] [RadSER Material Residency Upload/INFO]: [MaterialCompat] Runtime material residency complete for generation 1: 0 materials resident, tableUploaded=false, totalMs=20.21
[08:55:10] [RadSER Material Residency Upload/INFO]: [MaterialCompat] Residency updated descriptor/material-table state only; chunk rebuild skipped for generation 1
[08:55:10] [RadSER Material Residency Upload/INFO]: [MaterialCompat] Material page upload starting: 10 candidate materials, layerSize=128, pageCapacity=512, pageBudget=120, decodeThreads=4, generation=1, visibleOnly=true
[08:55:10] [RadSER Material Residency Upload/WARN]: [MaterialCompat] Material page 12 upload failed: 10 layers
[08:55:10] [RadSER Material Residency Upload/INFO]: [MaterialCompat] Material page upload: 0 materials across 0 pages, 0 deferred
[08:55:10] [RadSER Material Residency Upload/INFO]: [MaterialCompat] Runtime material residency complete for generation 1: 0 materials resident, tableUploaded=false, totalMs=14.65
[08:55:10] [RadSER Material Residency Upload/INFO]: [MaterialCompat] Residency updated descriptor/material-table state only; chunk rebuild skipped for generation 1
[08:55:10] [RadSER Material Residency Upload/INFO]: [MaterialCompat] Material page upload starting: 22 candidate materials, layerSize=128, pageCapacity=512, pageBudget=120, decodeThreads=4, generation=1, visibleOnly=true
[08:55:10] [RadSER Material Residency Upload/WARN]: [MaterialCompat] Material page 13 upload failed: 22 layers
[08:55:10] [RadSER Material Residency Upload/INFO]: [MaterialCompat] Material page upload: 0 materials across 0 pages, 0 deferred
[08:55:10] [RadSER Material Residency Upload/INFO]: [MaterialCompat] Runtime material residency complete for generation 1: 0 materials resident, tableUploaded=false, totalMs=15.77
[08:55:10] [RadSER Material Residency Upload/INFO]: [MaterialCompat] Residency updated descriptor/material-table state only; chunk rebuild skipped for generation 1
[08:55:10] [RadSER Material Residency Upload/INFO]: [MaterialCompat] Material page upload starting: 14 candidate materials, layerSize=128, pageCapacity=512, pageBudget=120, decodeThreads=4, generation=1, visibleOnly=true
[08:55:10] [RadSER Material Residency Upload/WARN]: [MaterialCompat] Material page 13 upload failed: 14 layers
[08:55:10] [RadSER Material Residency Upload/INFO]: [MaterialCompat] Material page upload: 0 materials across 0 pages, 0 deferred
[08:55:10] [RadSER Material Residency Upload/INFO]: [MaterialCompat] Runtime material residency complete for generation 1: 0 materials resident, tableUploaded=false, totalMs=15.32
[08:55:10] [RadSER Material Residency Upload/INFO]: [MaterialCompat] Residency updated descriptor/material-table state only; chunk rebuild skipped for generation 1
[08:55:10] [RadSER Material Residency Upload/INFO]: [MaterialCompat] Material page upload starting: 18 candidate materials, layerSize=128, pageCapacity=512, pageBudget=120, decodeThreads=4, generation=1, visibleOnly=true
[08:55:10] [RadSER Material Residency Upload/WARN]: [MaterialCompat] Material page 13 upload failed: 18 layers
[08:55:10] [RadSER Material Residency Upload/INFO]: [MaterialCompat] Material page upload: 0 materials across 0 pages, 0 deferred
[08:55:10] [RadSER Material Residency Upload/INFO]: [MaterialCompat] Runtime material residency complete for generation 1: 0 materials resident, tableUploaded=false, totalMs=17.45
[08:55:10] [RadSER Material Residency Upload/INFO]: [MaterialCompat] Residency updated descriptor/material-table state only; chunk rebuild skipped for generation 1
[08:55:10] [RadSER Material Residency Upload/INFO]: [MaterialCompat] Material page upload starting: 8 candidate materials, layerSize=128, pageCapacity=512, pageBudget=120, decodeThreads=4, generation=1, visibleOnly=true
[08:55:10] [RadSER Material Residency Upload/WARN]: [MaterialCompat] Material page 13 upload failed: 8 layers
[08:55:10] [RadSER Material Residency Upload/INFO]: [MaterialCompat] Material page upload: 0 materials across 0 pages, 0 deferred
[08:55:10] [RadSER Material Residency Upload/INFO]: [MaterialCompat] Runtime material residency complete for generation 1: 0 materials resident, tableUploaded=false, totalMs=14.66
[08:55:10] [RadSER Material Residency Upload/INFO]: [MaterialCompat] Residency updated descriptor/material-table state only; chunk rebuild skipped for generation 1
[08:55:10] [RadSER Material Residency Upload/INFO]: [MaterialCompat] Material page upload starting: 13 candidate materials, layerSize=128, pageCapacity=512, pageBudget=120, decodeThreads=4, generation=1, visibleOnly=true
[08:55:10] [RadSER Material Residency Upload/WARN]: [MaterialCompat] Material page 13 upload failed: 13 layers
[08:55:10] [RadSER Material Residency Upload/INFO]: [MaterialCompat] Material page upload: 0 materials across 0 pages, 0 deferred
[08:55:10] [RadSER Material Residency Upload/INFO]: [MaterialCompat] Runtime material residency complete for generation 1: 0 materials resident, tableUploaded=false, totalMs=14.11
[08:55:10] [RadSER Material Residency Upload/INFO]: [MaterialCompat] Residency updated descriptor/material-table state only; chunk rebuild skipped for generation 1
[08:55:10] [RadSER Material Residency Upload/INFO]: [MaterialCompat] Material page upload starting: 4 candidate materials, layerSize=128, pageCapacity=512, pageBudget=120, decodeThreads=4, generation=1, visibleOnly=true
[08:55:10] [RadSER Material Residency Upload/WARN]: [MaterialCompat] Material page 13 upload failed: 4 layers
[08:55:10] [RadSER Material Residency Upload/INFO]: [MaterialCompat] Material page upload: 0 materials across 0 pages, 0 deferred
[08:55:11] [RadSER Material Residency Upload/INFO]: [MaterialCompat] Runtime material residency complete for generation 1: 0 materials resident, tableUploaded=false, totalMs=12.19
[08:55:11] [RadSER Material Residency Upload/INFO]: [MaterialCompat] Residency updated descriptor/material-table state only; chunk rebuild skipped for generation 1
[08:55:11] [RadSER Material Residency Upload/INFO]: [MaterialCompat] Material page upload starting: 12 candidate materials, layerSize=128, pageCapacity=512, pageBudget=120, decodeThreads=4, generation=1, visibleOnly=true
[08:55:11] [RadSER Material Residency Upload/WARN]: [MaterialCompat] Material page 13 upload failed: 12 layers
[08:55:11] [RadSER Material Residency Upload/INFO]: [MaterialCompat] Material page upload: 0 materials across 0 pages, 0 deferred
[08:55:11] [RadSER Material Residency Upload/INFO]: [MaterialCompat] Runtime material residency complete for generation 1: 0 materials resident, tableUploaded=false, totalMs=22.43
[08:55:11] [RadSER Material Residency Upload/INFO]: [MaterialCompat] Residency updated descriptor/material-table state only; chunk rebuild skipped for generation 1
[08:55:11] [RadSER Material Residency Upload/INFO]: [MaterialCompat] Material page upload starting: 6 candidate materials, layerSize=128, pageCapacity=512, pageBudget=120, decodeThreads=4, generation=1, visibleOnly=true
[08:55:11] [RadSER Material Residency Upload/WARN]: [MaterialCompat] Material page 13 upload failed: 6 layers
[08:55:11] [RadSER Material Residency Upload/INFO]: [MaterialCompat] Material page upload: 0 materials across 0 pages, 0 deferred
[08:55:11] [RadSER Material Residency Upload/INFO]: [MaterialCompat] Runtime material residency complete for generation 1: 0 materials resident, tableUploaded=false, totalMs=14.47
[08:55:11] [RadSER Material Residency Upload/INFO]: [MaterialCompat] Residency updated descriptor/material-table state only; chunk rebuild skipped for generation 1
[08:55:11] [RadSER Material Residency Upload/INFO]: [MaterialCompat] Material page upload starting: 18 candidate materials, layerSize=128, pageCapacity=512, pageBudget=120, decodeThreads=4, generation=1, visibleOnly=true
[08:55:11] [RadSER Material Residency Upload/WARN]: [MaterialCompat] Material page 13 upload failed: 18 layers
[08:55:11] [RadSER Material Residency Upload/INFO]: [MaterialCompat] Material page upload: 0 materials across 0 pages, 0 deferred
[08:55:11] [RadSER Material Residency Upload/INFO]: [MaterialCompat] Runtime material residency complete for generation 1: 0 materials resident, tableUploaded=false, totalMs=21.20
[08:55:11] [RadSER Material Residency Upload/INFO]: [MaterialCompat] Residency updated descriptor/material-table state only; chunk rebuild skipped for generation 1
[08:55:11] [RadSER Material Residency Upload/INFO]: [MaterialCompat] Material page upload starting: 2 candidate materials, layerSize=128, pageCapacity=512, pageBudget=120, decodeThreads=4, generation=1, visibleOnly=true
[08:55:11] [RadSER Material Residency Upload/WARN]: [MaterialCompat] Material page 13 upload failed: 2 layers
[08:55:11] [RadSER Material Residency Upload/INFO]: [MaterialCompat] Material page upload: 0 materials across 0 pages, 0 deferred
[08:55:11] [RadSER Material Residency Upload/INFO]: [MaterialCompat] Runtime material residency complete for generation 1: 0 materials resident, tableUploaded=false, totalMs=17.98
[08:55:11] [RadSER Material Residency Upload/INFO]: [MaterialCompat] Residency updated descriptor/material-table state only; chunk rebuild skipped for generation 1
[08:55:11] [RadSER Material Residency Upload/INFO]: [MaterialCompat] Material page upload starting: 18 candidate materials, layerSize=128, pageCapacity=512, pageBudget=120, decodeThreads=4, generation=1, visibleOnly=true
[08:55:11] [RadSER Material Residency Upload/WARN]: [MaterialCompat] Material page 13 upload failed: 18 layers
[08:55:11] [RadSER Material Residency Upload/INFO]: [MaterialCompat] Material page upload: 0 materials across 0 pages, 0 deferred
[08:55:11] [RadSER Material Residency Upload/INFO]: [MaterialCompat] Runtime material residency complete for generation 1: 0 materials resident, tableUploaded=false, totalMs=18.56
[08:55:11] [RadSER Material Residency Upload/INFO]: [MaterialCompat] Residency updated descriptor/material-table state only; chunk rebuild skipped for generation 1
[08:55:11] [RadSER Material Residency Upload/INFO]: [MaterialCompat] Material page upload starting: 7 candidate materials, layerSize=128, pageCapacity=512, pageBudget=120, decodeThreads=4, generation=1, visibleOnly=true
[08:55:11] [RadSER Material Residency Upload/WARN]: [MaterialCompat] Material page 13 upload failed: 7 layers
[08:55:11] [RadSER Material Residency Upload/INFO]: [MaterialCompat] Material page upload: 0 materials across 0 pages, 0 deferred
[08:55:11] [RadSER Material Residency Upload/INFO]: [MaterialCompat] Runtime material residency complete for generation 1: 0 materials resident, tableUploaded=false, totalMs=15.34
[08:55:11] [RadSER Material Residency Upload/INFO]: [MaterialCompat] Residency updated descriptor/material-table state only; chunk rebuild skipped for generation 1
[08:55:11] [RadSER Material Residency Upload/INFO]: [MaterialCompat] Material page upload starting: 24 candidate materials, layerSize=128, pageCapacity=512, pageBudget=120, decodeThreads=4, generation=1, visibleOnly=true
[08:55:11] [RadSER Material Residency Upload/WARN]: [MaterialCompat] Material page 13 upload failed: 24 layers
[08:55:11] [RadSER Material Residency Upload/INFO]: [MaterialCompat] Material page upload: 0 materials across 0 pages, 0 deferred
[08:55:11] [RadSER Material Residency Upload/INFO]: [MaterialCompat] Runtime material residency complete for generation 1: 0 materials resident, tableUploaded=false, totalMs=18.33
[08:55:11] [RadSER Material Residency Upload/INFO]: [MaterialCompat] Residency updated descriptor/material-table state only; chunk rebuild skipped for generation 1
[08:55:11] [RadSER Material Residency Upload/INFO]: [MaterialCompat] Material page upload starting: 6 candidate materials, layerSize=128, pageCapacity=512, pageBudget=120, decodeThreads=4, generation=1, visibleOnly=true
[08:55:11] [RadSER Material Residency Upload/WARN]: [MaterialCompat] Material page 13 upload failed: 6 layers
[08:55:11] [RadSER Material Residency Upload/INFO]: [MaterialCompat] Material page upload: 0 materials across 0 pages, 0 deferred
[08:55:11] [RadSER Material Residency Upload/INFO]: [MaterialCompat] Runtime material residency complete for generation 1: 0 materials resident, tableUploaded=false, totalMs=15.12
[08:55:11] [RadSER Material Residency Upload/INFO]: [MaterialCompat] Residency updated descriptor/material-table state only; chunk rebuild skipped for generation 1
[08:55:11] [RadSER Material Residency Upload/INFO]: [MaterialCompat] Material page upload starting: 20 candidate materials, layerSize=128, pageCapacity=512, pageBudget=120, decodeThreads=4, generation=1, visibleOnly=true
[08:55:11] [RadSER Material Residency Upload/WARN]: [MaterialCompat] Material page 13 upload failed: 20 layers
[08:55:11] [RadSER Material Residency Upload/INFO]: [MaterialCompat] Material page upload: 0 materials across 0 pages, 0 deferred
[08:55:11] [RadSER Material Residency Upload/INFO]: [MaterialCompat] Runtime material residency complete for generation 1: 0 materials resident, tableUploaded=false, totalMs=15.41
[08:55:11] [RadSER Material Residency Upload/INFO]: [MaterialCompat] Residency updated descriptor/material-table state only; chunk rebuild skipped for generation 1
[08:55:11] [RadSER Material Residency Upload/INFO]: [MaterialCompat] Material page upload starting: 2 candidate materials, layerSize=128, pageCapacity=512, pageBudget=120, decodeThreads=4, generation=1, visibleOnly=true
[08:55:11] [RadSER Material Residency Upload/WARN]: [MaterialCompat] Material page 13 upload failed: 2 layers
[08:55:11] [RadSER Material Residency Upload/INFO]: [MaterialCompat] Material page upload: 0 materials across 0 pages, 0 deferred
[08:55:11] [RadSER Material Residency Upload/INFO]: [MaterialCompat] Runtime material residency complete for generation 1: 0 materials resident, tableUploaded=false, totalMs=15.32
[08:55:11] [RadSER Material Residency Upload/INFO]: [MaterialCompat] Residency updated descriptor/material-table state only; chunk rebuild skipped for generation 1
[08:55:11] [RadSER Material Residency Upload/INFO]: [MaterialCompat] Material page upload starting: 14 candidate materials, layerSize=128, pageCapacity=512, pageBudget=120, decodeThreads=4, generation=1, visibleOnly=true
[08:55:11] [RadSER Material Residency Upload/WARN]: [MaterialCompat] Material page 13 upload failed: 14 layers
[08:55:11] [RadSER Material Residency Upload/INFO]: [MaterialCompat] Material page upload: 0 materials across 0 pages, 0 deferred
[08:55:11] [RadSER Material Residency Upload/INFO]: [MaterialCompat] Runtime material residency complete for generation 1: 0 materials resident, tableUploaded=false, totalMs=15.79
[08:55:11] [RadSER Material Residency Upload/INFO]: [MaterialCompat] Residency updated descriptor/material-table state only; chunk rebuild skipped for generation 1
[08:55:11] [RadSER Material Residency Upload/INFO]: [MaterialCompat] Material page upload starting: 2 candidate materials, layerSize=128, pageCapacity=512, pageBudget=120, decodeThreads=4, generation=1, visibleOnly=true
[08:55:11] [RadSER Material Residency Upload/WARN]: [MaterialCompat] Material page 13 upload failed: 2 layers
[08:55:11] [RadSER Material Residency Upload/INFO]: [MaterialCompat] Material page upload: 0 materials across 0 pages, 0 deferred
[08:55:11] [RadSER Material Residency Upload/INFO]: [MaterialCompat] Runtime material residency complete for generation 1: 0 materials resident, tableUploaded=false, totalMs=13.44
[08:55:11] [RadSER Material Residency Upload/INFO]: [MaterialCompat] Residency updated descriptor/material-table state only; chunk rebuild skipped for generation 1
[08:55:11] [RadSER Material Residency Upload/INFO]: [MaterialCompat] Material page upload starting: 20 candidate materials, layerSize=128, pageCapacity=512, pageBudget=120, decodeThreads=4, generation=1, visibleOnly=true
[08:55:11] [RadSER Material Residency Upload/WARN]: [MaterialCompat] Material page 13 upload failed: 20 layers
[08:55:11] [RadSER Material Residency Upload/INFO]: [MaterialCompat] Material page upload: 0 materials across 0 pages, 0 deferred
[08:55:11] [RadSER Material Residency Upload/INFO]: [MaterialCompat] Runtime material residency complete for generation 1: 0 materials resident, tableUploaded=false, totalMs=14.80
[08:55:11] [RadSER Material Residency Upload/INFO]: [MaterialCompat] Residency updated descriptor/material-table state only; chunk rebuild skipped for generation 1
[08:55:11] [RadSER Material Residency Upload/INFO]: [MaterialCompat] Material page upload starting: 20 candidate materials, layerSize=128, pageCapacity=512, pageBudget=120, decodeThreads=4, generation=1, visibleOnly=true
[08:55:11] [RadSER Material Residency Upload/WARN]: [MaterialCompat] Material page 13 upload failed: 20 layers
[08:55:11] [RadSER Material Residency Upload/INFO]: [MaterialCompat] Material page upload: 0 materials across 0 pages, 0 deferred
[08:55:11] [RadSER Material Residency Upload/INFO]: [MaterialCompat] Runtime material residency complete for generation 1: 0 materials resident, tableUploaded=false, totalMs=15.83
[08:55:11] [RadSER Material Residency Upload/INFO]: [MaterialCompat] Residency updated descriptor/material-table state only; chunk rebuild skipped for generation 1
[08:55:11] [Render thread/INFO]: [STDOUT]: [JAVA] setupTerrain=0.02 entities=0.43 blockEntities=0.03 particles=0.00 weather=0.00 chunkRebuild=0.01 other=0.16 TOTAL=0.65 rebuildQueue=96
[08:55:11] [RadSER Material Residency Upload/INFO]: [MaterialCompat] Material page upload starting: 43 candidate materials, layerSize=128, pageCapacity=512, pageBudget=120, decodeThreads=4, generation=1, visibleOnly=true
[08:55:11] [RadSER Material Residency Upload/WARN]: [MaterialCompat] Material page 13 upload failed: 43 layers
[08:55:11] [RadSER Material Residency Upload/INFO]: [MaterialCompat] Material page upload: 0 materials across 0 pages, 0 deferred
[08:55:11] [RadSER Material Residency Upload/INFO]: [MaterialCompat] Runtime material residency complete for generation 1: 0 materials resident, tableUploaded=false, totalMs=18.69
[08:55:11] [RadSER Material Residency Upload/INFO]: [MaterialCompat] Residency updated descriptor/material-table state only; chunk rebuild skipped for generation 1
[08:55:11] [RadSER Material Residency Upload/INFO]: [MaterialCompat] Material page upload starting: 7 candidate materials, layerSize=128, pageCapacity=512, pageBudget=120, decodeThreads=4, generation=1, visibleOnly=true
[08:55:11] [RadSER Material Residency Upload/WARN]: [MaterialCompat] Material page 13 upload failed: 7 layers
[08:55:11] [RadSER Material Residency Upload/INFO]: [MaterialCompat] Material page upload: 0 materials across 0 pages, 0 deferred
[08:55:11] [RadSER Material Residency Upload/INFO]: [MaterialCompat] Runtime material residency complete for generation 1: 0 materials resident, tableUploaded=false, totalMs=14.60
[08:55:11] [RadSER Material Residency Upload/INFO]: [MaterialCompat] Residency updated descriptor/material-table state only; chunk rebuild skipped for generation 1
[08:55:11] [RadSER Material Residency Upload/INFO]: [MaterialCompat] Material page upload starting: 29 candidate materials, layerSize=128, pageCapacity=512, pageBudget=120, decodeThreads=4, generation=1, visibleOnly=true
[08:55:11] [RadSER Material Residency Upload/WARN]: [MaterialCompat] Material page 13 upload failed: 29 layers
[08:55:11] [RadSER Material Residency Upload/INFO]: [MaterialCompat] Material page upload: 0 materials across 0 pages, 0 deferred
[08:55:11] [RadSER Material Residency Upload/INFO]: [MaterialCompat] Runtime material residency complete for generation 1: 0 materials resident, tableUploaded=false, totalMs=15.11
[08:55:11] [RadSER Material Residency Upload/INFO]: [MaterialCompat] Residency updated descriptor/material-table state only; chunk rebuild skipped for generation 1
[08:55:11] [RadSER Material Residency Upload/INFO]: [MaterialCompat] Material page upload starting: 44 candidate materials, layerSize=128, pageCapacity=512, pageBudget=120, decodeThreads=4, generation=1, visibleOnly=true
[08:55:11] [RadSER Material Residency Upload/WARN]: [MaterialCompat] Material page 13 upload failed: 44 layers
[08:55:11] [RadSER Material Residency Upload/INFO]: [MaterialCompat] Material page upload: 0 materials across 0 pages, 0 deferred
[08:55:11] [RadSER Material Residency Upload/INFO]: [MaterialCompat] Runtime material residency complete for generation 1: 0 materials resident, tableUploaded=false, totalMs=16.62
[08:55:11] [RadSER Material Residency Upload/INFO]: [MaterialCompat] Residency updated descriptor/material-table state only; chunk rebuild skipped for generation 1
[08:55:11] [RadSER Material Residency Upload/INFO]: [MaterialCompat] Material page upload starting: 27 candidate materials, layerSize=128, pageCapacity=512, pageBudget=120, decodeThreads=4, generation=1, visibleOnly=true
[08:55:11] [RadSER Material Residency Upload/WARN]: [MaterialCompat] Material page 13 upload failed: 27 layers
[08:55:11] [RadSER Material Residency Upload/INFO]: [MaterialCompat] Material page upload: 0 materials across 0 pages, 0 deferred
[08:55:11] [RadSER Material Residency Upload/INFO]: [MaterialCompat] Runtime material residency complete for generation 1: 0 materials resident, tableUploaded=false, totalMs=69.90
[08:55:11] [RadSER Material Residency Upload/INFO]: [MaterialCompat] Residency updated descriptor/material-table state only; chunk rebuild skipped for generation 1
[08:55:11] [RadSER Material Residency Upload/INFO]: [MaterialCompat] Material page upload starting: 19 candidate materials, layerSize=128, pageCapacity=512, pageBudget=120, decodeThreads=4, generation=1, visibleOnly=true
[08:55:11] [RadSER Material Residency Upload/WARN]: [MaterialCompat] Material page 13 upload failed: 19 layers
[08:55:11] [RadSER Material Residency Upload/INFO]: [MaterialCompat] Material page upload: 0 materials across 0 pages, 0 deferred
[08:55:11] [RadSER Material Residency Upload/INFO]: [MaterialCompat] Runtime material residency complete for generation 1: 0 materials resident, tableUploaded=false, totalMs=15.48
[08:55:11] [RadSER Material Residency Upload/INFO]: [MaterialCompat] Residency updated descriptor/material-table state only; chunk rebuild skipped for generation 1
[08:55:11] [RadSER Material Residency Upload/INFO]: [MaterialCompat] Material page upload starting: 9 candidate materials, layerSize=128, pageCapacity=512, pageBudget=120, decodeThreads=4, generation=1, visibleOnly=true
[08:55:11] [RadSER Material Residency Upload/WARN]: [MaterialCompat] Material page 13 upload failed: 9 layers
[08:55:11] [RadSER Material Residency Upload/INFO]: [MaterialCompat] Material page upload: 0 materials across 0 pages, 0 deferred
[08:55:11] [RadSER Material Residency Upload/INFO]: [MaterialCompat] Runtime material residency complete for generation 1: 0 materials resident, tableUploaded=false, totalMs=15.60
[08:55:11] [RadSER Material Residency Upload/INFO]: [MaterialCompat] Residency updated descriptor/material-table state only; chunk rebuild skipped for generation 1
[08:55:11] [RadSER Material Residency Upload/INFO]: [MaterialCompat] Material page upload starting: 8 candidate materials, layerSize=128, pageCapacity=512, pageBudget=120, decodeThreads=4, generation=1, visibleOnly=true
[08:55:11] [RadSER Material Residency Upload/WARN]: [MaterialCompat] Material page 13 upload failed: 8 layers
[08:55:11] [RadSER Material Residency Upload/INFO]: [MaterialCompat] Material page upload: 0 materials across 0 pages, 0 deferred
[08:55:11] [RadSER Material Residency Upload/INFO]: [MaterialCompat] Runtime material residency complete for generation 1: 0 materials resident, tableUploaded=false, totalMs=12.65
[08:55:11] [RadSER Material Residency Upload/INFO]: [MaterialCompat] Residency updated descriptor/material-table state only; chunk rebuild skipped for generation 1
[08:55:12] [RadSER Material Residency Upload/INFO]: [MaterialCompat] Material page upload starting: 16 candidate materials, layerSize=128, pageCapacity=512, pageBudget=120, decodeThreads=4, generation=1, visibleOnly=true
[08:55:12] [RadSER Material Residency Upload/WARN]: [MaterialCompat] Material page 13 upload failed: 16 layers
[08:55:12] [RadSER Material Residency Upload/INFO]: [MaterialCompat] Material page upload: 0 materials across 0 pages, 0 deferred
[08:55:12] [RadSER Material Residency Upload/INFO]: [MaterialCompat] Runtime material residency complete for generation 1: 0 materials resident, tableUploaded=false, totalMs=15.11
[08:55:12] [RadSER Material Residency Upload/INFO]: [MaterialCompat] Residency updated descriptor/material-table state only; chunk rebuild skipped for generation 1
[08:55:12] [RadSER Material Residency Upload/INFO]: [MaterialCompat] Material page upload starting: 6 candidate materials, layerSize=128, pageCapacity=512, pageBudget=120, decodeThreads=4, generation=1, visibleOnly=true
[08:55:12] [RadSER Material Residency Upload/WARN]: [MaterialCompat] Material page 13 upload failed: 6 layers
[08:55:12] [RadSER Material Residency Upload/INFO]: [MaterialCompat] Material page upload: 0 materials across 0 pages, 0 deferred
[08:55:12] [RadSER Material Residency Upload/INFO]: [MaterialCompat] Runtime material residency complete for generation 1: 0 materials resident, tableUploaded=false, totalMs=12.65
[08:55:12] [RadSER Material Residency Upload/INFO]: [MaterialCompat] Residency updated descriptor/material-table state only; chunk rebuild skipped for generation 1
[08:55:12] [RadSER Material Residency Upload/INFO]: [MaterialCompat] Material page upload starting: 24 candidate materials, layerSize=128, pageCapacity=512, pageBudget=120, decodeThreads=4, generation=1, visibleOnly=true
[08:55:12] [RadSER Material Residency Upload/WARN]: [MaterialCompat] Material page 13 upload failed: 24 layers
[08:55:12] [RadSER Material Residency Upload/INFO]: [MaterialCompat] Material page upload: 0 materials across 0 pages, 0 deferred
[08:55:12] [RadSER Material Residency Upload/INFO]: [MaterialCompat] Runtime material residency complete for generation 1: 0 materials resident, tableUploaded=false, totalMs=16.15
[08:55:12] [RadSER Material Residency Upload/INFO]: [MaterialCompat] Residency updated descriptor/material-table state only; chunk rebuild skipped for generation 1
[08:55:12] [RadSER Material Residency Upload/INFO]: [MaterialCompat] Material page upload starting: 6 candidate materials, layerSize=128, pageCapacity=512, pageBudget=120, decodeThreads=4, generation=1, visibleOnly=true
[08:55:12] [RadSER Material Residency Upload/WARN]: [MaterialCompat] Material page 13 upload failed: 6 layers
[08:55:12] [RadSER Material Residency Upload/INFO]: [MaterialCompat] Material page upload: 0 materials across 0 pages, 0 deferred
[08:55:12] [RadSER Material Residency Upload/INFO]: [MaterialCompat] Runtime material residency complete for generation 1: 0 materials resident, tableUploaded=false, totalMs=13.73
[08:55:12] [RadSER Material Residency Upload/INFO]: [MaterialCompat] Residency updated descriptor/material-table state only; chunk rebuild skipped for generation 1
[08:55:12] [RadSER Material Residency Upload/INFO]: [MaterialCompat] Material page upload starting: 31 candidate materials, layerSize=128, pageCapacity=512, pageBudget=120, decodeThreads=4, generation=1, visibleOnly=true
[08:55:12] [RadSER Material Residency Upload/WARN]: [MaterialCompat] Material page 13 upload failed: 24 layers
[08:55:12] [RadSER Material Residency Upload/WARN]: [MaterialCompat] Material page 14 upload failed: 7 layers
[08:55:12] [RadSER Material Residency Upload/INFO]: [MaterialCompat] Material page upload: 0 materials across 0 pages, 0 deferred
[08:55:12] [RadSER Material Residency Upload/INFO]: [MaterialCompat] Runtime material residency complete for generation 1: 0 materials resident, tableUploaded=false, totalMs=27.04
[08:55:12] [RadSER Material Residency Upload/INFO]: [MaterialCompat] Residency updated descriptor/material-table state only; chunk rebuild skipped for generation 1
[08:55:12] [RadSER Material Residency Upload/INFO]: [MaterialCompat] Material page upload starting: 13 candidate materials, layerSize=128, pageCapacity=512, pageBudget=120, decodeThreads=4, generation=1, visibleOnly=true
[08:55:12] [RadSER Material Residency Upload/WARN]: [MaterialCompat] Material page 14 upload failed: 13 layers
[08:55:12] [RadSER Material Residency Upload/INFO]: [MaterialCompat] Material page upload: 0 materials across 0 pages, 0 deferred
[08:55:12] [RadSER Material Residency Upload/INFO]: [MaterialCompat] Runtime material residency complete for generation 1: 0 materials resident, tableUploaded=false, totalMs=17.93
[08:55:12] [RadSER Material Residency Upload/INFO]: [MaterialCompat] Residency updated descriptor/material-table state only; chunk rebuild skipped for generation 1
[08:55:12] [RadSER Material Residency Upload/INFO]: [MaterialCompat] Material page upload starting: 26 candidate materials, layerSize=128, pageCapacity=512, pageBudget=120, decodeThreads=4, generation=1, visibleOnly=true
[08:55:12] [RadSER Material Residency Upload/WARN]: [MaterialCompat] Material page 14 upload failed: 26 layers
[08:55:12] [RadSER Material Residency Upload/INFO]: [MaterialCompat] Material page upload: 0 materials across 0 pages, 0 deferred
[08:55:12] [RadSER Material Residency Upload/INFO]: [MaterialCompat] Runtime material residency complete for generation 1: 0 materials resident, tableUploaded=false, totalMs=20.02
[08:55:12] [RadSER Material Residency Upload/INFO]: [MaterialCompat] Residency updated descriptor/material-table state only; chunk rebuild skipped for generation 1
[08:55:12] [RadSER Material Residency Upload/INFO]: [MaterialCompat] Material page upload starting: 37 candidate materials, layerSize=128, pageCapacity=512, pageBudget=120, decodeThreads=4, generation=1, visibleOnly=true
[08:55:12] [RadSER Material Residency Upload/WARN]: [MaterialCompat] Material page 14 upload failed: 37 layers
[08:55:12] [RadSER Material Residency Upload/INFO]: [MaterialCompat] Material page upload: 0 materials across 0 pages, 0 deferred
[08:55:12] [RadSER Material Residency Upload/INFO]: [MaterialCompat] Runtime material residency complete for generation 1: 0 materials resident, tableUploaded=false, totalMs=19.48
[08:55:12] [RadSER Material Residency Upload/INFO]: [MaterialCompat] Residency updated descriptor/material-table state only; chunk rebuild skipped for generation 1
[08:55:12] [RadSER Material Residency Upload/INFO]: [MaterialCompat] Material page upload starting: 8 candidate materials, layerSize=128, pageCapacity=512, pageBudget=120, decodeThreads=4, generation=1, visibleOnly=true
[08:55:12] [RadSER Material Residency Upload/WARN]: [MaterialCompat] Material page 14 upload failed: 8 layers
[08:55:12] [RadSER Material Residency Upload/INFO]: [MaterialCompat] Material page upload: 0 materials across 0 pages, 0 deferred
[08:55:12] [RadSER Material Residency Upload/INFO]: [MaterialCompat] Runtime material residency complete for generation 1: 0 materials resident, tableUploaded=false, totalMs=14.76
[08:55:12] [RadSER Material Residency Upload/INFO]: [MaterialCompat] Residency updated descriptor/material-table state only; chunk rebuild skipped for generation 1
[08:55:12] [RadSER Material Residency Upload/INFO]: [MaterialCompat] Material page upload starting: 31 candidate materials, layerSize=128, pageCapacity=512, pageBudget=120, decodeThreads=4, generation=1, visibleOnly=true
[08:55:12] [RadSER Material Residency Upload/WARN]: [MaterialCompat] Material page 14 upload failed: 31 layers
[08:55:12] [RadSER Material Residency Upload/INFO]: [MaterialCompat] Material page upload: 0 materials across 0 pages, 0 deferred
[08:55:12] [RadSER Material Residency Upload/INFO]: [MaterialCompat] Runtime material residency complete for generation 1: 0 materials resident, tableUploaded=false, totalMs=16.55
[08:55:12] [RadSER Material Residency Upload/INFO]: [MaterialCompat] Residency updated descriptor/material-table state only; chunk rebuild skipped for generation 1
[08:55:12] [RadSER Material Residency Upload/INFO]: [MaterialCompat] Material page upload starting: 7 candidate materials, layerSize=128, pageCapacity=512, pageBudget=120, decodeThreads=4, generation=1, visibleOnly=true
[08:55:12] [RadSER Material Residency Upload/WARN]: [MaterialCompat] Material page 14 upload failed: 7 layers
[08:55:12] [RadSER Material Residency Upload/INFO]: [MaterialCompat] Material page upload: 0 materials across 0 pages, 0 deferred
[08:55:12] [RadSER Material Residency Upload/INFO]: [MaterialCompat] Runtime material residency complete for generation 1: 0 materials resident, tableUploaded=false, totalMs=13.34
[08:55:12] [RadSER Material Residency Upload/INFO]: [MaterialCompat] Residency updated descriptor/material-table state only; chunk rebuild skipped for generation 1
[08:55:12] [RadSER Material Residency Upload/INFO]: [MaterialCompat] Material page upload starting: 28 candidate materials, layerSize=128, pageCapacity=512, pageBudget=120, decodeThreads=4, generation=1, visibleOnly=true
[08:55:12] [RadSER Material Residency Upload/WARN]: [MaterialCompat] Material page 14 upload failed: 28 layers
[08:55:12] [RadSER Material Residency Upload/INFO]: [MaterialCompat] Material page upload: 0 materials across 0 pages, 0 deferred
[08:55:12] [RadSER Material Residency Upload/INFO]: [MaterialCompat] Runtime material residency complete for generation 1: 0 materials resident, tableUploaded=false, totalMs=19.35
[08:55:12] [RadSER Material Residency Upload/INFO]: [MaterialCompat] Residency updated descriptor/material-table state only; chunk rebuild skipped for generation 1
[08:55:12] [RadSER Material Residency Upload/INFO]: [MaterialCompat] Material page upload starting: 55 candidate materials, layerSize=128, pageCapacity=512, pageBudget=120, decodeThreads=4, generation=1, visibleOnly=true
[08:55:12] [RadSER Material Residency Upload/WARN]: [MaterialCompat] Material page 14 upload failed: 55 layers
[08:55:12] [RadSER Material Residency Upload/INFO]: [MaterialCompat] Material page upload: 0 materials across 0 pages, 0 deferred
[08:55:12] [RadSER Material Residency Upload/INFO]: [MaterialCompat] Runtime material residency complete for generation 1: 0 materials resident, tableUploaded=false, totalMs=20.31
[08:55:12] [RadSER Material Residency Upload/INFO]: [MaterialCompat] Residency updated descriptor/material-table state only; chunk rebuild skipped for generation 1
[08:55:12] [Render thread/INFO]: [STDOUT]: [JAVA] setupTerrain=0.01 entities=0.39 blockEntities=0.03 particles=0.00 weather=0.00 chunkRebuild=0.01 other=0.15 TOTAL=0.60 rebuildQueue=96
[08:55:12] [RadSER Material Residency Upload/INFO]: [MaterialCompat] Material page upload starting: 4 candidate materials, layerSize=128, pageCapacity=512, pageBudget=120, decodeThreads=4, generation=1, visibleOnly=true
[08:55:12] [RadSER Material Residency Upload/WARN]: [MaterialCompat] Material page 14 upload failed: 4 layers
[08:55:12] [RadSER Material Residency Upload/INFO]: [MaterialCompat] Material page upload: 0 materials across 0 pages, 0 deferred
[08:55:12] [RadSER Material Residency Upload/INFO]: [MaterialCompat] Runtime material residency complete for generation 1: 0 materials resident, tableUploaded=false, totalMs=15.46
[08:55:12] [RadSER Material Residency Upload/INFO]: [MaterialCompat] Residency updated descriptor/material-table state only; chunk rebuild skipped for generation 1
[08:55:12] [RadSER Material Residency Upload/INFO]: [MaterialCompat] Material page upload starting: 36 candidate materials, layerSize=128, pageCapacity=512, pageBudget=120, decodeThreads=4, generation=1, visibleOnly=true
[08:55:12] [RadSER Material Residency Upload/WARN]: [MaterialCompat] Material page 14 upload failed: 36 layers
[08:55:12] [RadSER Material Residency Upload/INFO]: [MaterialCompat] Material page upload: 0 materials across 0 pages, 0 deferred
[08:55:12] [RadSER Material Residency Upload/INFO]: [MaterialCompat] Runtime material residency complete for generation 1: 0 materials resident, tableUploaded=false, totalMs=18.02
[08:55:12] [RadSER Material Residency Upload/INFO]: [MaterialCompat] Residency updated descriptor/material-table state only; chunk rebuild skipped for generation 1
[08:55:12] [RadSER Material Residency Upload/INFO]: [MaterialCompat] Material page upload starting: 11 candidate materials, layerSize=128, pageCapacity=512, pageBudget=120, decodeThreads=4, generation=1, visibleOnly=true
[08:55:12] [RadSER Material Residency Upload/WARN]: [MaterialCompat] Material page 14 upload failed: 11 layers
[08:55:12] [RadSER Material Residency Upload/INFO]: [MaterialCompat] Material page upload: 0 materials across 0 pages, 0 deferred
[08:55:12] [RadSER Material Residency Upload/INFO]: [MaterialCompat] Runtime material residency complete for generation 1: 0 materials resident, tableUploaded=false, totalMs=14.81
[08:55:12] [RadSER Material Residency Upload/INFO]: [MaterialCompat] Residency updated descriptor/material-table state only; chunk rebuild skipped for generation 1
[08:55:12] [RadSER Material Residency Upload/INFO]: [MaterialCompat] Material page upload starting: 45 candidate materials, layerSize=128, pageCapacity=512, pageBudget=120, decodeThreads=4, generation=1, visibleOnly=true
[08:55:12] [RadSER Material Residency Upload/WARN]: [MaterialCompat] Material page 14 upload failed: 45 layers
[08:55:12] [RadSER Material Residency Upload/INFO]: [MaterialCompat] Material page upload: 0 materials across 0 pages, 0 deferred
[08:55:12] [RadSER Material Residency Upload/INFO]: [MaterialCompat] Runtime material residency complete for generation 1: 0 materials resident, tableUploaded=false, totalMs=19.74
[08:55:12] [RadSER Material Residency Upload/INFO]: [MaterialCompat] Residency updated descriptor/material-table state only; chunk rebuild skipped for generation 1
[08:55:12] [RadSER Material Residency Upload/INFO]: [MaterialCompat] Material page upload starting: 48 candidate materials, layerSize=128, pageCapacity=512, pageBudget=120, decodeThreads=4, generation=1, visibleOnly=true
[08:55:12] [RadSER Material Residency Upload/WARN]: [MaterialCompat] Material page 14 upload failed: 48 layers
[08:55:12] [RadSER Material Residency Upload/INFO]: [MaterialCompat] Material page upload: 0 materials across 0 pages, 0 deferred
[08:55:12] [RadSER Material Residency Upload/INFO]: [MaterialCompat] Runtime material residency complete for generation 1: 0 materials resident, tableUploaded=false, totalMs=19.35
[08:55:12] [RadSER Material Residency Upload/INFO]: [MaterialCompat] Residency updated descriptor/material-table state only; chunk rebuild skipped for generation 1
[08:55:12] [RadSER Material Residency Upload/INFO]: [MaterialCompat] Material page upload starting: 28 candidate materials, layerSize=128, pageCapacity=512, pageBudget=120, decodeThreads=4, generation=1, visibleOnly=true
[08:55:12] [RadSER Material Residency Upload/WARN]: [MaterialCompat] Material page 14 upload failed: 28 layers
[08:55:12] [RadSER Material Residency Upload/INFO]: [MaterialCompat] Material page upload: 0 materials across 0 pages, 0 deferred
[08:55:12] [RadSER Material Residency Upload/INFO]: [MaterialCompat] Runtime material residency complete for generation 1: 0 materials resident, tableUploaded=false, totalMs=16.44
[08:55:12] [RadSER Material Residency Upload/INFO]: [MaterialCompat] Residency updated descriptor/material-table state only; chunk rebuild skipped for generation 1
[08:55:12] [RadSER Material Residency Upload/INFO]: [MaterialCompat] Material page upload starting: 26 candidate materials, layerSize=128, pageCapacity=512, pageBudget=120, decodeThreads=4, generation=1, visibleOnly=true
[08:55:12] [RadSER Material Residency Upload/WARN]: [MaterialCompat] Material page 14 upload failed: 26 layers
[08:55:12] [RadSER Material Residency Upload/INFO]: [MaterialCompat] Material page upload: 0 materials across 0 pages, 0 deferred
[08:55:12] [RadSER Material Residency Upload/INFO]: [MaterialCompat] Runtime material residency complete for generation 1: 0 materials resident, tableUploaded=false, totalMs=15.76
[08:55:12] [RadSER Material Residency Upload/INFO]: [MaterialCompat] Residency updated descriptor/material-table state only; chunk rebuild skipped for generation 1
[08:55:12] [RadSER Material Residency Upload/INFO]: [MaterialCompat] Material page upload starting: 1 candidate materials, layerSize=128, pageCapacity=512, pageBudget=120, decodeThreads=4, generation=1, visibleOnly=true
[08:55:12] [RadSER Material Residency Upload/WARN]: [MaterialCompat] Material page 14 upload failed: 1 layers
[08:55:12] [RadSER Material Residency Upload/INFO]: [MaterialCompat] Material page upload: 0 materials across 0 pages, 0 deferred
[08:55:12] [RadSER Material Residency Upload/INFO]: [MaterialCompat] Runtime material residency complete for generation 1: 0 materials resident, tableUploaded=false, totalMs=13.20
[08:55:12] [RadSER Material Residency Upload/INFO]: [MaterialCompat] Residency updated descriptor/material-table state only; chunk rebuild skipped for generation 1
[08:55:12] [RadSER Material Residency Upload/INFO]: [MaterialCompat] Material page upload starting: 27 candidate materials, layerSize=128, pageCapacity=512, pageBudget=120, decodeThreads=4, generation=1, visibleOnly=true
[08:55:12] [RadSER Material Residency Upload/WARN]: [MaterialCompat] Material page 14 upload failed: 27 layers
[08:55:12] [RadSER Material Residency Upload/INFO]: [MaterialCompat] Material page upload: 0 materials across 0 pages, 0 deferred
[08:55:12] [RadSER Material Residency Upload/INFO]: [MaterialCompat] Runtime material residency complete for generation 1: 0 materials resident, tableUploaded=false, totalMs=17.18
[08:55:12] [RadSER Material Residency Upload/INFO]: [MaterialCompat] Residency updated descriptor/material-table state only; chunk rebuild skipped for generation 1
[08:55:12] [RadSER Material Residency Upload/INFO]: [MaterialCompat] Material page upload starting: 5 candidate materials, layerSize=128, pageCapacity=512, pageBudget=120, decodeThreads=4, generation=1, visibleOnly=true
[08:55:12] [RadSER Material Residency Upload/WARN]: [MaterialCompat] Material page 14 upload failed: 5 layers
[08:55:12] [RadSER Material Residency Upload/INFO]: [MaterialCompat] Material page upload: 0 materials across 0 pages, 0 deferred
[08:55:12] [RadSER Material Residency Upload/INFO]: [MaterialCompat] Runtime material residency complete for generation 1: 0 materials resident, tableUploaded=false, totalMs=15.31
[08:55:12] [RadSER Material Residency Upload/INFO]: [MaterialCompat] Residency updated descriptor/material-table state only; chunk rebuild skipped for generation 1
[08:55:12] [RadSER Material Residency Upload/INFO]: [MaterialCompat] Material page upload starting: 24 candidate materials, layerSize=128, pageCapacity=512, pageBudget=120, decodeThreads=4, generation=1, visibleOnly=true
[08:55:12] [RadSER Material Residency Upload/WARN]: [MaterialCompat] Material page 14 upload failed: 24 layers
[08:55:12] [RadSER Material Residency Upload/INFO]: [MaterialCompat] Material page upload: 0 materials across 0 pages, 0 deferred
[08:55:12] [RadSER Material Residency Upload/INFO]: [MaterialCompat] Runtime material residency complete for generation 1: 0 materials resident, tableUploaded=false, totalMs=15.70
[08:55:12] [RadSER Material Residency Upload/INFO]: [MaterialCompat] Residency updated descriptor/material-table state only; chunk rebuild skipped for generation 1
[08:55:12] [RadSER Material Residency Upload/INFO]: [MaterialCompat] Material page upload starting: 8 candidate materials, layerSize=128, pageCapacity=512, pageBudget=120, decodeThreads=4, generation=1, visibleOnly=true
[08:55:12] [RadSER Material Residency Upload/WARN]: [MaterialCompat] Material page 14 upload failed: 8 layers
[08:55:12] [RadSER Material Residency Upload/INFO]: [MaterialCompat] Material page upload: 0 materials across 0 pages, 0 deferred
[08:55:12] [RadSER Material Residency Upload/INFO]: [MaterialCompat] Runtime material residency complete for generation 1: 0 materials resident, tableUploaded=false, totalMs=13.18
[08:55:13] [RadSER Material Residency Upload/INFO]: [MaterialCompat] Residency updated descriptor/material-table state only; chunk rebuild skipped for generation 1
[08:55:13] [RadSER Material Residency Upload/INFO]: [MaterialCompat] Material page upload starting: 26 candidate materials, layerSize=128, pageCapacity=512, pageBudget=120, decodeThreads=4, generation=1, visibleOnly=true
[08:55:13] [RadSER Material Residency Upload/WARN]: [MaterialCompat] Material page 14 upload failed: 26 layers
[08:55:13] [RadSER Material Residency Upload/INFO]: [MaterialCompat] Material page upload: 0 materials across 0 pages, 0 deferred
[08:55:13] [RadSER Material Residency Upload/INFO]: [MaterialCompat] Runtime material residency complete for generation 1: 0 materials resident, tableUploaded=false, totalMs=17.57
[08:55:13] [RadSER Material Residency Upload/INFO]: [MaterialCompat] Residency updated descriptor/material-table state only; chunk rebuild skipped for generation 1
[08:55:13] [RadSER Material Residency Upload/INFO]: [MaterialCompat] Material page upload starting: 4 candidate materials, layerSize=128, pageCapacity=512, pageBudget=120, decodeThreads=4, generation=1, visibleOnly=true
[08:55:13] [RadSER Material Residency Upload/WARN]: [MaterialCompat] Material page 14 upload failed: 4 layers
[08:55:13] [RadSER Material Residency Upload/INFO]: [MaterialCompat] Material page upload: 0 materials across 0 pages, 0 deferred
[08:55:13] [RadSER Material Residency Upload/INFO]: [MaterialCompat] Runtime material residency complete for generation 1: 0 materials resident, tableUploaded=false, totalMs=12.27
[08:55:13] [RadSER Material Residency Upload/INFO]: [MaterialCompat] Residency updated descriptor/material-table state only; chunk rebuild skipped for generation 1
[08:55:13] [RadSER Material Residency Upload/INFO]: [MaterialCompat] Material page upload starting: 29 candidate materials, layerSize=128, pageCapacity=512, pageBudget=120, decodeThreads=4, generation=1, visibleOnly=true
[08:55:13] [RadSER Material Residency Upload/WARN]: [MaterialCompat] Material page 14 upload failed: 7 layers
[08:55:13] [RadSER Material Residency Upload/WARN]: [MaterialCompat] Material page 15 upload failed: 22 layers
[08:55:13] [RadSER Material Residency Upload/INFO]: [MaterialCompat] Material page upload: 0 materials across 0 pages, 0 deferred
[08:55:13] [RadSER Material Residency Upload/INFO]: [MaterialCompat] Runtime material residency complete for generation 1: 0 materials resident, tableUploaded=false, totalMs=16.65
[08:55:13] [RadSER Material Residency Upload/INFO]: [MaterialCompat] Residency updated descriptor/material-table state only; chunk rebuild skipped for generation 1
[08:55:13] [RadSER Material Residency Upload/INFO]: [MaterialCompat] Material page upload starting: 6 candidate materials, layerSize=128, pageCapacity=512, pageBudget=120, decodeThreads=4, generation=1, visibleOnly=true
[08:55:13] [RadSER Material Residency Upload/WARN]: [MaterialCompat] Material page 15 upload failed: 6 layers
[08:55:13] [RadSER Material Residency Upload/INFO]: [MaterialCompat] Material page upload: 0 materials across 0 pages, 0 deferred
[08:55:13] [RadSER Material Residency Upload/INFO]: [MaterialCompat] Runtime material residency complete for generation 1: 0 materials resident, tableUploaded=false, totalMs=11.96
[08:55:13] [RadSER Material Residency Upload/INFO]: [MaterialCompat] Residency updated descriptor/material-table state only; chunk rebuild skipped for generation 1
[08:55:13] [RadSER Material Residency Upload/INFO]: [MaterialCompat] Material page upload starting: 22 candidate materials, layerSize=128, pageCapacity=512, pageBudget=120, decodeThreads=4, generation=1, visibleOnly=true
[08:55:13] [RadSER Material Residency Upload/WARN]: [MaterialCompat] Material page 15 upload failed: 22 layers
[08:55:13] [RadSER Material Residency Upload/INFO]: [MaterialCompat] Material page upload: 0 materials across 0 pages, 0 deferred
[08:55:13] [RadSER Material Residency Upload/INFO]: [MaterialCompat] Runtime material residency complete for generation 1: 0 materials resident, tableUploaded=false, totalMs=18.45
[08:55:13] [RadSER Material Residency Upload/INFO]: [MaterialCompat] Residency updated descriptor/material-table state only; chunk rebuild skipped for generation 1
[08:55:13] [RadSER Material Residency Upload/INFO]: [MaterialCompat] Material page upload starting: 6 candidate materials, layerSize=128, pageCapacity=512, pageBudget=120, decodeThreads=4, generation=1, visibleOnly=true
[08:55:13] [RadSER Material Residency Upload/WARN]: [MaterialCompat] Material page 15 upload failed: 6 layers
[08:55:13] [RadSER Material Residency Upload/INFO]: [MaterialCompat] Material page upload: 0 materials across 0 pages, 0 deferred
[08:55:13] [RadSER Material Residency Upload/INFO]: [MaterialCompat] Runtime material residency complete for generation 1: 0 materials resident, tableUploaded=false, totalMs=13.45
[08:55:13] [RadSER Material Residency Upload/INFO]: [MaterialCompat] Residency updated descriptor/material-table state only; chunk rebuild skipped for generation 1
[08:55:13] [RadSER Material Residency Upload/INFO]: [MaterialCompat] Material page upload starting: 16 candidate materials, layerSize=128, pageCapacity=512, pageBudget=120, decodeThreads=4, generation=1, visibleOnly=true
[08:55:13] [RadSER Material Residency Upload/WARN]: [MaterialCompat] Material page 15 upload failed: 16 layers
[08:55:13] [RadSER Material Residency Upload/INFO]: [MaterialCompat] Material page upload: 0 materials across 0 pages, 0 deferred
[08:55:13] [RadSER Material Residency Upload/INFO]: [MaterialCompat] Runtime material residency complete for generation 1: 0 materials resident, tableUploaded=false, totalMs=22.10
[08:55:13] [RadSER Material Residency Upload/INFO]: [MaterialCompat] Residency updated descriptor/material-table state only; chunk rebuild skipped for generation 1
[08:55:13] [RadSER Material Residency Upload/INFO]: [MaterialCompat] Material page upload starting: 8 candidate materials, layerSize=128, pageCapacity=512, pageBudget=120, decodeThreads=4, generation=1, visibleOnly=true
[08:55:13] [RadSER Material Residency Upload/WARN]: [MaterialCompat] Material page 15 upload failed: 8 layers
[08:55:13] [RadSER Material Residency Upload/INFO]: [MaterialCompat] Material page upload: 0 materials across 0 pages, 0 deferred
[08:55:13] [RadSER Material Residency Upload/INFO]: [MaterialCompat] Runtime material residency complete for generation 1: 0 materials resident, tableUploaded=false, totalMs=15.10
[08:55:13] [RadSER Material Residency Upload/INFO]: [MaterialCompat] Residency updated descriptor/material-table state only; chunk rebuild skipped for generation 1
[08:55:13] [RadSER Material Residency Upload/INFO]: [MaterialCompat] Material page upload starting: 27 candidate materials, layerSize=128, pageCapacity=512, pageBudget=120, decodeThreads=4, generation=1, visibleOnly=true
[08:55:13] [RadSER Material Residency Upload/WARN]: [MaterialCompat] Material page 15 upload failed: 27 layers
[08:55:13] [RadSER Material Residency Upload/INFO]: [MaterialCompat] Material page upload: 0 materials across 0 pages, 0 deferred
[08:55:13] [RadSER Material Residency Upload/INFO]: [MaterialCompat] Runtime material residency complete for generation 1: 0 materials resident, tableUploaded=false, totalMs=18.83
[08:55:13] [RadSER Material Residency Upload/INFO]: [MaterialCompat] Residency updated descriptor/material-table state only; chunk rebuild skipped for generation 1
[08:55:13] [RadSER Material Residency Upload/INFO]: [MaterialCompat] Material page upload starting: 5 candidate materials, layerSize=128, pageCapacity=512, pageBudget=120, decodeThreads=4, generation=1, visibleOnly=true
[08:55:13] [RadSER Material Residency Upload/WARN]: [MaterialCompat] Material page 15 upload failed: 5 layers
[08:55:13] [RadSER Material Residency Upload/INFO]: [MaterialCompat] Material page upload: 0 materials across 0 pages, 0 deferred
[08:55:13] [RadSER Material Residency Upload/INFO]: [MaterialCompat] Runtime material residency complete for generation 1: 0 materials resident, tableUploaded=false, totalMs=23.11
[08:55:13] [Render thread/INFO]: [STDOUT]: [JAVA] setupTerrain=0.01 entities=0.41 blockEntities=0.03 particles=0.00 weather=0.00 chunkRebuild=0.01 other=0.16 TOTAL=0.63 rebuildQueue=96
[08:55:13] [RadSER Material Residency Upload/INFO]: [MaterialCompat] Residency updated descriptor/material-table state only; chunk rebuild skipped for generation 1
[08:55:13] [RadSER Material Residency Upload/INFO]: [MaterialCompat] Material page upload starting: 16 candidate materials, layerSize=128, pageCapacity=512, pageBudget=120, decodeThreads=4, generation=1, visibleOnly=true
[08:55:13] [RadSER Material Residency Upload/WARN]: [MaterialCompat] Material page 15 upload failed: 16 layers
[08:55:13] [RadSER Material Residency Upload/INFO]: [MaterialCompat] Material page upload: 0 materials across 0 pages, 0 deferred
[08:55:13] [RadSER Material Residency Upload/INFO]: [MaterialCompat] Runtime material residency complete for generation 1: 0 materials resident, tableUploaded=false, totalMs=18.19
[08:55:13] [RadSER Material Residency Upload/INFO]: [MaterialCompat] Residency updated descriptor/material-table state only; chunk rebuild skipped for generation 1
[08:55:13] [RadSER Material Residency Upload/INFO]: [MaterialCompat] Material page upload starting: 4 candidate materials, layerSize=128, pageCapacity=512, pageBudget=120, decodeThreads=4, generation=1, visibleOnly=true
[08:55:13] [RadSER Material Residency Upload/WARN]: [MaterialCompat] Material page 15 upload failed: 4 layers
[08:55:13] [RadSER Material Residency Upload/INFO]: [MaterialCompat] Material page upload: 0 materials across 0 pages, 0 deferred
[08:55:13] [RadSER Material Residency Upload/INFO]: [MaterialCompat] Runtime material residency complete for generation 1: 0 materials resident, tableUploaded=false, totalMs=18.21
[08:55:13] [RadSER Material Residency Upload/INFO]: [MaterialCompat] Residency updated descriptor/material-table state only; chunk rebuild skipped for generation 1
[08:55:13] [RadSER Material Residency Upload/INFO]: [MaterialCompat] Material page upload starting: 6 candidate materials, layerSize=128, pageCapacity=512, pageBudget=120, decodeThreads=4, generation=1, visibleOnly=true
[08:55:13] [RadSER Material Residency Upload/WARN]: [MaterialCompat] Material page 15 upload failed: 6 layers
[08:55:13] [RadSER Material Residency Upload/INFO]: [MaterialCompat] Material page upload: 0 materials across 0 pages, 0 deferred
[08:55:13] [Render thread/INFO]: [System] [CHAT] Radiance: Runtime snapshot saved (runtime_snapshot_latest.txt)
[08:55:13] [RadSER Material Residency Upload/INFO]: [MaterialCompat] Runtime material residency complete for generation 1: 0 materials resident, tableUploaded=false, totalMs=21.56
[08:55:13] [RadSER Material Residency Upload/INFO]: [MaterialCompat] Residency updated descriptor/material-table state only; chunk rebuild skipped for generation 1
[08:55:13] [Render thread/INFO]: [STDOUT]: [DebugBridge] SPIKE 78.2ms (avg 10.4ms, 7.5x)
[08:55:13] [RadSER Material Residency Upload/INFO]: [MaterialCompat] Material page upload starting: 10 candidate materials, layerSize=128, pageCapacity=512, pageBudget=120, decodeThreads=4, generation=1, visibleOnly=true
[08:55:13] [RadSER Material Residency Upload/WARN]: [MaterialCompat] Material page 15 upload failed: 10 layers
[08:55:13] [RadSER Material Residency Upload/INFO]: [MaterialCompat] Material page upload: 0 materials across 0 pages, 0 deferred
[08:55:13] [RadSER Material Residency Upload/INFO]: [MaterialCompat] Runtime material residency complete for generation 1: 0 materials resident, tableUploaded=false, totalMs=17.49
[08:55:13] [RadSER Material Residency Upload/INFO]: [MaterialCompat] Residency updated descriptor/material-table state only; chunk rebuild skipped for generation 1
[08:55:13] [RadSER Material Residency Upload/INFO]: [MaterialCompat] Material page upload starting: 20 candidate materials, layerSize=128, pageCapacity=512, pageBudget=120, decodeThreads=4, generation=1, visibleOnly=true
[08:55:13] [RadSER Material Residency Upload/WARN]: [MaterialCompat] Material page 15 upload failed: 20 layers
[08:55:13] [RadSER Material Residency Upload/INFO]: [MaterialCompat] Material page upload: 0 materials across 0 pages, 0 deferred
[08:55:13] [RadSER Material Residency Upload/INFO]: [MaterialCompat] Runtime material residency complete for generation 1: 0 materials resident, tableUploaded=false, totalMs=17.13
[08:55:13] [RadSER Material Residency Upload/INFO]: [MaterialCompat] Residency updated descriptor/material-table state only; chunk rebuild skipped for generation 1
[08:55:13] [RadSER Material Residency Upload/INFO]: [MaterialCompat] Material page upload starting: 6 candidate materials, layerSize=128, pageCapacity=512, pageBudget=120, decodeThreads=4, generation=1, visibleOnly=true
[08:55:13] [RadSER Material Residency Upload/WARN]: [MaterialCompat] Material page 15 upload failed: 6 layers
[08:55:13] [RadSER Material Residency Upload/INFO]: [MaterialCompat] Material page upload: 0 materials across 0 pages, 0 deferred
[08:55:13] [RadSER Material Residency Upload/INFO]: [MaterialCompat] Runtime material residency complete for generation 1: 0 materials resident, tableUploaded=false, totalMs=15.20
[08:55:13] [RadSER Material Residency Upload/INFO]: [MaterialCompat] Residency updated descriptor/material-table state only; chunk rebuild skipped for generation 1
[08:55:13] [RadSER Material Residency Upload/INFO]: [MaterialCompat] Material page upload starting: 28 candidate materials, layerSize=128, pageCapacity=512, pageBudget=120, decodeThreads=4, generation=1, visibleOnly=true
[08:55:13] [RadSER Material Residency Upload/WARN]: [MaterialCompat] Material page 15 upload failed: 28 layers
[08:55:13] [RadSER Material Residency Upload/INFO]: [MaterialCompat] Material page upload: 0 materials across 0 pages, 0 deferred
[08:55:13] [RadSER Material Residency Upload/INFO]: [MaterialCompat] Runtime material residency complete for generation 1: 0 materials resident, tableUploaded=false, totalMs=14.90
[08:55:13] [RadSER Material Residency Upload/INFO]: [MaterialCompat] Residency updated descriptor/material-table state only; chunk rebuild skipped for generation 1
[08:55:13] [RadSER Material Residency Upload/INFO]: [MaterialCompat] Material page upload starting: 7 candidate materials, layerSize=128, pageCapacity=512, pageBudget=120, decodeThreads=4, generation=1, visibleOnly=true
[08:55:13] [RadSER Material Residency Upload/WARN]: [MaterialCompat] Material page 15 upload failed: 7 layers
[08:55:13] [RadSER Material Residency Upload/INFO]: [MaterialCompat] Material page upload: 0 materials across 0 pages, 0 deferred
[08:55:13] [RadSER Material Residency Upload/INFO]: [MaterialCompat] Runtime material residency complete for generation 1: 0 materials resident, tableUploaded=false, totalMs=12.59
[08:55:13] [RadSER Material Residency Upload/INFO]: [MaterialCompat] Residency updated descriptor/material-table state only; chunk rebuild skipped for generation 1
[08:55:13] [RadSER Material Residency Upload/INFO]: [MaterialCompat] Material page upload starting: 24 candidate materials, layerSize=128, pageCapacity=512, pageBudget=120, decodeThreads=4, generation=1, visibleOnly=true
[08:55:13] [RadSER Material Residency Upload/WARN]: [MaterialCompat] Material page 15 upload failed: 24 layers
[08:55:13] [RadSER Material Residency Upload/INFO]: [MaterialCompat] Material page upload: 0 materials across 0 pages, 0 deferred
[08:55:13] [RadSER Material Residency Upload/INFO]: [MaterialCompat] Runtime material residency complete for generation 1: 0 materials resident, tableUploaded=false, totalMs=16.10
[08:55:13] [RadSER Material Residency Upload/INFO]: [MaterialCompat] Residency updated descriptor/material-table state only; chunk rebuild skipped for generation 1
[08:55:13] [RadSER Material Residency Upload/INFO]: [MaterialCompat] Material page upload starting: 11 candidate materials, layerSize=128, pageCapacity=512, pageBudget=120, decodeThreads=4, generation=1, visibleOnly=true
[08:55:13] [RadSER Material Residency Upload/WARN]: [MaterialCompat] Material page 15 upload failed: 11 layers
[08:55:13] [RadSER Material Residency Upload/INFO]: [MaterialCompat] Material page upload: 0 materials across 0 pages, 0 deferred
[08:55:13] [RadSER Material Residency Upload/INFO]: [MaterialCompat] Runtime material residency complete for generation 1: 0 materials resident, tableUploaded=false, totalMs=14.30
[08:55:13] [RadSER Material Residency Upload/INFO]: [MaterialCompat] Residency updated descriptor/material-table state only; chunk rebuild skipped for generation 1
[08:55:13] [RadSER Material Residency Upload/INFO]: [MaterialCompat] Material page upload starting: 22 candidate materials, layerSize=128, pageCapacity=512, pageBudget=120, decodeThreads=4, generation=1, visibleOnly=true
[08:55:13] [RadSER Material Residency Upload/WARN]: [MaterialCompat] Material page 15 upload failed: 22 layers
[08:55:13] [RadSER Material Residency Upload/INFO]: [MaterialCompat] Material page upload: 0 materials across 0 pages, 0 deferred
[08:55:13] [RadSER Material Residency Upload/INFO]: [MaterialCompat] Runtime material residency complete for generation 1: 0 materials resident, tableUploaded=false, totalMs=16.47
[08:55:13] [RadSER Material Residency Upload/INFO]: [MaterialCompat] Residency updated descriptor/material-table state only; chunk rebuild skipped for generation 1
[08:55:13] [RadSER Material Residency Upload/INFO]: [MaterialCompat] Material page upload starting: 12 candidate materials, layerSize=128, pageCapacity=512, pageBudget=120, decodeThreads=4, generation=1, visibleOnly=true
[08:55:13] [RadSER Material Residency Upload/WARN]: [MaterialCompat] Material page 15 upload failed: 12 layers
[08:55:13] [RadSER Material Residency Upload/INFO]: [MaterialCompat] Material page upload: 0 materials across 0 pages, 0 deferred
[08:55:13] [RadSER Material Residency Upload/INFO]: [MaterialCompat] Runtime material residency complete for generation 1: 0 materials resident, tableUploaded=false, totalMs=13.95
[08:55:13] [RadSER Material Residency Upload/INFO]: [MaterialCompat] Residency updated descriptor/material-table state only; chunk rebuild skipped for generation 1
[08:55:13] [RadSER Material Residency Upload/INFO]: [MaterialCompat] Material page upload starting: 19 candidate materials, layerSize=128, pageCapacity=512, pageBudget=120, decodeThreads=4, generation=1, visibleOnly=true
[08:55:13] [RadSER Material Residency Upload/WARN]: [MaterialCompat] Material page 15 upload failed: 19 layers
[08:55:13] [RadSER Material Residency Upload/INFO]: [MaterialCompat] Material page upload: 0 materials across 0 pages, 0 deferred
[08:55:13] [RadSER Material Residency Upload/INFO]: [MaterialCompat] Runtime material residency complete for generation 1: 0 materials resident, tableUploaded=false, totalMs=14.78
[08:55:13] [RadSER Material Residency Upload/INFO]: [MaterialCompat] Residency updated descriptor/material-table state only; chunk rebuild skipped for generation 1
[08:55:13] [RadSER Material Residency Upload/INFO]: [MaterialCompat] Material page upload starting: 8 candidate materials, layerSize=128, pageCapacity=512, pageBudget=120, decodeThreads=4, generation=1, visibleOnly=true
[08:55:13] [RadSER Material Residency Upload/WARN]: [MaterialCompat] Material page 15 upload failed: 8 layers
[08:55:13] [RadSER Material Residency Upload/INFO]: [MaterialCompat] Material page upload: 0 materials across 0 pages, 0 deferred
[08:55:13] [RadSER Material Residency Upload/INFO]: [MaterialCompat] Runtime material residency complete for generation 1: 0 materials resident, tableUploaded=false, totalMs=11.96
[08:55:13] [RadSER Material Residency Upload/INFO]: [MaterialCompat] Residency updated descriptor/material-table state only; chunk rebuild skipped for generation 1
[08:55:13] [RadSER Material Residency Upload/INFO]: [MaterialCompat] Material page upload starting: 26 candidate materials, layerSize=128, pageCapacity=512, pageBudget=120, decodeThreads=4, generation=1, visibleOnly=true
[08:55:13] [RadSER Material Residency Upload/WARN]: [MaterialCompat] Material page 15 upload failed: 26 layers
[08:55:13] [RadSER Material Residency Upload/INFO]: [MaterialCompat] Material page upload: 0 materials across 0 pages, 0 deferred
[08:55:13] [RadSER Material Residency Upload/INFO]: [MaterialCompat] Runtime material residency complete for generation 1: 0 materials resident, tableUploaded=false, totalMs=15.53
[08:55:13] [RadSER Material Residency Upload/INFO]: [MaterialCompat] Residency updated descriptor/material-table state only; chunk rebuild skipped for generation 1
[08:55:13] [RadSER Material Residency Upload/INFO]: [MaterialCompat] Material page upload starting: 5 candidate materials, layerSize=128, pageCapacity=512, pageBudget=120, decodeThreads=4, generation=1, visibleOnly=true
[08:55:13] [RadSER Material Residency Upload/WARN]: [MaterialCompat] Material page 15 upload failed: 5 layers
[08:55:13] [RadSER Material Residency Upload/INFO]: [MaterialCompat] Material page upload: 0 materials across 0 pages, 0 deferred
[08:55:13] [RadSER Material Residency Upload/INFO]: [MaterialCompat] Runtime material residency complete for generation 1: 0 materials resident, tableUploaded=false, totalMs=12.64
[08:55:13] [RadSER Material Residency Upload/INFO]: [MaterialCompat] Residency updated descriptor/material-table state only; chunk rebuild skipped for generation 1
[08:55:13] [RadSER Material Residency Upload/INFO]: [MaterialCompat] Material page upload starting: 32 candidate materials, layerSize=128, pageCapacity=512, pageBudget=120, decodeThreads=4, generation=1, visibleOnly=true
[08:55:13] [RadSER Material Residency Upload/WARN]: [MaterialCompat] Material page 15 upload failed: 32 layers
[08:55:13] [RadSER Material Residency Upload/INFO]: [MaterialCompat] Material page upload: 0 materials across 0 pages, 0 deferred
[08:55:13] [RadSER Material Residency Upload/INFO]: [MaterialCompat] Runtime material residency complete for generation 1: 0 materials resident, tableUploaded=false, totalMs=16.45
[08:55:13] [RadSER Material Residency Upload/INFO]: [MaterialCompat] Residency updated descriptor/material-table state only; chunk rebuild skipped for generation 1
[08:55:13] [RadSER Material Residency Upload/INFO]: [MaterialCompat] Material page upload starting: 16 candidate materials, layerSize=128, pageCapacity=512, pageBudget=120, decodeThreads=4, generation=1, visibleOnly=true
[08:55:13] [RadSER Material Residency Upload/WARN]: [MaterialCompat] Material page 15 upload failed: 16 layers
[08:55:13] [RadSER Material Residency Upload/INFO]: [MaterialCompat] Material page upload: 0 materials across 0 pages, 0 deferred
[08:55:13] [RadSER Material Residency Upload/INFO]: [MaterialCompat] Runtime material residency complete for generation 1: 0 materials resident, tableUploaded=false, totalMs=14.67
[08:55:13] [RadSER Material Residency Upload/INFO]: [MaterialCompat] Residency updated descriptor/material-table state only; chunk rebuild skipped for generation 1
[08:55:14] [RadSER Material Residency Upload/INFO]: [MaterialCompat] Material page upload starting: 36 candidate materials, layerSize=128, pageCapacity=512, pageBudget=120, decodeThreads=4, generation=1, visibleOnly=true
[08:55:14] [RadSER Material Residency Upload/WARN]: [MaterialCompat] Material page 15 upload failed: 36 layers
[08:55:14] [RadSER Material Residency Upload/INFO]: [MaterialCompat] Material page upload: 0 materials across 0 pages, 0 deferred
[08:55:14] [RadSER Material Residency Upload/INFO]: [MaterialCompat] Runtime material residency complete for generation 1: 0 materials resident, tableUploaded=false, totalMs=19.31
[08:55:14] [RadSER Material Residency Upload/INFO]: [MaterialCompat] Residency updated descriptor/material-table state only; chunk rebuild skipped for generation 1
[08:55:14] [RadSER Material Residency Upload/INFO]: [MaterialCompat] Material page upload starting: 10 candidate materials, layerSize=128, pageCapacity=512, pageBudget=120, decodeThreads=4, generation=1, visibleOnly=true
[08:55:14] [RadSER Material Residency Upload/WARN]: [MaterialCompat] Material page 15 upload failed: 10 layers
[08:55:14] [RadSER Material Residency Upload/INFO]: [MaterialCompat] Material page upload: 0 materials across 0 pages, 0 deferred
[08:55:14] [RadSER Material Residency Upload/INFO]: [MaterialCompat] Runtime material residency complete for generation 1: 0 materials resident, tableUploaded=false, totalMs=16.22
[08:55:14] [RadSER Material Residency Upload/INFO]: [MaterialCompat] Residency updated descriptor/material-table state only; chunk rebuild skipped for generation 1
[08:55:14] [RadSER Material Residency Upload/INFO]: [MaterialCompat] Material page upload starting: 41 candidate materials, layerSize=128, pageCapacity=512, pageBudget=120, decodeThreads=4, generation=1, visibleOnly=true
[08:55:14] [RadSER Material Residency Upload/WARN]: [MaterialCompat] Material page 15 upload failed: 41 layers
[08:55:14] [RadSER Material Residency Upload/INFO]: [MaterialCompat] Material page upload: 0 materials across 0 pages, 0 deferred
[08:55:14] [RadSER Material Residency Upload/INFO]: [MaterialCompat] Runtime material residency complete for generation 1: 0 materials resident, tableUploaded=false, totalMs=18.16
[08:55:14] [RadSER Material Residency Upload/INFO]: [MaterialCompat] Residency updated descriptor/material-table state only; chunk rebuild skipped for generation 1
[08:55:14] [RadSER Material Residency Upload/INFO]: [MaterialCompat] Material page upload starting: 41 candidate materials, layerSize=128, pageCapacity=512, pageBudget=120, decodeThreads=4, generation=1, visibleOnly=true
[08:55:14] [RadSER Material Residency Upload/WARN]: [MaterialCompat] Material page 15 upload failed: 41 layers
[08:55:14] [RadSER Material Residency Upload/INFO]: [MaterialCompat] Material page upload: 0 materials across 0 pages, 0 deferred
[08:55:14] [RadSER Material Residency Upload/INFO]: [MaterialCompat] Runtime material residency complete for generation 1: 0 materials resident, tableUploaded=false, totalMs=20.67
[08:55:14] [RadSER Material Residency Upload/INFO]: [MaterialCompat] Residency updated descriptor/material-table state only; chunk rebuild skipped for generation 1
[08:55:14] [RadSER Material Residency Upload/INFO]: [MaterialCompat] Material page upload starting: 4 candidate materials, layerSize=128, pageCapacity=512, pageBudget=120, decodeThreads=4, generation=1, visibleOnly=true
[08:55:14] [RadSER Material Residency Upload/WARN]: [MaterialCompat] Material page 16 upload failed: 4 layers
[08:55:14] [RadSER Material Residency Upload/INFO]: [MaterialCompat] Material page upload: 0 materials across 0 pages, 0 deferred
[08:55:14] [RadSER Material Residency Upload/INFO]: [MaterialCompat] Runtime material residency complete for generation 1: 0 materials resident, tableUploaded=false, totalMs=15.16
[08:55:14] [RadSER Material Residency Upload/INFO]: [MaterialCompat] Residency updated descriptor/material-table state only; chunk rebuild skipped for generation 1
[08:55:14] [RadSER Material Residency Upload/INFO]: [MaterialCompat] Material page upload starting: 33 candidate materials, layerSize=128, pageCapacity=512, pageBudget=120, decodeThreads=4, generation=1, visibleOnly=true
[08:55:14] [RadSER Material Residency Upload/WARN]: [MaterialCompat] Material page 16 upload failed: 33 layers
[08:55:14] [RadSER Material Residency Upload/INFO]: [MaterialCompat] Material page upload: 0 materials across 0 pages, 0 deferred
[08:55:14] [RadSER Material Residency Upload/INFO]: [MaterialCompat] Runtime material residency complete for generation 1: 0 materials resident, tableUploaded=false, totalMs=17.81
[08:55:14] [RadSER Material Residency Upload/INFO]: [MaterialCompat] Residency updated descriptor/material-table state only; chunk rebuild skipped for generation 1
[08:55:14] [RadSER Material Residency Upload/INFO]: [MaterialCompat] Material page upload starting: 36 candidate materials, layerSize=128, pageCapacity=512, pageBudget=120, decodeThreads=4, generation=1, visibleOnly=true
[08:55:14] [RadSER Material Residency Upload/WARN]: [MaterialCompat] Material page 16 upload failed: 36 layers
[08:55:14] [RadSER Material Residency Upload/INFO]: [MaterialCompat] Material page upload: 0 materials across 0 pages, 0 deferred
[08:55:14] [RadSER Material Residency Upload/INFO]: [MaterialCompat] Runtime material residency complete for generation 1: 0 materials resident, tableUploaded=false, totalMs=18.49
[08:55:14] [RadSER Material Residency Upload/INFO]: [MaterialCompat] Residency updated descriptor/material-table state only; chunk rebuild skipped for generation 1
[08:55:14] [RadSER Material Residency Upload/INFO]: [MaterialCompat] Material page upload starting: 28 candidate materials, layerSize=128, pageCapacity=512, pageBudget=120, decodeThreads=4, generation=1, visibleOnly=true
[08:55:14] [RadSER Material Residency Upload/WARN]: [MaterialCompat] Material page 16 upload failed: 28 layers
[08:55:14] [RadSER Material Residency Upload/INFO]: [MaterialCompat] Material page upload: 0 materials across 0 pages, 0 deferred
[08:55:14] [RadSER Material Residency Upload/INFO]: [MaterialCompat] Runtime material residency complete for generation 1: 0 materials resident, tableUploaded=false, totalMs=24.22
[08:55:14] [RadSER Material Residency Upload/INFO]: [MaterialCompat] Residency updated descriptor/material-table state only; chunk rebuild skipped for generation 1
[08:55:14] [Render thread/INFO]: [STDOUT]: [JAVA] setupTerrain=0.01 entities=0.44 blockEntities=0.03 particles=0.00 weather=0.00 chunkRebuild=0.01 other=0.18 TOTAL=0.68 rebuildQueue=96
[08:55:14] [RadSER Material Residency Upload/INFO]: [MaterialCompat] Material page upload starting: 12 candidate materials, layerSize=128, pageCapacity=512, pageBudget=120, decodeThreads=4, generation=1, visibleOnly=true
[08:55:14] [RadSER Material Residency Upload/WARN]: [MaterialCompat] Material page 16 upload failed: 12 layers
[08:55:14] [RadSER Material Residency Upload/INFO]: [MaterialCompat] Material page upload: 0 materials across 0 pages, 0 deferred
[08:55:14] [RadSER Material Residency Upload/INFO]: [MaterialCompat] Runtime material residency complete for generation 1: 0 materials resident, tableUploaded=false, totalMs=15.98
[08:55:14] [RadSER Material Residency Upload/INFO]: [MaterialCompat] Residency updated descriptor/material-table state only; chunk rebuild skipped for generation 1
[08:55:14] [RadSER Material Residency Upload/INFO]: [MaterialCompat] Material page upload starting: 27 candidate materials, layerSize=128, pageCapacity=512, pageBudget=120, decodeThreads=4, generation=1, visibleOnly=true
[08:55:14] [RadSER Material Residency Upload/WARN]: [MaterialCompat] Material page 16 upload failed: 27 layers
[08:55:14] [RadSER Material Residency Upload/INFO]: [MaterialCompat] Material page upload: 0 materials across 0 pages, 0 deferred
[08:55:14] [RadSER Material Residency Upload/INFO]: [MaterialCompat] Runtime material residency complete for generation 1: 0 materials resident, tableUploaded=false, totalMs=21.62
[08:55:14] [RadSER Material Residency Upload/INFO]: [MaterialCompat] Residency updated descriptor/material-table state only; chunk rebuild skipped for generation 1
[08:55:14] [RadSER Material Residency Upload/INFO]: [MaterialCompat] Material page upload starting: 12 candidate materials, layerSize=128, pageCapacity=512, pageBudget=120, decodeThreads=4, generation=1, visibleOnly=true
[08:55:14] [RadSER Material Residency Upload/WARN]: [MaterialCompat] Material page 16 upload failed: 12 layers
[08:55:14] [RadSER Material Residency Upload/INFO]: [MaterialCompat] Material page upload: 0 materials across 0 pages, 0 deferred
[08:55:14] [RadSER Material Residency Upload/INFO]: [MaterialCompat] Runtime material residency complete for generation 1: 0 materials resident, tableUploaded=false, totalMs=19.36
[08:55:14] [RadSER Material Residency Upload/INFO]: [MaterialCompat] Residency updated descriptor/material-table state only; chunk rebuild skipped for generation 1
[08:55:14] [RadSER Material Residency Upload/INFO]: [MaterialCompat] Material page upload starting: 24 candidate materials, layerSize=128, pageCapacity=512, pageBudget=120, decodeThreads=4, generation=1, visibleOnly=true
[08:55:14] [RadSER Material Residency Upload/WARN]: [MaterialCompat] Material page 16 upload failed: 24 layers
[08:55:14] [RadSER Material Residency Upload/INFO]: [MaterialCompat] Material page upload: 0 materials across 0 pages, 0 deferred
[08:55:14] [RadSER Material Residency Upload/INFO]: [MaterialCompat] Runtime material residency complete for generation 1: 0 materials resident, tableUploaded=false, totalMs=20.12
[08:55:14] [RadSER Material Residency Upload/INFO]: [MaterialCompat] Residency updated descriptor/material-table state only; chunk rebuild skipped for generation 1
[08:55:14] [RadSER Material Residency Upload/INFO]: [MaterialCompat] Material page upload starting: 27 candidate materials, layerSize=128, pageCapacity=512, pageBudget=120, decodeThreads=4, generation=1, visibleOnly=true
[08:55:14] [RadSER Material Residency Upload/WARN]: [MaterialCompat] Material page 16 upload failed: 27 layers
[08:55:14] [RadSER Material Residency Upload/INFO]: [MaterialCompat] Material page upload: 0 materials across 0 pages, 0 deferred
[08:55:14] [RadSER Material Residency Upload/INFO]: [MaterialCompat] Runtime material residency complete for generation 1: 0 materials resident, tableUploaded=false, totalMs=17.09
[08:55:14] [RadSER Material Residency Upload/INFO]: [MaterialCompat] Residency updated descriptor/material-table state only; chunk rebuild skipped for generation 1
[08:55:14] [RadSER Material Residency Upload/INFO]: [MaterialCompat] Material page upload starting: 28 candidate materials, layerSize=128, pageCapacity=512, pageBudget=120, decodeThreads=4, generation=1, visibleOnly=true
[08:55:14] [RadSER Material Residency Upload/WARN]: [MaterialCompat] Material page 16 upload failed: 28 layers
[08:55:14] [RadSER Material Residency Upload/INFO]: [MaterialCompat] Material page upload: 0 materials across 0 pages, 0 deferred
[08:55:14] [RadSER Material Residency Upload/INFO]: [MaterialCompat] Runtime material residency complete for generation 1: 0 materials resident, tableUploaded=false, totalMs=15.85
[08:55:14] [RadSER Material Residency Upload/INFO]: [MaterialCompat] Residency updated descriptor/material-table state only; chunk rebuild skipped for generation 1
[08:55:14] [RadSER Material Residency Upload/INFO]: [MaterialCompat] Material page upload starting: 8 candidate materials, layerSize=128, pageCapacity=512, pageBudget=120, decodeThreads=4, generation=1, visibleOnly=true
[08:55:14] [RadSER Material Residency Upload/WARN]: [MaterialCompat] Material page 16 upload failed: 8 layers
[08:55:14] [RadSER Material Residency Upload/INFO]: [MaterialCompat] Material page upload: 0 materials across 0 pages, 0 deferred
[08:55:14] [RadSER Material Residency Upload/INFO]: [MaterialCompat] Runtime material residency complete for generation 1: 0 materials resident, tableUploaded=false, totalMs=13.39
[08:55:14] [RadSER Material Residency Upload/INFO]: [MaterialCompat] Residency updated descriptor/material-table state only; chunk rebuild skipped for generation 1
[08:55:14] [RadSER Material Residency Upload/INFO]: [MaterialCompat] Material page upload starting: 36 candidate materials, layerSize=128, pageCapacity=512, pageBudget=120, decodeThreads=4, generation=1, visibleOnly=true
[08:55:14] [RadSER Material Residency Upload/WARN]: [MaterialCompat] Material page 16 upload failed: 36 layers
[08:55:14] [RadSER Material Residency Upload/INFO]: [MaterialCompat] Material page upload: 0 materials across 0 pages, 0 deferred
[08:55:14] [RadSER Material Residency Upload/INFO]: [MaterialCompat] Runtime material residency complete for generation 1: 0 materials resident, tableUploaded=false, totalMs=17.66
[08:55:14] [RadSER Material Residency Upload/INFO]: [MaterialCompat] Residency updated descriptor/material-table state only; chunk rebuild skipped for generation 1
[08:55:14] [RadSER Material Residency Upload/INFO]: [MaterialCompat] Material page upload starting: 41 candidate materials, layerSize=128, pageCapacity=512, pageBudget=120, decodeThreads=4, generation=1, visibleOnly=true
[08:55:14] [RadSER Material Residency Upload/WARN]: [MaterialCompat] Material page 16 upload failed: 41 layers
[08:55:14] [RadSER Material Residency Upload/INFO]: [MaterialCompat] Material page upload: 0 materials across 0 pages, 0 deferred
[08:55:14] [RadSER Material Residency Upload/INFO]: [MaterialCompat] Runtime material residency complete for generation 1: 0 materials resident, tableUploaded=false, totalMs=17.41
[08:55:14] [RadSER Material Residency Upload/INFO]: [MaterialCompat] Residency updated descriptor/material-table state only; chunk rebuild skipped for generation 1
[08:55:14] [RadSER Material Residency Upload/INFO]: [MaterialCompat] Material page upload starting: 39 candidate materials, layerSize=128, pageCapacity=512, pageBudget=120, decodeThreads=4, generation=1, visibleOnly=true
[08:55:14] [RadSER Material Residency Upload/WARN]: [MaterialCompat] Material page 16 upload failed: 39 layers
[08:55:14] [RadSER Material Residency Upload/INFO]: [MaterialCompat] Material page upload: 0 materials across 0 pages, 0 deferred
[08:55:14] [RadSER Material Residency Upload/INFO]: [MaterialCompat] Runtime material residency complete for generation 1: 0 materials resident, tableUploaded=false, totalMs=19.42
[08:55:14] [RadSER Material Residency Upload/INFO]: [MaterialCompat] Residency updated descriptor/material-table state only; chunk rebuild skipped for generation 1
[08:55:14] [RadSER Material Residency Upload/INFO]: [MaterialCompat] Material page upload starting: 14 candidate materials, layerSize=128, pageCapacity=512, pageBudget=120, decodeThreads=4, generation=1, visibleOnly=true
[08:55:14] [RadSER Material Residency Upload/WARN]: [MaterialCompat] Material page 16 upload failed: 14 layers
[08:55:14] [RadSER Material Residency Upload/INFO]: [MaterialCompat] Material page upload: 0 materials across 0 pages, 0 deferred
[08:55:14] [RadSER Material Residency Upload/INFO]: [MaterialCompat] Runtime material residency complete for generation 1: 0 materials resident, tableUploaded=false, totalMs=15.92
[08:55:14] [RadSER Material Residency Upload/INFO]: [MaterialCompat] Residency updated descriptor/material-table state only; chunk rebuild skipped for generation 1
[08:55:14] [RadSER Material Residency Upload/INFO]: [MaterialCompat] Material page upload starting: 42 candidate materials, layerSize=128, pageCapacity=512, pageBudget=120, decodeThreads=4, generation=1, visibleOnly=true
[08:55:14] [RadSER Material Residency Upload/WARN]: [MaterialCompat] Material page 16 upload failed: 42 layers
[08:55:14] [RadSER Material Residency Upload/INFO]: [MaterialCompat] Material page upload: 0 materials across 0 pages, 0 deferred
[08:55:14] [RadSER Material Residency Upload/INFO]: [MaterialCompat] Runtime material residency complete for generation 1: 0 materials resident, tableUploaded=false, totalMs=17.84
[08:55:14] [RadSER Material Residency Upload/INFO]: [MaterialCompat] Residency updated descriptor/material-table state only; chunk rebuild skipped for generation 1
[08:55:14] [RadSER Material Residency Upload/INFO]: [MaterialCompat] Material page upload starting: 11 candidate materials, layerSize=128, pageCapacity=512, pageBudget=120, decodeThreads=4, generation=1, visibleOnly=true
[08:55:14] [RadSER Material Residency Upload/WARN]: [MaterialCompat] Material page 16 upload failed: 11 layers
[08:55:14] [RadSER Material Residency Upload/INFO]: [MaterialCompat] Material page upload: 0 materials across 0 pages, 0 deferred
[08:55:14] [RadSER Material Residency Upload/INFO]: [MaterialCompat] Runtime material residency complete for generation 1: 0 materials resident, tableUploaded=false, totalMs=13.67
[08:55:14] [RadSER Material Residency Upload/INFO]: [MaterialCompat] Residency updated descriptor/material-table state only; chunk rebuild skipped for generation 1
[08:55:14] [RadSER Material Residency Upload/INFO]: [MaterialCompat] Material page upload starting: 46 candidate materials, layerSize=128, pageCapacity=512, pageBudget=120, decodeThreads=4, generation=1, visibleOnly=true
[08:55:14] [RadSER Material Residency Upload/WARN]: [MaterialCompat] Material page 16 upload failed: 46 layers
[08:55:14] [RadSER Material Residency Upload/INFO]: [MaterialCompat] Material page upload: 0 materials across 0 pages, 0 deferred
[08:55:14] [RadSER Material Residency Upload/INFO]: [MaterialCompat] Runtime material residency complete for generation 1: 0 materials resident, tableUploaded=false, totalMs=18.09
[08:55:14] [RadSER Material Residency Upload/INFO]: [MaterialCompat] Residency updated descriptor/material-table state only; chunk rebuild skipped for generation 1
[08:55:14] [RadSER Material Residency Upload/INFO]: [MaterialCompat] Material page upload starting: 39 candidate materials, layerSize=128, pageCapacity=512, pageBudget=120, decodeThreads=4, generation=1, visibleOnly=true
[08:55:14] [RadSER Material Residency Upload/WARN]: [MaterialCompat] Material page 16 upload failed: 39 layers
[08:55:14] [RadSER Material Residency Upload/INFO]: [MaterialCompat] Material page upload: 0 materials across 0 pages, 0 deferred
[08:55:14] [RadSER Material Residency Upload/INFO]: [MaterialCompat] Runtime material residency complete for generation 1: 0 materials resident, tableUploaded=false, totalMs=15.72
[08:55:14] [RadSER Material Residency Upload/INFO]: [MaterialCompat] Residency updated descriptor/material-table state only; chunk rebuild skipped for generation 1
[08:55:15] [RadSER Material Residency Upload/INFO]: [MaterialCompat] Material page upload starting: 21 candidate materials, layerSize=128, pageCapacity=512, pageBudget=120, decodeThreads=4, generation=1, visibleOnly=true
[08:55:15] [RadSER Material Residency Upload/WARN]: [MaterialCompat] Material page 16 upload failed: 5 layers
[08:55:15] [RadSER Material Residency Upload/WARN]: [MaterialCompat] Material page 17 upload failed: 16 layers
[08:55:15] [RadSER Material Residency Upload/INFO]: [MaterialCompat] Material page upload: 0 materials across 0 pages, 0 deferred
[08:55:15] [RadSER Material Residency Upload/INFO]: [MaterialCompat] Runtime material residency complete for generation 1: 0 materials resident, tableUploaded=false, totalMs=16.56
[08:55:15] [RadSER Material Residency Upload/INFO]: [MaterialCompat] Residency updated descriptor/material-table state only; chunk rebuild skipped for generation 1
[08:55:15] [RadSER Material Residency Upload/INFO]: [MaterialCompat] Material page upload starting: 25 candidate materials, layerSize=128, pageCapacity=512, pageBudget=120, decodeThreads=4, generation=1, visibleOnly=true
[08:55:15] [RadSER Material Residency Upload/WARN]: [MaterialCompat] Material page 17 upload failed: 25 layers
[08:55:15] [RadSER Material Residency Upload/INFO]: [MaterialCompat] Material page upload: 0 materials across 0 pages, 0 deferred
[08:55:15] [RadSER Material Residency Upload/INFO]: [MaterialCompat] Runtime material residency complete for generation 1: 0 materials resident, tableUploaded=false, totalMs=16.69
[08:55:15] [RadSER Material Residency Upload/INFO]: [MaterialCompat] Residency updated descriptor/material-table state only; chunk rebuild skipped for generation 1
[08:55:15] [RadSER Material Residency Upload/INFO]: [MaterialCompat] Material page upload starting: 8 candidate materials, layerSize=128, pageCapacity=512, pageBudget=120, decodeThreads=4, generation=1, visibleOnly=true
[08:55:15] [RadSER Material Residency Upload/WARN]: [MaterialCompat] Material page 17 upload failed: 8 layers
[08:55:15] [RadSER Material Residency Upload/INFO]: [MaterialCompat] Material page upload: 0 materials across 0 pages, 0 deferred
[08:55:15] [RadSER Material Residency Upload/INFO]: [MaterialCompat] Runtime material residency complete for generation 1: 0 materials resident, tableUploaded=false, totalMs=14.03
[08:55:15] [RadSER Material Residency Upload/INFO]: [MaterialCompat] Residency updated descriptor/material-table state only; chunk rebuild skipped for generation 1
[08:55:15] [RadSER Material Residency Upload/INFO]: [MaterialCompat] Material page upload starting: 20 candidate materials, layerSize=128, pageCapacity=512, pageBudget=120, decodeThreads=4, generation=1, visibleOnly=true
[08:55:15] [RadSER Material Residency Upload/WARN]: [MaterialCompat] Material page 17 upload failed: 20 layers
[08:55:15] [RadSER Material Residency Upload/INFO]: [MaterialCompat] Material page upload: 0 materials across 0 pages, 0 deferred
[08:55:15] [RadSER Material Residency Upload/INFO]: [MaterialCompat] Runtime material residency complete for generation 1: 0 materials resident, tableUploaded=false, totalMs=15.32
[08:55:15] [RadSER Material Residency Upload/INFO]: [MaterialCompat] Residency updated descriptor/material-table state only; chunk rebuild skipped for generation 1
[08:55:15] [Render thread/INFO]: [STDOUT]: [JAVA] setupTerrain=0.01 entities=0.41 blockEntities=0.03 particles=0.00 weather=0.00 chunkRebuild=0.01 other=0.17 TOTAL=0.63 rebuildQueue=96
[08:55:15] [RadSER Material Residency Upload/INFO]: [MaterialCompat] Material page upload starting: 12 candidate materials, layerSize=128, pageCapacity=512, pageBudget=120, decodeThreads=4, generation=1, visibleOnly=true
[08:55:15] [RadSER Material Residency Upload/WARN]: [MaterialCompat] Material page 17 upload failed: 12 layers
[08:55:15] [RadSER Material Residency Upload/INFO]: [MaterialCompat] Material page upload: 0 materials across 0 pages, 0 deferred
[08:55:15] [RadSER Material Residency Upload/INFO]: [MaterialCompat] Runtime material residency complete for generation 1: 0 materials resident, tableUploaded=false, totalMs=14.84
[08:55:15] [RadSER Material Residency Upload/INFO]: [MaterialCompat] Residency updated descriptor/material-table state only; chunk rebuild skipped for generation 1
[08:55:15] [RadSER Material Residency Upload/INFO]: [MaterialCompat] Material page upload starting: 13 candidate materials, layerSize=128, pageCapacity=512, pageBudget=120, decodeThreads=4, generation=1, visibleOnly=true
[08:55:15] [RadSER Material Residency Upload/WARN]: [MaterialCompat] Material page 17 upload failed: 13 layers
[08:55:15] [RadSER Material Residency Upload/INFO]: [MaterialCompat] Material page upload: 0 materials across 0 pages, 0 deferred
[08:55:15] [RadSER Material Residency Upload/INFO]: [MaterialCompat] Runtime material residency complete for generation 1: 0 materials resident, tableUploaded=false, totalMs=16.42
[08:55:15] [RadSER Material Residency Upload/INFO]: [MaterialCompat] Residency updated descriptor/material-table state only; chunk rebuild skipped for generation 1
[08:55:15] [RadSER Material Residency Upload/INFO]: [MaterialCompat] Material page upload starting: 6 candidate materials, layerSize=128, pageCapacity=512, pageBudget=120, decodeThreads=4, generation=1, visibleOnly=true
[08:55:15] [RadSER Material Residency Upload/WARN]: [MaterialCompat] Material page 17 upload failed: 6 layers
[08:55:15] [RadSER Material Residency Upload/INFO]: [MaterialCompat] Material page upload: 0 materials across 0 pages, 0 deferred
[08:55:15] [RadSER Material Residency Upload/INFO]: [MaterialCompat] Runtime material residency complete for generation 1: 0 materials resident, tableUploaded=false, totalMs=13.87
[08:55:15] [RadSER Material Residency Upload/INFO]: [MaterialCompat] Residency updated descriptor/material-table state only; chunk rebuild skipped for generation 1
[08:55:15] [RadSER Material Residency Upload/INFO]: [MaterialCompat] Material page upload starting: 5 candidate materials, layerSize=128, pageCapacity=512, pageBudget=120, decodeThreads=4, generation=1, visibleOnly=true
[08:55:15] [RadSER Material Residency Upload/WARN]: [MaterialCompat] Material page 17 upload failed: 5 layers
[08:55:15] [RadSER Material Residency Upload/INFO]: [MaterialCompat] Material page upload: 0 materials across 0 pages, 0 deferred
[08:55:15] [RadSER Material Residency Upload/INFO]: [MaterialCompat] Runtime material residency complete for generation 1: 0 materials resident, tableUploaded=false, totalMs=14.37
[08:55:15] [RadSER Material Residency Upload/INFO]: [MaterialCompat] Residency updated descriptor/material-table state only; chunk rebuild skipped for generation 1
[08:55:15] [RadSER Material Residency Upload/INFO]: [MaterialCompat] Material page upload starting: 5 candidate materials, layerSize=128, pageCapacity=512, pageBudget=120, decodeThreads=4, generation=1, visibleOnly=true
[08:55:15] [RadSER Material Residency Upload/WARN]: [MaterialCompat] Material page 17 upload failed: 5 layers
[08:55:15] [RadSER Material Residency Upload/INFO]: [MaterialCompat] Material page upload: 0 materials across 0 pages, 0 deferred
[08:55:15] [RadSER Material Residency Upload/INFO]: [MaterialCompat] Runtime material residency complete for generation 1: 0 materials resident, tableUploaded=false, totalMs=20.07
[08:55:15] [RadSER Material Residency Upload/INFO]: [MaterialCompat] Residency updated descriptor/material-table state only; chunk rebuild skipped for generation 1
[08:55:15] [RadSER Material Residency Upload/INFO]: [MaterialCompat] Material page upload starting: 10 candidate materials, layerSize=128, pageCapacity=512, pageBudget=120, decodeThreads=4, generation=1, visibleOnly=true
[08:55:15] [RadSER Material Residency Upload/WARN]: [MaterialCompat] Material page 17 upload failed: 10 layers
[08:55:15] [RadSER Material Residency Upload/INFO]: [MaterialCompat] Material page upload: 0 materials across 0 pages, 0 deferred
[08:55:15] [RadSER Material Residency Upload/INFO]: [MaterialCompat] Runtime material residency complete for generation 1: 0 materials resident, tableUploaded=false, totalMs=14.88
[08:55:15] [RadSER Material Residency Upload/INFO]: [MaterialCompat] Residency updated descriptor/material-table state only; chunk rebuild skipped for generation 1
[08:55:15] [Render thread/INFO]: [DebugInspect] Captured target report at minecraft:tall_grass at 713, 105, 250
[08:55:15] [Render thread/INFO]: [System] [CHAT] Radiance: Writing debug bundle
[08:55:15] [Render thread/INFO]: [STDOUT]: [DebugBridge] SPIKE 37.4ms (avg 8.3ms, 4.5x)
[08:55:15] [RadSER Material Residency Upload/INFO]: [MaterialCompat] Material page upload starting: 27 candidate materials, layerSize=128, pageCapacity=512, pageBudget=120, decodeThreads=4, generation=1, visibleOnly=true
[08:55:15] [RadSER Material Residency Upload/WARN]: [MaterialCompat] Material page 17 upload failed: 27 layers
[08:55:15] [RadSER Material Residency Upload/INFO]: [MaterialCompat] Material page upload: 0 materials across 0 pages, 0 deferred
[08:55:15] [RadSER Material Residency Upload/INFO]: [MaterialCompat] Runtime material residency complete for generation 1: 0 materials resident, tableUploaded=false, totalMs=21.05
[08:55:15] [RadSER Material Residency Upload/INFO]: [MaterialCompat] Residency updated descriptor/material-table state only; chunk rebuild skipped for generation 1
[08:55:15] [RadSER Material Residency Upload/INFO]: [MaterialCompat] Material page upload starting: 12 candidate materials, layerSize=128, pageCapacity=512, pageBudget=120, decodeThreads=4, generation=1, visibleOnly=true
[08:55:15] [RadSER Material Residency Upload/WARN]: [MaterialCompat] Material page 17 upload failed: 12 layers
[08:55:15] [RadSER Material Residency Upload/INFO]: [MaterialCompat] Material page upload: 0 materials across 0 pages, 0 deferred
[08:55:15] [RadSER Material Residency Upload/INFO]: [MaterialCompat] Runtime material residency complete for generation 1: 0 materials resident, tableUploaded=false, totalMs=17.63
[08:55:15] [RadSER Material Residency Upload/INFO]: [MaterialCompat] Residency updated descriptor/material-table state only; chunk rebuild skipped for generation 1
[08:55:15] [Render thread/INFO]: [System] [CHAT] Radiance: Debug bundle saved: debug_bundle_latest.zip
[08:55:15] [RadSER Material Residency Upload/INFO]: [MaterialCompat] Material page upload starting: 14 candidate materials, layerSize=128, pageCapacity=512, pageBudget=120, decodeThreads=4, generation=1, visibleOnly=true
[08:55:15] [RadSER Material Residency Upload/WARN]: [MaterialCompat] Material page 17 upload failed: 14 layers
[08:55:15] [RadSER Material Residency Upload/INFO]: [MaterialCompat] Material page upload: 0 materials across 0 pages, 0 deferred
[08:55:15] [RadSER Material Residency Upload/INFO]: [MaterialCompat] Runtime material residency complete for generation 1: 0 materials resident, tableUploaded=false, totalMs=16.05
[08:55:15] [RadSER Material Residency Upload/INFO]: [MaterialCompat] Residency updated descriptor/material-table state only; chunk rebuild skipped for generation 1
[08:55:15] [RadSER Material Residency Upload/INFO]: [MaterialCompat] Material page upload starting: 15 candidate materials, layerSize=128, pageCapacity=512, pageBudget=120, decodeThreads=4, generation=1, visibleOnly=true
[08:55:15] [RadSER Material Residency Upload/WARN]: [MaterialCompat] Material page 17 upload failed: 15 layers
[08:55:15] [RadSER Material Residency Upload/INFO]: [MaterialCompat] Material page upload: 0 materials across 0 pages, 0 deferred
[08:55:15] [RadSER Material Residency Upload/INFO]: [MaterialCompat] Runtime material residency complete for generation 1: 0 materials resident, tableUploaded=false, totalMs=15.43
[08:55:15] [RadSER Material Residency Upload/INFO]: [MaterialCompat] Residency updated descriptor/material-table state only; chunk rebuild skipped for generation 1
[08:55:15] [RadSER Material Residency Upload/INFO]: [MaterialCompat] Material page upload starting: 8 candidate materials, layerSize=128, pageCapacity=512, pageBudget=120, decodeThreads=4, generation=1, visibleOnly=true
[08:55:15] [RadSER Material Residency Upload/WARN]: [MaterialCompat] Material page 17 upload failed: 8 layers
[08:55:15] [RadSER Material Residency Upload/INFO]: [MaterialCompat] Material page upload: 0 materials across 0 pages, 0 deferred
[08:55:15] [RadSER Material Residency Upload/INFO]: [MaterialCompat] Runtime material residency complete for generation 1: 0 materials resident, tableUploaded=false, totalMs=14.93
[08:55:15] [RadSER Material Residency Upload/INFO]: [MaterialCompat] Residency updated descriptor/material-table state only; chunk rebuild skipped for generation 1
[08:55:15] [RadSER Material Residency Upload/INFO]: [MaterialCompat] Material page upload starting: 8 candidate materials, layerSize=128, pageCapacity=512, pageBudget=120, decodeThreads=4, generation=1, visibleOnly=true
[08:55:15] [RadSER Material Residency Upload/WARN]: [MaterialCompat] Material page 17 upload failed: 8 layers
[08:55:15] [RadSER Material Residency Upload/INFO]: [MaterialCompat] Material page upload: 0 materials across 0 pages, 0 deferred
[08:55:15] [RadSER Material Residency Upload/INFO]: [MaterialCompat] Runtime material residency complete for generation 1: 0 materials resident, tableUploaded=false, totalMs=15.16
[08:55:15] [RadSER Material Residency Upload/INFO]: [MaterialCompat] Residency updated descriptor/material-table state only; chunk rebuild skipped for generation 1
[08:55:15] [RadSER Material Residency Upload/INFO]: [MaterialCompat] Material page upload starting: 20 candidate materials, layerSize=128, pageCapacity=512, pageBudget=120, decodeThreads=4, generation=1, visibleOnly=true
[08:55:15] [RadSER Material Residency Upload/WARN]: [MaterialCompat] Material page 17 upload failed: 20 layers
[08:55:15] [RadSER Material Residency Upload/INFO]: [MaterialCompat] Material page upload: 0 materials across 0 pages, 0 deferred
[08:55:15] [RadSER Material Residency Upload/INFO]: [MaterialCompat] Runtime material residency complete for generation 1: 0 materials resident, tableUploaded=false, totalMs=17.00
[08:55:15] [RadSER Material Residency Upload/INFO]: [MaterialCompat] Residency updated descriptor/material-table state only; chunk rebuild skipped for generation 1
[08:55:15] [RadSER Material Residency Upload/INFO]: [MaterialCompat] Material page upload starting: 10 candidate materials, layerSize=128, pageCapacity=512, pageBudget=120, decodeThreads=4, generation=1, visibleOnly=true
[08:55:15] [RadSER Material Residency Upload/WARN]: [MaterialCompat] Material page 17 upload failed: 10 layers
[08:55:15] [RadSER Material Residency Upload/INFO]: [MaterialCompat] Material page upload: 0 materials across 0 pages, 0 deferred
[08:55:15] [RadSER Material Residency Upload/INFO]: [MaterialCompat] Runtime material residency complete for generation 1: 0 materials resident, tableUploaded=false, totalMs=13.41
[08:55:15] [RadSER Material Residency Upload/INFO]: [MaterialCompat] Residency updated descriptor/material-table state only; chunk rebuild skipped for generation 1
[08:55:15] [RadSER Material Residency Upload/INFO]: [MaterialCompat] Material page upload starting: 35 candidate materials, layerSize=128, pageCapacity=512, pageBudget=120, decodeThreads=4, generation=1, visibleOnly=true
[08:55:15] [RadSER Material Residency Upload/WARN]: [MaterialCompat] Material page 17 upload failed: 35 layers
[08:55:15] [RadSER Material Residency Upload/INFO]: [MaterialCompat] Material page upload: 0 materials across 0 pages, 0 deferred
[08:55:15] [RadSER Material Residency Upload/INFO]: [MaterialCompat] Runtime material residency complete for generation 1: 0 materials resident, tableUploaded=false, totalMs=17.77
[08:55:15] [RadSER Material Residency Upload/INFO]: [MaterialCompat] Residency updated descriptor/material-table state only; chunk rebuild skipped for generation 1
[08:55:15] [RadSER Material Residency Upload/INFO]: [MaterialCompat] Material page upload starting: 4 candidate materials, layerSize=128, pageCapacity=512, pageBudget=120, decodeThreads=4, generation=1, visibleOnly=true
[08:55:15] [RadSER Material Residency Upload/WARN]: [MaterialCompat] Material page 17 upload failed: 4 layers
[08:55:15] [RadSER Material Residency Upload/INFO]: [MaterialCompat] Material page upload: 0 materials across 0 pages, 0 deferred
[08:55:15] [RadSER Material Residency Upload/INFO]: [MaterialCompat] Runtime material residency complete for generation 1: 0 materials resident, tableUploaded=false, totalMs=13.67
[08:55:15] [RadSER Material Residency Upload/INFO]: [MaterialCompat] Residency updated descriptor/material-table state only; chunk rebuild skipped for generation 1
[08:55:15] [RadSER Material Residency Upload/INFO]: [MaterialCompat] Material page upload starting: 40 candidate materials, layerSize=128, pageCapacity=512, pageBudget=120, decodeThreads=4, generation=1, visibleOnly=true
[08:55:15] [RadSER Material Residency Upload/WARN]: [MaterialCompat] Material page 17 upload failed: 40 layers
[08:55:15] [RadSER Material Residency Upload/INFO]: [MaterialCompat] Material page upload: 0 materials across 0 pages, 0 deferred
[08:55:15] [RadSER Material Residency Upload/INFO]: [MaterialCompat] Runtime material residency complete for generation 1: 0 materials resident, tableUploaded=false, totalMs=16.51
[08:55:15] [RadSER Material Residency Upload/INFO]: [MaterialCompat] Residency updated descriptor/material-table state only; chunk rebuild skipped for generation 1
[08:55:16] [Render thread/INFO]: [STDOUT]: [JAVA] setupTerrain=0.01 entities=0.43 blockEntities=0.03 particles=0.00 weather=0.00 chunkRebuild=0.01 other=0.17 TOTAL=0.66 rebuildQueue=96
[08:55:16] [RadSER Material Residency Upload/INFO]: [MaterialCompat] Material page upload starting: 35 candidate materials, layerSize=128, pageCapacity=512, pageBudget=120, decodeThreads=4, generation=1, visibleOnly=true
[08:55:16] [RadSER Material Residency Upload/WARN]: [MaterialCompat] Material page 17 upload failed: 35 layers
[08:55:16] [RadSER Material Residency Upload/INFO]: [MaterialCompat] Material page upload: 0 materials across 0 pages, 0 deferred
[08:55:16] [RadSER Material Residency Upload/INFO]: [MaterialCompat] Runtime material residency complete for generation 1: 0 materials resident, tableUploaded=false, totalMs=19.06
[08:55:16] [RadSER Material Residency Upload/INFO]: [MaterialCompat] Residency updated descriptor/material-table state only; chunk rebuild skipped for generation 1
[08:55:16] [RadSER Material Residency Upload/INFO]: [MaterialCompat] Material page upload starting: 11 candidate materials, layerSize=128, pageCapacity=512, pageBudget=120, decodeThreads=4, generation=1, visibleOnly=true
[08:55:16] [RadSER Material Residency Upload/WARN]: [MaterialCompat] Material page 17 upload failed: 11 layers
[08:55:16] [RadSER Material Residency Upload/INFO]: [MaterialCompat] Material page upload: 0 materials across 0 pages, 0 deferred
[08:55:16] [RadSER Material Residency Upload/INFO]: [MaterialCompat] Runtime material residency complete for generation 1: 0 materials resident, tableUploaded=false, totalMs=14.04
[08:55:16] [RadSER Material Residency Upload/INFO]: [MaterialCompat] Residency updated descriptor/material-table state only; chunk rebuild skipped for generation 1
[08:55:16] [RadSER Material Residency Upload/INFO]: [MaterialCompat] Material page upload starting: 33 candidate materials, layerSize=128, pageCapacity=512, pageBudget=120, decodeThreads=4, generation=1, visibleOnly=true
[08:55:16] [RadSER Material Residency Upload/WARN]: [MaterialCompat] Material page 17 upload failed: 33 layers
[08:55:16] [RadSER Material Residency Upload/INFO]: [MaterialCompat] Material page upload: 0 materials across 0 pages, 0 deferred
[08:55:16] [RadSER Material Residency Upload/INFO]: [MaterialCompat] Runtime material residency complete for generation 1: 0 materials resident, tableUploaded=false, totalMs=20.68
[08:55:16] [RadSER Material Residency Upload/INFO]: [MaterialCompat] Residency updated descriptor/material-table state only; chunk rebuild skipped for generation 1
[08:55:16] [RadSER Material Residency Upload/INFO]: [MaterialCompat] Material page upload starting: 6 candidate materials, layerSize=128, pageCapacity=512, pageBudget=120, decodeThreads=4, generation=1, visibleOnly=true
[08:55:16] [RadSER Material Residency Upload/WARN]: [MaterialCompat] Material page 17 upload failed: 6 layers
[08:55:16] [RadSER Material Residency Upload/INFO]: [MaterialCompat] Material page upload: 0 materials across 0 pages, 0 deferred
[08:55:16] [RadSER Material Residency Upload/INFO]: [MaterialCompat] Runtime material residency complete for generation 1: 0 materials resident, tableUploaded=false, totalMs=15.04
[08:55:16] [RadSER Material Residency Upload/INFO]: [MaterialCompat] Residency updated descriptor/material-table state only; chunk rebuild skipped for generation 1
[08:55:16] [RadSER Material Residency Upload/INFO]: [MaterialCompat] Material page upload starting: 32 candidate materials, layerSize=128, pageCapacity=512, pageBudget=120, decodeThreads=4, generation=1, visibleOnly=true
[08:55:16] [RadSER Material Residency Upload/WARN]: [MaterialCompat] Material page 17 upload failed: 32 layers
[08:55:16] [RadSER Material Residency Upload/INFO]: [MaterialCompat] Material page upload: 0 materials across 0 pages, 0 deferred
[08:55:16] [RadSER Material Residency Upload/INFO]: [MaterialCompat] Runtime material residency complete for generation 1: 0 materials resident, tableUploaded=false, totalMs=18.70
[08:55:16] [RadSER Material Residency Upload/INFO]: [MaterialCompat] Residency updated descriptor/material-table state only; chunk rebuild skipped for generation 1
[08:55:16] [RadSER Material Residency Upload/INFO]: [MaterialCompat] Material page upload starting: 12 candidate materials, layerSize=128, pageCapacity=512, pageBudget=120, decodeThreads=4, generation=1, visibleOnly=true
[08:55:16] [RadSER Material Residency Upload/WARN]: [MaterialCompat] Material page 17 upload failed: 12 layers
[08:55:16] [RadSER Material Residency Upload/INFO]: [MaterialCompat] Material page upload: 0 materials across 0 pages, 0 deferred
[08:55:16] [RadSER Material Residency Upload/INFO]: [MaterialCompat] Runtime material residency complete for generation 1: 0 materials resident, tableUploaded=false, totalMs=14.20
[08:55:16] [RadSER Material Residency Upload/INFO]: [MaterialCompat] Residency updated descriptor/material-table state only; chunk rebuild skipped for generation 1
[08:55:16] [RadSER Material Residency Upload/INFO]: [MaterialCompat] Material page upload starting: 44 candidate materials, layerSize=128, pageCapacity=512, pageBudget=120, decodeThreads=4, generation=1, visibleOnly=true
[08:55:16] [RadSER Material Residency Upload/WARN]: [MaterialCompat] Material page 17 upload failed: 44 layers
[08:55:16] [RadSER Material Residency Upload/INFO]: [MaterialCompat] Material page upload: 0 materials across 0 pages, 0 deferred
[08:55:16] [RadSER Material Residency Upload/INFO]: [MaterialCompat] Runtime material residency complete for generation 1: 0 materials resident, tableUploaded=false, totalMs=19.50
[08:55:16] [RadSER Material Residency Upload/INFO]: [MaterialCompat] Residency updated descriptor/material-table state only; chunk rebuild skipped for generation 1
[08:55:16] [RadSER Material Residency Upload/INFO]: [MaterialCompat] Material page upload starting: 41 candidate materials, layerSize=128, pageCapacity=512, pageBudget=120, decodeThreads=4, generation=1, visibleOnly=true
[08:55:16] [RadSER Material Residency Upload/WARN]: [MaterialCompat] Material page 17 upload failed: 26 layers
[08:55:16] [RadSER Material Residency Upload/WARN]: [MaterialCompat] Material page 18 upload failed: 15 layers
[08:55:16] [RadSER Material Residency Upload/INFO]: [MaterialCompat] Material page upload: 0 materials across 0 pages, 0 deferred
[08:55:16] [RadSER Material Residency Upload/INFO]: [MaterialCompat] Runtime material residency complete for generation 1: 0 materials resident, tableUploaded=false, totalMs=24.18
[08:55:16] [RadSER Material Residency Upload/INFO]: [MaterialCompat] Residency updated descriptor/material-table state only; chunk rebuild skipped for generation 1
[08:55:16] [RadSER Material Residency Upload/INFO]: [MaterialCompat] Material page upload starting: 12 candidate materials, layerSize=128, pageCapacity=512, pageBudget=120, decodeThreads=4, generation=1, visibleOnly=true
[08:55:16] [RadSER Material Residency Upload/WARN]: [MaterialCompat] Material page 18 upload failed: 12 layers
[08:55:16] [RadSER Material Residency Upload/INFO]: [MaterialCompat] Material page upload: 0 materials across 0 pages, 0 deferred
[08:55:16] [RadSER Material Residency Upload/INFO]: [MaterialCompat] Runtime material residency complete for generation 1: 0 materials resident, tableUploaded=false, totalMs=15.08
[08:55:16] [RadSER Material Residency Upload/INFO]: [MaterialCompat] Residency updated descriptor/material-table state only; chunk rebuild skipped for generation 1
[08:55:16] [RadSER Material Residency Upload/INFO]: [MaterialCompat] Material page upload starting: 37 candidate materials, layerSize=128, pageCapacity=512, pageBudget=120, decodeThreads=4, generation=1, visibleOnly=true
[08:55:16] [RadSER Material Residency Upload/WARN]: [MaterialCompat] Material page 18 upload failed: 37 layers
[08:55:16] [RadSER Material Residency Upload/INFO]: [MaterialCompat] Material page upload: 0 materials across 0 pages, 0 deferred
[08:55:16] [RadSER Material Residency Upload/INFO]: [MaterialCompat] Runtime material residency complete for generation 1: 0 materials resident, tableUploaded=false, totalMs=18.72
[08:55:16] [RadSER Material Residency Upload/INFO]: [MaterialCompat] Residency updated descriptor/material-table state only; chunk rebuild skipped for generation 1
[08:55:16] [RadSER Material Residency Upload/INFO]: [MaterialCompat] Material page upload starting: 8 candidate materials, layerSize=128, pageCapacity=512, pageBudget=120, decodeThreads=4, generation=1, visibleOnly=true
[08:55:16] [RadSER Material Residency Upload/WARN]: [MaterialCompat] Material page 18 upload failed: 8 layers
[08:55:16] [RadSER Material Residency Upload/INFO]: [MaterialCompat] Material page upload: 0 materials across 0 pages, 0 deferred
[08:55:16] [RadSER Material Residency Upload/INFO]: [MaterialCompat] Runtime material residency complete for generation 1: 0 materials resident, tableUploaded=false, totalMs=16.15
[08:55:16] [RadSER Material Residency Upload/INFO]: [MaterialCompat] Residency updated descriptor/material-table state only; chunk rebuild skipped for generation 1
[08:55:16] [RadSER Material Residency Upload/INFO]: [MaterialCompat] Material page upload starting: 38 candidate materials, layerSize=128, pageCapacity=512, pageBudget=120, decodeThreads=4, generation=1, visibleOnly=true
[08:55:16] [RadSER Material Residency Upload/WARN]: [MaterialCompat] Material page 18 upload failed: 38 layers
[08:55:16] [RadSER Material Residency Upload/INFO]: [MaterialCompat] Material page upload: 0 materials across 0 pages, 0 deferred
[08:55:16] [RadSER Material Residency Upload/INFO]: [MaterialCompat] Runtime material residency complete for generation 1: 0 materials resident, tableUploaded=false, totalMs=19.18
[08:55:16] [RadSER Material Residency Upload/INFO]: [MaterialCompat] Residency updated descriptor/material-table state only; chunk rebuild skipped for generation 1
[08:55:16] [RadSER Material Residency Upload/INFO]: [MaterialCompat] Material page upload starting: 30 candidate materials, layerSize=128, pageCapacity=512, pageBudget=120, decodeThreads=4, generation=1, visibleOnly=true
[08:55:16] [RadSER Material Residency Upload/WARN]: [MaterialCompat] Material page 18 upload failed: 30 layers
[08:55:16] [RadSER Material Residency Upload/INFO]: [MaterialCompat] Material page upload: 0 materials across 0 pages, 0 deferred
[08:55:16] [RadSER Material Residency Upload/INFO]: [MaterialCompat] Runtime material residency complete for generation 1: 0 materials resident, tableUploaded=false, totalMs=19.15
[08:55:16] [RadSER Material Residency Upload/INFO]: [MaterialCompat] Residency updated descriptor/material-table state only; chunk rebuild skipped for generation 1
[08:55:16] [RadSER Material Residency Upload/INFO]: [MaterialCompat] Material page upload starting: 30 candidate materials, layerSize=128, pageCapacity=512, pageBudget=120, decodeThreads=4, generation=1, visibleOnly=true
[08:55:16] [RadSER Material Residency Upload/WARN]: [MaterialCompat] Material page 18 upload failed: 30 layers
[08:55:16] [RadSER Material Residency Upload/INFO]: [MaterialCompat] Material page upload: 0 materials across 0 pages, 0 deferred
[08:55:16] [RadSER Material Residency Upload/INFO]: [MaterialCompat] Runtime material residency complete for generation 1: 0 materials resident, tableUploaded=false, totalMs=18.63
[08:55:16] [RadSER Material Residency Upload/INFO]: [MaterialCompat] Residency updated descriptor/material-table state only; chunk rebuild skipped for generation 1
[08:55:16] [RadSER Material Residency Upload/INFO]: [MaterialCompat] Material page upload starting: 6 candidate materials, layerSize=128, pageCapacity=512, pageBudget=120, decodeThreads=4, generation=1, visibleOnly=true
[08:55:16] [RadSER Material Residency Upload/WARN]: [MaterialCompat] Material page 18 upload failed: 6 layers
[08:55:16] [RadSER Material Residency Upload/INFO]: [MaterialCompat] Material page upload: 0 materials across 0 pages, 0 deferred
[08:55:16] [RadSER Material Residency Upload/INFO]: [MaterialCompat] Runtime material residency complete for generation 1: 0 materials resident, tableUploaded=false, totalMs=15.26
[08:55:16] [RadSER Material Residency Upload/INFO]: [MaterialCompat] Residency updated descriptor/material-table state only; chunk rebuild skipped for generation 1
[08:55:16] [RadSER Material Residency Upload/INFO]: [MaterialCompat] Material page upload starting: 30 candidate materials, layerSize=128, pageCapacity=512, pageBudget=120, decodeThreads=4, generation=1, visibleOnly=true
[08:55:16] [RadSER Material Residency Upload/WARN]: [MaterialCompat] Material page 18 upload failed: 30 layers
[08:55:16] [RadSER Material Residency Upload/INFO]: [MaterialCompat] Material page upload: 0 materials across 0 pages, 0 deferred
[08:55:16] [RadSER Material Residency Upload/INFO]: [MaterialCompat] Runtime material residency complete for generation 1: 0 materials resident, tableUploaded=false, totalMs=21.00
[08:55:16] [RadSER Material Residency Upload/INFO]: [MaterialCompat] Residency updated descriptor/material-table state only; chunk rebuild skipped for generation 1
[08:55:16] [RadSER Material Residency Upload/INFO]: [MaterialCompat] Material page upload starting: 34 candidate materials, layerSize=128, pageCapacity=512, pageBudget=120, decodeThreads=4, generation=1, visibleOnly=true
[08:55:16] [RadSER Material Residency Upload/WARN]: [MaterialCompat] Material page 18 upload failed: 34 layers
[08:55:16] [RadSER Material Residency Upload/INFO]: [MaterialCompat] Material page upload: 0 materials across 0 pages, 0 deferred
[08:55:16] [RadSER Material Residency Upload/INFO]: [MaterialCompat] Runtime material residency complete for generation 1: 0 materials resident, tableUploaded=false, totalMs=19.67
[08:55:16] [RadSER Material Residency Upload/INFO]: [MaterialCompat] Residency updated descriptor/material-table state only; chunk rebuild skipped for generation 1
[08:55:16] [RadSER Material Residency Upload/INFO]: [MaterialCompat] Material page upload starting: 40 candidate materials, layerSize=128, pageCapacity=512, pageBudget=120, decodeThreads=4, generation=1, visibleOnly=true
[08:55:16] [RadSER Material Residency Upload/WARN]: [MaterialCompat] Material page 18 upload failed: 40 layers
[08:55:16] [RadSER Material Residency Upload/INFO]: [MaterialCompat] Material page upload: 0 materials across 0 pages, 0 deferred
[08:55:16] [RadSER Material Residency Upload/INFO]: [MaterialCompat] Runtime material residency complete for generation 1: 0 materials resident, tableUploaded=false, totalMs=17.09
[08:55:16] [RadSER Material Residency Upload/INFO]: [MaterialCompat] Residency updated descriptor/material-table state only; chunk rebuild skipped for generation 1
[08:55:16] [RadSER Material Residency Upload/INFO]: [MaterialCompat] Material page upload starting: 6 candidate materials, layerSize=128, pageCapacity=512, pageBudget=120, decodeThreads=4, generation=1, visibleOnly=true
[08:55:16] [RadSER Material Residency Upload/WARN]: [MaterialCompat] Material page 18 upload failed: 6 layers
[08:55:16] [RadSER Material Residency Upload/INFO]: [MaterialCompat] Material page upload: 0 materials across 0 pages, 0 deferred
[08:55:16] [RadSER Material Residency Upload/INFO]: [MaterialCompat] Runtime material residency complete for generation 1: 0 materials resident, tableUploaded=false, totalMs=13.95
[08:55:16] [RadSER Material Residency Upload/INFO]: [MaterialCompat] Residency updated descriptor/material-table state only; chunk rebuild skipped for generation 1
[08:55:16] [RadSER Material Residency Upload/INFO]: [MaterialCompat] Material page upload starting: 27 candidate materials, layerSize=128, pageCapacity=512, pageBudget=120, decodeThreads=4, generation=1, visibleOnly=true
[08:55:16] [RadSER Material Residency Upload/WARN]: [MaterialCompat] Material page 18 upload failed: 27 layers
[08:55:16] [RadSER Material Residency Upload/INFO]: [MaterialCompat] Material page upload: 0 materials across 0 pages, 0 deferred
[08:55:16] [RadSER Material Residency Upload/INFO]: [MaterialCompat] Runtime material residency complete for generation 1: 0 materials resident, tableUploaded=false, totalMs=16.65
[08:55:16] [RadSER Material Residency Upload/INFO]: [MaterialCompat] Residency updated descriptor/material-table state only; chunk rebuild skipped for generation 1
[08:55:16] [Render thread/INFO]: [STDOUT]: [JAVA] setupTerrain=0.01 entities=0.42 blockEntities=0.03 particles=0.00 weather=0.00 chunkRebuild=0.01 other=0.17 TOTAL=0.66 rebuildQueue=96
[08:55:16] [RadSER Material Residency Upload/INFO]: [MaterialCompat] Material page upload starting: 36 candidate materials, layerSize=128, pageCapacity=512, pageBudget=120, decodeThreads=4, generation=1, visibleOnly=true
[08:55:16] [RadSER Material Residency Upload/WARN]: [MaterialCompat] Material page 18 upload failed: 36 layers
[08:55:16] [RadSER Material Residency Upload/INFO]: [MaterialCompat] Material page upload: 0 materials across 0 pages, 0 deferred
[08:55:16] [RadSER Material Residency Upload/INFO]: [MaterialCompat] Runtime material residency complete for generation 1: 0 materials resident, tableUploaded=false, totalMs=18.68
[08:55:16] [RadSER Material Residency Upload/INFO]: [MaterialCompat] Residency updated descriptor/material-table state only; chunk rebuild skipped for generation 1
[08:55:16] [RadSER Material Residency Upload/INFO]: [MaterialCompat] Material page upload starting: 23 candidate materials, layerSize=128, pageCapacity=512, pageBudget=120, decodeThreads=4, generation=1, visibleOnly=true
[08:55:16] [RadSER Material Residency Upload/WARN]: [MaterialCompat] Material page 18 upload failed: 23 layers
[08:55:16] [RadSER Material Residency Upload/INFO]: [MaterialCompat] Material page upload: 0 materials across 0 pages, 0 deferred
[08:55:16] [RadSER Material Residency Upload/INFO]: [MaterialCompat] Runtime material residency complete for generation 1: 0 materials resident, tableUploaded=false, totalMs=17.80
[08:55:16] [RadSER Material Residency Upload/INFO]: [MaterialCompat] Residency updated descriptor/material-table state only; chunk rebuild skipped for generation 1
[08:55:16] [RadSER Material Residency Upload/INFO]: [MaterialCompat] Material page upload starting: 7 candidate materials, layerSize=128, pageCapacity=512, pageBudget=120, decodeThreads=4, generation=1, visibleOnly=true
[08:55:17] [RadSER Material Residency Upload/WARN]: [MaterialCompat] Material page 18 upload failed: 7 layers
[08:55:17] [RadSER Material Residency Upload/INFO]: [MaterialCompat] Material page upload: 0 materials across 0 pages, 0 deferred
[08:55:17] [RadSER Material Residency Upload/INFO]: [MaterialCompat] Runtime material residency complete for generation 1: 0 materials resident, tableUploaded=false, totalMs=13.46
[08:55:17] [RadSER Material Residency Upload/INFO]: [MaterialCompat] Residency updated descriptor/material-table state only; chunk rebuild skipped for generation 1
[08:55:17] [RadSER Material Residency Upload/INFO]: [MaterialCompat] Material page upload starting: 25 candidate materials, layerSize=128, pageCapacity=512, pageBudget=120, decodeThreads=4, generation=1, visibleOnly=true
[08:55:17] [RadSER Material Residency Upload/WARN]: [MaterialCompat] Material page 18 upload failed: 25 layers
[08:55:17] [RadSER Material Residency Upload/INFO]: [MaterialCompat] Material page upload: 0 materials across 0 pages, 0 deferred
[08:55:17] [RadSER Material Residency Upload/INFO]: [MaterialCompat] Runtime material residency complete for generation 1: 0 materials resident, tableUploaded=false, totalMs=15.01
[08:55:17] [RadSER Material Residency Upload/INFO]: [MaterialCompat] Residency updated descriptor/material-table state only; chunk rebuild skipped for generation 1
[08:55:17] [RadSER Material Residency Upload/INFO]: [MaterialCompat] Material page upload starting: 27 candidate materials, layerSize=128, pageCapacity=512, pageBudget=120, decodeThreads=4, generation=1, visibleOnly=true
[08:55:17] [RadSER Material Residency Upload/WARN]: [MaterialCompat] Material page 18 upload failed: 27 layers
[08:55:17] [RadSER Material Residency Upload/INFO]: [MaterialCompat] Material page upload: 0 materials across 0 pages, 0 deferred
[08:55:17] [RadSER Material Residency Upload/INFO]: [MaterialCompat] Runtime material residency complete for generation 1: 0 materials resident, tableUploaded=false, totalMs=17.75
[08:55:17] [RadSER Material Residency Upload/INFO]: [MaterialCompat] Residency updated descriptor/material-table state only; chunk rebuild skipped for generation 1
[08:55:17] [RadSER Material Residency Upload/INFO]: [MaterialCompat] Material page upload starting: 8 candidate materials, layerSize=128, pageCapacity=512, pageBudget=120, decodeThreads=4, generation=1, visibleOnly=true
[08:55:17] [RadSER Material Residency Upload/WARN]: [MaterialCompat] Material page 18 upload failed: 8 layers
[08:55:17] [RadSER Material Residency Upload/INFO]: [MaterialCompat] Material page upload: 0 materials across 0 pages, 0 deferred
[08:55:17] [RadSER Material Residency Upload/INFO]: [MaterialCompat] Runtime material residency complete for generation 1: 0 materials resident, tableUploaded=false, totalMs=14.21
[08:55:17] [RadSER Material Residency Upload/INFO]: [MaterialCompat] Residency updated descriptor/material-table state only; chunk rebuild skipped for generation 1
[08:55:17] [RadSER Material Residency Upload/INFO]: [MaterialCompat] Material page upload starting: 25 candidate materials, layerSize=128, pageCapacity=512, pageBudget=120, decodeThreads=4, generation=1, visibleOnly=true
[08:55:17] [RadSER Material Residency Upload/WARN]: [MaterialCompat] Material page 18 upload failed: 25 layers
[08:55:17] [RadSER Material Residency Upload/INFO]: [MaterialCompat] Material page upload: 0 materials across 0 pages, 0 deferred
[08:55:17] [RadSER Material Residency Upload/INFO]: [MaterialCompat] Runtime material residency complete for generation 1: 0 materials resident, tableUploaded=false, totalMs=17.92
[08:55:17] [RadSER Material Residency Upload/INFO]: [MaterialCompat] Residency updated descriptor/material-table state only; chunk rebuild skipped for generation 1
[08:55:17] [RadSER Material Residency Upload/INFO]: [MaterialCompat] Material page upload starting: 21 candidate materials, layerSize=128, pageCapacity=512, pageBudget=120, decodeThreads=4, generation=1, visibleOnly=true
[08:55:17] [RadSER Material Residency Upload/WARN]: [MaterialCompat] Material page 18 upload failed: 21 layers
[08:55:17] [RadSER Material Residency Upload/INFO]: [MaterialCompat] Material page upload: 0 materials across 0 pages, 0 deferred
[08:55:17] [RadSER Material Residency Upload/INFO]: [MaterialCompat] Runtime material residency complete for generation 1: 0 materials resident, tableUploaded=false, totalMs=20.32
[08:55:17] [RadSER Material Residency Upload/INFO]: [MaterialCompat] Residency updated descriptor/material-table state only; chunk rebuild skipped for generation 1
[08:55:17] [RadSER Material Residency Upload/INFO]: [MaterialCompat] Material page upload starting: 14 candidate materials, layerSize=128, pageCapacity=512, pageBudget=120, decodeThreads=4, generation=1, visibleOnly=true
[08:55:17] [RadSER Material Residency Upload/WARN]: [MaterialCompat] Material page 18 upload failed: 14 layers
[08:55:17] [RadSER Material Residency Upload/INFO]: [MaterialCompat] Material page upload: 0 materials across 0 pages, 0 deferred
[08:55:17] [RadSER Material Residency Upload/INFO]: [MaterialCompat] Runtime material residency complete for generation 1: 0 materials resident, tableUploaded=false, totalMs=17.09
[08:55:17] [RadSER Material Residency Upload/INFO]: [MaterialCompat] Residency updated descriptor/material-table state only; chunk rebuild skipped for generation 1
[08:55:17] [RadSER Material Residency Upload/INFO]: [MaterialCompat] Material page upload starting: 16 candidate materials, layerSize=128, pageCapacity=512, pageBudget=120, decodeThreads=4, generation=1, visibleOnly=true
[08:55:17] [RadSER Material Residency Upload/WARN]: [MaterialCompat] Material page 18 upload failed: 13 layers
[08:55:17] [RadSER Material Residency Upload/WARN]: [MaterialCompat] Material page 19 upload failed: 3 layers
[08:55:17] [RadSER Material Residency Upload/INFO]: [MaterialCompat] Material page upload: 0 materials across 0 pages, 0 deferred
[08:55:17] [RadSER Material Residency Upload/INFO]: [MaterialCompat] Runtime material residency complete for generation 1: 0 materials resident, tableUploaded=false, totalMs=18.27
[08:55:17] [RadSER Material Residency Upload/INFO]: [MaterialCompat] Residency updated descriptor/material-table state only; chunk rebuild skipped for generation 1
[08:55:17] [RadSER Material Residency Upload/INFO]: [MaterialCompat] Material page upload starting: 10 candidate materials, layerSize=128, pageCapacity=512, pageBudget=120, decodeThreads=4, generation=1, visibleOnly=true
[08:55:17] [RadSER Material Residency Upload/WARN]: [MaterialCompat] Material page 19 upload failed: 10 layers
[08:55:17] [RadSER Material Residency Upload/INFO]: [MaterialCompat] Material page upload: 0 materials across 0 pages, 0 deferred
[08:55:17] [RadSER Material Residency Upload/INFO]: [MaterialCompat] Runtime material residency complete for generation 1: 0 materials resident, tableUploaded=false, totalMs=14.95
[08:55:17] [RadSER Material Residency Upload/INFO]: [MaterialCompat] Residency updated descriptor/material-table state only; chunk rebuild skipped for generation 1
[08:55:17] [Render thread/INFO]: [DebugInspect] Captured target report at minecraft:tall_grass at 713, 105, 250
[08:55:17] [Render thread/INFO]: [System] [CHAT] Radiance debug inspect saved: radiance/logs/debug_inspect_latest.txt
[08:55:17] [Render thread/INFO]: [DebugInspect] Captured target report at C:\Users\Administrator\AppData\Roaming\PrismLauncher\instances\1.21.4\minecraft\radiance\logs\debug_inspect_latest.txt
[08:55:17] [RadSER Material Residency Upload/INFO]: [MaterialCompat] Material page upload starting: 7 candidate materials, layerSize=128, pageCapacity=512, pageBudget=120, decodeThreads=4, generation=1, visibleOnly=true
[08:55:17] [RadSER Material Residency Upload/WARN]: [MaterialCompat] Material page 19 upload failed: 7 layers
[08:55:17] [RadSER Material Residency Upload/INFO]: [MaterialCompat] Material page upload: 0 materials across 0 pages, 0 deferred
[08:55:17] [RadSER Material Residency Upload/INFO]: [MaterialCompat] Runtime material residency complete for generation 1: 0 materials resident, tableUploaded=false, totalMs=15.35
[08:55:17] [RadSER Material Residency Upload/INFO]: [MaterialCompat] Residency updated descriptor/material-table state only; chunk rebuild skipped for generation 1
[08:55:17] [RadSER Material Residency Upload/INFO]: [MaterialCompat] Material page upload starting: 5 candidate materials, layerSize=128, pageCapacity=512, pageBudget=120, decodeThreads=4, generation=1, visibleOnly=true
[08:55:17] [RadSER Material Residency Upload/WARN]: [MaterialCompat] Material page 19 upload failed: 5 layers
[08:55:17] [RadSER Material Residency Upload/INFO]: [MaterialCompat] Material page upload: 0 materials across 0 pages, 0 deferred
[08:55:17] [RadSER Material Residency Upload/INFO]: [MaterialCompat] Runtime material residency complete for generation 1: 0 materials resident, tableUploaded=false, totalMs=14.73
[08:55:17] [RadSER Material Residency Upload/INFO]: [MaterialCompat] Residency updated descriptor/material-table state only; chunk rebuild skipped for generation 1
[08:55:17] [RadSER Material Residency Upload/INFO]: [MaterialCompat] Material page upload starting: 14 candidate materials, layerSize=128, pageCapacity=512, pageBudget=120, decodeThreads=4, generation=1, visibleOnly=true
[08:55:17] [RadSER Material Residency Upload/WARN]: [MaterialCompat] Material page 19 upload failed: 14 layers
[08:55:17] [RadSER Material Residency Upload/INFO]: [MaterialCompat] Material page upload: 0 materials across 0 pages, 0 deferred
[08:55:17] [RadSER Material Residency Upload/INFO]: [MaterialCompat] Runtime material residency complete for generation 1: 0 materials resident, tableUploaded=false, totalMs=19.95
[08:55:17] [RadSER Material Residency Upload/INFO]: [MaterialCompat] Residency updated descriptor/material-table state only; chunk rebuild skipped for generation 1
[08:55:17] [Render thread/INFO]: [STDOUT]: [JAVA] setupTerrain=0.01 entities=0.39 blockEntities=0.02 particles=0.00 weather=0.00 chunkRebuild=0.01 other=0.15 TOTAL=0.59 rebuildQueue=96
[08:55:17] [RadSER Material Residency Upload/INFO]: [MaterialCompat] Material page upload starting: 7 candidate materials, layerSize=128, pageCapacity=512, pageBudget=120, decodeThreads=4, generation=1, visibleOnly=true
[08:55:17] [RadSER Material Residency Upload/WARN]: [MaterialCompat] Material page 19 upload failed: 7 layers
[08:55:17] [RadSER Material Residency Upload/INFO]: [MaterialCompat] Material page upload: 0 materials across 0 pages, 0 deferred
[08:55:17] [RadSER Material Residency Upload/INFO]: [MaterialCompat] Runtime material residency complete for generation 1: 0 materials resident, tableUploaded=false, totalMs=14.27
[08:55:17] [RadSER Material Residency Upload/INFO]: [MaterialCompat] Residency updated descriptor/material-table state only; chunk rebuild skipped for generation 1
[08:55:17] [RadSER Material Residency Upload/INFO]: [MaterialCompat] Material page upload starting: 5 candidate materials, layerSize=128, pageCapacity=512, pageBudget=120, decodeThreads=4, generation=1, visibleOnly=true
[08:55:17] [RadSER Material Residency Upload/WARN]: [MaterialCompat] Material page 19 upload failed: 5 layers
[08:55:17] [RadSER Material Residency Upload/INFO]: [MaterialCompat] Material page upload: 0 materials across 0 pages, 0 deferred
[08:55:17] [RadSER Material Residency Upload/INFO]: [MaterialCompat] Runtime material residency complete for generation 1: 0 materials resident, tableUploaded=false, totalMs=16.82
[08:55:17] [RadSER Material Residency Upload/INFO]: [MaterialCompat] Residency updated descriptor/material-table state only; chunk rebuild skipped for generation 1
[08:55:17] [RadSER Material Residency Upload/INFO]: [MaterialCompat] Material page upload starting: 5 candidate materials, layerSize=128, pageCapacity=512, pageBudget=120, decodeThreads=4, generation=1, visibleOnly=true
[08:55:17] [RadSER Material Residency Upload/WARN]: [MaterialCompat] Material page 19 upload failed: 5 layers
[08:55:17] [RadSER Material Residency Upload/INFO]: [MaterialCompat] Material page upload: 0 materials across 0 pages, 0 deferred
[08:55:17] [RadSER Material Residency Upload/INFO]: [MaterialCompat] Runtime material residency complete for generation 1: 0 materials resident, tableUploaded=false, totalMs=15.69
[08:55:17] [RadSER Material Residency Upload/INFO]: [MaterialCompat] Residency updated descriptor/material-table state only; chunk rebuild skipped for generation 1
[08:55:17] [RadSER Material Residency Upload/INFO]: [MaterialCompat] Material page upload starting: 6 candidate materials, layerSize=128, pageCapacity=512, pageBudget=120, decodeThreads=4, generation=1, visibleOnly=true
[08:55:17] [RadSER Material Residency Upload/WARN]: [MaterialCompat] Material page 19 upload failed: 6 layers
[08:55:17] [RadSER Material Residency Upload/INFO]: [MaterialCompat] Material page upload: 0 materials across 0 pages, 0 deferred
[08:55:17] [RadSER Material Residency Upload/INFO]: [MaterialCompat] Runtime material residency complete for generation 1: 0 materials resident, tableUploaded=false, totalMs=13.55
[08:55:17] [RadSER Material Residency Upload/INFO]: [MaterialCompat] Residency updated descriptor/material-table state only; chunk rebuild skipped for generation 1
[08:55:17] [RadSER Material Residency Upload/INFO]: [MaterialCompat] Material page upload starting: 5 candidate materials, layerSize=128, pageCapacity=512, pageBudget=120, decodeThreads=4, generation=1, visibleOnly=true
[08:55:17] [RadSER Material Residency Upload/WARN]: [MaterialCompat] Material page 19 upload failed: 5 layers
[08:55:17] [RadSER Material Residency Upload/INFO]: [MaterialCompat] Material page upload: 0 materials across 0 pages, 0 deferred
[08:55:17] [RadSER Material Residency Upload/INFO]: [MaterialCompat] Runtime material residency complete for generation 1: 0 materials resident, tableUploaded=false, totalMs=16.38
[08:55:17] [RadSER Material Residency Upload/INFO]: [MaterialCompat] Residency updated descriptor/material-table state only; chunk rebuild skipped for generation 1
[08:55:18] [RadSER Material Residency Upload/INFO]: [MaterialCompat] Material page upload starting: 5 candidate materials, layerSize=128, pageCapacity=512, pageBudget=120, decodeThreads=4, generation=1, visibleOnly=true
[08:55:18] [RadSER Material Residency Upload/WARN]: [MaterialCompat] Material page 19 upload failed: 5 layers
[08:55:18] [RadSER Material Residency Upload/INFO]: [MaterialCompat] Material page upload: 0 materials across 0 pages, 0 deferred
[08:55:18] [RadSER Material Residency Upload/INFO]: [MaterialCompat] Runtime material residency complete for generation 1: 0 materials resident, tableUploaded=false, totalMs=13.50
[08:55:18] [RadSER Material Residency Upload/INFO]: [MaterialCompat] Residency updated descriptor/material-table state only; chunk rebuild skipped for generation 1
[08:55:18] [RadSER Material Residency Upload/INFO]: [MaterialCompat] Material page upload starting: 13 candidate materials, layerSize=128, pageCapacity=512, pageBudget=120, decodeThreads=4, generation=1, visibleOnly=true
[08:55:18] [RadSER Material Residency Upload/WARN]: [MaterialCompat] Material page 19 upload failed: 13 layers
[08:55:18] [RadSER Material Residency Upload/INFO]: [MaterialCompat] Material page upload: 0 materials across 0 pages, 0 deferred
[08:55:18] [RadSER Material Residency Upload/INFO]: [MaterialCompat] Runtime material residency complete for generation 1: 0 materials resident, tableUploaded=false, totalMs=13.56
[08:55:18] [RadSER Material Residency Upload/INFO]: [MaterialCompat] Residency updated descriptor/material-table state only; chunk rebuild skipped for generation 1
[08:55:18] [RadSER Material Residency Upload/INFO]: [MaterialCompat] Material page upload starting: 18 candidate materials, layerSize=128, pageCapacity=512, pageBudget=120, decodeThreads=4, generation=1, visibleOnly=true
[08:55:18] [RadSER Material Residency Upload/WARN]: [MaterialCompat] Material page 19 upload failed: 18 layers
[08:55:18] [RadSER Material Residency Upload/INFO]: [MaterialCompat] Material page upload: 0 materials across 0 pages, 0 deferred
[08:55:18] [RadSER Material Residency Upload/INFO]: [MaterialCompat] Runtime material residency complete for generation 1: 0 materials resident, tableUploaded=false, totalMs=15.20
[08:55:18] [RadSER Material Residency Upload/INFO]: [MaterialCompat] Residency updated descriptor/material-table state only; chunk rebuild skipped for generation 1
[08:55:18] [RadSER Material Residency Upload/INFO]: [MaterialCompat] Material page upload starting: 6 candidate materials, layerSize=128, pageCapacity=512, pageBudget=120, decodeThreads=4, generation=1, visibleOnly=true
[08:55:18] [RadSER Material Residency Upload/WARN]: [MaterialCompat] Material page 19 upload failed: 6 layers
[08:55:18] [RadSER Material Residency Upload/INFO]: [MaterialCompat] Material page upload: 0 materials across 0 pages, 0 deferred
[08:55:18] [RadSER Material Residency Upload/INFO]: [MaterialCompat] Runtime material residency complete for generation 1: 0 materials resident, tableUploaded=false, totalMs=13.94
[08:55:18] [RadSER Material Residency Upload/INFO]: [MaterialCompat] Residency updated descriptor/material-table state only; chunk rebuild skipped for generation 1
[08:55:18] [RadSER Material Residency Upload/INFO]: [MaterialCompat] Material page upload starting: 5 candidate materials, layerSize=128, pageCapacity=512, pageBudget=120, decodeThreads=4, generation=1, visibleOnly=true
[08:55:18] [RadSER Material Residency Upload/WARN]: [MaterialCompat] Material page 19 upload failed: 5 layers
[08:55:18] [RadSER Material Residency Upload/INFO]: [MaterialCompat] Material page upload: 0 materials across 0 pages, 0 deferred
[08:55:18] [RadSER Material Residency Upload/INFO]: [MaterialCompat] Runtime material residency complete for generation 1: 0 materials resident, tableUploaded=false, totalMs=14.52
[08:55:18] [RadSER Material Residency Upload/INFO]: [MaterialCompat] Residency updated descriptor/material-table state only; chunk rebuild skipped for generation 1
[08:55:18] [RadSER Material Residency Upload/INFO]: [MaterialCompat] Material page upload starting: 5 candidate materials, layerSize=128, pageCapacity=512, pageBudget=120, decodeThreads=4, generation=1, visibleOnly=true
[08:55:18] [RadSER Material Residency Upload/WARN]: [MaterialCompat] Material page 19 upload failed: 5 layers
[08:55:18] [RadSER Material Residency Upload/INFO]: [MaterialCompat] Material page upload: 0 materials across 0 pages, 0 deferred
[08:55:18] [RadSER Material Residency Upload/INFO]: [MaterialCompat] Runtime material residency complete for generation 1: 0 materials resident, tableUploaded=false, totalMs=15.43
[08:55:18] [RadSER Material Residency Upload/INFO]: [MaterialCompat] Residency updated descriptor/material-table state only; chunk rebuild skipped for generation 1
[08:55:18] [RadSER Material Residency Upload/INFO]: [MaterialCompat] Material page upload starting: 5 candidate materials, layerSize=128, pageCapacity=512, pageBudget=120, decodeThreads=4, generation=1, visibleOnly=true
[08:55:18] [RadSER Material Residency Upload/WARN]: [MaterialCompat] Material page 19 upload failed: 5 layers
[08:55:18] [RadSER Material Residency Upload/INFO]: [MaterialCompat] Material page upload: 0 materials across 0 pages, 0 deferred
[08:55:18] [RadSER Material Residency Upload/INFO]: [MaterialCompat] Runtime material residency complete for generation 1: 0 materials resident, tableUploaded=false, totalMs=14.59
[08:55:18] [RadSER Material Residency Upload/INFO]: [MaterialCompat] Residency updated descriptor/material-table state only; chunk rebuild skipped for generation 1
[08:55:18] [RadSER Material Residency Upload/INFO]: [MaterialCompat] Material page upload starting: 5 candidate materials, layerSize=128, pageCapacity=512, pageBudget=120, decodeThreads=4, generation=1, visibleOnly=true
[08:55:18] [RadSER Material Residency Upload/WARN]: [MaterialCompat] Material page 19 upload failed: 5 layers
[08:55:18] [RadSER Material Residency Upload/INFO]: [MaterialCompat] Material page upload: 0 materials across 0 pages, 0 deferred
[08:55:18] [RadSER Material Residency Upload/INFO]: [MaterialCompat] Runtime material residency complete for generation 1: 0 materials resident, tableUploaded=false, totalMs=18.38
[08:55:18] [RadSER Material Residency Upload/INFO]: [MaterialCompat] Residency updated descriptor/material-table state only; chunk rebuild skipped for generation 1
[08:55:18] [Render thread/INFO]: [STDOUT]: [JAVA] setupTerrain=0.01 entities=0.38 blockEntities=0.02 particles=0.00 weather=0.00 chunkRebuild=0.01 other=0.15 TOTAL=0.57 rebuildQueue=96
[08:55:18] [RadSER Material Residency Upload/INFO]: [MaterialCompat] Material page upload starting: 13 candidate materials, layerSize=128, pageCapacity=512, pageBudget=120, decodeThreads=4, generation=1, visibleOnly=true
[08:55:18] [RadSER Material Residency Upload/WARN]: [MaterialCompat] Material page 19 upload failed: 13 layers
[08:55:18] [RadSER Material Residency Upload/INFO]: [MaterialCompat] Material page upload: 0 materials across 0 pages, 0 deferred
[08:55:18] [RadSER Material Residency Upload/INFO]: [MaterialCompat] Runtime material residency complete for generation 1: 0 materials resident, tableUploaded=false, totalMs=16.51
[08:55:18] [RadSER Material Residency Upload/INFO]: [MaterialCompat] Residency updated descriptor/material-table state only; chunk rebuild skipped for generation 1
[08:55:18] [RadSER Material Residency Upload/INFO]: [MaterialCompat] Material page upload starting: 6 candidate materials, layerSize=128, pageCapacity=512, pageBudget=120, decodeThreads=4, generation=1, visibleOnly=true
[08:55:18] [RadSER Material Residency Upload/WARN]: [MaterialCompat] Material page 19 upload failed: 6 layers
[08:55:18] [RadSER Material Residency Upload/INFO]: [MaterialCompat] Material page upload: 0 materials across 0 pages, 0 deferred
[08:55:18] [RadSER Material Residency Upload/INFO]: [MaterialCompat] Runtime material residency complete for generation 1: 0 materials resident, tableUploaded=false, totalMs=14.76
[08:55:18] [RadSER Material Residency Upload/INFO]: [MaterialCompat] Residency updated descriptor/material-table state only; chunk rebuild skipped for generation 1
[08:55:18] [RadSER Material Residency Upload/INFO]: [MaterialCompat] Material page upload starting: 11 candidate materials, layerSize=128, pageCapacity=512, pageBudget=120, decodeThreads=4, generation=1, visibleOnly=true
[08:55:18] [RadSER Material Residency Upload/WARN]: [MaterialCompat] Material page 19 upload failed: 11 layers
[08:55:18] [RadSER Material Residency Upload/INFO]: [MaterialCompat] Material page upload: 0 materials across 0 pages, 0 deferred
[08:55:18] [RadSER Material Residency Upload/INFO]: [MaterialCompat] Runtime material residency complete for generation 1: 0 materials resident, tableUploaded=false, totalMs=81.76
[08:55:18] [RadSER Material Residency Upload/INFO]: [MaterialCompat] Residency updated descriptor/material-table state only; chunk rebuild skipped for generation 1
[08:55:18] [RadSER Material Residency Upload/INFO]: [MaterialCompat] Material page upload starting: 6 candidate materials, layerSize=128, pageCapacity=512, pageBudget=120, decodeThreads=4, generation=1, visibleOnly=true
[08:55:18] [RadSER Material Residency Upload/WARN]: [MaterialCompat] Material page 19 upload failed: 6 layers
[08:55:18] [RadSER Material Residency Upload/INFO]: [MaterialCompat] Material page upload: 0 materials across 0 pages, 0 deferred
[08:55:18] [RadSER Material Residency Upload/INFO]: [MaterialCompat] Runtime material residency complete for generation 1: 0 materials resident, tableUploaded=false, totalMs=14.55
[08:55:18] [RadSER Material Residency Upload/INFO]: [MaterialCompat] Residency updated descriptor/material-table state only; chunk rebuild skipped for generation 1
[08:55:18] [RadSER Material Residency Upload/INFO]: [MaterialCompat] Material page upload starting: 9 candidate materials, layerSize=128, pageCapacity=512, pageBudget=120, decodeThreads=4, generation=1, visibleOnly=true
[08:55:18] [RadSER Material Residency Upload/WARN]: [MaterialCompat] Material page 19 upload failed: 9 layers
[08:55:18] [RadSER Material Residency Upload/INFO]: [MaterialCompat] Material page upload: 0 materials across 0 pages, 0 deferred
[08:55:18] [RadSER Material Residency Upload/INFO]: [MaterialCompat] Runtime material residency complete for generation 1: 0 materials resident, tableUploaded=false, totalMs=16.71
[08:55:18] [RadSER Material Residency Upload/INFO]: [MaterialCompat] Residency updated descriptor/material-table state only; chunk rebuild skipped for generation 1
[08:55:18] [RadSER Material Residency Upload/INFO]: [MaterialCompat] Material page upload starting: 7 candidate materials, layerSize=128, pageCapacity=512, pageBudget=120, decodeThreads=4, generation=1, visibleOnly=true
[08:55:18] [RadSER Material Residency Upload/WARN]: [MaterialCompat] Material page 19 upload failed: 7 layers
[08:55:18] [RadSER Material Residency Upload/INFO]: [MaterialCompat] Material page upload: 0 materials across 0 pages, 0 deferred
[08:55:18] [RadSER Material Residency Upload/INFO]: [MaterialCompat] Runtime material residency complete for generation 1: 0 materials resident, tableUploaded=false, totalMs=15.19
[08:55:18] [RadSER Material Residency Upload/INFO]: [MaterialCompat] Residency updated descriptor/material-table state only; chunk rebuild skipped for generation 1
[08:55:18] [RadSER Material Residency Upload/INFO]: [MaterialCompat] Material page upload starting: 6 candidate materials, layerSize=128, pageCapacity=512, pageBudget=120, decodeThreads=4, generation=1, visibleOnly=true
[08:55:18] [RadSER Material Residency Upload/WARN]: [MaterialCompat] Material page 19 upload failed: 6 layers
[08:55:18] [RadSER Material Residency Upload/INFO]: [MaterialCompat] Material page upload: 0 materials across 0 pages, 0 deferred
[08:55:18] [RadSER Material Residency Upload/INFO]: [MaterialCompat] Runtime material residency complete for generation 1: 0 materials resident, tableUploaded=false, totalMs=14.10
[08:55:18] [RadSER Material Residency Upload/INFO]: [MaterialCompat] Residency updated descriptor/material-table state only; chunk rebuild skipped for generation 1
[08:55:19] [RadSER Material Residency Upload/INFO]: [MaterialCompat] Material page upload starting: 6 candidate materials, layerSize=128, pageCapacity=512, pageBudget=120, decodeThreads=4, generation=1, visibleOnly=true
[08:55:19] [RadSER Material Residency Upload/WARN]: [MaterialCompat] Material page 19 upload failed: 6 layers
[08:55:19] [RadSER Material Residency Upload/INFO]: [MaterialCompat] Material page upload: 0 materials across 0 pages, 0 deferred
[08:55:19] [RadSER Material Residency Upload/INFO]: [MaterialCompat] Runtime material residency complete for generation 1: 0 materials resident, tableUploaded=false, totalMs=13.32
[08:55:19] [RadSER Material Residency Upload/INFO]: [MaterialCompat] Residency updated descriptor/material-table state only; chunk rebuild skipped for generation 1
[08:55:19] [RadSER Material Residency Upload/INFO]: [MaterialCompat] Material page upload starting: 6 candidate materials, layerSize=128, pageCapacity=512, pageBudget=120, decodeThreads=4, generation=1, visibleOnly=true
[08:55:19] [RadSER Material Residency Upload/WARN]: [MaterialCompat] Material page 19 upload failed: 6 layers
[08:55:19] [RadSER Material Residency Upload/INFO]: [MaterialCompat] Material page upload: 0 materials across 0 pages, 0 deferred
[08:55:19] [RadSER Material Residency Upload/INFO]: [MaterialCompat] Runtime material residency complete for generation 1: 0 materials resident, tableUploaded=false, totalMs=13.52
[08:55:19] [RadSER Material Residency Upload/INFO]: [MaterialCompat] Residency updated descriptor/material-table state only; chunk rebuild skipped for generation 1
[08:55:19] [RadSER Material Residency Upload/INFO]: [MaterialCompat] Material page upload starting: 8 candidate materials, layerSize=128, pageCapacity=512, pageBudget=120, decodeThreads=4, generation=1, visibleOnly=true
[08:55:19] [RadSER Material Residency Upload/WARN]: [MaterialCompat] Material page 19 upload failed: 8 layers
[08:55:19] [RadSER Material Residency Upload/INFO]: [MaterialCompat] Material page upload: 0 materials across 0 pages, 0 deferred
[08:55:19] [RadSER Material Residency Upload/INFO]: [MaterialCompat] Runtime material residency complete for generation 1: 0 materials resident, tableUploaded=false, totalMs=66.58
[08:55:19] [RadSER Material Residency Upload/INFO]: [MaterialCompat] Residency updated descriptor/material-table state only; chunk rebuild skipped for generation 1
[08:55:19] [RadSER Material Residency Upload/INFO]: [MaterialCompat] Material page upload starting: 17 candidate materials, layerSize=128, pageCapacity=512, pageBudget=120, decodeThreads=4, generation=1, visibleOnly=true
[08:55:19] [Render thread/INFO]: [STDOUT]: [JAVA] setupTerrain=0.01 entities=0.37 blockEntities=0.02 particles=0.00 weather=0.00 chunkRebuild=0.01 other=0.15 TOTAL=0.57 rebuildQueue=96
[08:55:19] [RadSER Material Residency Upload/WARN]: [MaterialCompat] Material page 19 upload failed: 17 layers
[08:55:19] [RadSER Material Residency Upload/INFO]: [MaterialCompat] Material page upload: 0 materials across 0 pages, 0 deferred
[08:55:19] [RadSER Material Residency Upload/INFO]: [MaterialCompat] Runtime material residency complete for generation 1: 0 materials resident, tableUploaded=false, totalMs=16.06
[08:55:19] [RadSER Material Residency Upload/INFO]: [MaterialCompat] Residency updated descriptor/material-table state only; chunk rebuild skipped for generation 1
[08:55:19] [RadSER Material Residency Upload/INFO]: [MaterialCompat] Material page upload starting: 17 candidate materials, layerSize=128, pageCapacity=512, pageBudget=120, decodeThreads=4, generation=1, visibleOnly=true
[08:55:19] [RadSER Material Residency Upload/WARN]: [MaterialCompat] Material page 19 upload failed: 17 layers
[08:55:19] [RadSER Material Residency Upload/INFO]: [MaterialCompat] Material page upload: 0 materials across 0 pages, 0 deferred
[08:55:19] [RadSER Material Residency Upload/INFO]: [MaterialCompat] Runtime material residency complete for generation 1: 0 materials resident, tableUploaded=false, totalMs=19.86
[08:55:19] [RadSER Material Residency Upload/INFO]: [MaterialCompat] Residency updated descriptor/material-table state only; chunk rebuild skipped for generation 1
[08:55:19] [RadSER Material Residency Upload/INFO]: [MaterialCompat] Material page upload starting: 11 candidate materials, layerSize=128, pageCapacity=512, pageBudget=120, decodeThreads=4, generation=1, visibleOnly=true
[08:55:19] [RadSER Material Residency Upload/WARN]: [MaterialCompat] Material page 19 upload failed: 11 layers
[08:55:19] [RadSER Material Residency Upload/INFO]: [MaterialCompat] Material page upload: 0 materials across 0 pages, 0 deferred
[08:55:19] [RadSER Material Residency Upload/INFO]: [MaterialCompat] Runtime material residency complete for generation 1: 0 materials resident, tableUploaded=false, totalMs=15.19
[08:55:19] [RadSER Material Residency Upload/INFO]: [MaterialCompat] Residency updated descriptor/material-table state only; chunk rebuild skipped for generation 1
[08:55:19] [RadSER Material Residency Upload/INFO]: [MaterialCompat] Material page upload starting: 1 candidate materials, layerSize=128, pageCapacity=512, pageBudget=120, decodeThreads=4, generation=1, visibleOnly=true
[08:55:19] [RadSER Material Residency Upload/WARN]: [MaterialCompat] Material page 19 upload failed: 1 layers
[08:55:19] [RadSER Material Residency Upload/INFO]: [MaterialCompat] Material page upload: 0 materials across 0 pages, 0 deferred
[08:55:19] [RadSER Material Residency Upload/INFO]: [MaterialCompat] Runtime material residency complete for generation 1: 0 materials resident, tableUploaded=false, totalMs=12.82
[08:55:19] [RadSER Material Residency Upload/INFO]: [MaterialCompat] Residency updated descriptor/material-table state only; chunk rebuild skipped for generation 1
[08:55:19] [RadSER Material Residency Upload/INFO]: [MaterialCompat] Material page upload starting: 8 candidate materials, layerSize=128, pageCapacity=512, pageBudget=120, decodeThreads=4, generation=1, visibleOnly=true
[08:55:19] [RadSER Material Residency Upload/WARN]: [MaterialCompat] Material page 19 upload failed: 8 layers
[08:55:19] [RadSER Material Residency Upload/INFO]: [MaterialCompat] Material page upload: 0 materials across 0 pages, 0 deferred
[08:55:19] [RadSER Material Residency Upload/INFO]: [MaterialCompat] Runtime material residency complete for generation 1: 0 materials resident, tableUploaded=false, totalMs=11.34
[08:55:19] [RadSER Material Residency Upload/INFO]: [MaterialCompat] Residency updated descriptor/material-table state only; chunk rebuild skipped for generation 1
[08:55:19] [RadSER Material Residency Upload/INFO]: [MaterialCompat] Material page upload starting: 1 candidate materials, layerSize=128, pageCapacity=512, pageBudget=120, decodeThreads=4, generation=1, visibleOnly=true
[08:55:19] [RadSER Material Residency Upload/WARN]: [MaterialCompat] Material page 19 upload failed: 1 layers
[08:55:19] [RadSER Material Residency Upload/INFO]: [MaterialCompat] Material page upload: 0 materials across 0 pages, 0 deferred
[08:55:19] [RadSER Material Residency Upload/INFO]: [MaterialCompat] Runtime material residency complete for generation 1: 0 materials resident, tableUploaded=false, totalMs=10.77
[08:55:19] [RadSER Material Residency Upload/INFO]: [MaterialCompat] Residency updated descriptor/material-table state only; chunk rebuild skipped for generation 1
[08:55:19] [RadSER Material Residency Upload/INFO]: [MaterialCompat] Material page upload starting: 9 candidate materials, layerSize=128, pageCapacity=512, pageBudget=120, decodeThreads=4, generation=1, visibleOnly=true
[08:55:19] [RadSER Material Residency Upload/WARN]: [MaterialCompat] Material page 19 upload failed: 9 layers
[08:55:19] [RadSER Material Residency Upload/INFO]: [MaterialCompat] Material page upload: 0 materials across 0 pages, 0 deferred
[08:55:19] [RadSER Material Residency Upload/INFO]: [MaterialCompat] Runtime material residency complete for generation 1: 0 materials resident, tableUploaded=false, totalMs=15.12
[08:55:19] [RadSER Material Residency Upload/INFO]: [MaterialCompat] Residency updated descriptor/material-table state only; chunk rebuild skipped for generation 1
[08:55:19] [RadSER Material Residency Upload/INFO]: [MaterialCompat] Material page upload starting: 11 candidate materials, layerSize=128, pageCapacity=512, pageBudget=120, decodeThreads=4, generation=1, visibleOnly=true
[08:55:19] [RadSER Material Residency Upload/WARN]: [MaterialCompat] Material page 19 upload failed: 11 layers
[08:55:19] [RadSER Material Residency Upload/INFO]: [MaterialCompat] Material page upload: 0 materials across 0 pages, 0 deferred
[08:55:19] [RadSER Material Residency Upload/INFO]: [MaterialCompat] Runtime material residency complete for generation 1: 0 materials resident, tableUploaded=false, totalMs=22.90
[08:55:19] [RadSER Material Residency Upload/INFO]: [MaterialCompat] Residency updated descriptor/material-table state only; chunk rebuild skipped for generation 1
[08:55:19] [RadSER Material Residency Upload/INFO]: [MaterialCompat] Material page upload starting: 11 candidate materials, layerSize=128, pageCapacity=512, pageBudget=120, decodeThreads=4, generation=1, visibleOnly=true
[08:55:19] [RadSER Material Residency Upload/WARN]: [MaterialCompat] Material page 19 upload failed: 11 layers
[08:55:19] [RadSER Material Residency Upload/INFO]: [MaterialCompat] Material page upload: 0 materials across 0 pages, 0 deferred
[08:55:19] [RadSER Material Residency Upload/INFO]: [MaterialCompat] Runtime material residency complete for generation 1: 0 materials resident, tableUploaded=false, totalMs=14.96
[08:55:19] [RadSER Material Residency Upload/INFO]: [MaterialCompat] Residency updated descriptor/material-table state only; chunk rebuild skipped for generation 1
[08:55:19] [RadSER Material Residency Upload/INFO]: [MaterialCompat] Material page upload starting: 10 candidate materials, layerSize=128, pageCapacity=512, pageBudget=120, decodeThreads=4, generation=1, visibleOnly=true
[08:55:19] [RadSER Material Residency Upload/WARN]: [MaterialCompat] Material page 19 upload failed: 10 layers
[08:55:19] [RadSER Material Residency Upload/INFO]: [MaterialCompat] Material page upload: 0 materials across 0 pages, 0 deferred
[08:55:19] [RadSER Material Residency Upload/INFO]: [MaterialCompat] Runtime material residency complete for generation 1: 0 materials resident, tableUploaded=false, totalMs=16.38
[08:55:19] [RadSER Material Residency Upload/INFO]: [MaterialCompat] Residency updated descriptor/material-table state only; chunk rebuild skipped for generation 1
[08:55:19] [RadSER Material Residency Upload/INFO]: [MaterialCompat] Material page upload starting: 11 candidate materials, layerSize=128, pageCapacity=512, pageBudget=120, decodeThreads=4, generation=1, visibleOnly=true
[08:55:19] [RadSER Material Residency Upload/WARN]: [MaterialCompat] Material page 19 upload failed: 11 layers
[08:55:19] [RadSER Material Residency Upload/INFO]: [MaterialCompat] Material page upload: 0 materials across 0 pages, 0 deferred
[08:55:19] [RadSER Material Residency Upload/INFO]: [MaterialCompat] Runtime material residency complete for generation 1: 0 materials resident, tableUploaded=false, totalMs=15.23
[08:55:19] [RadSER Material Residency Upload/INFO]: [MaterialCompat] Residency updated descriptor/material-table state only; chunk rebuild skipped for generation 1
[08:55:19] [RadSER Material Residency Upload/INFO]: [MaterialCompat] Material page upload starting: 13 candidate materials, layerSize=128, pageCapacity=512, pageBudget=120, decodeThreads=4, generation=1, visibleOnly=true
[08:55:19] [RadSER Material Residency Upload/WARN]: [MaterialCompat] Material page 19 upload failed: 13 layers
[08:55:19] [RadSER Material Residency Upload/INFO]: [MaterialCompat] Material page upload: 0 materials across 0 pages, 0 deferred
[08:55:19] [RadSER Material Residency Upload/INFO]: [MaterialCompat] Runtime material residency complete for generation 1: 0 materials resident, tableUploaded=false, totalMs=14.97
[08:55:19] [RadSER Material Residency Upload/INFO]: [MaterialCompat] Residency updated descriptor/material-table state only; chunk rebuild skipped for generation 1
[08:55:19] [RadSER Material Residency Upload/INFO]: [MaterialCompat] Material page upload starting: 11 candidate materials, layerSize=128, pageCapacity=512, pageBudget=120, decodeThreads=4, generation=1, visibleOnly=true
[08:55:19] [RadSER Material Residency Upload/WARN]: [MaterialCompat] Material page 19 upload failed: 11 layers
[08:55:19] [RadSER Material Residency Upload/INFO]: [MaterialCompat] Material page upload: 0 materials across 0 pages, 0 deferred
[08:55:19] [RadSER Material Residency Upload/INFO]: [MaterialCompat] Runtime material residency complete for generation 1: 0 materials resident, tableUploaded=false, totalMs=14.69
[08:55:19] [RadSER Material Residency Upload/INFO]: [MaterialCompat] Residency updated descriptor/material-table state only; chunk rebuild skipped for generation 1
[08:55:20] [RadSER Material Residency Upload/INFO]: [MaterialCompat] Material page upload starting: 10 candidate materials, layerSize=128, pageCapacity=512, pageBudget=120, decodeThreads=4, generation=1, visibleOnly=true
[08:55:20] [RadSER Material Residency Upload/WARN]: [MaterialCompat] Material page 19 upload failed: 10 layers
[08:55:20] [RadSER Material Residency Upload/INFO]: [MaterialCompat] Material page upload: 0 materials across 0 pages, 0 deferred
[08:55:20] [RadSER Material Residency Upload/INFO]: [MaterialCompat] Runtime material residency complete for generation 1: 0 materials resident, tableUploaded=false, totalMs=16.15
[08:55:20] [RadSER Material Residency Upload/INFO]: [MaterialCompat] Residency updated descriptor/material-table state only; chunk rebuild skipped for generation 1
[08:55:20] [RadSER Material Residency Upload/INFO]: [MaterialCompat] Material page upload starting: 12 candidate materials, layerSize=128, pageCapacity=512, pageBudget=120, decodeThreads=4, generation=1, visibleOnly=true
[08:55:20] [RadSER Material Residency Upload/WARN]: [MaterialCompat] Material page 19 upload failed: 12 layers
[08:55:20] [RadSER Material Residency Upload/INFO]: [MaterialCompat] Material page upload: 0 materials across 0 pages, 0 deferred
[08:55:20] [RadSER Material Residency Upload/INFO]: [MaterialCompat] Runtime material residency complete for generation 1: 0 materials resident, tableUploaded=false, totalMs=14.71
[08:55:20] [RadSER Material Residency Upload/INFO]: [MaterialCompat] Residency updated descriptor/material-table state only; chunk rebuild skipped for generation 1
[08:55:20] [Render thread/INFO]: [STDOUT]: [JAVA] setupTerrain=0.01 entities=0.38 blockEntities=0.02 particles=0.00 weather=0.00 chunkRebuild=0.01 other=0.15 TOTAL=0.57 rebuildQueue=96
[08:55:20] [RadSER Material Residency Upload/INFO]: [MaterialCompat] Material page upload starting: 8 candidate materials, layerSize=128, pageCapacity=512, pageBudget=120, decodeThreads=4, generation=1, visibleOnly=true
[08:55:20] [RadSER Material Residency Upload/WARN]: [MaterialCompat] Material page 19 upload failed: 8 layers
[08:55:20] [RadSER Material Residency Upload/INFO]: [MaterialCompat] Material page upload: 0 materials across 0 pages, 0 deferred
[08:55:20] [RadSER Material Residency Upload/INFO]: [MaterialCompat] Runtime material residency complete for generation 1: 0 materials resident, tableUploaded=false, totalMs=15.69
[08:55:20] [RadSER Material Residency Upload/INFO]: [MaterialCompat] Residency updated descriptor/material-table state only; chunk rebuild skipped for generation 1
[08:55:20] [RadSER Material Residency Upload/INFO]: [MaterialCompat] Material page upload starting: 1 candidate materials, layerSize=128, pageCapacity=512, pageBudget=120, decodeThreads=4, generation=1, visibleOnly=true
[08:55:20] [RadSER Material Residency Upload/WARN]: [MaterialCompat] Material page 19 upload failed: 1 layers
[08:55:20] [RadSER Material Residency Upload/INFO]: [MaterialCompat] Material page upload: 0 materials across 0 pages, 0 deferred
[08:55:20] [RadSER Material Residency Upload/INFO]: [MaterialCompat] Runtime material residency complete for generation 1: 0 materials resident, tableUploaded=false, totalMs=14.48
[08:55:20] [RadSER Material Residency Upload/INFO]: [MaterialCompat] Residency updated descriptor/material-table state only; chunk rebuild skipped for generation 1
[08:55:20] [RadSER Material Residency Upload/INFO]: [MaterialCompat] Material page upload starting: 9 candidate materials, layerSize=128, pageCapacity=512, pageBudget=120, decodeThreads=4, generation=1, visibleOnly=true
[08:55:20] [RadSER Material Residency Upload/WARN]: [MaterialCompat] Material page 19 upload failed: 9 layers
[08:55:20] [RadSER Material Residency Upload/INFO]: [MaterialCompat] Material page upload: 0 materials across 0 pages, 0 deferred
[08:55:20] [RadSER Material Residency Upload/INFO]: [MaterialCompat] Runtime material residency complete for generation 1: 0 materials resident, tableUploaded=false, totalMs=15.04
[08:55:20] [RadSER Material Residency Upload/INFO]: [MaterialCompat] Residency updated descriptor/material-table state only; chunk rebuild skipped for generation 1
[08:55:20] [RadSER Material Residency Upload/INFO]: [MaterialCompat] Material page upload starting: 12 candidate materials, layerSize=128, pageCapacity=512, pageBudget=120, decodeThreads=4, generation=1, visibleOnly=true
[08:55:20] [RadSER Material Residency Upload/WARN]: [MaterialCompat] Material page 19 upload failed: 12 layers
[08:55:20] [RadSER Material Residency Upload/INFO]: [MaterialCompat] Material page upload: 0 materials across 0 pages, 0 deferred
[08:55:20] [RadSER Material Residency Upload/INFO]: [MaterialCompat] Runtime material residency complete for generation 1: 0 materials resident, tableUploaded=false, totalMs=14.72
[08:55:20] [RadSER Material Residency Upload/INFO]: [MaterialCompat] Residency updated descriptor/material-table state only; chunk rebuild skipped for generation 1
[08:55:20] [RadSER Material Residency Upload/INFO]: [MaterialCompat] Material page upload starting: 15 candidate materials, layerSize=128, pageCapacity=512, pageBudget=120, decodeThreads=4, generation=1, visibleOnly=true
[08:55:20] [RadSER Material Residency Upload/WARN]: [MaterialCompat] Material page 19 upload failed: 15 layers
[08:55:20] [RadSER Material Residency Upload/INFO]: [MaterialCompat] Material page upload: 0 materials across 0 pages, 0 deferred
[08:55:20] [RadSER Material Residency Upload/INFO]: [MaterialCompat] Runtime material residency complete for generation 1: 0 materials resident, tableUploaded=false, totalMs=15.94
[08:55:20] [RadSER Material Residency Upload/INFO]: [MaterialCompat] Residency updated descriptor/material-table state only; chunk rebuild skipped for generation 1
[08:55:20] [RadSER Material Residency Upload/INFO]: [MaterialCompat] Material page upload starting: 15 candidate materials, layerSize=128, pageCapacity=512, pageBudget=120, decodeThreads=4, generation=1, visibleOnly=true
[08:55:20] [RadSER Material Residency Upload/WARN]: [MaterialCompat] Material page 19 upload failed: 15 layers
[08:55:20] [RadSER Material Residency Upload/INFO]: [MaterialCompat] Material page upload: 0 materials across 0 pages, 0 deferred
[08:55:20] [RadSER Material Residency Upload/INFO]: [MaterialCompat] Runtime material residency complete for generation 1: 0 materials resident, tableUploaded=false, totalMs=17.65
[08:55:20] [RadSER Material Residency Upload/INFO]: [MaterialCompat] Residency updated descriptor/material-table state only; chunk rebuild skipped for generation 1
[08:55:20] [RadSER Material Residency Upload/INFO]: [MaterialCompat] Material page upload starting: 10 candidate materials, layerSize=128, pageCapacity=512, pageBudget=120, decodeThreads=4, generation=1, visibleOnly=true
[08:55:20] [RadSER Material Residency Upload/WARN]: [MaterialCompat] Material page 19 upload failed: 10 layers
[08:55:20] [RadSER Material Residency Upload/INFO]: [MaterialCompat] Material page upload: 0 materials across 0 pages, 0 deferred
[08:55:20] [RadSER Material Residency Upload/INFO]: [MaterialCompat] Runtime material residency complete for generation 1: 0 materials resident, tableUploaded=false, totalMs=15.36
[08:55:20] [RadSER Material Residency Upload/INFO]: [MaterialCompat] Residency updated descriptor/material-table state only; chunk rebuild skipped for generation 1
[08:55:20] [RadSER Material Residency Upload/INFO]: [MaterialCompat] Material page upload starting: 9 candidate materials, layerSize=128, pageCapacity=512, pageBudget=120, decodeThreads=4, generation=1, visibleOnly=true
[08:55:20] [RadSER Material Residency Upload/WARN]: [MaterialCompat] Material page 19 upload failed: 9 layers
[08:55:20] [RadSER Material Residency Upload/INFO]: [MaterialCompat] Material page upload: 0 materials across 0 pages, 0 deferred
[08:55:20] [RadSER Material Residency Upload/INFO]: [MaterialCompat] Runtime material residency complete for generation 1: 0 materials resident, tableUploaded=false, totalMs=14.65
[08:55:20] [RadSER Material Residency Upload/INFO]: [MaterialCompat] Residency updated descriptor/material-table state only; chunk rebuild skipped for generation 1
[08:55:20] [RadSER Material Residency Upload/INFO]: [MaterialCompat] Material page upload starting: 14 candidate materials, layerSize=128, pageCapacity=512, pageBudget=120, decodeThreads=4, generation=1, visibleOnly=true
[08:55:20] [Render thread/INFO]: [STDOUT]: [JAVA] setupTerrain=0.01 entities=0.39 blockEntities=0.02 particles=0.00 weather=0.00 chunkRebuild=0.01 other=0.16 TOTAL=0.60 rebuildQueue=96
[08:55:21] [RadSER Material Residency Upload/WARN]: [MaterialCompat] Material page 19 upload failed: 14 layers
[08:55:21] [RadSER Material Residency Upload/INFO]: [MaterialCompat] Material page upload: 0 materials across 0 pages, 0 deferred
[08:55:21] [RadSER Material Residency Upload/INFO]: [MaterialCompat] Runtime material residency complete for generation 1: 0 materials resident, tableUploaded=false, totalMs=359.94
[08:55:21] [RadSER Material Residency Upload/INFO]: [MaterialCompat] Residency updated descriptor/material-table state only; chunk rebuild skipped for generation 1
[08:55:21] [RadSER Material Residency Upload/INFO]: [MaterialCompat] Material page upload starting: 4 candidate materials, layerSize=128, pageCapacity=512, pageBudget=120, decodeThreads=4, generation=1, visibleOnly=true
[08:55:21] [RadSER Material Residency Upload/WARN]: [MaterialCompat] Material page 19 upload failed: 4 layers
[08:55:21] [RadSER Material Residency Upload/INFO]: [MaterialCompat] Material page upload: 0 materials across 0 pages, 0 deferred
[08:55:21] [RadSER Material Residency Upload/INFO]: [MaterialCompat] Runtime material residency complete for generation 1: 0 materials resident, tableUploaded=false, totalMs=17.72
[08:55:21] [RadSER Material Residency Upload/INFO]: [MaterialCompat] Residency updated descriptor/material-table state only; chunk rebuild skipped for generation 1
[08:55:21] [RadSER Material Residency Upload/INFO]: [MaterialCompat] Material page upload starting: 3 candidate materials, layerSize=128, pageCapacity=512, pageBudget=120, decodeThreads=4, generation=1, visibleOnly=true
[08:55:21] [RadSER Material Residency Upload/WARN]: [MaterialCompat] Material page 19 upload failed: 3 layers
[08:55:21] [RadSER Material Residency Upload/INFO]: [MaterialCompat] Material page upload: 0 materials across 0 pages, 0 deferred
[08:55:21] [RadSER Material Residency Upload/INFO]: [MaterialCompat] Runtime material residency complete for generation 1: 0 materials resident, tableUploaded=false, totalMs=14.99
[08:55:21] [RadSER Material Residency Upload/INFO]: [MaterialCompat] Residency updated descriptor/material-table state only; chunk rebuild skipped for generation 1
[08:55:21] [RadSER Material Residency Upload/INFO]: [MaterialCompat] Material page upload starting: 6 candidate materials, layerSize=128, pageCapacity=512, pageBudget=120, decodeThreads=4, generation=1, visibleOnly=true
[08:55:21] [RadSER Material Residency Upload/WARN]: [MaterialCompat] Material page 19 upload failed: 6 layers
[08:55:21] [RadSER Material Residency Upload/INFO]: [MaterialCompat] Material page upload: 0 materials across 0 pages, 0 deferred
[08:55:21] [RadSER Material Residency Upload/INFO]: [MaterialCompat] Runtime material residency complete for generation 1: 0 materials resident, tableUploaded=false, totalMs=15.47
[08:55:21] [RadSER Material Residency Upload/INFO]: [MaterialCompat] Residency updated descriptor/material-table state only; chunk rebuild skipped for generation 1
[08:55:21] [RadSER Material Residency Upload/INFO]: [MaterialCompat] Material page upload starting: 4 candidate materials, layerSize=128, pageCapacity=512, pageBudget=120, decodeThreads=4, generation=1, visibleOnly=true
[08:55:21] [RadSER Material Residency Upload/WARN]: [MaterialCompat] Material page 19 upload failed: 4 layers
[08:55:21] [RadSER Material Residency Upload/INFO]: [MaterialCompat] Material page upload: 0 materials across 0 pages, 0 deferred
[08:55:21] [RadSER Material Residency Upload/INFO]: [MaterialCompat] Runtime material residency complete for generation 1: 0 materials resident, tableUploaded=false, totalMs=15.29
[08:55:21] [RadSER Material Residency Upload/INFO]: [MaterialCompat] Residency updated descriptor/material-table state only; chunk rebuild skipped for generation 1
[08:55:21] [RadSER Material Residency Upload/INFO]: [MaterialCompat] Material page upload starting: 4 candidate materials, layerSize=128, pageCapacity=512, pageBudget=120, decodeThreads=4, generation=1, visibleOnly=true
[08:55:21] [RadSER Material Residency Upload/WARN]: [MaterialCompat] Material page 19 upload failed: 4 layers
[08:55:21] [RadSER Material Residency Upload/INFO]: [MaterialCompat] Material page upload: 0 materials across 0 pages, 0 deferred
[08:55:21] [RadSER Material Residency Upload/INFO]: [MaterialCompat] Runtime material residency complete for generation 1: 0 materials resident, tableUploaded=false, totalMs=16.10
[08:55:21] [RadSER Material Residency Upload/INFO]: [MaterialCompat] Residency updated descriptor/material-table state only; chunk rebuild skipped for generation 1
[08:55:21] [RadSER Material Residency Upload/INFO]: [MaterialCompat] Material page upload starting: 6 candidate materials, layerSize=128, pageCapacity=512, pageBudget=120, decodeThreads=4, generation=1, visibleOnly=true
[08:55:21] [RadSER Material Residency Upload/WARN]: [MaterialCompat] Material page 19 upload failed: 6 layers
[08:55:21] [RadSER Material Residency Upload/INFO]: [MaterialCompat] Material page upload: 0 materials across 0 pages, 0 deferred
[08:55:21] [RadSER Material Residency Upload/INFO]: [MaterialCompat] Runtime material residency complete for generation 1: 0 materials resident, tableUploaded=false, totalMs=14.61
[08:55:21] [RadSER Material Residency Upload/INFO]: [MaterialCompat] Residency updated descriptor/material-table state only; chunk rebuild skipped for generation 1
[08:55:21] [RadSER Material Residency Upload/INFO]: [MaterialCompat] Material page upload starting: 6 candidate materials, layerSize=128, pageCapacity=512, pageBudget=120, decodeThreads=4, generation=1, visibleOnly=true
[08:55:21] [RadSER Material Residency Upload/WARN]: [MaterialCompat] Material page 19 upload failed: 6 layers
[08:55:21] [RadSER Material Residency Upload/INFO]: [MaterialCompat] Material page upload: 0 materials across 0 pages, 0 deferred
[08:55:21] [RadSER Material Residency Upload/INFO]: [MaterialCompat] Runtime material residency complete for generation 1: 0 materials resident, tableUploaded=false, totalMs=15.07
[08:55:21] [RadSER Material Residency Upload/INFO]: [MaterialCompat] Residency updated descriptor/material-table state only; chunk rebuild skipped for generation 1
[08:55:21] [RadSER Material Residency Upload/INFO]: [MaterialCompat] Material page upload starting: 1 candidate materials, layerSize=128, pageCapacity=512, pageBudget=120, decodeThreads=4, generation=1, visibleOnly=true
[08:55:21] [RadSER Material Residency Upload/WARN]: [MaterialCompat] Material page 19 upload failed: 1 layers
[08:55:21] [RadSER Material Residency Upload/INFO]: [MaterialCompat] Material page upload: 0 materials across 0 pages, 0 deferred
[08:55:21] [RadSER Material Residency Upload/INFO]: [MaterialCompat] Runtime material residency complete for generation 1: 0 materials resident, tableUploaded=false, totalMs=12.14
[08:55:21] [RadSER Material Residency Upload/INFO]: [MaterialCompat] Residency updated descriptor/material-table state only; chunk rebuild skipped for generation 1
[08:55:21] [RadSER Material Residency Upload/INFO]: [MaterialCompat] Material page upload starting: 6 candidate materials, layerSize=128, pageCapacity=512, pageBudget=120, decodeThreads=4, generation=1, visibleOnly=true
[08:55:21] [RadSER Material Residency Upload/WARN]: [MaterialCompat] Material page 19 upload failed: 6 layers
[08:55:21] [RadSER Material Residency Upload/INFO]: [MaterialCompat] Material page upload: 0 materials across 0 pages, 0 deferred
[08:55:21] [RadSER Material Residency Upload/INFO]: [MaterialCompat] Runtime material residency complete for generation 1: 0 materials resident, tableUploaded=false, totalMs=11.35
[08:55:21] [RadSER Material Residency Upload/INFO]: [MaterialCompat] Residency updated descriptor/material-table state only; chunk rebuild skipped for generation 1
[08:55:21] [RadSER Material Residency Upload/INFO]: [MaterialCompat] Material page upload starting: 6 candidate materials, layerSize=128, pageCapacity=512, pageBudget=120, decodeThreads=4, generation=1, visibleOnly=true
[08:55:21] [RadSER Material Residency Upload/WARN]: [MaterialCompat] Material page 19 upload failed: 6 layers
[08:55:21] [RadSER Material Residency Upload/INFO]: [MaterialCompat] Material page upload: 0 materials across 0 pages, 0 deferred
[08:55:21] [RadSER Material Residency Upload/INFO]: [MaterialCompat] Runtime material residency complete for generation 1: 0 materials resident, tableUploaded=false, totalMs=14.29
[08:55:21] [RadSER Material Residency Upload/INFO]: [MaterialCompat] Residency updated descriptor/material-table state only; chunk rebuild skipped for generation 1
[08:55:21] [RadSER Material Residency Upload/INFO]: [MaterialCompat] Material page upload starting: 1 candidate materials, layerSize=128, pageCapacity=512, pageBudget=120, decodeThreads=4, generation=1, visibleOnly=true
[08:55:21] [RadSER Material Residency Upload/WARN]: [MaterialCompat] Material page 19 upload failed: 1 layers
[08:55:21] [RadSER Material Residency Upload/INFO]: [MaterialCompat] Material page upload: 0 materials across 0 pages, 0 deferred
[08:55:21] [RadSER Material Residency Upload/INFO]: [MaterialCompat] Runtime material residency complete for generation 1: 0 materials resident, tableUploaded=false, totalMs=13.09
[08:55:21] [RadSER Material Residency Upload/INFO]: [MaterialCompat] Residency updated descriptor/material-table state only; chunk rebuild skipped for generation 1
[08:55:21] [RadSER Material Residency Upload/INFO]: [MaterialCompat] Material page upload starting: 6 candidate materials, layerSize=128, pageCapacity=512, pageBudget=120, decodeThreads=4, generation=1, visibleOnly=true
[08:55:21] [RadSER Material Residency Upload/WARN]: [MaterialCompat] Material page 19 upload failed: 6 layers
[08:55:21] [RadSER Material Residency Upload/INFO]: [MaterialCompat] Material page upload: 0 materials across 0 pages, 0 deferred
[08:55:21] [RadSER Material Residency Upload/INFO]: [MaterialCompat] Runtime material residency complete for generation 1: 0 materials resident, tableUploaded=false, totalMs=14.57
[08:55:21] [RadSER Material Residency Upload/INFO]: [MaterialCompat] Residency updated descriptor/material-table state only; chunk rebuild skipped for generation 1
[08:55:21] [RadSER Material Residency Upload/INFO]: [MaterialCompat] Material page upload starting: 6 candidate materials, layerSize=128, pageCapacity=512, pageBudget=120, decodeThreads=4, generation=1, visibleOnly=true
[08:55:21] [RadSER Material Residency Upload/WARN]: [MaterialCompat] Material page 19 upload failed: 6 layers
[08:55:21] [RadSER Material Residency Upload/INFO]: [MaterialCompat] Material page upload: 0 materials across 0 pages, 0 deferred
[08:55:21] [RadSER Material Residency Upload/INFO]: [MaterialCompat] Runtime material residency complete for generation 1: 0 materials resident, tableUploaded=false, totalMs=14.59
[08:55:21] [RadSER Material Residency Upload/INFO]: [MaterialCompat] Residency updated descriptor/material-table state only; chunk rebuild skipped for generation 1
[08:55:21] [RadSER Material Residency Upload/INFO]: [MaterialCompat] Material page upload starting: 6 candidate materials, layerSize=128, pageCapacity=512, pageBudget=120, decodeThreads=4, generation=1, visibleOnly=true
[08:55:21] [RadSER Material Residency Upload/WARN]: [MaterialCompat] Material page 20 upload failed: 6 layers
[08:55:21] [RadSER Material Residency Upload/INFO]: [MaterialCompat] Material page upload: 0 materials across 0 pages, 0 deferred
[08:55:21] [RadSER Material Residency Upload/INFO]: [MaterialCompat] Runtime material residency complete for generation 1: 0 materials resident, tableUploaded=false, totalMs=15.22
[08:55:21] [RadSER Material Residency Upload/INFO]: [MaterialCompat] Residency updated descriptor/material-table state only; chunk rebuild skipped for generation 1
[08:55:21] [Render thread/INFO]: [STDOUT]: [JAVA] setupTerrain=0.01 entities=0.38 blockEntities=0.02 particles=0.00 weather=0.00 chunkRebuild=0.01 other=0.15 TOTAL=0.57 rebuildQueue=96
[08:55:21] [RadSER Material Residency Upload/INFO]: [MaterialCompat] Material page upload starting: 11 candidate materials, layerSize=128, pageCapacity=512, pageBudget=120, decodeThreads=4, generation=1, visibleOnly=true
[08:55:21] [RadSER Material Residency Upload/WARN]: [MaterialCompat] Material page 20 upload failed: 11 layers
[08:55:21] [RadSER Material Residency Upload/INFO]: [MaterialCompat] Material page upload: 0 materials across 0 pages, 0 deferred
[08:55:21] [RadSER Material Residency Upload/INFO]: [MaterialCompat] Runtime material residency complete for generation 1: 0 materials resident, tableUploaded=false, totalMs=13.23
[08:55:21] [RadSER Material Residency Upload/INFO]: [MaterialCompat] Residency updated descriptor/material-table state only; chunk rebuild skipped for generation 1
[08:55:21] [RadSER Material Residency Upload/INFO]: [MaterialCompat] Material page upload starting: 8 candidate materials, layerSize=128, pageCapacity=512, pageBudget=120, decodeThreads=4, generation=1, visibleOnly=true
[08:55:21] [RadSER Material Residency Upload/WARN]: [MaterialCompat] Material page 20 upload failed: 8 layers
[08:55:21] [RadSER Material Residency Upload/INFO]: [MaterialCompat] Material page upload: 0 materials across 0 pages, 0 deferred
[08:55:21] [RadSER Material Residency Upload/INFO]: [MaterialCompat] Runtime material residency complete for generation 1: 0 materials resident, tableUploaded=false, totalMs=14.92
[08:55:21] [RadSER Material Residency Upload/INFO]: [MaterialCompat] Residency updated descriptor/material-table state only; chunk rebuild skipped for generation 1
[08:55:21] [RadSER Material Residency Upload/INFO]: [MaterialCompat] Material page upload starting: 6 candidate materials, layerSize=128, pageCapacity=512, pageBudget=120, decodeThreads=4, generation=1, visibleOnly=true
[08:55:21] [RadSER Material Residency Upload/WARN]: [MaterialCompat] Material page 20 upload failed: 6 layers
[08:55:21] [RadSER Material Residency Upload/INFO]: [MaterialCompat] Material page upload: 0 materials across 0 pages, 0 deferred
[08:55:21] [RadSER Material Residency Upload/INFO]: [MaterialCompat] Runtime material residency complete for generation 1: 0 materials resident, tableUploaded=false, totalMs=14.42
[08:55:21] [RadSER Material Residency Upload/INFO]: [MaterialCompat] Residency updated descriptor/material-table state only; chunk rebuild skipped for generation 1
[08:55:22] [RadSER Material Residency Upload/INFO]: [MaterialCompat] Material page upload starting: 6 candidate materials, layerSize=128, pageCapacity=512, pageBudget=120, decodeThreads=4, generation=1, visibleOnly=true
[08:55:22] [RadSER Material Residency Upload/WARN]: [MaterialCompat] Material page 20 upload failed: 6 layers
[08:55:22] [RadSER Material Residency Upload/INFO]: [MaterialCompat] Material page upload: 0 materials across 0 pages, 0 deferred
[08:55:22] [RadSER Material Residency Upload/INFO]: [MaterialCompat] Runtime material residency complete for generation 1: 0 materials resident, tableUploaded=false, totalMs=22.19
[08:55:22] [RadSER Material Residency Upload/INFO]: [MaterialCompat] Residency updated descriptor/material-table state only; chunk rebuild skipped for generation 1
[08:55:22] [RadSER Material Residency Upload/INFO]: [MaterialCompat] Material page upload starting: 4 candidate materials, layerSize=128, pageCapacity=512, pageBudget=120, decodeThreads=4, generation=1, visibleOnly=true
[08:55:22] [RadSER Material Residency Upload/WARN]: [MaterialCompat] Material page 20 upload failed: 4 layers
[08:55:22] [RadSER Material Residency Upload/INFO]: [MaterialCompat] Material page upload: 0 materials across 0 pages, 0 deferred
[08:55:22] [RadSER Material Residency Upload/INFO]: [MaterialCompat] Runtime material residency complete for generation 1: 0 materials resident, tableUploaded=false, totalMs=16.45
[08:55:22] [RadSER Material Residency Upload/INFO]: [MaterialCompat] Residency updated descriptor/material-table state only; chunk rebuild skipped for generation 1
[08:55:22] [RadSER Material Residency Upload/INFO]: [MaterialCompat] Material page upload starting: 4 candidate materials, layerSize=128, pageCapacity=512, pageBudget=120, decodeThreads=4, generation=1, visibleOnly=true
[08:55:22] [RadSER Material Residency Upload/WARN]: [MaterialCompat] Material page 20 upload failed: 4 layers
[08:55:22] [RadSER Material Residency Upload/INFO]: [MaterialCompat] Material page upload: 0 materials across 0 pages, 0 deferred
[08:55:22] [RadSER Material Residency Upload/INFO]: [MaterialCompat] Runtime material residency complete for generation 1: 0 materials resident, tableUploaded=false, totalMs=16.41
[08:55:22] [RadSER Material Residency Upload/INFO]: [MaterialCompat] Residency updated descriptor/material-table state only; chunk rebuild skipped for generation 1
[08:55:22] [RadSER Material Residency Upload/INFO]: [MaterialCompat] Material page upload starting: 4 candidate materials, layerSize=128, pageCapacity=512, pageBudget=120, decodeThreads=4, generation=1, visibleOnly=true
[08:55:22] [RadSER Material Residency Upload/WARN]: [MaterialCompat] Material page 20 upload failed: 4 layers
[08:55:22] [RadSER Material Residency Upload/INFO]: [MaterialCompat] Material page upload: 0 materials across 0 pages, 0 deferred
[08:55:22] [RadSER Material Residency Upload/INFO]: [MaterialCompat] Runtime material residency complete for generation 1: 0 materials resident, tableUploaded=false, totalMs=15.42
[08:55:22] [RadSER Material Residency Upload/INFO]: [MaterialCompat] Residency updated descriptor/material-table state only; chunk rebuild skipped for generation 1
[08:55:22] [RadSER Material Residency Upload/INFO]: [MaterialCompat] Runtime material residency complete for generation 1: 0 materials resident, tableUploaded=false, totalMs=10.16
[08:55:22] [RadSER Material Residency Upload/INFO]: [MaterialCompat] Residency updated descriptor/material-table state only; chunk rebuild skipped for generation 1
[08:55:22] [RadSER Material Residency Upload/INFO]: [MaterialCompat] Material page upload starting: 4 candidate materials, layerSize=128, pageCapacity=512, pageBudget=120, decodeThreads=4, generation=1, visibleOnly=true
[08:55:22] [RadSER Material Residency Upload/WARN]: [MaterialCompat] Material page 20 upload failed: 4 layers
[08:55:22] [RadSER Material Residency Upload/INFO]: [MaterialCompat] Material page upload: 0 materials across 0 pages, 0 deferred
[08:55:22] [RadSER Material Residency Upload/INFO]: [MaterialCompat] Runtime material residency complete for generation 1: 0 materials resident, tableUploaded=false, totalMs=13.61
[08:55:22] [RadSER Material Residency Upload/INFO]: [MaterialCompat] Residency updated descriptor/material-table state only; chunk rebuild skipped for generation 1
[08:55:22] [RadSER Material Residency Upload/INFO]: [MaterialCompat] Runtime material residency complete for generation 1: 0 materials resident, tableUploaded=false, totalMs=9.06
[08:55:22] [RadSER Material Residency Upload/INFO]: [MaterialCompat] Residency updated descriptor/material-table state only; chunk rebuild skipped for generation 1
[08:55:22] [RadSER Material Residency Upload/INFO]: [MaterialCompat] Material page upload starting: 4 candidate materials, layerSize=128, pageCapacity=512, pageBudget=120, decodeThreads=4, generation=1, visibleOnly=true
[08:55:22] [RadSER Material Residency Upload/WARN]: [MaterialCompat] Material page 20 upload failed: 4 layers
[08:55:22] [RadSER Material Residency Upload/INFO]: [MaterialCompat] Material page upload: 0 materials across 0 pages, 0 deferred
[08:55:22] [RadSER Material Residency Upload/INFO]: [MaterialCompat] Runtime material residency complete for generation 1: 0 materials resident, tableUploaded=false, totalMs=13.41
[08:55:22] [RadSER Material Residency Upload/INFO]: [MaterialCompat] Residency updated descriptor/material-table state only; chunk rebuild skipped for generation 1
[08:55:22] [RadSER Material Residency Upload/INFO]: [MaterialCompat] Material page upload starting: 4 candidate materials, layerSize=128, pageCapacity=512, pageBudget=120, decodeThreads=4, generation=1, visibleOnly=true
[08:55:22] [RadSER Material Residency Upload/WARN]: [MaterialCompat] Material page 20 upload failed: 4 layers
[08:55:22] [RadSER Material Residency Upload/INFO]: [MaterialCompat] Material page upload: 0 materials across 0 pages, 0 deferred
[08:55:22] [RadSER Material Residency Upload/INFO]: [MaterialCompat] Runtime material residency complete for generation 1: 0 materials resident, tableUploaded=false, totalMs=17.09
[08:55:22] [RadSER Material Residency Upload/INFO]: [MaterialCompat] Residency updated descriptor/material-table state only; chunk rebuild skipped for generation 1
[08:55:22] [RadSER Material Residency Upload/INFO]: [MaterialCompat] Material page upload starting: 4 candidate materials, layerSize=128, pageCapacity=512, pageBudget=120, decodeThreads=4, generation=1, visibleOnly=true
[08:55:22] [RadSER Material Residency Upload/WARN]: [MaterialCompat] Material page 20 upload failed: 4 layers
[08:55:22] [RadSER Material Residency Upload/INFO]: [MaterialCompat] Material page upload: 0 materials across 0 pages, 0 deferred
[08:55:22] [RadSER Material Residency Upload/INFO]: [MaterialCompat] Runtime material residency complete for generation 1: 0 materials resident, tableUploaded=false, totalMs=13.06
[08:55:22] [RadSER Material Residency Upload/INFO]: [MaterialCompat] Residency updated descriptor/material-table state only; chunk rebuild skipped for generation 1
[08:55:22] [RadSER Material Residency Upload/INFO]: [MaterialCompat] Runtime material residency complete for generation 1: 0 materials resident, tableUploaded=false, totalMs=8.88
[08:55:22] [RadSER Material Residency Upload/INFO]: [MaterialCompat] Residency updated descriptor/material-table state only; chunk rebuild skipped for generation 1
[08:55:22] [RadSER Material Residency Upload/INFO]: [MaterialCompat] Material page upload starting: 6 candidate materials, layerSize=128, pageCapacity=512, pageBudget=120, decodeThreads=4, generation=1, visibleOnly=true
[08:55:22] [RadSER Material Residency Upload/WARN]: [MaterialCompat] Material page 20 upload failed: 6 layers
[08:55:22] [RadSER Material Residency Upload/INFO]: [MaterialCompat] Material page upload: 0 materials across 0 pages, 0 deferred
[08:55:22] [RadSER Material Residency Upload/INFO]: [MaterialCompat] Runtime material residency complete for generation 1: 0 materials resident, tableUploaded=false, totalMs=13.88
[08:55:22] [RadSER Material Residency Upload/INFO]: [MaterialCompat] Residency updated descriptor/material-table state only; chunk rebuild skipped for generation 1
[08:55:22] [RadSER Material Residency Upload/INFO]: [MaterialCompat] Material page upload starting: 6 candidate materials, layerSize=128, pageCapacity=512, pageBudget=120, decodeThreads=4, generation=1, visibleOnly=true
[08:55:22] [RadSER Material Residency Upload/WARN]: [MaterialCompat] Material page 20 upload failed: 6 layers
[08:55:22] [RadSER Material Residency Upload/INFO]: [MaterialCompat] Material page upload: 0 materials across 0 pages, 0 deferred
[08:55:22] [Render thread/INFO]: [STDOUT]: [JAVA] setupTerrain=0.01 entities=0.37 blockEntities=0.02 particles=0.00 weather=0.00 chunkRebuild=0.01 other=0.15 TOTAL=0.57 rebuildQueue=96
[08:55:22] [RadSER Material Residency Upload/INFO]: [MaterialCompat] Runtime material residency complete for generation 1: 0 materials resident, tableUploaded=false, totalMs=12.56
[08:55:22] [RadSER Material Residency Upload/INFO]: [MaterialCompat] Residency updated descriptor/material-table state only; chunk rebuild skipped for generation 1
[08:55:22] [RadSER Material Residency Upload/INFO]: [MaterialCompat] Material page upload starting: 2 candidate materials, layerSize=128, pageCapacity=512, pageBudget=120, decodeThreads=4, generation=1, visibleOnly=true
[08:55:22] [RadSER Material Residency Upload/WARN]: [MaterialCompat] Material page 20 upload failed: 2 layers
[08:55:22] [RadSER Material Residency Upload/INFO]: [MaterialCompat] Material page upload: 0 materials across 0 pages, 0 deferred
[08:55:22] [RadSER Material Residency Upload/INFO]: [MaterialCompat] Runtime material residency complete for generation 1: 0 materials resident, tableUploaded=false, totalMs=12.38
[08:55:22] [RadSER Material Residency Upload/INFO]: [MaterialCompat] Residency updated descriptor/material-table state only; chunk rebuild skipped for generation 1
[08:55:22] [RadSER Material Residency Upload/INFO]: [MaterialCompat] Material page upload starting: 6 candidate materials, layerSize=128, pageCapacity=512, pageBudget=120, decodeThreads=4, generation=1, visibleOnly=true
[08:55:22] [RadSER Material Residency Upload/WARN]: [MaterialCompat] Material page 20 upload failed: 6 layers
[08:55:22] [RadSER Material Residency Upload/INFO]: [MaterialCompat] Material page upload: 0 materials across 0 pages, 0 deferred
[08:55:22] [RadSER Material Residency Upload/INFO]: [MaterialCompat] Runtime material residency complete for generation 1: 0 materials resident, tableUploaded=false, totalMs=14.52
[08:55:22] [RadSER Material Residency Upload/INFO]: [MaterialCompat] Residency updated descriptor/material-table state only; chunk rebuild skipped for generation 1
[08:55:22] [RadSER Material Residency Upload/INFO]: [MaterialCompat] Material page upload starting: 8 candidate materials, layerSize=128, pageCapacity=512, pageBudget=120, decodeThreads=4, generation=1, visibleOnly=true
[08:55:22] [RadSER Material Residency Upload/WARN]: [MaterialCompat] Material page 20 upload failed: 8 layers
[08:55:22] [RadSER Material Residency Upload/INFO]: [MaterialCompat] Material page upload: 0 materials across 0 pages, 0 deferred
[08:55:22] [RadSER Material Residency Upload/INFO]: [MaterialCompat] Runtime material residency complete for generation 1: 0 materials resident, tableUploaded=false, totalMs=16.56
[08:55:22] [RadSER Material Residency Upload/INFO]: [MaterialCompat] Residency updated descriptor/material-table state only; chunk rebuild skipped for generation 1
[08:55:22] [RadSER Material Residency Upload/INFO]: [MaterialCompat] Material page upload starting: 6 candidate materials, layerSize=128, pageCapacity=512, pageBudget=120, decodeThreads=4, generation=1, visibleOnly=true
[08:55:22] [RadSER Material Residency Upload/WARN]: [MaterialCompat] Material page 20 upload failed: 6 layers
[08:55:22] [RadSER Material Residency Upload/INFO]: [MaterialCompat] Material page upload: 0 materials across 0 pages, 0 deferred
[08:55:22] [RadSER Material Residency Upload/INFO]: [MaterialCompat] Runtime material residency complete for generation 1: 0 materials resident, tableUploaded=false, totalMs=15.10
[08:55:22] [RadSER Material Residency Upload/INFO]: [MaterialCompat] Residency updated descriptor/material-table state only; chunk rebuild skipped for generation 1
[08:55:22] [RadSER Material Residency Upload/INFO]: [MaterialCompat] Material page upload starting: 3 candidate materials, layerSize=128, pageCapacity=512, pageBudget=120, decodeThreads=4, generation=1, visibleOnly=true
[08:55:22] [RadSER Material Residency Upload/WARN]: [MaterialCompat] Material page 20 upload failed: 3 layers
[08:55:22] [RadSER Material Residency Upload/INFO]: [MaterialCompat] Material page upload: 0 materials across 0 pages, 0 deferred
[08:55:22] [RadSER Material Residency Upload/INFO]: [MaterialCompat] Runtime material residency complete for generation 1: 0 materials resident, tableUploaded=false, totalMs=12.27
[08:55:22] [RadSER Material Residency Upload/INFO]: [MaterialCompat] Residency updated descriptor/material-table state only; chunk rebuild skipped for generation 1
[08:55:22] [RadSER Material Residency Upload/INFO]: [MaterialCompat] Material page upload starting: 8 candidate materials, layerSize=128, pageCapacity=512, pageBudget=120, decodeThreads=4, generation=1, visibleOnly=true
[08:55:22] [RadSER Material Residency Upload/WARN]: [MaterialCompat] Material page 20 upload failed: 8 layers
[08:55:22] [RadSER Material Residency Upload/INFO]: [MaterialCompat] Material page upload: 0 materials across 0 pages, 0 deferred
[08:55:22] [RadSER Material Residency Upload/INFO]: [MaterialCompat] Runtime material residency complete for generation 1: 0 materials resident, tableUploaded=false, totalMs=15.31
[08:55:22] [RadSER Material Residency Upload/INFO]: [MaterialCompat] Residency updated descriptor/material-table state only; chunk rebuild skipped for generation 1
[08:55:22] [RadSER Material Residency Upload/INFO]: [MaterialCompat] Material page upload starting: 8 candidate materials, layerSize=128, pageCapacity=512, pageBudget=120, decodeThreads=4, generation=1, visibleOnly=true
[08:55:22] [RadSER Material Residency Upload/WARN]: [MaterialCompat] Material page 20 upload failed: 8 layers
[08:55:22] [RadSER Material Residency Upload/INFO]: [MaterialCompat] Material page upload: 0 materials across 0 pages, 0 deferred
[08:55:22] [RadSER Material Residency Upload/INFO]: [MaterialCompat] Runtime material residency complete for generation 1: 0 materials resident, tableUploaded=false, totalMs=15.00
[08:55:22] [RadSER Material Residency Upload/INFO]: [MaterialCompat] Residency updated descriptor/material-table state only; chunk rebuild skipped for generation 1
[08:55:23] [RadSER Material Residency Upload/INFO]: [MaterialCompat] Material page upload starting: 6 candidate materials, layerSize=128, pageCapacity=512, pageBudget=120, decodeThreads=4, generation=1, visibleOnly=true
[08:55:23] [RadSER Material Residency Upload/WARN]: [MaterialCompat] Material page 20 upload failed: 6 layers
[08:55:23] [RadSER Material Residency Upload/INFO]: [MaterialCompat] Material page upload: 0 materials across 0 pages, 0 deferred
[08:55:23] [RadSER Material Residency Upload/INFO]: [MaterialCompat] Runtime material residency complete for generation 1: 0 materials resident, tableUploaded=false, totalMs=13.26
[08:55:23] [RadSER Material Residency Upload/INFO]: [MaterialCompat] Residency updated descriptor/material-table state only; chunk rebuild skipped for generation 1
[08:55:23] [RadSER Material Residency Upload/INFO]: [MaterialCompat] Material page upload starting: 6 candidate materials, layerSize=128, pageCapacity=512, pageBudget=120, decodeThreads=4, generation=1, visibleOnly=true
[08:55:23] [RadSER Material Residency Upload/WARN]: [MaterialCompat] Material page 20 upload failed: 6 layers
[08:55:23] [RadSER Material Residency Upload/INFO]: [MaterialCompat] Material page upload: 0 materials across 0 pages, 0 deferred
[08:55:23] [RadSER Material Residency Upload/INFO]: [MaterialCompat] Runtime material residency complete for generation 1: 0 materials resident, tableUploaded=false, totalMs=15.92
[08:55:23] [RadSER Material Residency Upload/INFO]: [MaterialCompat] Residency updated descriptor/material-table state only; chunk rebuild skipped for generation 1
[08:55:23] [RadSER Material Residency Upload/INFO]: [MaterialCompat] Runtime material residency complete for generation 1: 0 materials resident, tableUploaded=false, totalMs=9.20
[08:55:23] [RadSER Material Residency Upload/INFO]: [MaterialCompat] Residency updated descriptor/material-table state only; chunk rebuild skipped for generation 1
[08:55:23] [RadSER Material Residency Upload/INFO]: [MaterialCompat] Material page upload starting: 9 candidate materials, layerSize=128, pageCapacity=512, pageBudget=120, decodeThreads=4, generation=1, visibleOnly=true
[08:55:23] [RadSER Material Residency Upload/WARN]: [MaterialCompat] Material page 20 upload failed: 9 layers
[08:55:23] [RadSER Material Residency Upload/INFO]: [MaterialCompat] Material page upload: 0 materials across 0 pages, 0 deferred
[08:55:23] [RadSER Material Residency Upload/INFO]: [MaterialCompat] Runtime material residency complete for generation 1: 0 materials resident, tableUploaded=false, totalMs=14.00
[08:55:23] [RadSER Material Residency Upload/INFO]: [MaterialCompat] Residency updated descriptor/material-table state only; chunk rebuild skipped for generation 1
[08:55:23] [RadSER Material Residency Upload/INFO]: [MaterialCompat] Material page upload starting: 2 candidate materials, layerSize=128, pageCapacity=512, pageBudget=120, decodeThreads=4, generation=1, visibleOnly=true
[08:55:23] [RadSER Material Residency Upload/WARN]: [MaterialCompat] Material page 20 upload failed: 2 layers
[08:55:23] [RadSER Material Residency Upload/INFO]: [MaterialCompat] Material page upload: 0 materials across 0 pages, 0 deferred
[08:55:23] [RadSER Material Residency Upload/INFO]: [MaterialCompat] Runtime material residency complete for generation 1: 0 materials resident, tableUploaded=false, totalMs=14.03
[08:55:23] [RadSER Material Residency Upload/INFO]: [MaterialCompat] Residency updated descriptor/material-table state only; chunk rebuild skipped for generation 1
[08:55:23] [RadSER Material Residency Upload/INFO]: [MaterialCompat] Material page upload starting: 6 candidate materials, layerSize=128, pageCapacity=512, pageBudget=120, decodeThreads=4, generation=1, visibleOnly=true
[08:55:23] [RadSER Material Residency Upload/WARN]: [MaterialCompat] Material page 20 upload failed: 6 layers
[08:55:23] [RadSER Material Residency Upload/INFO]: [MaterialCompat] Material page upload: 0 materials across 0 pages, 0 deferred
[08:55:23] [RadSER Material Residency Upload/INFO]: [MaterialCompat] Runtime material residency complete for generation 1: 0 materials resident, tableUploaded=false, totalMs=14.05
[08:55:23] [RadSER Material Residency Upload/INFO]: [MaterialCompat] Residency updated descriptor/material-table state only; chunk rebuild skipped for generation 1
[08:55:23] [RadSER Material Residency Upload/INFO]: [MaterialCompat] Material page upload starting: 9 candidate materials, layerSize=128, pageCapacity=512, pageBudget=120, decodeThreads=4, generation=1, visibleOnly=true
[08:55:23] [RadSER Material Residency Upload/WARN]: [MaterialCompat] Material page 20 upload failed: 9 layers
[08:55:23] [RadSER Material Residency Upload/INFO]: [MaterialCompat] Material page upload: 0 materials across 0 pages, 0 deferred
[08:55:23] [RadSER Material Residency Upload/INFO]: [MaterialCompat] Runtime material residency complete for generation 1: 0 materials resident, tableUploaded=false, totalMs=18.99
[08:55:23] [RadSER Material Residency Upload/INFO]: [MaterialCompat] Residency updated descriptor/material-table state only; chunk rebuild skipped for generation 1
[08:55:23] [RadSER Material Residency Upload/INFO]: [MaterialCompat] Material page upload starting: 6 candidate materials, layerSize=128, pageCapacity=512, pageBudget=120, decodeThreads=4, generation=1, visibleOnly=true
[08:55:23] [RadSER Material Residency Upload/WARN]: [MaterialCompat] Material page 20 upload failed: 6 layers
[08:55:23] [RadSER Material Residency Upload/INFO]: [MaterialCompat] Material page upload: 0 materials across 0 pages, 0 deferred
[08:55:23] [RadSER Material Residency Upload/INFO]: [MaterialCompat] Runtime material residency complete for generation 1: 0 materials resident, tableUploaded=false, totalMs=14.84
[08:55:23] [RadSER Material Residency Upload/INFO]: [MaterialCompat] Residency updated descriptor/material-table state only; chunk rebuild skipped for generation 1
[08:55:23] [RadSER Material Residency Upload/INFO]: [MaterialCompat] Material page upload starting: 11 candidate materials, layerSize=128, pageCapacity=512, pageBudget=120, decodeThreads=4, generation=1, visibleOnly=true
[08:55:23] [RadSER Material Residency Upload/WARN]: [MaterialCompat] Material page 20 upload failed: 11 layers
[08:55:23] [RadSER Material Residency Upload/INFO]: [MaterialCompat] Material page upload: 0 materials across 0 pages, 0 deferred
[08:55:23] [RadSER Material Residency Upload/INFO]: [MaterialCompat] Runtime material residency complete for generation 1: 0 materials resident, tableUploaded=false, totalMs=16.48
[08:55:23] [RadSER Material Residency Upload/INFO]: [MaterialCompat] Residency updated descriptor/material-table state only; chunk rebuild skipped for generation 1
[08:55:23] [Render thread/INFO]: [STDOUT]: [JAVA] setupTerrain=0.01 entities=0.38 blockEntities=0.02 particles=0.00 weather=0.00 chunkRebuild=0.01 other=0.15 TOTAL=0.57 rebuildQueue=96
[08:55:23] [RadSER Material Residency Upload/INFO]: [MaterialCompat] Material page upload starting: 12 candidate materials, layerSize=128, pageCapacity=512, pageBudget=120, decodeThreads=4, generation=1, visibleOnly=true
[08:55:23] [RadSER Material Residency Upload/WARN]: [MaterialCompat] Material page 20 upload failed: 12 layers
[08:55:23] [RadSER Material Residency Upload/INFO]: [MaterialCompat] Material page upload: 0 materials across 0 pages, 0 deferred
[08:55:23] [RadSER Material Residency Upload/INFO]: [MaterialCompat] Runtime material residency complete for generation 1: 0 materials resident, tableUploaded=false, totalMs=16.98
[08:55:23] [RadSER Material Residency Upload/INFO]: [MaterialCompat] Residency updated descriptor/material-table state only; chunk rebuild skipped for generation 1
[08:55:23] [RadSER Material Residency Upload/INFO]: [MaterialCompat] Material page upload starting: 23 candidate materials, layerSize=128, pageCapacity=512, pageBudget=120, decodeThreads=4, generation=1, visibleOnly=true
[08:55:23] [RadSER Material Residency Upload/WARN]: [MaterialCompat] Material page 20 upload failed: 23 layers
[08:55:23] [RadSER Material Residency Upload/INFO]: [MaterialCompat] Material page upload: 0 materials across 0 pages, 0 deferred
[08:55:23] [RadSER Material Residency Upload/INFO]: [MaterialCompat] Runtime material residency complete for generation 1: 0 materials resident, tableUploaded=false, totalMs=16.45
[08:55:23] [RadSER Material Residency Upload/INFO]: [MaterialCompat] Residency updated descriptor/material-table state only; chunk rebuild skipped for generation 1
[08:55:23] [RadSER Material Residency Upload/INFO]: [MaterialCompat] Material page upload starting: 8 candidate materials, layerSize=128, pageCapacity=512, pageBudget=120, decodeThreads=4, generation=1, visibleOnly=true
[08:55:23] [RadSER Material Residency Upload/WARN]: [MaterialCompat] Material page 20 upload failed: 8 layers
[08:55:23] [RadSER Material Residency Upload/INFO]: [MaterialCompat] Material page upload: 0 materials across 0 pages, 0 deferred
[08:55:23] [RadSER Material Residency Upload/INFO]: [MaterialCompat] Runtime material residency complete for generation 1: 0 materials resident, tableUploaded=false, totalMs=12.00
[08:55:23] [RadSER Material Residency Upload/INFO]: [MaterialCompat] Residency updated descriptor/material-table state only; chunk rebuild skipped for generation 1
[08:55:23] [RadSER Material Residency Upload/INFO]: [MaterialCompat] Material page upload starting: 36 candidate materials, layerSize=128, pageCapacity=512, pageBudget=120, decodeThreads=4, generation=1, visibleOnly=true
[08:55:23] [RadSER Material Residency Upload/WARN]: [MaterialCompat] Material page 20 upload failed: 36 layers
[08:55:23] [RadSER Material Residency Upload/INFO]: [MaterialCompat] Material page upload: 0 materials across 0 pages, 0 deferred
[08:55:23] [RadSER Material Residency Upload/INFO]: [MaterialCompat] Runtime material residency complete for generation 1: 0 materials resident, tableUploaded=false, totalMs=18.17
[08:55:23] [RadSER Material Residency Upload/INFO]: [MaterialCompat] Residency updated descriptor/material-table state only; chunk rebuild skipped for generation 1
[08:55:23] [RadSER Material Residency Upload/INFO]: [MaterialCompat] Material page upload starting: 10 candidate materials, layerSize=128, pageCapacity=512, pageBudget=120, decodeThreads=4, generation=1, visibleOnly=true
[08:55:23] [RadSER Material Residency Upload/WARN]: [MaterialCompat] Material page 20 upload failed: 10 layers
[08:55:23] [RadSER Material Residency Upload/INFO]: [MaterialCompat] Material page upload: 0 materials across 0 pages, 0 deferred
[08:55:23] [RadSER Material Residency Upload/INFO]: [MaterialCompat] Runtime material residency complete for generation 1: 0 materials resident, tableUploaded=false, totalMs=14.31
[08:55:23] [RadSER Material Residency Upload/INFO]: [MaterialCompat] Residency updated descriptor/material-table state only; chunk rebuild skipped for generation 1
[08:55:23] [RadSER Material Residency Upload/INFO]: [MaterialCompat] Material page upload starting: 46 candidate materials, layerSize=128, pageCapacity=512, pageBudget=120, decodeThreads=4, generation=1, visibleOnly=true
[08:55:23] [RadSER Material Residency Upload/WARN]: [MaterialCompat] Material page 20 upload failed: 46 layers
[08:55:23] [RadSER Material Residency Upload/INFO]: [MaterialCompat] Material page upload: 0 materials across 0 pages, 0 deferred
[08:55:23] [RadSER Material Residency Upload/INFO]: [MaterialCompat] Runtime material residency complete for generation 1: 0 materials resident, tableUploaded=false, totalMs=21.03
[08:55:23] [RadSER Material Residency Upload/INFO]: [MaterialCompat] Residency updated descriptor/material-table state only; chunk rebuild skipped for generation 1
[08:55:23] [RadSER Material Residency Upload/INFO]: [MaterialCompat] Material page upload starting: 10 candidate materials, layerSize=128, pageCapacity=512, pageBudget=120, decodeThreads=4, generation=1, visibleOnly=true
[08:55:23] [RadSER Material Residency Upload/WARN]: [MaterialCompat] Material page 20 upload failed: 10 layers
[08:55:23] [RadSER Material Residency Upload/INFO]: [MaterialCompat] Material page upload: 0 materials across 0 pages, 0 deferred
[08:55:23] [RadSER Material Residency Upload/INFO]: [MaterialCompat] Runtime material residency complete for generation 1: 0 materials resident, tableUploaded=false, totalMs=15.01
[08:55:23] [RadSER Material Residency Upload/INFO]: [MaterialCompat] Residency updated descriptor/material-table state only; chunk rebuild skipped for generation 1
[08:55:23] [RadSER Material Residency Upload/INFO]: [MaterialCompat] Material page upload starting: 45 candidate materials, layerSize=128, pageCapacity=512, pageBudget=120, decodeThreads=4, generation=1, visibleOnly=true
[08:55:23] [RadSER Material Residency Upload/WARN]: [MaterialCompat] Material page 20 upload failed: 45 layers
[08:55:23] [RadSER Material Residency Upload/INFO]: [MaterialCompat] Material page upload: 0 materials across 0 pages, 0 deferred
[08:55:23] [RadSER Material Residency Upload/INFO]: [MaterialCompat] Runtime material residency complete for generation 1: 0 materials resident, tableUploaded=false, totalMs=17.92
[08:55:23] [RadSER Material Residency Upload/INFO]: [MaterialCompat] Residency updated descriptor/material-table state only; chunk rebuild skipped for generation 1
[08:55:23] [RadSER Material Residency Upload/INFO]: [MaterialCompat] Material page upload starting: 13 candidate materials, layerSize=128, pageCapacity=512, pageBudget=120, decodeThreads=4, generation=1, visibleOnly=true
[08:55:23] [RadSER Material Residency Upload/WARN]: [MaterialCompat] Material page 20 upload failed: 13 layers
[08:55:23] [RadSER Material Residency Upload/INFO]: [MaterialCompat] Material page upload: 0 materials across 0 pages, 0 deferred
[08:55:23] [RadSER Material Residency Upload/INFO]: [MaterialCompat] Runtime material residency complete for generation 1: 0 materials resident, tableUploaded=false, totalMs=15.09
[08:55:23] [RadSER Material Residency Upload/INFO]: [MaterialCompat] Residency updated descriptor/material-table state only; chunk rebuild skipped for generation 1
[08:55:23] [RadSER Material Residency Upload/INFO]: [MaterialCompat] Material page upload starting: 4 candidate materials, layerSize=128, pageCapacity=512, pageBudget=120, decodeThreads=4, generation=1, visibleOnly=true
[08:55:23] [RadSER Material Residency Upload/WARN]: [MaterialCompat] Material page 20 upload failed: 4 layers
[08:55:23] [RadSER Material Residency Upload/INFO]: [MaterialCompat] Material page upload: 0 materials across 0 pages, 0 deferred
[08:55:23] [RadSER Material Residency Upload/INFO]: [MaterialCompat] Runtime material residency complete for generation 1: 0 materials resident, tableUploaded=false, totalMs=12.41
[08:55:23] [RadSER Material Residency Upload/INFO]: [MaterialCompat] Residency updated descriptor/material-table state only; chunk rebuild skipped for generation 1
[08:55:23] [RadSER Material Residency Upload/INFO]: [MaterialCompat] Material page upload starting: 20 candidate materials, layerSize=128, pageCapacity=512, pageBudget=120, decodeThreads=4, generation=1, visibleOnly=true
[08:55:23] [RadSER Material Residency Upload/WARN]: [MaterialCompat] Material page 20 upload failed: 20 layers
[08:55:23] [RadSER Material Residency Upload/INFO]: [MaterialCompat] Material page upload: 0 materials across 0 pages, 0 deferred
[08:55:23] [RadSER Material Residency Upload/INFO]: [MaterialCompat] Runtime material residency complete for generation 1: 0 materials resident, tableUploaded=false, totalMs=12.38
[08:55:23] [RadSER Material Residency Upload/INFO]: [MaterialCompat] Residency updated descriptor/material-table state only; chunk rebuild skipped for generation 1
[08:55:23] [RadSER Material Residency Upload/INFO]: [MaterialCompat] Material page upload starting: 4 candidate materials, layerSize=128, pageCapacity=512, pageBudget=120, decodeThreads=4, generation=1, visibleOnly=true
[08:55:23] [RadSER Material Residency Upload/WARN]: [MaterialCompat] Material page 20 upload failed: 4 layers
[08:55:23] [RadSER Material Residency Upload/INFO]: [MaterialCompat] Material page upload: 0 materials across 0 pages, 0 deferred
[08:55:23] [RadSER Material Residency Upload/INFO]: [MaterialCompat] Runtime material residency complete for generation 1: 0 materials resident, tableUploaded=false, totalMs=13.81
[08:55:23] [RadSER Material Residency Upload/INFO]: [MaterialCompat] Residency updated descriptor/material-table state only; chunk rebuild skipped for generation 1
[08:55:23] [RadSER Material Residency Upload/INFO]: [MaterialCompat] Material page upload starting: 24 candidate materials, layerSize=128, pageCapacity=512, pageBudget=120, decodeThreads=4, generation=1, visibleOnly=true
[08:55:23] [RadSER Material Residency Upload/WARN]: [MaterialCompat] Material page 20 upload failed: 24 layers
[08:55:23] [RadSER Material Residency Upload/INFO]: [MaterialCompat] Material page upload: 0 materials across 0 pages, 0 deferred
[08:55:23] [RadSER Material Residency Upload/INFO]: [MaterialCompat] Runtime material residency complete for generation 1: 0 materials resident, tableUploaded=false, totalMs=16.76
[08:55:23] [RadSER Material Residency Upload/INFO]: [MaterialCompat] Residency updated descriptor/material-table state only; chunk rebuild skipped for generation 1
[08:55:23] [RadSER Material Residency Upload/INFO]: [MaterialCompat] Material page upload starting: 34 candidate materials, layerSize=128, pageCapacity=512, pageBudget=120, decodeThreads=4, generation=1, visibleOnly=true
[08:55:24] [RadSER Material Residency Upload/WARN]: [MaterialCompat] Material page 20 upload failed: 34 layers
[08:55:24] [RadSER Material Residency Upload/INFO]: [MaterialCompat] Material page upload: 0 materials across 0 pages, 0 deferred
[08:55:24] [RadSER Material Residency Upload/INFO]: [MaterialCompat] Runtime material residency complete for generation 1: 0 materials resident, tableUploaded=false, totalMs=19.00
[08:55:24] [RadSER Material Residency Upload/INFO]: [MaterialCompat] Residency updated descriptor/material-table state only; chunk rebuild skipped for generation 1
[08:55:24] [RadSER Material Residency Upload/INFO]: [MaterialCompat] Material page upload starting: 12 candidate materials, layerSize=128, pageCapacity=512, pageBudget=120, decodeThreads=4, generation=1, visibleOnly=true
[08:55:24] [RadSER Material Residency Upload/WARN]: [MaterialCompat] Material page 20 upload failed: 12 layers
[08:55:24] [RadSER Material Residency Upload/INFO]: [MaterialCompat] Material page upload: 0 materials across 0 pages, 0 deferred
[08:55:24] [RadSER Material Residency Upload/INFO]: [MaterialCompat] Runtime material residency complete for generation 1: 0 materials resident, tableUploaded=false, totalMs=14.92
[08:55:24] [RadSER Material Residency Upload/INFO]: [MaterialCompat] Residency updated descriptor/material-table state only; chunk rebuild skipped for generation 1
[08:55:24] [RadSER Material Residency Upload/INFO]: [MaterialCompat] Material page upload starting: 43 candidate materials, layerSize=128, pageCapacity=512, pageBudget=120, decodeThreads=4, generation=1, visibleOnly=true
[08:55:24] [RadSER Material Residency Upload/WARN]: [MaterialCompat] Material page 20 upload failed: 38 layers
[08:55:24] [RadSER Material Residency Upload/WARN]: [MaterialCompat] Material page 21 upload failed: 5 layers
[08:55:24] [RadSER Material Residency Upload/INFO]: [MaterialCompat] Material page upload: 0 materials across 0 pages, 0 deferred
[08:55:24] [RadSER Material Residency Upload/INFO]: [MaterialCompat] Runtime material residency complete for generation 1: 0 materials resident, tableUploaded=false, totalMs=20.45
[08:55:24] [RadSER Material Residency Upload/INFO]: [MaterialCompat] Residency updated descriptor/material-table state only; chunk rebuild skipped for generation 1
[08:55:24] [RadSER Material Residency Upload/INFO]: [MaterialCompat] Material page upload starting: 8 candidate materials, layerSize=128, pageCapacity=512, pageBudget=120, decodeThreads=4, generation=1, visibleOnly=true
[08:55:24] [RadSER Material Residency Upload/WARN]: [MaterialCompat] Material page 21 upload failed: 8 layers
[08:55:24] [RadSER Material Residency Upload/INFO]: [MaterialCompat] Material page upload: 0 materials across 0 pages, 0 deferred
[08:55:24] [RadSER Material Residency Upload/INFO]: [MaterialCompat] Runtime material residency complete for generation 1: 0 materials resident, tableUploaded=false, totalMs=15.57
[08:55:24] [RadSER Material Residency Upload/INFO]: [MaterialCompat] Residency updated descriptor/material-table state only; chunk rebuild skipped for generation 1
[08:55:24] [RadSER Material Residency Upload/INFO]: [MaterialCompat] Material page upload starting: 28 candidate materials, layerSize=128, pageCapacity=512, pageBudget=120, decodeThreads=4, generation=1, visibleOnly=true
[08:55:24] [RadSER Material Residency Upload/WARN]: [MaterialCompat] Material page 21 upload failed: 28 layers
[08:55:24] [RadSER Material Residency Upload/INFO]: [MaterialCompat] Material page upload: 0 materials across 0 pages, 0 deferred
[08:55:24] [RadSER Material Residency Upload/INFO]: [MaterialCompat] Runtime material residency complete for generation 1: 0 materials resident, tableUploaded=false, totalMs=17.80
[08:55:24] [RadSER Material Residency Upload/INFO]: [MaterialCompat] Residency updated descriptor/material-table state only; chunk rebuild skipped for generation 1
[08:55:24] [RadSER Material Residency Upload/INFO]: [MaterialCompat] Material page upload starting: 10 candidate materials, layerSize=128, pageCapacity=512, pageBudget=120, decodeThreads=4, generation=1, visibleOnly=true
[08:55:24] [RadSER Material Residency Upload/WARN]: [MaterialCompat] Material page 21 upload failed: 10 layers
[08:55:24] [Render thread/INFO]: [STDOUT]: [DebugBridge] CHUNKS_SETTLED 6 chunks at 90618ms
[08:55:24] [RadSER Material Residency Upload/INFO]: [MaterialCompat] Material page upload: 0 materials across 0 pages, 0 deferred
[08:55:24] [RadSER Material Residency Upload/INFO]: [MaterialCompat] Runtime material residency complete for generation 1: 0 materials resident, tableUploaded=false, totalMs=15.84
[08:55:24] [RadSER Material Residency Upload/INFO]: [MaterialCompat] Residency updated descriptor/material-table state only; chunk rebuild skipped for generation 1
[08:55:24] [RadSER Material Residency Upload/INFO]: [MaterialCompat] Material page upload starting: 28 candidate materials, layerSize=128, pageCapacity=512, pageBudget=120, decodeThreads=4, generation=1, visibleOnly=true
[08:55:24] [RadSER Material Residency Upload/WARN]: [MaterialCompat] Material page 21 upload failed: 28 layers
[08:55:24] [RadSER Material Residency Upload/INFO]: [MaterialCompat] Material page upload: 0 materials across 0 pages, 0 deferred
[08:55:24] [RadSER Material Residency Upload/INFO]: [MaterialCompat] Runtime material residency complete for generation 1: 0 materials resident, tableUploaded=false, totalMs=16.97
[08:55:24] [RadSER Material Residency Upload/INFO]: [MaterialCompat] Residency updated descriptor/material-table state only; chunk rebuild skipped for generation 1
[08:55:24] [RadSER Material Residency Upload/INFO]: [MaterialCompat] Material page upload starting: 9 candidate materials, layerSize=128, pageCapacity=512, pageBudget=120, decodeThreads=4, generation=1, visibleOnly=true
[08:55:24] [RadSER Material Residency Upload/WARN]: [MaterialCompat] Material page 21 upload failed: 9 layers
[08:55:24] [RadSER Material Residency Upload/INFO]: [MaterialCompat] Material page upload: 0 materials across 0 pages, 0 deferred
[08:55:24] [RadSER Material Residency Upload/INFO]: [MaterialCompat] Runtime material residency complete for generation 1: 0 materials resident, tableUploaded=false, totalMs=19.59
[08:55:24] [RadSER Material Residency Upload/INFO]: [MaterialCompat] Residency updated descriptor/material-table state only; chunk rebuild skipped for generation 1
[08:55:24] [RadSER Material Residency Upload/INFO]: [MaterialCompat] Material page upload starting: 32 candidate materials, layerSize=128, pageCapacity=512, pageBudget=120, decodeThreads=4, generation=1, visibleOnly=true
[08:55:24] [RadSER Material Residency Upload/WARN]: [MaterialCompat] Material page 21 upload failed: 32 layers
[08:55:24] [Render thread/INFO]: [STDOUT]: [JAVA] setupTerrain=0.01 entities=0.40 blockEntities=0.03 particles=0.00 weather=0.00 chunkRebuild=0.01 other=0.16 TOTAL=0.62 rebuildQueue=96
[08:55:24] [RadSER Material Residency Upload/INFO]: [MaterialCompat] Material page upload: 0 materials across 0 pages, 0 deferred
[08:55:24] [RadSER Material Residency Upload/INFO]: [MaterialCompat] Runtime material residency complete for generation 1: 0 materials resident, tableUploaded=false, totalMs=17.85
[08:55:24] [RadSER Material Residency Upload/INFO]: [MaterialCompat] Residency updated descriptor/material-table state only; chunk rebuild skipped for generation 1
[08:55:24] [RadSER Material Residency Upload/INFO]: [MaterialCompat] Material page upload starting: 43 candidate materials, layerSize=128, pageCapacity=512, pageBudget=120, decodeThreads=4, generation=1, visibleOnly=true
[08:55:24] [RadSER Material Residency Upload/WARN]: [MaterialCompat] Material page 21 upload failed: 43 layers
[08:55:24] [RadSER Material Residency Upload/INFO]: [MaterialCompat] Material page upload: 0 materials across 0 pages, 0 deferred
[08:55:24] [RadSER Material Residency Upload/INFO]: [MaterialCompat] Runtime material residency complete for generation 1: 0 materials resident, tableUploaded=false, totalMs=20.37
[08:55:24] [RadSER Material Residency Upload/INFO]: [MaterialCompat] Residency updated descriptor/material-table state only; chunk rebuild skipped for generation 1
[08:55:24] [RadSER Material Residency Upload/INFO]: [MaterialCompat] Material page upload starting: 12 candidate materials, layerSize=128, pageCapacity=512, pageBudget=120, decodeThreads=4, generation=1, visibleOnly=true
[08:55:24] [RadSER Material Residency Upload/WARN]: [MaterialCompat] Material page 21 upload failed: 12 layers
[08:55:24] [RadSER Material Residency Upload/INFO]: [MaterialCompat] Material page upload: 0 materials across 0 pages, 0 deferred
[08:55:24] [RadSER Material Residency Upload/INFO]: [MaterialCompat] Runtime material residency complete for generation 1: 0 materials resident, tableUploaded=false, totalMs=16.78
[08:55:24] [RadSER Material Residency Upload/INFO]: [MaterialCompat] Residency updated descriptor/material-table state only; chunk rebuild skipped for generation 1
[08:55:24] [RadSER Material Residency Upload/INFO]: [MaterialCompat] Material page upload starting: 37 candidate materials, layerSize=128, pageCapacity=512, pageBudget=120, decodeThreads=4, generation=1, visibleOnly=true
[08:55:24] [RadSER Material Residency Upload/WARN]: [MaterialCompat] Material page 21 upload failed: 37 layers
[08:55:24] [RadSER Material Residency Upload/INFO]: [MaterialCompat] Material page upload: 0 materials across 0 pages, 0 deferred
[08:55:24] [RadSER Material Residency Upload/INFO]: [MaterialCompat] Runtime material residency complete for generation 1: 0 materials resident, tableUploaded=false, totalMs=22.22
[08:55:24] [RadSER Material Residency Upload/INFO]: [MaterialCompat] Residency updated descriptor/material-table state only; chunk rebuild skipped for generation 1
[08:55:24] [RadSER Material Residency Upload/INFO]: [MaterialCompat] Material page upload starting: 14 candidate materials, layerSize=128, pageCapacity=512, pageBudget=120, decodeThreads=4, generation=1, visibleOnly=true
[08:55:24] [RadSER Material Residency Upload/WARN]: [MaterialCompat] Material page 21 upload failed: 14 layers
[08:55:24] [RadSER Material Residency Upload/INFO]: [MaterialCompat] Material page upload: 0 materials across 0 pages, 0 deferred
[08:55:24] [RadSER Material Residency Upload/INFO]: [MaterialCompat] Runtime material residency complete for generation 1: 0 materials resident, tableUploaded=false, totalMs=15.44
[08:55:24] [RadSER Material Residency Upload/INFO]: [MaterialCompat] Residency updated descriptor/material-table state only; chunk rebuild skipped for generation 1
[08:55:24] [RadSER Material Residency Upload/INFO]: [MaterialCompat] Material page upload starting: 31 candidate materials, layerSize=128, pageCapacity=512, pageBudget=120, decodeThreads=4, generation=1, visibleOnly=true
[08:55:24] [RadSER Material Residency Upload/WARN]: [MaterialCompat] Material page 21 upload failed: 31 layers
[08:55:24] [RadSER Material Residency Upload/INFO]: [MaterialCompat] Material page upload: 0 materials across 0 pages, 0 deferred
[08:55:24] [RadSER Material Residency Upload/INFO]: [MaterialCompat] Runtime material residency complete for generation 1: 0 materials resident, tableUploaded=false, totalMs=18.58
[08:55:24] [RadSER Material Residency Upload/INFO]: [MaterialCompat] Residency updated descriptor/material-table state only; chunk rebuild skipped for generation 1
[08:55:24] [RadSER Material Residency Upload/INFO]: [MaterialCompat] Material page upload starting: 4 candidate materials, layerSize=128, pageCapacity=512, pageBudget=120, decodeThreads=4, generation=1, visibleOnly=true
[08:55:24] [RadSER Material Residency Upload/WARN]: [MaterialCompat] Material page 21 upload failed: 4 layers
[08:55:24] [RadSER Material Residency Upload/INFO]: [MaterialCompat] Material page upload: 0 materials across 0 pages, 0 deferred
[08:55:24] [RadSER Material Residency Upload/INFO]: [MaterialCompat] Runtime material residency complete for generation 1: 0 materials resident, tableUploaded=false, totalMs=14.17
[08:55:24] [RadSER Material Residency Upload/INFO]: [MaterialCompat] Residency updated descriptor/material-table state only; chunk rebuild skipped for generation 1
[08:55:24] [RadSER Material Residency Upload/INFO]: [MaterialCompat] Material page upload starting: 27 candidate materials, layerSize=128, pageCapacity=512, pageBudget=120, decodeThreads=4, generation=1, visibleOnly=true
[08:55:24] [RadSER Material Residency Upload/WARN]: [MaterialCompat] Material page 21 upload failed: 27 layers
[08:55:24] [RadSER Material Residency Upload/INFO]: [MaterialCompat] Material page upload: 0 materials across 0 pages, 0 deferred
[08:55:24] [RadSER Material Residency Upload/INFO]: [MaterialCompat] Runtime material residency complete for generation 1: 0 materials resident, tableUploaded=false, totalMs=16.19
[08:55:24] [RadSER Material Residency Upload/INFO]: [MaterialCompat] Residency updated descriptor/material-table state only; chunk rebuild skipped for generation 1
[08:55:24] [RadSER Material Residency Upload/INFO]: [MaterialCompat] Material page upload starting: 2 candidate materials, layerSize=128, pageCapacity=512, pageBudget=120, decodeThreads=4, generation=1, visibleOnly=true
[08:55:24] [RadSER Material Residency Upload/WARN]: [MaterialCompat] Material page 21 upload failed: 2 layers
[08:55:24] [RadSER Material Residency Upload/INFO]: [MaterialCompat] Material page upload: 0 materials across 0 pages, 0 deferred
[08:55:24] [RadSER Material Residency Upload/INFO]: [MaterialCompat] Runtime material residency complete for generation 1: 0 materials resident, tableUploaded=false, totalMs=12.95
[08:55:24] [RadSER Material Residency Upload/INFO]: [MaterialCompat] Residency updated descriptor/material-table state only; chunk rebuild skipped for generation 1
[08:55:24] [RadSER Material Residency Upload/INFO]: [MaterialCompat] Material page upload starting: 28 candidate materials, layerSize=128, pageCapacity=512, pageBudget=120, decodeThreads=4, generation=1, visibleOnly=true
[08:55:24] [RadSER Material Residency Upload/WARN]: [MaterialCompat] Material page 21 upload failed: 28 layers
[08:55:24] [RadSER Material Residency Upload/INFO]: [MaterialCompat] Material page upload: 0 materials across 0 pages, 0 deferred
[08:55:24] [RadSER Material Residency Upload/INFO]: [MaterialCompat] Runtime material residency complete for generation 1: 0 materials resident, tableUploaded=false, totalMs=16.69
[08:55:24] [RadSER Material Residency Upload/INFO]: [MaterialCompat] Residency updated descriptor/material-table state only; chunk rebuild skipped for generation 1
[08:55:24] [RadSER Material Residency Upload/INFO]: [MaterialCompat] Material page upload starting: 2 candidate materials, layerSize=128, pageCapacity=512, pageBudget=120, decodeThreads=4, generation=1, visibleOnly=true
[08:55:24] [RadSER Material Residency Upload/WARN]: [MaterialCompat] Material page 21 upload failed: 2 layers
[08:55:24] [RadSER Material Residency Upload/INFO]: [MaterialCompat] Material page upload: 0 materials across 0 pages, 0 deferred
[08:55:24] [RadSER Material Residency Upload/INFO]: [MaterialCompat] Runtime material residency complete for generation 1: 0 materials resident, tableUploaded=false, totalMs=12.58
[08:55:24] [RadSER Material Residency Upload/INFO]: [MaterialCompat] Residency updated descriptor/material-table state only; chunk rebuild skipped for generation 1
[08:55:24] [RadSER Material Residency Upload/INFO]: [MaterialCompat] Material page upload starting: 28 candidate materials, layerSize=128, pageCapacity=512, pageBudget=120, decodeThreads=4, generation=1, visibleOnly=true
[08:55:24] [RadSER Material Residency Upload/WARN]: [MaterialCompat] Material page 21 upload failed: 28 layers
[08:55:24] [RadSER Material Residency Upload/INFO]: [MaterialCompat] Material page upload: 0 materials across 0 pages, 0 deferred
[08:55:24] [RadSER Material Residency Upload/INFO]: [MaterialCompat] Runtime material residency complete for generation 1: 0 materials resident, tableUploaded=false, totalMs=15.14
[08:55:24] [RadSER Material Residency Upload/INFO]: [MaterialCompat] Residency updated descriptor/material-table state only; chunk rebuild skipped for generation 1
[08:55:24] [RadSER Material Residency Upload/INFO]: [MaterialCompat] Material page upload starting: 9 candidate materials, layerSize=128, pageCapacity=512, pageBudget=120, decodeThreads=4, generation=1, visibleOnly=true
[08:55:24] [RadSER Material Residency Upload/WARN]: [MaterialCompat] Material page 21 upload failed: 9 layers
[08:55:24] [RadSER Material Residency Upload/INFO]: [MaterialCompat] Material page upload: 0 materials across 0 pages, 0 deferred
[08:55:24] [RadSER Material Residency Upload/INFO]: [MaterialCompat] Runtime material residency complete for generation 1: 0 materials resident, tableUploaded=false, totalMs=13.67
[08:55:24] [RadSER Material Residency Upload/INFO]: [MaterialCompat] Residency updated descriptor/material-table state only; chunk rebuild skipped for generation 1
[08:55:24] [RadSER Material Residency Upload/INFO]: [MaterialCompat] Material page upload starting: 30 candidate materials, layerSize=128, pageCapacity=512, pageBudget=120, decodeThreads=4, generation=1, visibleOnly=true
[08:55:24] [RadSER Material Residency Upload/WARN]: [MaterialCompat] Material page 21 upload failed: 30 layers
[08:55:24] [RadSER Material Residency Upload/INFO]: [MaterialCompat] Material page upload: 0 materials across 0 pages, 0 deferred
[08:55:24] [RadSER Material Residency Upload/INFO]: [MaterialCompat] Runtime material residency complete for generation 1: 0 materials resident, tableUploaded=false, totalMs=16.24
[08:55:24] [RadSER Material Residency Upload/INFO]: [MaterialCompat] Residency updated descriptor/material-table state only; chunk rebuild skipped for generation 1
[08:55:24] [RadSER Material Residency Upload/INFO]: [MaterialCompat] Material page upload starting: 7 candidate materials, layerSize=128, pageCapacity=512, pageBudget=120, decodeThreads=4, generation=1, visibleOnly=true
[08:55:24] [RadSER Material Residency Upload/WARN]: [MaterialCompat] Material page 21 upload failed: 7 layers
[08:55:24] [RadSER Material Residency Upload/INFO]: [MaterialCompat] Material page upload: 0 materials across 0 pages, 0 deferred
[08:55:24] [RadSER Material Residency Upload/INFO]: [MaterialCompat] Runtime material residency complete for generation 1: 0 materials resident, tableUploaded=false, totalMs=12.18
[08:55:24] [RadSER Material Residency Upload/INFO]: [MaterialCompat] Residency updated descriptor/material-table state only; chunk rebuild skipped for generation 1
[08:55:24] [RadSER Material Residency Upload/INFO]: [MaterialCompat] Material page upload starting: 28 candidate materials, layerSize=128, pageCapacity=512, pageBudget=120, decodeThreads=4, generation=1, visibleOnly=true
[08:55:24] [RadSER Material Residency Upload/WARN]: [MaterialCompat] Material page 21 upload failed: 28 layers
[08:55:24] [RadSER Material Residency Upload/INFO]: [MaterialCompat] Material page upload: 0 materials across 0 pages, 0 deferred
[08:55:24] [RadSER Material Residency Upload/INFO]: [MaterialCompat] Runtime material residency complete for generation 1: 0 materials resident, tableUploaded=false, totalMs=13.87
[08:55:24] [RadSER Material Residency Upload/INFO]: [MaterialCompat] Residency updated descriptor/material-table state only; chunk rebuild skipped for generation 1
[08:55:24] [RadSER Material Residency Upload/INFO]: [MaterialCompat] Material page upload starting: 28 candidate materials, layerSize=128, pageCapacity=512, pageBudget=120, decodeThreads=4, generation=1, visibleOnly=true
[08:55:24] [RadSER Material Residency Upload/WARN]: [MaterialCompat] Material page 21 upload failed: 28 layers
[08:55:24] [RadSER Material Residency Upload/INFO]: [MaterialCompat] Material page upload: 0 materials across 0 pages, 0 deferred
[08:55:24] [RadSER Material Residency Upload/INFO]: [MaterialCompat] Runtime material residency complete for generation 1: 0 materials resident, tableUploaded=false, totalMs=17.04
[08:55:24] [RadSER Material Residency Upload/INFO]: [MaterialCompat] Residency updated descriptor/material-table state only; chunk rebuild skipped for generation 1
[08:55:24] [RadSER Material Residency Upload/INFO]: [MaterialCompat] Material page upload starting: 4 candidate materials, layerSize=128, pageCapacity=512, pageBudget=120, decodeThreads=4, generation=1, visibleOnly=true
[08:55:24] [RadSER Material Residency Upload/WARN]: [MaterialCompat] Material page 21 upload failed: 4 layers
[08:55:24] [RadSER Material Residency Upload/INFO]: [MaterialCompat] Material page upload: 0 materials across 0 pages, 0 deferred
[08:55:24] [RadSER Material Residency Upload/INFO]: [MaterialCompat] Runtime material residency complete for generation 1: 0 materials resident, tableUploaded=false, totalMs=15.71
[08:55:24] [RadSER Material Residency Upload/INFO]: [MaterialCompat] Residency updated descriptor/material-table state only; chunk rebuild skipped for generation 1
[08:55:24] [RadSER Material Residency Upload/INFO]: [MaterialCompat] Material page upload starting: 26 candidate materials, layerSize=128, pageCapacity=512, pageBudget=120, decodeThreads=4, generation=1, visibleOnly=true
[08:55:24] [RadSER Material Residency Upload/WARN]: [MaterialCompat] Material page 21 upload failed: 26 layers
[08:55:24] [RadSER Material Residency Upload/INFO]: [MaterialCompat] Material page upload: 0 materials across 0 pages, 0 deferred
[08:55:24] [RadSER Material Residency Upload/INFO]: [MaterialCompat] Runtime material residency complete for generation 1: 0 materials resident, tableUploaded=false, totalMs=15.28
[08:55:24] [RadSER Material Residency Upload/INFO]: [MaterialCompat] Residency updated descriptor/material-table state only; chunk rebuild skipped for generation 1
[08:55:24] [RadSER Material Residency Upload/INFO]: [MaterialCompat] Material page upload starting: 8 candidate materials, layerSize=128, pageCapacity=512, pageBudget=120, decodeThreads=4, generation=1, visibleOnly=true
[08:55:24] [RadSER Material Residency Upload/WARN]: [MaterialCompat] Material page 21 upload failed: 8 layers
[08:55:24] [RadSER Material Residency Upload/INFO]: [MaterialCompat] Material page upload: 0 materials across 0 pages, 0 deferred
[08:55:24] [RadSER Material Residency Upload/INFO]: [MaterialCompat] Runtime material residency complete for generation 1: 0 materials resident, tableUploaded=false, totalMs=13.46
[08:55:24] [RadSER Material Residency Upload/INFO]: [MaterialCompat] Residency updated descriptor/material-table state only; chunk rebuild skipped for generation 1
[08:55:25] [RadSER Material Residency Upload/INFO]: [MaterialCompat] Material page upload starting: 11 candidate materials, layerSize=128, pageCapacity=512, pageBudget=120, decodeThreads=4, generation=1, visibleOnly=true
[08:55:25] [RadSER Material Residency Upload/WARN]: [MaterialCompat] Material page 21 upload failed: 11 layers
[08:55:25] [RadSER Material Residency Upload/INFO]: [MaterialCompat] Material page upload: 0 materials across 0 pages, 0 deferred
[08:55:25] [RadSER Material Residency Upload/INFO]: [MaterialCompat] Runtime material residency complete for generation 1: 0 materials resident, tableUploaded=false, totalMs=17.82
[08:55:25] [RadSER Material Residency Upload/INFO]: [MaterialCompat] Residency updated descriptor/material-table state only; chunk rebuild skipped for generation 1
[08:55:25] [RadSER Material Residency Upload/INFO]: [MaterialCompat] Material page upload starting: 8 candidate materials, layerSize=128, pageCapacity=512, pageBudget=120, decodeThreads=4, generation=1, visibleOnly=true
[08:55:25] [RadSER Material Residency Upload/WARN]: [MaterialCompat] Material page 21 upload failed: 8 layers
[08:55:25] [RadSER Material Residency Upload/INFO]: [MaterialCompat] Material page upload: 0 materials across 0 pages, 0 deferred
[08:55:25] [RadSER Material Residency Upload/INFO]: [MaterialCompat] Runtime material residency complete for generation 1: 0 materials resident, tableUploaded=false, totalMs=15.42
[08:55:25] [RadSER Material Residency Upload/INFO]: [MaterialCompat] Residency updated descriptor/material-table state only; chunk rebuild skipped for generation 1
[08:55:25] [RadSER Material Residency Upload/INFO]: [MaterialCompat] Material page upload starting: 22 candidate materials, layerSize=128, pageCapacity=512, pageBudget=120, decodeThreads=4, generation=1, visibleOnly=true
[08:55:25] [RadSER Material Residency Upload/WARN]: [MaterialCompat] Material page 21 upload failed: 5 layers
[08:55:25] [RadSER Material Residency Upload/WARN]: [MaterialCompat] Material page 22 upload failed: 17 layers
[08:55:25] [RadSER Material Residency Upload/INFO]: [MaterialCompat] Material page upload: 0 materials across 0 pages, 0 deferred
[08:55:25] [RadSER Material Residency Upload/INFO]: [MaterialCompat] Runtime material residency complete for generation 1: 0 materials resident, tableUploaded=false, totalMs=18.15
[08:55:25] [RadSER Material Residency Upload/INFO]: [MaterialCompat] Residency updated descriptor/material-table state only; chunk rebuild skipped for generation 1
[08:55:25] [RadSER Material Residency Upload/INFO]: [MaterialCompat] Material page upload starting: 6 candidate materials, layerSize=128, pageCapacity=512, pageBudget=120, decodeThreads=4, generation=1, visibleOnly=true
[08:55:25] [RadSER Material Residency Upload/WARN]: [MaterialCompat] Material page 22 upload failed: 6 layers
[08:55:25] [RadSER Material Residency Upload/INFO]: [MaterialCompat] Material page upload: 0 materials across 0 pages, 0 deferred
[08:55:25] [Render thread/INFO]: [STDOUT]: [JAVA] setupTerrain=0.01 entities=0.39 blockEntities=0.03 particles=0.00 weather=0.00 chunkRebuild=0.01 other=0.15 TOTAL=0.60 rebuildQueue=96
[08:55:25] [RadSER Material Residency Upload/INFO]: [MaterialCompat] Runtime material residency complete for generation 1: 0 materials resident, tableUploaded=false, totalMs=14.07
[08:55:25] [RadSER Material Residency Upload/INFO]: [MaterialCompat] Residency updated descriptor/material-table state only; chunk rebuild skipped for generation 1
[08:55:25] [RadSER Material Residency Upload/INFO]: [MaterialCompat] Material page upload starting: 21 candidate materials, layerSize=128, pageCapacity=512, pageBudget=120, decodeThreads=4, generation=1, visibleOnly=true
[08:55:25] [RadSER Material Residency Upload/WARN]: [MaterialCompat] Material page 22 upload failed: 21 layers
[08:55:25] [RadSER Material Residency Upload/INFO]: [MaterialCompat] Material page upload: 0 materials across 0 pages, 0 deferred
[08:55:25] [RadSER Material Residency Upload/INFO]: [MaterialCompat] Runtime material residency complete for generation 1: 0 materials resident, tableUploaded=false, totalMs=18.66
[08:55:25] [RadSER Material Residency Upload/INFO]: [MaterialCompat] Residency updated descriptor/material-table state only; chunk rebuild skipped for generation 1
[08:55:25] [RadSER Material Residency Upload/INFO]: [MaterialCompat] Material page upload starting: 9 candidate materials, layerSize=128, pageCapacity=512, pageBudget=120, decodeThreads=4, generation=1, visibleOnly=true
[08:55:25] [RadSER Material Residency Upload/WARN]: [MaterialCompat] Material page 22 upload failed: 9 layers
[08:55:25] [RadSER Material Residency Upload/INFO]: [MaterialCompat] Material page upload: 0 materials across 0 pages, 0 deferred
[08:55:25] [RadSER Material Residency Upload/INFO]: [MaterialCompat] Runtime material residency complete for generation 1: 0 materials resident, tableUploaded=false, totalMs=15.05
[08:55:25] [RadSER Material Residency Upload/INFO]: [MaterialCompat] Residency updated descriptor/material-table state only; chunk rebuild skipped for generation 1
[08:55:25] [RadSER Material Residency Upload/INFO]: [MaterialCompat] Material page upload starting: 15 candidate materials, layerSize=128, pageCapacity=512, pageBudget=120, decodeThreads=4, generation=1, visibleOnly=true
[08:55:25] [RadSER Material Residency Upload/WARN]: [MaterialCompat] Material page 22 upload failed: 15 layers
[08:55:25] [RadSER Material Residency Upload/INFO]: [MaterialCompat] Material page upload: 0 materials across 0 pages, 0 deferred
[08:55:25] [RadSER Material Residency Upload/INFO]: [MaterialCompat] Runtime material residency complete for generation 1: 0 materials resident, tableUploaded=false, totalMs=15.05
[08:55:25] [RadSER Material Residency Upload/INFO]: [MaterialCompat] Residency updated descriptor/material-table state only; chunk rebuild skipped for generation 1
[08:55:25] [RadSER Material Residency Upload/INFO]: [MaterialCompat] Material page upload starting: 4 candidate materials, layerSize=128, pageCapacity=512, pageBudget=120, decodeThreads=4, generation=1, visibleOnly=true
[08:55:25] [RadSER Material Residency Upload/WARN]: [MaterialCompat] Material page 22 upload failed: 4 layers
[08:55:25] [RadSER Material Residency Upload/INFO]: [MaterialCompat] Material page upload: 0 materials across 0 pages, 0 deferred
[08:55:25] [RadSER Material Residency Upload/INFO]: [MaterialCompat] Runtime material residency complete for generation 1: 0 materials resident, tableUploaded=false, totalMs=13.84
[08:55:25] [RadSER Material Residency Upload/INFO]: [MaterialCompat] Residency updated descriptor/material-table state only; chunk rebuild skipped for generation 1
[08:55:25] [RadSER Material Residency Upload/INFO]: [MaterialCompat] Material page upload starting: 22 candidate materials, layerSize=128, pageCapacity=512, pageBudget=120, decodeThreads=4, generation=1, visibleOnly=true
[08:55:25] [RadSER Material Residency Upload/WARN]: [MaterialCompat] Material page 22 upload failed: 22 layers
[08:55:25] [RadSER Material Residency Upload/INFO]: [MaterialCompat] Material page upload: 0 materials across 0 pages, 0 deferred
[08:55:25] [RadSER Material Residency Upload/INFO]: [MaterialCompat] Runtime material residency complete for generation 1: 0 materials resident, tableUploaded=false, totalMs=16.45
[08:55:25] [RadSER Material Residency Upload/INFO]: [MaterialCompat] Residency updated descriptor/material-table state only; chunk rebuild skipped for generation 1
[08:55:25] [RadSER Material Residency Upload/INFO]: [MaterialCompat] Material page upload starting: 4 candidate materials, layerSize=128, pageCapacity=512, pageBudget=120, decodeThreads=4, generation=1, visibleOnly=true
[08:55:25] [RadSER Material Residency Upload/WARN]: [MaterialCompat] Material page 22 upload failed: 4 layers
[08:55:25] [RadSER Material Residency Upload/INFO]: [MaterialCompat] Material page upload: 0 materials across 0 pages, 0 deferred
[08:55:25] [RadSER Material Residency Upload/INFO]: [MaterialCompat] Runtime material residency complete for generation 1: 0 materials resident, tableUploaded=false, totalMs=13.01
[08:55:25] [RadSER Material Residency Upload/INFO]: [MaterialCompat] Residency updated descriptor/material-table state only; chunk rebuild skipped for generation 1
[08:55:25] [RadSER Material Residency Upload/INFO]: [MaterialCompat] Material page upload starting: 23 candidate materials, layerSize=128, pageCapacity=512, pageBudget=120, decodeThreads=4, generation=1, visibleOnly=true
[08:55:25] [RadSER Material Residency Upload/WARN]: [MaterialCompat] Material page 22 upload failed: 23 layers
[08:55:25] [RadSER Material Residency Upload/INFO]: [MaterialCompat] Material page upload: 0 materials across 0 pages, 0 deferred
[08:55:25] [RadSER Material Residency Upload/INFO]: [MaterialCompat] Runtime material residency complete for generation 1: 0 materials resident, tableUploaded=false, totalMs=16.60
[08:55:25] [RadSER Material Residency Upload/INFO]: [MaterialCompat] Residency updated descriptor/material-table state only; chunk rebuild skipped for generation 1
[08:55:25] [RadSER Material Residency Upload/INFO]: [MaterialCompat] Material page upload starting: 15 candidate materials, layerSize=128, pageCapacity=512, pageBudget=120, decodeThreads=4, generation=1, visibleOnly=true
[08:55:25] [RadSER Material Residency Upload/WARN]: [MaterialCompat] Material page 22 upload failed: 15 layers
[08:55:25] [RadSER Material Residency Upload/INFO]: [MaterialCompat] Material page upload: 0 materials across 0 pages, 0 deferred
[08:55:25] [RadSER Material Residency Upload/INFO]: [MaterialCompat] Runtime material residency complete for generation 1: 0 materials resident, tableUploaded=false, totalMs=13.67
[08:55:25] [RadSER Material Residency Upload/INFO]: [MaterialCompat] Residency updated descriptor/material-table state only; chunk rebuild skipped for generation 1
[08:55:25] [RadSER Material Residency Upload/INFO]: [MaterialCompat] Material page upload starting: 22 candidate materials, layerSize=128, pageCapacity=512, pageBudget=120, decodeThreads=4, generation=1, visibleOnly=true
[08:55:25] [RadSER Material Residency Upload/WARN]: [MaterialCompat] Material page 22 upload failed: 22 layers
[08:55:25] [RadSER Material Residency Upload/INFO]: [MaterialCompat] Material page upload: 0 materials across 0 pages, 0 deferred
[08:55:25] [RadSER Material Residency Upload/INFO]: [MaterialCompat] Runtime material residency complete for generation 1: 0 materials resident, tableUploaded=false, totalMs=19.28
[08:55:25] [RadSER Material Residency Upload/INFO]: [MaterialCompat] Residency updated descriptor/material-table state only; chunk rebuild skipped for generation 1
[08:55:25] [RadSER Material Residency Upload/INFO]: [MaterialCompat] Material page upload starting: 12 candidate materials, layerSize=128, pageCapacity=512, pageBudget=120, decodeThreads=4, generation=1, visibleOnly=true
[08:55:25] [RadSER Material Residency Upload/WARN]: [MaterialCompat] Material page 22 upload failed: 12 layers
[08:55:25] [RadSER Material Residency Upload/INFO]: [MaterialCompat] Material page upload: 0 materials across 0 pages, 0 deferred
[08:55:25] [RadSER Material Residency Upload/INFO]: [MaterialCompat] Runtime material residency complete for generation 1: 0 materials resident, tableUploaded=false, totalMs=13.32
[08:55:25] [RadSER Material Residency Upload/INFO]: [MaterialCompat] Residency updated descriptor/material-table state only; chunk rebuild skipped for generation 1
[08:55:25] [RadSER Material Residency Upload/INFO]: [MaterialCompat] Material page upload starting: 24 candidate materials, layerSize=128, pageCapacity=512, pageBudget=120, decodeThreads=4, generation=1, visibleOnly=true
[08:55:25] [RadSER Material Residency Upload/WARN]: [MaterialCompat] Material page 22 upload failed: 24 layers
[08:55:25] [RadSER Material Residency Upload/INFO]: [MaterialCompat] Material page upload: 0 materials across 0 pages, 0 deferred
[08:55:25] [RadSER Material Residency Upload/INFO]: [MaterialCompat] Runtime material residency complete for generation 1: 0 materials resident, tableUploaded=false, totalMs=17.09
[08:55:25] [RadSER Material Residency Upload/INFO]: [MaterialCompat] Residency updated descriptor/material-table state only; chunk rebuild skipped for generation 1
[08:55:25] [RadSER Material Residency Upload/INFO]: [MaterialCompat] Material page upload starting: 6 candidate materials, layerSize=128, pageCapacity=512, pageBudget=120, decodeThreads=4, generation=1, visibleOnly=true
[08:55:25] [RadSER Material Residency Upload/WARN]: [MaterialCompat] Material page 22 upload failed: 6 layers
[08:55:25] [RadSER Material Residency Upload/INFO]: [MaterialCompat] Material page upload: 0 materials across 0 pages, 0 deferred
[08:55:25] [RadSER Material Residency Upload/INFO]: [MaterialCompat] Runtime material residency complete for generation 1: 0 materials resident, tableUploaded=false, totalMs=15.23
[08:55:25] [RadSER Material Residency Upload/INFO]: [MaterialCompat] Residency updated descriptor/material-table state only; chunk rebuild skipped for generation 1
[08:55:25] [RadSER Material Residency Upload/INFO]: [MaterialCompat] Material page upload starting: 32 candidate materials, layerSize=128, pageCapacity=512, pageBudget=120, decodeThreads=4, generation=1, visibleOnly=true
[08:55:25] [RadSER Material Residency Upload/WARN]: [MaterialCompat] Material page 22 upload failed: 32 layers
[08:55:25] [RadSER Material Residency Upload/INFO]: [MaterialCompat] Material page upload: 0 materials across 0 pages, 0 deferred
[08:55:25] [RadSER Material Residency Upload/INFO]: [MaterialCompat] Runtime material residency complete for generation 1: 0 materials resident, tableUploaded=false, totalMs=16.76
[08:55:25] [RadSER Material Residency Upload/INFO]: [MaterialCompat] Residency updated descriptor/material-table state only; chunk rebuild skipped for generation 1
[08:55:25] [RadSER Material Residency Upload/INFO]: [MaterialCompat] Material page upload starting: 10 candidate materials, layerSize=128, pageCapacity=512, pageBudget=120, decodeThreads=4, generation=1, visibleOnly=true
[08:55:25] [RadSER Material Residency Upload/WARN]: [MaterialCompat] Material page 22 upload failed: 10 layers
[08:55:25] [RadSER Material Residency Upload/INFO]: [MaterialCompat] Material page upload: 0 materials across 0 pages, 0 deferred
[08:55:25] [RadSER Material Residency Upload/INFO]: [MaterialCompat] Runtime material residency complete for generation 1: 0 materials resident, tableUploaded=false, totalMs=12.67
[08:55:25] [RadSER Material Residency Upload/INFO]: [MaterialCompat] Residency updated descriptor/material-table state only; chunk rebuild skipped for generation 1
[08:55:25] [RadSER Material Residency Upload/INFO]: [MaterialCompat] Material page upload starting: 40 candidate materials, layerSize=128, pageCapacity=512, pageBudget=120, decodeThreads=4, generation=1, visibleOnly=true
[08:55:25] [RadSER Material Residency Upload/WARN]: [MaterialCompat] Material page 22 upload failed: 40 layers
[08:55:25] [RadSER Material Residency Upload/INFO]: [MaterialCompat] Material page upload: 0 materials across 0 pages, 0 deferred
[08:55:25] [RadSER Material Residency Upload/INFO]: [MaterialCompat] Runtime material residency complete for generation 1: 0 materials resident, tableUploaded=false, totalMs=18.01
[08:55:25] [RadSER Material Residency Upload/INFO]: [MaterialCompat] Residency updated descriptor/material-table state only; chunk rebuild skipped for generation 1
[08:55:25] [RadSER Material Residency Upload/INFO]: [MaterialCompat] Material page upload starting: 11 candidate materials, layerSize=128, pageCapacity=512, pageBudget=120, decodeThreads=4, generation=1, visibleOnly=true
[08:55:25] [RadSER Material Residency Upload/WARN]: [MaterialCompat] Material page 22 upload failed: 11 layers
[08:55:25] [RadSER Material Residency Upload/INFO]: [MaterialCompat] Material page upload: 0 materials across 0 pages, 0 deferred
[08:55:25] [RadSER Material Residency Upload/INFO]: [MaterialCompat] Runtime material residency complete for generation 1: 0 materials resident, tableUploaded=false, totalMs=14.48
[08:55:25] [RadSER Material Residency Upload/INFO]: [MaterialCompat] Residency updated descriptor/material-table state only; chunk rebuild skipped for generation 1
[08:55:25] [RadSER Material Residency Upload/INFO]: [MaterialCompat] Material page upload starting: 40 candidate materials, layerSize=128, pageCapacity=512, pageBudget=120, decodeThreads=4, generation=1, visibleOnly=true
[08:55:25] [RadSER Material Residency Upload/WARN]: [MaterialCompat] Material page 22 upload failed: 40 layers
[08:55:25] [RadSER Material Residency Upload/INFO]: [MaterialCompat] Material page upload: 0 materials across 0 pages, 0 deferred
[08:55:25] [RadSER Material Residency Upload/INFO]: [MaterialCompat] Runtime material residency complete for generation 1: 0 materials resident, tableUploaded=false, totalMs=17.25
[08:55:25] [RadSER Material Residency Upload/INFO]: [MaterialCompat] Residency updated descriptor/material-table state only; chunk rebuild skipped for generation 1
[08:55:25] [RadSER Material Residency Upload/INFO]: [MaterialCompat] Material page upload starting: 12 candidate materials, layerSize=128, pageCapacity=512, pageBudget=120, decodeThreads=4, generation=1, visibleOnly=true
[08:55:25] [RadSER Material Residency Upload/WARN]: [MaterialCompat] Material page 22 upload failed: 12 layers
[08:55:25] [RadSER Material Residency Upload/INFO]: [MaterialCompat] Material page upload: 0 materials across 0 pages, 0 deferred
[08:55:25] [RadSER Material Residency Upload/INFO]: [MaterialCompat] Runtime material residency complete for generation 1: 0 materials resident, tableUploaded=false, totalMs=13.63
[08:55:25] [RadSER Material Residency Upload/INFO]: [MaterialCompat] Residency updated descriptor/material-table state only; chunk rebuild skipped for generation 1
[08:55:25] [RadSER Material Residency Upload/INFO]: [MaterialCompat] Material page upload starting: 38 candidate materials, layerSize=128, pageCapacity=512, pageBudget=120, decodeThreads=4, generation=1, visibleOnly=true
[08:55:25] [RadSER Material Residency Upload/WARN]: [MaterialCompat] Material page 22 upload failed: 38 layers
[08:55:25] [RadSER Material Residency Upload/INFO]: [MaterialCompat] Material page upload: 0 materials across 0 pages, 0 deferred
[08:55:25] [RadSER Material Residency Upload/INFO]: [MaterialCompat] Runtime material residency complete for generation 1: 0 materials resident, tableUploaded=false, totalMs=16.71
[08:55:25] [RadSER Material Residency Upload/INFO]: [MaterialCompat] Residency updated descriptor/material-table state only; chunk rebuild skipped for generation 1
[08:55:25] [RadSER Material Residency Upload/INFO]: [MaterialCompat] Material page upload starting: 35 candidate materials, layerSize=128, pageCapacity=512, pageBudget=120, decodeThreads=4, generation=1, visibleOnly=true
[08:55:25] [RadSER Material Residency Upload/WARN]: [MaterialCompat] Material page 22 upload failed: 35 layers
[08:55:25] [RadSER Material Residency Upload/INFO]: [MaterialCompat] Material page upload: 0 materials across 0 pages, 0 deferred
[08:55:25] [RadSER Material Residency Upload/INFO]: [MaterialCompat] Runtime material residency complete for generation 1: 0 materials resident, tableUploaded=false, totalMs=16.96
[08:55:25] [RadSER Material Residency Upload/INFO]: [MaterialCompat] Residency updated descriptor/material-table state only; chunk rebuild skipped for generation 1
[08:55:25] [RadSER Material Residency Upload/INFO]: [MaterialCompat] Material page upload starting: 4 candidate materials, layerSize=128, pageCapacity=512, pageBudget=120, decodeThreads=4, generation=1, visibleOnly=true
[08:55:25] [RadSER Material Residency Upload/WARN]: [MaterialCompat] Material page 22 upload failed: 4 layers
[08:55:25] [RadSER Material Residency Upload/INFO]: [MaterialCompat] Material page upload: 0 materials across 0 pages, 0 deferred
[08:55:25] [RadSER Material Residency Upload/INFO]: [MaterialCompat] Runtime material residency complete for generation 1: 0 materials resident, tableUploaded=false, totalMs=12.99
[08:55:25] [RadSER Material Residency Upload/INFO]: [MaterialCompat] Residency updated descriptor/material-table state only; chunk rebuild skipped for generation 1
[08:55:25] [RadSER Material Residency Upload/INFO]: [MaterialCompat] Material page upload starting: 37 candidate materials, layerSize=128, pageCapacity=512, pageBudget=120, decodeThreads=4, generation=1, visibleOnly=true
[08:55:25] [RadSER Material Residency Upload/WARN]: [MaterialCompat] Material page 22 upload failed: 37 layers
[08:55:25] [RadSER Material Residency Upload/INFO]: [MaterialCompat] Material page upload: 0 materials across 0 pages, 0 deferred
[08:55:25] [RadSER Material Residency Upload/INFO]: [MaterialCompat] Runtime material residency complete for generation 1: 0 materials resident, tableUploaded=false, totalMs=17.57
[08:55:25] [RadSER Material Residency Upload/INFO]: [MaterialCompat] Residency updated descriptor/material-table state only; chunk rebuild skipped for generation 1
[08:55:25] [RadSER Material Residency Upload/INFO]: [MaterialCompat] Material page upload starting: 8 candidate materials, layerSize=128, pageCapacity=512, pageBudget=120, decodeThreads=4, generation=1, visibleOnly=true
[08:55:25] [RadSER Material Residency Upload/WARN]: [MaterialCompat] Material page 22 upload failed: 8 layers
[08:55:25] [RadSER Material Residency Upload/INFO]: [MaterialCompat] Material page upload: 0 materials across 0 pages, 0 deferred
[08:55:25] [RadSER Material Residency Upload/INFO]: [MaterialCompat] Runtime material residency complete for generation 1: 0 materials resident, tableUploaded=false, totalMs=17.27
[08:55:25] [RadSER Material Residency Upload/INFO]: [MaterialCompat] Residency updated descriptor/material-table state only; chunk rebuild skipped for generation 1
[08:55:25] [Render thread/INFO]: [STDOUT]: [JAVA] setupTerrain=0.01 entities=0.39 blockEntities=0.03 particles=0.00 weather=0.00 chunkRebuild=0.01 other=0.16 TOTAL=0.60 rebuildQueue=96
[08:55:25] [RadSER Material Residency Upload/INFO]: [MaterialCompat] Material page upload starting: 32 candidate materials, layerSize=128, pageCapacity=512, pageBudget=120, decodeThreads=4, generation=1, visibleOnly=true
[08:55:25] [RadSER Material Residency Upload/WARN]: [MaterialCompat] Material page 22 upload failed: 32 layers
[08:55:25] [RadSER Material Residency Upload/INFO]: [MaterialCompat] Material page upload: 0 materials across 0 pages, 0 deferred
[08:55:25] [RadSER Material Residency Upload/INFO]: [MaterialCompat] Runtime material residency complete for generation 1: 0 materials resident, tableUploaded=false, totalMs=16.60
[08:55:25] [RadSER Material Residency Upload/INFO]: [MaterialCompat] Residency updated descriptor/material-table state only; chunk rebuild skipped for generation 1
[08:55:26] [RadSER Material Residency Upload/INFO]: [MaterialCompat] Material page upload starting: 30 candidate materials, layerSize=128, pageCapacity=512, pageBudget=120, decodeThreads=4, generation=1, visibleOnly=true
[08:55:26] [RadSER Material Residency Upload/WARN]: [MaterialCompat] Material page 22 upload failed: 13 layers
[08:55:26] [RadSER Material Residency Upload/WARN]: [MaterialCompat] Material page 23 upload failed: 17 layers
[08:55:26] [RadSER Material Residency Upload/INFO]: [MaterialCompat] Material page upload: 0 materials across 0 pages, 0 deferred
[08:55:26] [RadSER Material Residency Upload/INFO]: [MaterialCompat] Runtime material residency complete for generation 1: 0 materials resident, tableUploaded=false, totalMs=16.80
[08:55:26] [RadSER Material Residency Upload/INFO]: [MaterialCompat] Residency updated descriptor/material-table state only; chunk rebuild skipped for generation 1
[08:55:26] [RadSER Material Residency Upload/INFO]: [MaterialCompat] Material page upload starting: 29 candidate materials, layerSize=128, pageCapacity=512, pageBudget=120, decodeThreads=4, generation=1, visibleOnly=true
[08:55:26] [RadSER Material Residency Upload/WARN]: [MaterialCompat] Material page 23 upload failed: 29 layers
[08:55:26] [RadSER Material Residency Upload/INFO]: [MaterialCompat] Material page upload: 0 materials across 0 pages, 0 deferred
[08:55:26] [RadSER Material Residency Upload/INFO]: [MaterialCompat] Runtime material residency complete for generation 1: 0 materials resident, tableUploaded=false, totalMs=19.03
[08:55:26] [RadSER Material Residency Upload/INFO]: [MaterialCompat] Residency updated descriptor/material-table state only; chunk rebuild skipped for generation 1
[08:55:26] [RadSER Material Residency Upload/INFO]: [MaterialCompat] Material page upload starting: 10 candidate materials, layerSize=128, pageCapacity=512, pageBudget=120, decodeThreads=4, generation=1, visibleOnly=true
[08:55:26] [RadSER Material Residency Upload/WARN]: [MaterialCompat] Material page 23 upload failed: 10 layers
[08:55:26] [RadSER Material Residency Upload/INFO]: [MaterialCompat] Material page upload: 0 materials across 0 pages, 0 deferred
[08:55:26] [RadSER Material Residency Upload/INFO]: [MaterialCompat] Runtime material residency complete for generation 1: 0 materials resident, tableUploaded=false, totalMs=14.68
[08:55:26] [RadSER Material Residency Upload/INFO]: [MaterialCompat] Residency updated descriptor/material-table state only; chunk rebuild skipped for generation 1
[08:55:26] [RadSER Material Residency Upload/INFO]: [MaterialCompat] Material page upload starting: 21 candidate materials, layerSize=128, pageCapacity=512, pageBudget=120, decodeThreads=4, generation=1, visibleOnly=true
[08:55:26] [RadSER Material Residency Upload/WARN]: [MaterialCompat] Material page 23 upload failed: 21 layers
[08:55:26] [RadSER Material Residency Upload/INFO]: [MaterialCompat] Material page upload: 0 materials across 0 pages, 0 deferred
[08:55:26] [RadSER Material Residency Upload/INFO]: [MaterialCompat] Runtime material residency complete for generation 1: 0 materials resident, tableUploaded=false, totalMs=18.08
[08:55:26] [RadSER Material Residency Upload/INFO]: [MaterialCompat] Residency updated descriptor/material-table state only; chunk rebuild skipped for generation 1
[08:55:26] [RadSER Material Residency Upload/INFO]: [MaterialCompat] Material page upload starting: 37 candidate materials, layerSize=128, pageCapacity=512, pageBudget=120, decodeThreads=4, generation=1, visibleOnly=true
[08:55:26] [RadSER Material Residency Upload/WARN]: [MaterialCompat] Material page 23 upload failed: 37 layers
[08:55:26] [RadSER Material Residency Upload/INFO]: [MaterialCompat] Material page upload: 0 materials across 0 pages, 0 deferred
[08:55:26] [RadSER Material Residency Upload/INFO]: [MaterialCompat] Runtime material residency complete for generation 1: 0 materials resident, tableUploaded=false, totalMs=16.31
[08:55:26] [RadSER Material Residency Upload/INFO]: [MaterialCompat] Residency updated descriptor/material-table state only; chunk rebuild skipped for generation 1
[08:55:26] [RadSER Material Residency Upload/INFO]: [MaterialCompat] Material page upload starting: 29 candidate materials, layerSize=128, pageCapacity=512, pageBudget=120, decodeThreads=4, generation=1, visibleOnly=true
[08:55:26] [RadSER Material Residency Upload/WARN]: [MaterialCompat] Material page 23 upload failed: 29 layers
[08:55:26] [RadSER Material Residency Upload/INFO]: [MaterialCompat] Material page upload: 0 materials across 0 pages, 0 deferred
[08:55:26] [RadSER Material Residency Upload/INFO]: [MaterialCompat] Runtime material residency complete for generation 1: 0 materials resident, tableUploaded=false, totalMs=17.20
[08:55:26] [RadSER Material Residency Upload/INFO]: [MaterialCompat] Residency updated descriptor/material-table state only; chunk rebuild skipped for generation 1
[08:55:26] [RadSER Material Residency Upload/INFO]: [MaterialCompat] Material page upload starting: 46 candidate materials, layerSize=128, pageCapacity=512, pageBudget=120, decodeThreads=4, generation=1, visibleOnly=true
[08:55:26] [RadSER Material Residency Upload/WARN]: [MaterialCompat] Material page 23 upload failed: 46 layers
[08:55:26] [RadSER Material Residency Upload/INFO]: [MaterialCompat] Material page upload: 0 materials across 0 pages, 0 deferred
[08:55:26] [RadSER Material Residency Upload/INFO]: [MaterialCompat] Runtime material residency complete for generation 1: 0 materials resident, tableUploaded=false, totalMs=17.89
[08:55:26] [RadSER Material Residency Upload/INFO]: [MaterialCompat] Residency updated descriptor/material-table state only; chunk rebuild skipped for generation 1
[08:55:26] [RadSER Material Residency Upload/INFO]: [MaterialCompat] Material page upload starting: 5 candidate materials, layerSize=128, pageCapacity=512, pageBudget=120, decodeThreads=4, generation=1, visibleOnly=true
[08:55:26] [RadSER Material Residency Upload/WARN]: [MaterialCompat] Material page 23 upload failed: 5 layers
[08:55:26] [RadSER Material Residency Upload/INFO]: [MaterialCompat] Material page upload: 0 materials across 0 pages, 0 deferred
[08:55:26] [RadSER Material Residency Upload/INFO]: [MaterialCompat] Runtime material residency complete for generation 1: 0 materials resident, tableUploaded=false, totalMs=15.53
[08:55:26] [RadSER Material Residency Upload/INFO]: [MaterialCompat] Residency updated descriptor/material-table state only; chunk rebuild skipped for generation 1
[08:55:26] [RadSER Material Residency Upload/INFO]: [MaterialCompat] Material page upload starting: 23 candidate materials, layerSize=128, pageCapacity=512, pageBudget=120, decodeThreads=4, generation=1, visibleOnly=true
[08:55:26] [RadSER Material Residency Upload/WARN]: [MaterialCompat] Material page 23 upload failed: 23 layers
[08:55:26] [RadSER Material Residency Upload/INFO]: [MaterialCompat] Material page upload: 0 materials across 0 pages, 0 deferred
[08:55:26] [RadSER Material Residency Upload/INFO]: [MaterialCompat] Runtime material residency complete for generation 1: 0 materials resident, tableUploaded=false, totalMs=16.46
[08:55:26] [RadSER Material Residency Upload/INFO]: [MaterialCompat] Residency updated descriptor/material-table state only; chunk rebuild skipped for generation 1
[08:55:26] [RadSER Material Residency Upload/INFO]: [MaterialCompat] Material page upload starting: 28 candidate materials, layerSize=128, pageCapacity=512, pageBudget=120, decodeThreads=4, generation=1, visibleOnly=true
[08:55:26] [RadSER Material Residency Upload/WARN]: [MaterialCompat] Material page 23 upload failed: 28 layers
[08:55:26] [RadSER Material Residency Upload/INFO]: [MaterialCompat] Material page upload: 0 materials across 0 pages, 0 deferred
[08:55:26] [RadSER Material Residency Upload/INFO]: [MaterialCompat] Runtime material residency complete for generation 1: 0 materials resident, tableUploaded=false, totalMs=16.43
[08:55:26] [RadSER Material Residency Upload/INFO]: [MaterialCompat] Residency updated descriptor/material-table state only; chunk rebuild skipped for generation 1
[08:55:26] [RadSER Material Residency Upload/INFO]: [MaterialCompat] Material page upload starting: 30 candidate materials, layerSize=128, pageCapacity=512, pageBudget=120, decodeThreads=4, generation=1, visibleOnly=true
[08:55:26] [RadSER Material Residency Upload/WARN]: [MaterialCompat] Material page 23 upload failed: 30 layers
[08:55:26] [RadSER Material Residency Upload/INFO]: [MaterialCompat] Material page upload: 0 materials across 0 pages, 0 deferred
[08:55:26] [RadSER Material Residency Upload/INFO]: [MaterialCompat] Runtime material residency complete for generation 1: 0 materials resident, tableUploaded=false, totalMs=18.67
[08:55:26] [RadSER Material Residency Upload/INFO]: [MaterialCompat] Residency updated descriptor/material-table state only; chunk rebuild skipped for generation 1
[08:55:26] [RadSER Material Residency Upload/INFO]: [MaterialCompat] Material page upload starting: 16 candidate materials, layerSize=128, pageCapacity=512, pageBudget=120, decodeThreads=4, generation=1, visibleOnly=true
[08:55:26] [RadSER Material Residency Upload/WARN]: [MaterialCompat] Material page 23 upload failed: 16 layers
[08:55:26] [RadSER Material Residency Upload/INFO]: [MaterialCompat] Material page upload: 0 materials across 0 pages, 0 deferred
[08:55:26] [RadSER Material Residency Upload/INFO]: [MaterialCompat] Runtime material residency complete for generation 1: 0 materials resident, tableUploaded=false, totalMs=14.51
[08:55:26] [RadSER Material Residency Upload/INFO]: [MaterialCompat] Residency updated descriptor/material-table state only; chunk rebuild skipped for generation 1
[08:55:26] [RadSER Material Residency Upload/INFO]: [MaterialCompat] Material page upload starting: 28 candidate materials, layerSize=128, pageCapacity=512, pageBudget=120, decodeThreads=4, generation=1, visibleOnly=true
[08:55:26] [RadSER Material Residency Upload/WARN]: [MaterialCompat] Material page 23 upload failed: 28 layers
[08:55:26] [RadSER Material Residency Upload/INFO]: [MaterialCompat] Material page upload: 0 materials across 0 pages, 0 deferred
[08:55:26] [RadSER Material Residency Upload/INFO]: [MaterialCompat] Runtime material residency complete for generation 1: 0 materials resident, tableUploaded=false, totalMs=15.79
[08:55:26] [RadSER Material Residency Upload/INFO]: [MaterialCompat] Residency updated descriptor/material-table state only; chunk rebuild skipped for generation 1
[08:55:26] [RadSER Material Residency Upload/INFO]: [MaterialCompat] Material page upload starting: 6 candidate materials, layerSize=128, pageCapacity=512, pageBudget=120, decodeThreads=4, generation=1, visibleOnly=true
[08:55:26] [RadSER Material Residency Upload/WARN]: [MaterialCompat] Material page 23 upload failed: 6 layers
[08:55:26] [RadSER Material Residency Upload/INFO]: [MaterialCompat] Material page upload: 0 materials across 0 pages, 0 deferred
[08:55:26] [RadSER Material Residency Upload/INFO]: [MaterialCompat] Runtime material residency complete for generation 1: 0 materials resident, tableUploaded=false, totalMs=14.01
[08:55:26] [RadSER Material Residency Upload/INFO]: [MaterialCompat] Residency updated descriptor/material-table state only; chunk rebuild skipped for generation 1
[08:55:26] [RadSER Material Residency Upload/INFO]: [MaterialCompat] Material page upload starting: 13 candidate materials, layerSize=128, pageCapacity=512, pageBudget=120, decodeThreads=4, generation=1, visibleOnly=true
[08:55:26] [RadSER Material Residency Upload/WARN]: [MaterialCompat] Material page 23 upload failed: 13 layers
[08:55:26] [RadSER Material Residency Upload/INFO]: [MaterialCompat] Material page upload: 0 materials across 0 pages, 0 deferred
[08:55:26] [RadSER Material Residency Upload/INFO]: [MaterialCompat] Runtime material residency complete for generation 1: 0 materials resident, tableUploaded=false, totalMs=16.39
[08:55:26] [RadSER Material Residency Upload/INFO]: [MaterialCompat] Residency updated descriptor/material-table state only; chunk rebuild skipped for generation 1
[08:55:26] [RadSER Material Residency Upload/INFO]: [MaterialCompat] Material page upload starting: 6 candidate materials, layerSize=128, pageCapacity=512, pageBudget=120, decodeThreads=4, generation=1, visibleOnly=true
[08:55:26] [RadSER Material Residency Upload/WARN]: [MaterialCompat] Material page 23 upload failed: 6 layers
[08:55:26] [RadSER Material Residency Upload/INFO]: [MaterialCompat] Material page upload: 0 materials across 0 pages, 0 deferred
[08:55:26] [RadSER Material Residency Upload/INFO]: [MaterialCompat] Runtime material residency complete for generation 1: 0 materials resident, tableUploaded=false, totalMs=13.71
[08:55:26] [RadSER Material Residency Upload/INFO]: [MaterialCompat] Residency updated descriptor/material-table state only; chunk rebuild skipped for generation 1
[08:55:26] [RadSER Material Residency Upload/INFO]: [MaterialCompat] Material page upload starting: 21 candidate materials, layerSize=128, pageCapacity=512, pageBudget=120, decodeThreads=4, generation=1, visibleOnly=true
[08:55:26] [RadSER Material Residency Upload/WARN]: [MaterialCompat] Material page 23 upload failed: 21 layers
[08:55:26] [RadSER Material Residency Upload/INFO]: [MaterialCompat] Material page upload: 0 materials across 0 pages, 0 deferred
[08:55:26] [RadSER Material Residency Upload/INFO]: [MaterialCompat] Runtime material residency complete for generation 1: 0 materials resident, tableUploaded=false, totalMs=16.05
[08:55:26] [RadSER Material Residency Upload/INFO]: [MaterialCompat] Residency updated descriptor/material-table state only; chunk rebuild skipped for generation 1
[08:55:26] [Render thread/INFO]: [STDOUT]: [JAVA] setupTerrain=0.01 entities=0.37 blockEntities=0.02 particles=0.00 weather=0.00 chunkRebuild=0.01 other=0.14 TOTAL=0.57 rebuildQueue=96
[08:55:26] [RadSER Material Residency Upload/INFO]: [MaterialCompat] Material page upload starting: 24 candidate materials, layerSize=128, pageCapacity=512, pageBudget=120, decodeThreads=4, generation=1, visibleOnly=true
[08:55:26] [RadSER Material Residency Upload/WARN]: [MaterialCompat] Material page 23 upload failed: 24 layers
[08:55:26] [RadSER Material Residency Upload/INFO]: [MaterialCompat] Material page upload: 0 materials across 0 pages, 0 deferred
[08:55:26] [RadSER Material Residency Upload/INFO]: [MaterialCompat] Runtime material residency complete for generation 1: 0 materials resident, tableUploaded=false, totalMs=16.83
[08:55:26] [RadSER Material Residency Upload/INFO]: [MaterialCompat] Residency updated descriptor/material-table state only; chunk rebuild skipped for generation 1
[08:55:26] [RadSER Material Residency Upload/INFO]: [MaterialCompat] Material page upload starting: 13 candidate materials, layerSize=128, pageCapacity=512, pageBudget=120, decodeThreads=4, generation=1, visibleOnly=true
[08:55:26] [RadSER Material Residency Upload/WARN]: [MaterialCompat] Material page 23 upload failed: 13 layers
[08:55:26] [RadSER Material Residency Upload/INFO]: [MaterialCompat] Material page upload: 0 materials across 0 pages, 0 deferred
[08:55:26] [RadSER Material Residency Upload/INFO]: [MaterialCompat] Runtime material residency complete for generation 1: 0 materials resident, tableUploaded=false, totalMs=26.59
[08:55:26] [RadSER Material Residency Upload/INFO]: [MaterialCompat] Residency updated descriptor/material-table state only; chunk rebuild skipped for generation 1
[08:55:26] [RadSER Material Residency Upload/INFO]: [MaterialCompat] Material page upload starting: 24 candidate materials, layerSize=128, pageCapacity=512, pageBudget=120, decodeThreads=4, generation=1, visibleOnly=true
[08:55:26] [RadSER Material Residency Upload/WARN]: [MaterialCompat] Material page 23 upload failed: 24 layers
[08:55:26] [RadSER Material Residency Upload/INFO]: [MaterialCompat] Material page upload: 0 materials across 0 pages, 0 deferred
[08:55:26] [RadSER Material Residency Upload/INFO]: [MaterialCompat] Runtime material residency complete for generation 1: 0 materials resident, tableUploaded=false, totalMs=17.13
[08:55:26] [RadSER Material Residency Upload/INFO]: [MaterialCompat] Residency updated descriptor/material-table state only; chunk rebuild skipped for generation 1
[08:55:26] [RadSER Material Residency Upload/INFO]: [MaterialCompat] Material page upload starting: 33 candidate materials, layerSize=128, pageCapacity=512, pageBudget=120, decodeThreads=4, generation=1, visibleOnly=true
[08:55:26] [RadSER Material Residency Upload/WARN]: [MaterialCompat] Material page 23 upload failed: 33 layers
[08:55:26] [RadSER Material Residency Upload/INFO]: [MaterialCompat] Material page upload: 0 materials across 0 pages, 0 deferred
[08:55:26] [RadSER Material Residency Upload/INFO]: [MaterialCompat] Runtime material residency complete for generation 1: 0 materials resident, tableUploaded=false, totalMs=23.31
[08:55:26] [RadSER Material Residency Upload/INFO]: [MaterialCompat] Residency updated descriptor/material-table state only; chunk rebuild skipped for generation 1
[08:55:26] [RadSER Material Residency Upload/INFO]: [MaterialCompat] Material page upload starting: 10 candidate materials, layerSize=128, pageCapacity=512, pageBudget=120, decodeThreads=4, generation=1, visibleOnly=true
[08:55:26] [RadSER Material Residency Upload/WARN]: [MaterialCompat] Material page 23 upload failed: 10 layers
[08:55:26] [RadSER Material Residency Upload/INFO]: [MaterialCompat] Material page upload: 0 materials across 0 pages, 0 deferred
[08:55:26] [RadSER Material Residency Upload/INFO]: [MaterialCompat] Runtime material residency complete for generation 1: 0 materials resident, tableUploaded=false, totalMs=15.86
[08:55:26] [RadSER Material Residency Upload/INFO]: [MaterialCompat] Residency updated descriptor/material-table state only; chunk rebuild skipped for generation 1
[08:55:27] [RadSER Material Residency Upload/INFO]: [MaterialCompat] Material page upload starting: 28 candidate materials, layerSize=128, pageCapacity=512, pageBudget=120, decodeThreads=4, generation=1, visibleOnly=true
[08:55:27] [RadSER Material Residency Upload/WARN]: [MaterialCompat] Material page 23 upload failed: 28 layers
[08:55:27] [RadSER Material Residency Upload/INFO]: [MaterialCompat] Material page upload: 0 materials across 0 pages, 0 deferred
[08:55:27] [RadSER Material Residency Upload/INFO]: [MaterialCompat] Runtime material residency complete for generation 1: 0 materials resident, tableUploaded=false, totalMs=17.74
[08:55:27] [RadSER Material Residency Upload/INFO]: [MaterialCompat] Residency updated descriptor/material-table state only; chunk rebuild skipped for generation 1
[08:55:27] [RadSER Material Residency Upload/INFO]: [MaterialCompat] Material page upload starting: 12 candidate materials, layerSize=128, pageCapacity=512, pageBudget=120, decodeThreads=4, generation=1, visibleOnly=true
[08:55:27] [RadSER Material Residency Upload/WARN]: [MaterialCompat] Material page 23 upload failed: 12 layers
[08:55:27] [RadSER Material Residency Upload/INFO]: [MaterialCompat] Material page upload: 0 materials across 0 pages, 0 deferred
[08:55:27] [RadSER Material Residency Upload/INFO]: [MaterialCompat] Runtime material residency complete for generation 1: 0 materials resident, tableUploaded=false, totalMs=13.80
[08:55:27] [RadSER Material Residency Upload/INFO]: [MaterialCompat] Residency updated descriptor/material-table state only; chunk rebuild skipped for generation 1
[08:55:27] [RadSER Material Residency Upload/INFO]: [MaterialCompat] Material page upload starting: 35 candidate materials, layerSize=128, pageCapacity=512, pageBudget=120, decodeThreads=4, generation=1, visibleOnly=true
[08:55:27] [RadSER Material Residency Upload/WARN]: [MaterialCompat] Material page 23 upload failed: 3 layers
[08:55:27] [RadSER Material Residency Upload/WARN]: [MaterialCompat] Material page 24 upload failed: 32 layers
[08:55:27] [RadSER Material Residency Upload/INFO]: [MaterialCompat] Material page upload: 0 materials across 0 pages, 0 deferred
[08:55:27] [RadSER Material Residency Upload/INFO]: [MaterialCompat] Runtime material residency complete for generation 1: 0 materials resident, tableUploaded=false, totalMs=17.76
[08:55:27] [RadSER Material Residency Upload/INFO]: [MaterialCompat] Residency updated descriptor/material-table state only; chunk rebuild skipped for generation 1
[08:55:27] [RadSER Material Residency Upload/INFO]: [MaterialCompat] Material page upload starting: 36 candidate materials, layerSize=128, pageCapacity=512, pageBudget=120, decodeThreads=4, generation=1, visibleOnly=true
[08:55:27] [RadSER Material Residency Upload/WARN]: [MaterialCompat] Material page 24 upload failed: 36 layers
[08:55:27] [RadSER Material Residency Upload/INFO]: [MaterialCompat] Material page upload: 0 materials across 0 pages, 0 deferred
[08:55:27] [RadSER Material Residency Upload/INFO]: [MaterialCompat] Runtime material residency complete for generation 1: 0 materials resident, tableUploaded=false, totalMs=20.63
[08:55:27] [RadSER Material Residency Upload/INFO]: [MaterialCompat] Residency updated descriptor/material-table state only; chunk rebuild skipped for generation 1
[08:55:27] [RadSER Material Residency Upload/INFO]: [MaterialCompat] Material page upload starting: 48 candidate materials, layerSize=128, pageCapacity=512, pageBudget=120, decodeThreads=4, generation=1, visibleOnly=true
[08:55:27] [RadSER Material Residency Upload/WARN]: [MaterialCompat] Material page 24 upload failed: 48 layers
[08:55:27] [RadSER Material Residency Upload/INFO]: [MaterialCompat] Material page upload: 0 materials across 0 pages, 0 deferred
[08:55:27] [RadSER Material Residency Upload/INFO]: [MaterialCompat] Runtime material residency complete for generation 1: 0 materials resident, tableUploaded=false, totalMs=20.09
[08:55:27] [RadSER Material Residency Upload/INFO]: [MaterialCompat] Residency updated descriptor/material-table state only; chunk rebuild skipped for generation 1
[08:55:27] [RadSER Material Residency Upload/INFO]: [MaterialCompat] Material page upload starting: 47 candidate materials, layerSize=128, pageCapacity=512, pageBudget=120, decodeThreads=4, generation=1, visibleOnly=true
[08:55:27] [RadSER Material Residency Upload/WARN]: [MaterialCompat] Material page 24 upload failed: 47 layers
[08:55:27] [RadSER Material Residency Upload/INFO]: [MaterialCompat] Material page upload: 0 materials across 0 pages, 0 deferred
[08:55:27] [RadSER Material Residency Upload/INFO]: [MaterialCompat] Runtime material residency complete for generation 1: 0 materials resident, tableUploaded=false, totalMs=20.54
[08:55:27] [RadSER Material Residency Upload/INFO]: [MaterialCompat] Residency updated descriptor/material-table state only; chunk rebuild skipped for generation 1
[08:55:27] [RadSER Material Residency Upload/INFO]: [MaterialCompat] Material page upload starting: 29 candidate materials, layerSize=128, pageCapacity=512, pageBudget=120, decodeThreads=4, generation=1, visibleOnly=true
[08:55:27] [RadSER Material Residency Upload/WARN]: [MaterialCompat] Material page 24 upload failed: 29 layers
[08:55:27] [RadSER Material Residency Upload/INFO]: [MaterialCompat] Material page upload: 0 materials across 0 pages, 0 deferred
[08:55:27] [RadSER Material Residency Upload/INFO]: [MaterialCompat] Runtime material residency complete for generation 1: 0 materials resident, tableUploaded=false, totalMs=16.63
[08:55:27] [RadSER Material Residency Upload/INFO]: [MaterialCompat] Residency updated descriptor/material-table state only; chunk rebuild skipped for generation 1
[08:55:27] [RadSER Material Residency Upload/INFO]: [MaterialCompat] Material page upload starting: 6 candidate materials, layerSize=128, pageCapacity=512, pageBudget=120, decodeThreads=4, generation=1, visibleOnly=true
[08:55:27] [RadSER Material Residency Upload/WARN]: [MaterialCompat] Material page 24 upload failed: 6 layers
[08:55:27] [RadSER Material Residency Upload/INFO]: [MaterialCompat] Material page upload: 0 materials across 0 pages, 0 deferred
[08:55:27] [RadSER Material Residency Upload/INFO]: [MaterialCompat] Runtime material residency complete for generation 1: 0 materials resident, tableUploaded=false, totalMs=13.76
[08:55:27] [RadSER Material Residency Upload/INFO]: [MaterialCompat] Residency updated descriptor/material-table state only; chunk rebuild skipped for generation 1
[08:55:27] [RadSER Material Residency Upload/INFO]: [MaterialCompat] Material page upload starting: 5 candidate materials, layerSize=128, pageCapacity=512, pageBudget=120, decodeThreads=4, generation=1, visibleOnly=true
[08:55:27] [RadSER Material Residency Upload/WARN]: [MaterialCompat] Material page 24 upload failed: 5 layers
[08:55:27] [RadSER Material Residency Upload/INFO]: [MaterialCompat] Material page upload: 0 materials across 0 pages, 0 deferred
[08:55:27] [RadSER Material Residency Upload/INFO]: [MaterialCompat] Runtime material residency complete for generation 1: 0 materials resident, tableUploaded=false, totalMs=13.47
[08:55:27] [RadSER Material Residency Upload/INFO]: [MaterialCompat] Residency updated descriptor/material-table state only; chunk rebuild skipped for generation 1
[08:55:27] [RadSER Material Residency Upload/INFO]: [MaterialCompat] Material page upload starting: 5 candidate materials, layerSize=128, pageCapacity=512, pageBudget=120, decodeThreads=4, generation=1, visibleOnly=true
[08:55:27] [RadSER Material Residency Upload/WARN]: [MaterialCompat] Material page 24 upload failed: 5 layers
[08:55:27] [RadSER Material Residency Upload/INFO]: [MaterialCompat] Material page upload: 0 materials across 0 pages, 0 deferred
[08:55:27] [RadSER Material Residency Upload/INFO]: [MaterialCompat] Runtime material residency complete for generation 1: 0 materials resident, tableUploaded=false, totalMs=12.55
[08:55:27] [RadSER Material Residency Upload/INFO]: [MaterialCompat] Residency updated descriptor/material-table state only; chunk rebuild skipped for generation 1
[08:55:27] [RadSER Material Residency Upload/INFO]: [MaterialCompat] Material page upload starting: 10 candidate materials, layerSize=128, pageCapacity=512, pageBudget=120, decodeThreads=4, generation=1, visibleOnly=true
[08:55:27] [RadSER Material Residency Upload/WARN]: [MaterialCompat] Material page 24 upload failed: 10 layers
[08:55:27] [RadSER Material Residency Upload/INFO]: [MaterialCompat] Material page upload: 0 materials across 0 pages, 0 deferred
[08:55:27] [Render thread/INFO]: [STDOUT]: [JAVA] setupTerrain=0.01 entities=0.40 blockEntities=0.02 particles=0.00 weather=0.00 chunkRebuild=0.01 other=0.15 TOTAL=0.60 rebuildQueue=96
[08:55:27] [RadSER Material Residency Upload/INFO]: [MaterialCompat] Runtime material residency complete for generation 1: 0 materials resident, tableUploaded=false, totalMs=15.33
[08:55:27] [RadSER Material Residency Upload/INFO]: [MaterialCompat] Residency updated descriptor/material-table state only; chunk rebuild skipped for generation 1
[08:55:27] [RadSER Material Residency Upload/INFO]: [MaterialCompat] Material page upload starting: 5 candidate materials, layerSize=128, pageCapacity=512, pageBudget=120, decodeThreads=4, generation=1, visibleOnly=true
[08:55:27] [RadSER Material Residency Upload/WARN]: [MaterialCompat] Material page 24 upload failed: 5 layers
[08:55:27] [RadSER Material Residency Upload/INFO]: [MaterialCompat] Material page upload: 0 materials across 0 pages, 0 deferred
[08:55:27] [RadSER Material Residency Upload/INFO]: [MaterialCompat] Runtime material residency complete for generation 1: 0 materials resident, tableUploaded=false, totalMs=16.25
[08:55:27] [RadSER Material Residency Upload/INFO]: [MaterialCompat] Residency updated descriptor/material-table state only; chunk rebuild skipped for generation 1
[08:55:27] [RadSER Material Residency Upload/INFO]: [MaterialCompat] Material page upload starting: 5 candidate materials, layerSize=128, pageCapacity=512, pageBudget=120, decodeThreads=4, generation=1, visibleOnly=true
[08:55:27] [RadSER Material Residency Upload/WARN]: [MaterialCompat] Material page 24 upload failed: 5 layers
[08:55:27] [RadSER Material Residency Upload/INFO]: [MaterialCompat] Material page upload: 0 materials across 0 pages, 0 deferred
[08:55:27] [RadSER Material Residency Upload/INFO]: [MaterialCompat] Runtime material residency complete for generation 1: 0 materials resident, tableUploaded=false, totalMs=14.29
[08:55:27] [RadSER Material Residency Upload/INFO]: [MaterialCompat] Residency updated descriptor/material-table state only; chunk rebuild skipped for generation 1
[08:55:27] [RadSER Material Residency Upload/INFO]: [MaterialCompat] Material page upload starting: 6 candidate materials, layerSize=128, pageCapacity=512, pageBudget=120, decodeThreads=4, generation=1, visibleOnly=true
[08:55:27] [RadSER Material Residency Upload/WARN]: [MaterialCompat] Material page 24 upload failed: 6 layers
[08:55:27] [RadSER Material Residency Upload/INFO]: [MaterialCompat] Material page upload: 0 materials across 0 pages, 0 deferred
[08:55:27] [RadSER Material Residency Upload/INFO]: [MaterialCompat] Runtime material residency complete for generation 1: 0 materials resident, tableUploaded=false, totalMs=13.96
[08:55:27] [RadSER Material Residency Upload/INFO]: [MaterialCompat] Residency updated descriptor/material-table state only; chunk rebuild skipped for generation 1
[08:55:27] [RadSER Material Residency Upload/INFO]: [MaterialCompat] Material page upload starting: 9 candidate materials, layerSize=128, pageCapacity=512, pageBudget=120, decodeThreads=4, generation=1, visibleOnly=true
[08:55:27] [RadSER Material Residency Upload/WARN]: [MaterialCompat] Material page 24 upload failed: 9 layers
[08:55:27] [RadSER Material Residency Upload/INFO]: [MaterialCompat] Material page upload: 0 materials across 0 pages, 0 deferred
[08:55:27] [RadSER Material Residency Upload/INFO]: [MaterialCompat] Runtime material residency complete for generation 1: 0 materials resident, tableUploaded=false, totalMs=12.77
[08:55:27] [RadSER Material Residency Upload/INFO]: [MaterialCompat] Residency updated descriptor/material-table state only; chunk rebuild skipped for generation 1
[08:55:27] [RadSER Material Residency Upload/INFO]: [MaterialCompat] Material page upload starting: 16 candidate materials, layerSize=128, pageCapacity=512, pageBudget=120, decodeThreads=4, generation=1, visibleOnly=true
[08:55:27] [RadSER Material Residency Upload/WARN]: [MaterialCompat] Material page 24 upload failed: 16 layers
[08:55:27] [RadSER Material Residency Upload/INFO]: [MaterialCompat] Material page upload: 0 materials across 0 pages, 0 deferred
[08:55:27] [RadSER Material Residency Upload/INFO]: [MaterialCompat] Runtime material residency complete for generation 1: 0 materials resident, tableUploaded=false, totalMs=17.85
[08:55:27] [RadSER Material Residency Upload/INFO]: [MaterialCompat] Residency updated descriptor/material-table state only; chunk rebuild skipped for generation 1
[08:55:27] [RadSER Material Residency Upload/INFO]: [MaterialCompat] Material page upload starting: 26 candidate materials, layerSize=128, pageCapacity=512, pageBudget=120, decodeThreads=4, generation=1, visibleOnly=true
[08:55:27] [RadSER Material Residency Upload/WARN]: [MaterialCompat] Material page 24 upload failed: 26 layers
[08:55:27] [RadSER Material Residency Upload/INFO]: [MaterialCompat] Material page upload: 0 materials across 0 pages, 0 deferred
[08:55:27] [RadSER Material Residency Upload/INFO]: [MaterialCompat] Runtime material residency complete for generation 1: 0 materials resident, tableUploaded=false, totalMs=18.44
[08:55:27] [RadSER Material Residency Upload/INFO]: [MaterialCompat] Residency updated descriptor/material-table state only; chunk rebuild skipped for generation 1
[08:55:28] [RadSER Material Residency Upload/INFO]: [MaterialCompat] Material page upload starting: 13 candidate materials, layerSize=128, pageCapacity=512, pageBudget=120, decodeThreads=4, generation=1, visibleOnly=true
[08:55:28] [RadSER Material Residency Upload/WARN]: [MaterialCompat] Material page 24 upload failed: 13 layers
[08:55:28] [RadSER Material Residency Upload/INFO]: [MaterialCompat] Material page upload: 0 materials across 0 pages, 0 deferred
[08:55:28] [RadSER Material Residency Upload/INFO]: [MaterialCompat] Runtime material residency complete for generation 1: 0 materials resident, tableUploaded=false, totalMs=71.35
[08:55:28] [RadSER Material Residency Upload/INFO]: [MaterialCompat] Residency updated descriptor/material-table state only; chunk rebuild skipped for generation 1
[08:55:28] [RadSER Material Residency Upload/INFO]: [MaterialCompat] Material page upload starting: 11 candidate materials, layerSize=128, pageCapacity=512, pageBudget=120, decodeThreads=4, generation=1, visibleOnly=true
[08:55:28] [RadSER Material Residency Upload/WARN]: [MaterialCompat] Material page 24 upload failed: 11 layers
[08:55:28] [RadSER Material Residency Upload/INFO]: [MaterialCompat] Material page upload: 0 materials across 0 pages, 0 deferred
[08:55:28] [RadSER Material Residency Upload/INFO]: [MaterialCompat] Runtime material residency complete for generation 1: 0 materials resident, tableUploaded=false, totalMs=18.72
[08:55:28] [RadSER Material Residency Upload/INFO]: [MaterialCompat] Residency updated descriptor/material-table state only; chunk rebuild skipped for generation 1
[08:55:28] [RadSER Material Residency Upload/INFO]: [MaterialCompat] Material page upload starting: 6 candidate materials, layerSize=128, pageCapacity=512, pageBudget=120, decodeThreads=4, generation=1, visibleOnly=true
[08:55:28] [RadSER Material Residency Upload/WARN]: [MaterialCompat] Material page 24 upload failed: 6 layers
[08:55:28] [RadSER Material Residency Upload/INFO]: [MaterialCompat] Material page upload: 0 materials across 0 pages, 0 deferred
[08:55:28] [RadSER Material Residency Upload/INFO]: [MaterialCompat] Runtime material residency complete for generation 1: 0 materials resident, tableUploaded=false, totalMs=17.40
[08:55:28] [RadSER Material Residency Upload/INFO]: [MaterialCompat] Residency updated descriptor/material-table state only; chunk rebuild skipped for generation 1
[08:55:28] [RadSER Material Residency Upload/INFO]: [MaterialCompat] Material page upload starting: 10 candidate materials, layerSize=128, pageCapacity=512, pageBudget=120, decodeThreads=4, generation=1, visibleOnly=true
[08:55:28] [RadSER Material Residency Upload/WARN]: [MaterialCompat] Material page 24 upload failed: 10 layers
[08:55:28] [RadSER Material Residency Upload/INFO]: [MaterialCompat] Material page upload: 0 materials across 0 pages, 0 deferred
[08:55:28] [RadSER Material Residency Upload/INFO]: [MaterialCompat] Runtime material residency complete for generation 1: 0 materials resident, tableUploaded=false, totalMs=15.52
[08:55:28] [RadSER Material Residency Upload/INFO]: [MaterialCompat] Residency updated descriptor/material-table state only; chunk rebuild skipped for generation 1
[08:55:28] [RadSER Material Residency Upload/INFO]: [MaterialCompat] Material page upload starting: 18 candidate materials, layerSize=128, pageCapacity=512, pageBudget=120, decodeThreads=4, generation=1, visibleOnly=true
[08:55:28] [RadSER Material Residency Upload/WARN]: [MaterialCompat] Material page 24 upload failed: 18 layers
[08:55:28] [RadSER Material Residency Upload/INFO]: [MaterialCompat] Material page upload: 0 materials across 0 pages, 0 deferred
[08:55:28] [RadSER Material Residency Upload/INFO]: [MaterialCompat] Runtime material residency complete for generation 1: 0 materials resident, tableUploaded=false, totalMs=16.23
[08:55:28] [RadSER Material Residency Upload/INFO]: [MaterialCompat] Residency updated descriptor/material-table state only; chunk rebuild skipped for generation 1
[08:55:28] [RadSER Material Residency Upload/INFO]: [MaterialCompat] Material page upload starting: 19 candidate materials, layerSize=128, pageCapacity=512, pageBudget=120, decodeThreads=4, generation=1, visibleOnly=true
[08:55:28] [RadSER Material Residency Upload/WARN]: [MaterialCompat] Material page 24 upload failed: 19 layers
[08:55:28] [RadSER Material Residency Upload/INFO]: [MaterialCompat] Material page upload: 0 materials across 0 pages, 0 deferred
[08:55:28] [RadSER Material Residency Upload/INFO]: [MaterialCompat] Runtime material residency complete for generation 1: 0 materials resident, tableUploaded=false, totalMs=18.42
[08:55:28] [RadSER Material Residency Upload/INFO]: [MaterialCompat] Residency updated descriptor/material-table state only; chunk rebuild skipped for generation 1
[08:55:28] [Render thread/INFO]: [STDOUT]: [JAVA] setupTerrain=0.01 entities=0.40 blockEntities=0.02 particles=0.00 weather=0.00 chunkRebuild=0.01 other=0.16 TOTAL=0.61 rebuildQueue=96
[08:55:28] [RadSER Material Residency Upload/INFO]: [MaterialCompat] Material page upload starting: 14 candidate materials, layerSize=128, pageCapacity=512, pageBudget=120, decodeThreads=4, generation=1, visibleOnly=true
[08:55:28] [RadSER Material Residency Upload/WARN]: [MaterialCompat] Material page 24 upload failed: 14 layers
[08:55:28] [RadSER Material Residency Upload/INFO]: [MaterialCompat] Material page upload: 0 materials across 0 pages, 0 deferred
[08:55:28] [RadSER Material Residency Upload/INFO]: [MaterialCompat] Runtime material residency complete for generation 1: 0 materials resident, tableUploaded=false, totalMs=16.47
[08:55:28] [RadSER Material Residency Upload/INFO]: [MaterialCompat] Residency updated descriptor/material-table state only; chunk rebuild skipped for generation 1
[08:55:28] [RadSER Material Residency Upload/INFO]: [MaterialCompat] Material page upload starting: 6 candidate materials, layerSize=128, pageCapacity=512, pageBudget=120, decodeThreads=4, generation=1, visibleOnly=true
[08:55:28] [RadSER Material Residency Upload/WARN]: [MaterialCompat] Material page 24 upload failed: 6 layers
[08:55:28] [RadSER Material Residency Upload/INFO]: [MaterialCompat] Material page upload: 0 materials across 0 pages, 0 deferred
[08:55:28] [RadSER Material Residency Upload/INFO]: [MaterialCompat] Runtime material residency complete for generation 1: 0 materials resident, tableUploaded=false, totalMs=13.89
[08:55:28] [RadSER Material Residency Upload/INFO]: [MaterialCompat] Residency updated descriptor/material-table state only; chunk rebuild skipped for generation 1
[08:55:28] [RadSER Material Residency Upload/INFO]: [MaterialCompat] Material page upload starting: 6 candidate materials, layerSize=128, pageCapacity=512, pageBudget=120, decodeThreads=4, generation=1, visibleOnly=true
[08:55:28] [RadSER Material Residency Upload/WARN]: [MaterialCompat] Material page 24 upload failed: 6 layers
[08:55:28] [RadSER Material Residency Upload/INFO]: [MaterialCompat] Material page upload: 0 materials across 0 pages, 0 deferred
[08:55:28] [RadSER Material Residency Upload/INFO]: [MaterialCompat] Runtime material residency complete for generation 1: 0 materials resident, tableUploaded=false, totalMs=15.73
[08:55:28] [RadSER Material Residency Upload/INFO]: [MaterialCompat] Residency updated descriptor/material-table state only; chunk rebuild skipped for generation 1
[08:55:28] [RadSER Material Residency Upload/INFO]: [MaterialCompat] Material page upload starting: 1 candidate materials, layerSize=128, pageCapacity=512, pageBudget=120, decodeThreads=4, generation=1, visibleOnly=true
[08:55:28] [RadSER Material Residency Upload/WARN]: [MaterialCompat] Material page 24 upload failed: 1 layers
[08:55:28] [RadSER Material Residency Upload/INFO]: [MaterialCompat] Material page upload: 0 materials across 0 pages, 0 deferred
[08:55:28] [RadSER Material Residency Upload/INFO]: [MaterialCompat] Runtime material residency complete for generation 1: 0 materials resident, tableUploaded=false, totalMs=14.47
[08:55:28] [RadSER Material Residency Upload/INFO]: [MaterialCompat] Residency updated descriptor/material-table state only; chunk rebuild skipped for generation 1
[08:55:28] [RadSER Material Residency Upload/INFO]: [MaterialCompat] Material page upload starting: 24 candidate materials, layerSize=128, pageCapacity=512, pageBudget=120, decodeThreads=4, generation=1, visibleOnly=true
[08:55:28] [RadSER Material Residency Upload/WARN]: [MaterialCompat] Material page 24 upload failed: 24 layers
[08:55:28] [RadSER Material Residency Upload/INFO]: [MaterialCompat] Material page upload: 0 materials across 0 pages, 0 deferred
[08:55:28] [RadSER Material Residency Upload/INFO]: [MaterialCompat] Runtime material residency complete for generation 1: 0 materials resident, tableUploaded=false, totalMs=16.31
[08:55:28] [RadSER Material Residency Upload/INFO]: [MaterialCompat] Residency updated descriptor/material-table state only; chunk rebuild skipped for generation 1
[08:55:28] [RadSER Material Residency Upload/INFO]: [MaterialCompat] Material page upload starting: 5 candidate materials, layerSize=128, pageCapacity=512, pageBudget=120, decodeThreads=4, generation=1, visibleOnly=true
[08:55:28] [RadSER Material Residency Upload/WARN]: [MaterialCompat] Material page 24 upload failed: 5 layers
[08:55:28] [RadSER Material Residency Upload/INFO]: [MaterialCompat] Material page upload: 0 materials across 0 pages, 0 deferred
[08:55:28] [RadSER Material Residency Upload/INFO]: [MaterialCompat] Runtime material residency complete for generation 1: 0 materials resident, tableUploaded=false, totalMs=14.50
[08:55:28] [RadSER Material Residency Upload/INFO]: [MaterialCompat] Residency updated descriptor/material-table state only; chunk rebuild skipped for generation 1
[08:55:28] [RadSER Material Residency Upload/INFO]: [MaterialCompat] Material page upload starting: 9 candidate materials, layerSize=128, pageCapacity=512, pageBudget=120, decodeThreads=4, generation=1, visibleOnly=true
[08:55:28] [RadSER Material Residency Upload/WARN]: [MaterialCompat] Material page 24 upload failed: 9 layers
[08:55:28] [RadSER Material Residency Upload/INFO]: [MaterialCompat] Material page upload: 0 materials across 0 pages, 0 deferred
[08:55:28] [RadSER Material Residency Upload/INFO]: [MaterialCompat] Runtime material residency complete for generation 1: 0 materials resident, tableUploaded=false, totalMs=14.75
[08:55:28] [RadSER Material Residency Upload/INFO]: [MaterialCompat] Residency updated descriptor/material-table state only; chunk rebuild skipped for generation 1
[08:55:28] [Render thread/INFO]: [System] [CHAT] Radiance: Capturing GPU profile (120 samples)
[08:55:28] [RadSER Material Residency Upload/INFO]: [MaterialCompat] Material page upload starting: 7 candidate materials, layerSize=128, pageCapacity=512, pageBudget=120, decodeThreads=4, generation=1, visibleOnly=true
[08:55:28] [RadSER Material Residency Upload/WARN]: [MaterialCompat] Material page 24 upload failed: 7 layers
[08:55:28] [RadSER Material Residency Upload/INFO]: [MaterialCompat] Material page upload: 0 materials across 0 pages, 0 deferred
[08:55:28] [RadSER Material Residency Upload/INFO]: [MaterialCompat] Runtime material residency complete for generation 1: 0 materials resident, tableUploaded=false, totalMs=15.25
[08:55:28] [RadSER Material Residency Upload/INFO]: [MaterialCompat] Residency updated descriptor/material-table state only; chunk rebuild skipped for generation 1
[08:55:28] [RadSER Material Residency Upload/INFO]: [MaterialCompat] Material page upload starting: 6 candidate materials, layerSize=128, pageCapacity=512, pageBudget=120, decodeThreads=4, generation=1, visibleOnly=true
[08:55:28] [RadSER Material Residency Upload/WARN]: [MaterialCompat] Material page 24 upload failed: 6 layers
[08:55:28] [RadSER Material Residency Upload/INFO]: [MaterialCompat] Material page upload: 0 materials across 0 pages, 0 deferred
[08:55:28] [RadSER Material Residency Upload/INFO]: [MaterialCompat] Runtime material residency complete for generation 1: 0 materials resident, tableUploaded=false, totalMs=16.02
[08:55:28] [RadSER Material Residency Upload/INFO]: [MaterialCompat] Residency updated descriptor/material-table state only; chunk rebuild skipped for generation 1
[08:55:28] [RadSER Material Residency Upload/INFO]: [MaterialCompat] Material page upload starting: 8 candidate materials, layerSize=128, pageCapacity=512, pageBudget=120, decodeThreads=4, generation=1, visibleOnly=true
[08:55:29] [RadSER Material Residency Upload/WARN]: [MaterialCompat] Material page 24 upload failed: 8 layers
[08:55:29] [RadSER Material Residency Upload/INFO]: [MaterialCompat] Material page upload: 0 materials across 0 pages, 0 deferred
[08:55:29] [RadSER Material Residency Upload/INFO]: [MaterialCompat] Runtime material residency complete for generation 1: 0 materials resident, tableUploaded=false, totalMs=15.36
[08:55:29] [RadSER Material Residency Upload/INFO]: [MaterialCompat] Residency updated descriptor/material-table state only; chunk rebuild skipped for generation 1
[08:55:29] [RadSER Material Residency Upload/INFO]: [MaterialCompat] Material page upload starting: 6 candidate materials, layerSize=128, pageCapacity=512, pageBudget=120, decodeThreads=4, generation=1, visibleOnly=true
[08:55:29] [RadSER Material Residency Upload/WARN]: [MaterialCompat] Material page 24 upload failed: 6 layers
[08:55:29] [RadSER Material Residency Upload/INFO]: [MaterialCompat] Material page upload: 0 materials across 0 pages, 0 deferred
[08:55:29] [RadSER Material Residency Upload/INFO]: [MaterialCompat] Runtime material residency complete for generation 1: 0 materials resident, tableUploaded=false, totalMs=14.73
[08:55:29] [RadSER Material Residency Upload/INFO]: [MaterialCompat] Residency updated descriptor/material-table state only; chunk rebuild skipped for generation 1
[08:55:29] [RadSER Material Residency Upload/INFO]: [MaterialCompat] Material page upload starting: 17 candidate materials, layerSize=128, pageCapacity=512, pageBudget=120, decodeThreads=4, generation=1, visibleOnly=true
[08:55:29] [RadSER Material Residency Upload/WARN]: [MaterialCompat] Material page 24 upload failed: 17 layers
[08:55:29] [RadSER Material Residency Upload/INFO]: [MaterialCompat] Material page upload: 0 materials across 0 pages, 0 deferred
[08:55:29] [RadSER Material Residency Upload/INFO]: [MaterialCompat] Runtime material residency complete for generation 1: 0 materials resident, tableUploaded=false, totalMs=14.18
[08:55:29] [RadSER Material Residency Upload/INFO]: [MaterialCompat] Residency updated descriptor/material-table state only; chunk rebuild skipped for generation 1
[08:55:29] [RadSER Material Residency Upload/INFO]: [MaterialCompat] Material page upload starting: 9 candidate materials, layerSize=128, pageCapacity=512, pageBudget=120, decodeThreads=4, generation=1, visibleOnly=true
[08:55:29] [RadSER Material Residency Upload/WARN]: [MaterialCompat] Material page 24 upload failed: 9 layers
[08:55:29] [RadSER Material Residency Upload/INFO]: [MaterialCompat] Material page upload: 0 materials across 0 pages, 0 deferred
[08:55:29] [RadSER Material Residency Upload/INFO]: [MaterialCompat] Runtime material residency complete for generation 1: 0 materials resident, tableUploaded=false, totalMs=15.67
[08:55:29] [RadSER Material Residency Upload/INFO]: [MaterialCompat] Residency updated descriptor/material-table state only; chunk rebuild skipped for generation 1
[08:55:29] [RadSER Material Residency Upload/INFO]: [MaterialCompat] Material page upload starting: 9 candidate materials, layerSize=128, pageCapacity=512, pageBudget=120, decodeThreads=4, generation=1, visibleOnly=true
[08:55:29] [RadSER Material Residency Upload/WARN]: [MaterialCompat] Material page 24 upload failed: 9 layers
[08:55:29] [RadSER Material Residency Upload/INFO]: [MaterialCompat] Material page upload: 0 materials across 0 pages, 0 deferred
[08:55:29] [RadSER Material Residency Upload/INFO]: [MaterialCompat] Runtime material residency complete for generation 1: 0 materials resident, tableUploaded=false, totalMs=15.00
[08:55:29] [RadSER Material Residency Upload/INFO]: [MaterialCompat] Residency updated descriptor/material-table state only; chunk rebuild skipped for generation 1
[08:55:29] [Render thread/INFO]: [STDOUT]: [JAVA] setupTerrain=0.01 entities=0.39 blockEntities=0.02 particles=0.00 weather=0.00 chunkRebuild=0.01 other=0.16 TOTAL=0.59 rebuildQueue=96
[08:55:29] [RadSER Material Residency Upload/INFO]: [MaterialCompat] Material page upload starting: 9 candidate materials, layerSize=128, pageCapacity=512, pageBudget=120, decodeThreads=4, generation=1, visibleOnly=true
[08:55:29] [RadSER Material Residency Upload/WARN]: [MaterialCompat] Material page 24 upload failed: 9 layers
[08:55:29] [RadSER Material Residency Upload/INFO]: [MaterialCompat] Material page upload: 0 materials across 0 pages, 0 deferred
[08:55:29] [RadSER Material Residency Upload/INFO]: [MaterialCompat] Runtime material residency complete for generation 1: 0 materials resident, tableUploaded=false, totalMs=12.68
[08:55:29] [RadSER Material Residency Upload/INFO]: [MaterialCompat] Residency updated descriptor/material-table state only; chunk rebuild skipped for generation 1
[08:55:29] [RadSER Material Residency Upload/INFO]: [MaterialCompat] Material page upload starting: 1 candidate materials, layerSize=128, pageCapacity=512, pageBudget=120, decodeThreads=4, generation=1, visibleOnly=true
[08:55:29] [RadSER Material Residency Upload/WARN]: [MaterialCompat] Material page 24 upload failed: 1 layers
[08:55:29] [RadSER Material Residency Upload/INFO]: [MaterialCompat] Material page upload: 0 materials across 0 pages, 0 deferred
[08:55:29] [RadSER Material Residency Upload/INFO]: [MaterialCompat] Runtime material residency complete for generation 1: 0 materials resident, tableUploaded=false, totalMs=10.54
[08:55:29] [RadSER Material Residency Upload/INFO]: [MaterialCompat] Residency updated descriptor/material-table state only; chunk rebuild skipped for generation 1
[08:55:29] [RadSER Material Residency Upload/INFO]: [MaterialCompat] Material page upload starting: 12 candidate materials, layerSize=128, pageCapacity=512, pageBudget=120, decodeThreads=4, generation=1, visibleOnly=true
[08:55:29] [RadSER Material Residency Upload/WARN]: [MaterialCompat] Material page 24 upload failed: 12 layers
[08:55:29] [RadSER Material Residency Upload/INFO]: [MaterialCompat] Material page upload: 0 materials across 0 pages, 0 deferred
[08:55:29] [RadSER Material Residency Upload/INFO]: [MaterialCompat] Runtime material residency complete for generation 1: 0 materials resident, tableUploaded=false, totalMs=16.41
[08:55:29] [RadSER Material Residency Upload/INFO]: [MaterialCompat] Residency updated descriptor/material-table state only; chunk rebuild skipped for generation 1
[08:55:29] [RadSER Material Residency Upload/INFO]: [MaterialCompat] Material page upload starting: 10 candidate materials, layerSize=128, pageCapacity=512, pageBudget=120, decodeThreads=4, generation=1, visibleOnly=true
[08:55:29] [RadSER Material Residency Upload/WARN]: [MaterialCompat] Material page 24 upload failed: 1 layers
[08:55:29] [RadSER Material Residency Upload/WARN]: [MaterialCompat] Material page 25 upload failed: 9 layers
[08:55:29] [RadSER Material Residency Upload/INFO]: [MaterialCompat] Material page upload: 0 materials across 0 pages, 0 deferred
[08:55:29] [RadSER Material Residency Upload/INFO]: [MaterialCompat] Runtime material residency complete for generation 1: 0 materials resident, tableUploaded=false, totalMs=20.05
[08:55:29] [RadSER Material Residency Upload/INFO]: [MaterialCompat] Residency updated descriptor/material-table state only; chunk rebuild skipped for generation 1
[08:55:29] [RadSER Material Residency Upload/INFO]: [MaterialCompat] Material page upload starting: 26 candidate materials, layerSize=128, pageCapacity=512, pageBudget=120, decodeThreads=4, generation=1, visibleOnly=true
[08:55:29] [RadSER Material Residency Upload/WARN]: [MaterialCompat] Material page 25 upload failed: 26 layers
[08:55:29] [RadSER Material Residency Upload/INFO]: [MaterialCompat] Material page upload: 0 materials across 0 pages, 0 deferred
[08:55:29] [RadSER Material Residency Upload/INFO]: [MaterialCompat] Runtime material residency complete for generation 1: 0 materials resident, tableUploaded=false, totalMs=85.06
[08:55:29] [RadSER Material Residency Upload/INFO]: [MaterialCompat] Residency updated descriptor/material-table state only; chunk rebuild skipped for generation 1
[08:55:29] [RadSER Material Residency Upload/INFO]: [MaterialCompat] Material page upload starting: 6 candidate materials, layerSize=128, pageCapacity=512, pageBudget=120, decodeThreads=4, generation=1, visibleOnly=true
[08:55:29] [RadSER Material Residency Upload/WARN]: [MaterialCompat] Material page 25 upload failed: 6 layers
[08:55:29] [RadSER Material Residency Upload/INFO]: [MaterialCompat] Material page upload: 0 materials across 0 pages, 0 deferred
[08:55:29] [RadSER Material Residency Upload/INFO]: [MaterialCompat] Runtime material residency complete for generation 1: 0 materials resident, tableUploaded=false, totalMs=15.40
[08:55:29] [RadSER Material Residency Upload/INFO]: [MaterialCompat] Residency updated descriptor/material-table state only; chunk rebuild skipped for generation 1
[08:55:29] [RadSER Material Residency Upload/INFO]: [MaterialCompat] Material page upload starting: 7 candidate materials, layerSize=128, pageCapacity=512, pageBudget=120, decodeThreads=4, generation=1, visibleOnly=true
[08:55:29] [RadSER Material Residency Upload/WARN]: [MaterialCompat] Material page 25 upload failed: 7 layers
[08:55:29] [RadSER Material Residency Upload/INFO]: [MaterialCompat] Material page upload: 0 materials across 0 pages, 0 deferred
[08:55:29] [RadSER Material Residency Upload/INFO]: [MaterialCompat] Runtime material residency complete for generation 1: 0 materials resident, tableUploaded=false, totalMs=14.77
[08:55:29] [RadSER Material Residency Upload/INFO]: [MaterialCompat] Residency updated descriptor/material-table state only; chunk rebuild skipped for generation 1
[08:55:29] [RadSER Material Residency Upload/INFO]: [MaterialCompat] Material page upload starting: 8 candidate materials, layerSize=128, pageCapacity=512, pageBudget=120, decodeThreads=4, generation=1, visibleOnly=true
[08:55:29] [RadSER Material Residency Upload/WARN]: [MaterialCompat] Material page 25 upload failed: 8 layers
[08:55:29] [RadSER Material Residency Upload/INFO]: [MaterialCompat] Material page upload: 0 materials across 0 pages, 0 deferred
[08:55:29] [RadSER Material Residency Upload/INFO]: [MaterialCompat] Runtime material residency complete for generation 1: 0 materials resident, tableUploaded=false, totalMs=14.54
[08:55:29] [RadSER Material Residency Upload/INFO]: [MaterialCompat] Residency updated descriptor/material-table state only; chunk rebuild skipped for generation 1
[08:55:29] [RadSER Material Residency Upload/INFO]: [MaterialCompat] Material page upload starting: 7 candidate materials, layerSize=128, pageCapacity=512, pageBudget=120, decodeThreads=4, generation=1, visibleOnly=true
[08:55:29] [RadSER Material Residency Upload/WARN]: [MaterialCompat] Material page 25 upload failed: 7 layers
[08:55:29] [RadSER Material Residency Upload/INFO]: [MaterialCompat] Material page upload: 0 materials across 0 pages, 0 deferred
[08:55:29] [RadSER Material Residency Upload/INFO]: [MaterialCompat] Runtime material residency complete for generation 1: 0 materials resident, tableUploaded=false, totalMs=15.82
[08:55:29] [RadSER Material Residency Upload/INFO]: [MaterialCompat] Residency updated descriptor/material-table state only; chunk rebuild skipped for generation 1
[08:55:29] [RadSER Material Residency Upload/INFO]: [MaterialCompat] Material page upload starting: 6 candidate materials, layerSize=128, pageCapacity=512, pageBudget=120, decodeThreads=4, generation=1, visibleOnly=true
[08:55:29] [RadSER Material Residency Upload/WARN]: [MaterialCompat] Material page 25 upload failed: 6 layers
[08:55:29] [RadSER Material Residency Upload/INFO]: [MaterialCompat] Material page upload: 0 materials across 0 pages, 0 deferred
[08:55:30] [RadSER Material Residency Upload/INFO]: [MaterialCompat] Runtime material residency complete for generation 1: 0 materials resident, tableUploaded=false, totalMs=14.12
[08:55:30] [RadSER Material Residency Upload/INFO]: [MaterialCompat] Residency updated descriptor/material-table state only; chunk rebuild skipped for generation 1
[08:55:30] [RadSER Material Residency Upload/INFO]: [MaterialCompat] Material page upload starting: 6 candidate materials, layerSize=128, pageCapacity=512, pageBudget=120, decodeThreads=4, generation=1, visibleOnly=true
[08:55:30] [RadSER Material Residency Upload/WARN]: [MaterialCompat] Material page 25 upload failed: 6 layers
[08:55:30] [RadSER Material Residency Upload/INFO]: [MaterialCompat] Material page upload: 0 materials across 0 pages, 0 deferred
[08:55:30] [RadSER Material Residency Upload/INFO]: [MaterialCompat] Runtime material residency complete for generation 1: 0 materials resident, tableUploaded=false, totalMs=13.68
[08:55:30] [RadSER Material Residency Upload/INFO]: [MaterialCompat] Residency updated descriptor/material-table state only; chunk rebuild skipped for generation 1
[08:55:30] [Render thread/INFO]: [STDOUT]: [JAVA] setupTerrain=0.01 entities=0.38 blockEntities=0.03 particles=0.00 weather=0.00 chunkRebuild=0.01 other=0.16 TOTAL=0.59 rebuildQueue=96
[08:55:30] [RadSER Material Residency Upload/INFO]: [MaterialCompat] Material page upload starting: 15 candidate materials, layerSize=128, pageCapacity=512, pageBudget=120, decodeThreads=4, generation=1, visibleOnly=true
[08:55:30] [RadSER Material Residency Upload/WARN]: [MaterialCompat] Material page 25 upload failed: 15 layers
[08:55:30] [RadSER Material Residency Upload/INFO]: [MaterialCompat] Material page upload: 0 materials across 0 pages, 0 deferred
[08:55:30] [RadSER Material Residency Upload/INFO]: [MaterialCompat] Runtime material residency complete for generation 1: 0 materials resident, tableUploaded=false, totalMs=15.04
[08:55:30] [RadSER Material Residency Upload/INFO]: [MaterialCompat] Residency updated descriptor/material-table state only; chunk rebuild skipped for generation 1
[08:55:30] [RadSER Material Residency Upload/INFO]: [MaterialCompat] Material page upload starting: 25 candidate materials, layerSize=128, pageCapacity=512, pageBudget=120, decodeThreads=4, generation=1, visibleOnly=true
[08:55:30] [RadSER Material Residency Upload/WARN]: [MaterialCompat] Material page 25 upload failed: 25 layers
[08:55:30] [RadSER Material Residency Upload/INFO]: [MaterialCompat] Material page upload: 0 materials across 0 pages, 0 deferred
[08:55:30] [RadSER Material Residency Upload/INFO]: [MaterialCompat] Runtime material residency complete for generation 1: 0 materials resident, tableUploaded=false, totalMs=17.70
[08:55:30] [RadSER Material Residency Upload/INFO]: [MaterialCompat] Residency updated descriptor/material-table state only; chunk rebuild skipped for generation 1
[08:55:30] [RadSER Material Residency Upload/INFO]: [MaterialCompat] Material page upload starting: 25 candidate materials, layerSize=128, pageCapacity=512, pageBudget=120, decodeThreads=4, generation=1, visibleOnly=true
[08:55:30] [RadSER Material Residency Upload/WARN]: [MaterialCompat] Material page 25 upload failed: 25 layers
[08:55:30] [RadSER Material Residency Upload/INFO]: [MaterialCompat] Material page upload: 0 materials across 0 pages, 0 deferred
[08:55:30] [RadSER Material Residency Upload/INFO]: [MaterialCompat] Runtime material residency complete for generation 1: 0 materials resident, tableUploaded=false, totalMs=29.27
[08:55:30] [RadSER Material Residency Upload/INFO]: [MaterialCompat] Residency updated descriptor/material-table state only; chunk rebuild skipped for generation 1
[08:55:30] [RadSER Material Residency Upload/INFO]: [MaterialCompat] Material page upload starting: 33 candidate materials, layerSize=128, pageCapacity=512, pageBudget=120, decodeThreads=4, generation=1, visibleOnly=true
[08:55:30] [RadSER Material Residency Upload/WARN]: [MaterialCompat] Material page 25 upload failed: 33 layers
[08:55:30] [RadSER Material Residency Upload/INFO]: [MaterialCompat] Material page upload: 0 materials across 0 pages, 0 deferred
[08:55:30] [RadSER Material Residency Upload/INFO]: [MaterialCompat] Runtime material residency complete for generation 1: 0 materials resident, tableUploaded=false, totalMs=17.62
[08:55:30] [RadSER Material Residency Upload/INFO]: [MaterialCompat] Residency updated descriptor/material-table state only; chunk rebuild skipped for generation 1
[08:55:30] [RadSER Material Residency Upload/INFO]: [MaterialCompat] Material page upload starting: 26 candidate materials, layerSize=128, pageCapacity=512, pageBudget=120, decodeThreads=4, generation=1, visibleOnly=true
[08:55:30] [RadSER Material Residency Upload/WARN]: [MaterialCompat] Material page 25 upload failed: 26 layers
[08:55:30] [RadSER Material Residency Upload/INFO]: [MaterialCompat] Material page upload: 0 materials across 0 pages, 0 deferred
[08:55:30] [RadSER Material Residency Upload/INFO]: [MaterialCompat] Runtime material residency complete for generation 1: 0 materials resident, tableUploaded=false, totalMs=17.60
[08:55:30] [RadSER Material Residency Upload/INFO]: [MaterialCompat] Residency updated descriptor/material-table state only; chunk rebuild skipped for generation 1
[08:55:30] [RadSER Material Residency Upload/INFO]: [MaterialCompat] Material page upload starting: 37 candidate materials, layerSize=128, pageCapacity=512, pageBudget=120, decodeThreads=4, generation=1, visibleOnly=true
[08:55:30] [RadSER Material Residency Upload/WARN]: [MaterialCompat] Material page 25 upload failed: 37 layers
[08:55:30] [RadSER Material Residency Upload/INFO]: [MaterialCompat] Material page upload: 0 materials across 0 pages, 0 deferred
[08:55:30] [RadSER Material Residency Upload/INFO]: [MaterialCompat] Runtime material residency complete for generation 1: 0 materials resident, tableUploaded=false, totalMs=18.36
[08:55:30] [RadSER Material Residency Upload/INFO]: [MaterialCompat] Residency updated descriptor/material-table state only; chunk rebuild skipped for generation 1
[08:55:30] [RadSER Material Residency Upload/INFO]: [MaterialCompat] Material page upload starting: 42 candidate materials, layerSize=128, pageCapacity=512, pageBudget=120, decodeThreads=4, generation=1, visibleOnly=true
[08:55:30] [RadSER Material Residency Upload/WARN]: [MaterialCompat] Material page 25 upload failed: 42 layers
[08:55:30] [RadSER Material Residency Upload/INFO]: [MaterialCompat] Material page upload: 0 materials across 0 pages, 0 deferred
[08:55:30] [RadSER Material Residency Upload/INFO]: [MaterialCompat] Runtime material residency complete for generation 1: 0 materials resident, tableUploaded=false, totalMs=17.79
[08:55:30] [RadSER Material Residency Upload/INFO]: [MaterialCompat] Residency updated descriptor/material-table state only; chunk rebuild skipped for generation 1
[08:55:30] [RadSER Material Residency Upload/INFO]: [MaterialCompat] Material page upload starting: 40 candidate materials, layerSize=128, pageCapacity=512, pageBudget=120, decodeThreads=4, generation=1, visibleOnly=true
[08:55:30] [RadSER Material Residency Upload/WARN]: [MaterialCompat] Material page 25 upload failed: 40 layers
[08:55:30] [RadSER Material Residency Upload/INFO]: [MaterialCompat] Material page upload: 0 materials across 0 pages, 0 deferred
[08:55:30] [RadSER Material Residency Upload/INFO]: [MaterialCompat] Runtime material residency complete for generation 1: 0 materials resident, tableUploaded=false, totalMs=20.14
[08:55:30] [RadSER Material Residency Upload/INFO]: [MaterialCompat] Residency updated descriptor/material-table state only; chunk rebuild skipped for generation 1
[08:55:30] [RadSER Material Residency Upload/INFO]: [MaterialCompat] Material page upload starting: 36 candidate materials, layerSize=128, pageCapacity=512, pageBudget=120, decodeThreads=4, generation=1, visibleOnly=true
[08:55:30] [RadSER Material Residency Upload/WARN]: [MaterialCompat] Material page 25 upload failed: 36 layers
[08:55:30] [RadSER Material Residency Upload/INFO]: [MaterialCompat] Material page upload: 0 materials across 0 pages, 0 deferred
[08:55:30] [RadSER Material Residency Upload/INFO]: [MaterialCompat] Runtime material residency complete for generation 1: 0 materials resident, tableUploaded=false, totalMs=16.68
[08:55:30] [RadSER Material Residency Upload/INFO]: [MaterialCompat] Residency updated descriptor/material-table state only; chunk rebuild skipped for generation 1
[08:55:30] [RadSER Material Residency Upload/INFO]: [MaterialCompat] Material page upload starting: 32 candidate materials, layerSize=128, pageCapacity=512, pageBudget=120, decodeThreads=4, generation=1, visibleOnly=true
[08:55:30] [RadSER Material Residency Upload/WARN]: [MaterialCompat] Material page 25 upload failed: 32 layers
[08:55:30] [RadSER Material Residency Upload/INFO]: [MaterialCompat] Material page upload: 0 materials across 0 pages, 0 deferred
[08:55:30] [RadSER Material Residency Upload/INFO]: [MaterialCompat] Runtime material residency complete for generation 1: 0 materials resident, tableUploaded=false, totalMs=20.35
[08:55:30] [RadSER Material Residency Upload/INFO]: [MaterialCompat] Residency updated descriptor/material-table state only; chunk rebuild skipped for generation 1
[08:55:30] [RadSER Material Residency Upload/INFO]: [MaterialCompat] Material page upload starting: 32 candidate materials, layerSize=128, pageCapacity=512, pageBudget=120, decodeThreads=4, generation=1, visibleOnly=true
[08:55:30] [RadSER Material Residency Upload/WARN]: [MaterialCompat] Material page 25 upload failed: 32 layers
[08:55:30] [RadSER Material Residency Upload/INFO]: [MaterialCompat] Material page upload: 0 materials across 0 pages, 0 deferred
[08:55:30] [RadSER Material Residency Upload/INFO]: [MaterialCompat] Runtime material residency complete for generation 1: 0 materials resident, tableUploaded=false, totalMs=16.23
[08:55:30] [RadSER Material Residency Upload/INFO]: [MaterialCompat] Residency updated descriptor/material-table state only; chunk rebuild skipped for generation 1
[08:55:30] [RadSER Material Residency Upload/INFO]: [MaterialCompat] Material page upload starting: 29 candidate materials, layerSize=128, pageCapacity=512, pageBudget=120, decodeThreads=4, generation=1, visibleOnly=true
[08:55:30] [RadSER Material Residency Upload/WARN]: [MaterialCompat] Material page 25 upload failed: 29 layers
[08:55:30] [RadSER Material Residency Upload/INFO]: [MaterialCompat] Material page upload: 0 materials across 0 pages, 0 deferred
[08:55:30] [RadSER Material Residency Upload/INFO]: [MaterialCompat] Runtime material residency complete for generation 1: 0 materials resident, tableUploaded=false, totalMs=16.73
[08:55:30] [RadSER Material Residency Upload/INFO]: [MaterialCompat] Residency updated descriptor/material-table state only; chunk rebuild skipped for generation 1
[08:55:30] [Render thread/INFO]: [System] [CHAT] Radiance: GPU profile saved: gpu_profile_latest.txt
[08:55:30] [RadSER Material Residency Upload/INFO]: [MaterialCompat] Material page upload starting: 30 candidate materials, layerSize=128, pageCapacity=512, pageBudget=120, decodeThreads=4, generation=1, visibleOnly=true
[08:55:30] [RadSER Material Residency Upload/WARN]: [MaterialCompat] Material page 25 upload failed: 30 layers
[08:55:30] [RadSER Material Residency Upload/INFO]: [MaterialCompat] Material page upload: 0 materials across 0 pages, 0 deferred
[08:55:30] [RadSER Material Residency Upload/INFO]: [MaterialCompat] Runtime material residency complete for generation 1: 0 materials resident, tableUploaded=false, totalMs=16.25
[08:55:30] [RadSER Material Residency Upload/INFO]: [MaterialCompat] Residency updated descriptor/material-table state only; chunk rebuild skipped for generation 1
[08:55:30] [RadSER Material Residency Upload/INFO]: [MaterialCompat] Material page upload starting: 27 candidate materials, layerSize=128, pageCapacity=512, pageBudget=120, decodeThreads=4, generation=1, visibleOnly=true
[08:55:30] [RadSER Material Residency Upload/WARN]: [MaterialCompat] Material page 25 upload failed: 27 layers
[08:55:30] [RadSER Material Residency Upload/INFO]: [MaterialCompat] Material page upload: 0 materials across 0 pages, 0 deferred
[08:55:30] [RadSER Material Residency Upload/INFO]: [MaterialCompat] Runtime material residency complete for generation 1: 0 materials resident, tableUploaded=false, totalMs=19.85
[08:55:30] [RadSER Material Residency Upload/INFO]: [MaterialCompat] Residency updated descriptor/material-table state only; chunk rebuild skipped for generation 1
[08:55:30] [Render thread/INFO]: [STDOUT]: [JAVA] setupTerrain=0.01 entities=0.38 blockEntities=0.03 particles=0.00 weather=0.00 chunkRebuild=0.01 other=0.16 TOTAL=0.59 rebuildQueue=96
[08:55:30] [RadSER Material Residency Upload/INFO]: [MaterialCompat] Material page upload starting: 26 candidate materials, layerSize=128, pageCapacity=512, pageBudget=120, decodeThreads=4, generation=1, visibleOnly=true
[08:55:30] [RadSER Material Residency Upload/WARN]: [MaterialCompat] Material page 25 upload failed: 8 layers
[08:55:30] [RadSER Material Residency Upload/WARN]: [MaterialCompat] Material page 26 upload failed: 18 layers
[08:55:30] [RadSER Material Residency Upload/INFO]: [MaterialCompat] Material page upload: 0 materials across 0 pages, 0 deferred
[08:55:30] [RadSER Material Residency Upload/INFO]: [MaterialCompat] Runtime material residency complete for generation 1: 0 materials resident, tableUploaded=false, totalMs=17.33
[08:55:30] [RadSER Material Residency Upload/INFO]: [MaterialCompat] Residency updated descriptor/material-table state only; chunk rebuild skipped for generation 1
[08:55:30] [RadSER Material Residency Upload/INFO]: [MaterialCompat] Material page upload starting: 3 candidate materials, layerSize=128, pageCapacity=512, pageBudget=120, decodeThreads=4, generation=1, visibleOnly=true
[08:55:30] [RadSER Material Residency Upload/WARN]: [MaterialCompat] Material page 26 upload failed: 3 layers
[08:55:30] [RadSER Material Residency Upload/INFO]: [MaterialCompat] Material page upload: 0 materials across 0 pages, 0 deferred
[08:55:30] [RadSER Material Residency Upload/INFO]: [MaterialCompat] Runtime material residency complete for generation 1: 0 materials resident, tableUploaded=false, totalMs=13.03
[08:55:30] [RadSER Material Residency Upload/INFO]: [MaterialCompat] Residency updated descriptor/material-table state only; chunk rebuild skipped for generation 1
[08:55:31] [RadSER Material Residency Upload/INFO]: [MaterialCompat] Material page upload starting: 29 candidate materials, layerSize=128, pageCapacity=512, pageBudget=120, decodeThreads=4, generation=1, visibleOnly=true
[08:55:31] [RadSER Material Residency Upload/WARN]: [MaterialCompat] Material page 26 upload failed: 29 layers
[08:55:31] [RadSER Material Residency Upload/INFO]: [MaterialCompat] Material page upload: 0 materials across 0 pages, 0 deferred
[08:55:31] [RadSER Material Residency Upload/INFO]: [MaterialCompat] Runtime material residency complete for generation 1: 0 materials resident, tableUploaded=false, totalMs=15.97
[08:55:31] [RadSER Material Residency Upload/INFO]: [MaterialCompat] Residency updated descriptor/material-table state only; chunk rebuild skipped for generation 1
[08:55:31] [RadSER Material Residency Upload/INFO]: [MaterialCompat] Material page upload starting: 12 candidate materials, layerSize=128, pageCapacity=512, pageBudget=120, decodeThreads=4, generation=1, visibleOnly=true
[08:55:31] [RadSER Material Residency Upload/WARN]: [MaterialCompat] Material page 26 upload failed: 12 layers
[08:55:31] [RadSER Material Residency Upload/INFO]: [MaterialCompat] Material page upload: 0 materials across 0 pages, 0 deferred
[08:55:31] [RadSER Material Residency Upload/INFO]: [MaterialCompat] Runtime material residency complete for generation 1: 0 materials resident, tableUploaded=false, totalMs=12.62
[08:55:31] [RadSER Material Residency Upload/INFO]: [MaterialCompat] Residency updated descriptor/material-table state only; chunk rebuild skipped for generation 1
[08:55:31] [RadSER Material Residency Upload/INFO]: [MaterialCompat] Material page upload starting: 29 candidate materials, layerSize=128, pageCapacity=512, pageBudget=120, decodeThreads=4, generation=1, visibleOnly=true
[08:55:31] [RadSER Material Residency Upload/WARN]: [MaterialCompat] Material page 26 upload failed: 29 layers
[08:55:31] [RadSER Material Residency Upload/INFO]: [MaterialCompat] Material page upload: 0 materials across 0 pages, 0 deferred
[08:55:31] [RadSER Material Residency Upload/INFO]: [MaterialCompat] Runtime material residency complete for generation 1: 0 materials resident, tableUploaded=false, totalMs=15.33
[08:55:31] [RadSER Material Residency Upload/INFO]: [MaterialCompat] Residency updated descriptor/material-table state only; chunk rebuild skipped for generation 1
[08:55:31] [RadSER Material Residency Upload/INFO]: [MaterialCompat] Material page upload starting: 6 candidate materials, layerSize=128, pageCapacity=512, pageBudget=120, decodeThreads=4, generation=1, visibleOnly=true
[08:55:31] [RadSER Material Residency Upload/WARN]: [MaterialCompat] Material page 26 upload failed: 6 layers
[08:55:31] [RadSER Material Residency Upload/INFO]: [MaterialCompat] Material page upload: 0 materials across 0 pages, 0 deferred
[08:55:31] [RadSER Material Residency Upload/INFO]: [MaterialCompat] Runtime material residency complete for generation 1: 0 materials resident, tableUploaded=false, totalMs=12.13
[08:55:31] [RadSER Material Residency Upload/INFO]: [MaterialCompat] Residency updated descriptor/material-table state only; chunk rebuild skipped for generation 1
[08:55:31] [RadSER Material Residency Upload/INFO]: [MaterialCompat] Material page upload starting: 38 candidate materials, layerSize=128, pageCapacity=512, pageBudget=120, decodeThreads=4, generation=1, visibleOnly=true
[08:55:31] [RadSER Material Residency Upload/WARN]: [MaterialCompat] Material page 26 upload failed: 38 layers
[08:55:31] [RadSER Material Residency Upload/INFO]: [MaterialCompat] Material page upload: 0 materials across 0 pages, 0 deferred
[08:55:31] [RadSER Material Residency Upload/INFO]: [MaterialCompat] Runtime material residency complete for generation 1: 0 materials resident, tableUploaded=false, totalMs=19.49
[08:55:31] [RadSER Material Residency Upload/INFO]: [MaterialCompat] Residency updated descriptor/material-table state only; chunk rebuild skipped for generation 1
[08:55:31] [RadSER Material Residency Upload/INFO]: [MaterialCompat] Material page upload starting: 16 candidate materials, layerSize=128, pageCapacity=512, pageBudget=120, decodeThreads=4, generation=1, visibleOnly=true
[08:55:31] [RadSER Material Residency Upload/WARN]: [MaterialCompat] Material page 26 upload failed: 16 layers
[08:55:31] [RadSER Material Residency Upload/INFO]: [MaterialCompat] Material page upload: 0 materials across 0 pages, 0 deferred
[08:55:31] [RadSER Material Residency Upload/INFO]: [MaterialCompat] Runtime material residency complete for generation 1: 0 materials resident, tableUploaded=false, totalMs=14.67
[08:55:31] [RadSER Material Residency Upload/INFO]: [MaterialCompat] Residency updated descriptor/material-table state only; chunk rebuild skipped for generation 1
[08:55:31] [RadSER Material Residency Upload/INFO]: [MaterialCompat] Material page upload starting: 20 candidate materials, layerSize=128, pageCapacity=512, pageBudget=120, decodeThreads=4, generation=1, visibleOnly=true
[08:55:31] [RadSER Material Residency Upload/WARN]: [MaterialCompat] Material page 26 upload failed: 20 layers
[08:55:31] [RadSER Material Residency Upload/INFO]: [MaterialCompat] Material page upload: 0 materials across 0 pages, 0 deferred
[08:55:31] [RadSER Material Residency Upload/INFO]: [MaterialCompat] Runtime material residency complete for generation 1: 0 materials resident, tableUploaded=false, totalMs=16.62
[08:55:31] [RadSER Material Residency Upload/INFO]: [MaterialCompat] Residency updated descriptor/material-table state only; chunk rebuild skipped for generation 1
[08:55:31] [RadSER Material Residency Upload/INFO]: [MaterialCompat] Material page upload starting: 10 candidate materials, layerSize=128, pageCapacity=512, pageBudget=120, decodeThreads=4, generation=1, visibleOnly=true
[08:55:31] [RadSER Material Residency Upload/WARN]: [MaterialCompat] Material page 26 upload failed: 10 layers
[08:55:31] [RadSER Material Residency Upload/INFO]: [MaterialCompat] Material page upload: 0 materials across 0 pages, 0 deferred
[08:55:31] [RadSER Material Residency Upload/INFO]: [MaterialCompat] Runtime material residency complete for generation 1: 0 materials resident, tableUploaded=false, totalMs=13.85
[08:55:31] [RadSER Material Residency Upload/INFO]: [MaterialCompat] Residency updated descriptor/material-table state only; chunk rebuild skipped for generation 1
[08:55:31] [RadSER Material Residency Upload/INFO]: [MaterialCompat] Material page upload starting: 11 candidate materials, layerSize=128, pageCapacity=512, pageBudget=120, decodeThreads=4, generation=1, visibleOnly=true
[08:55:31] [RadSER Material Residency Upload/WARN]: [MaterialCompat] Material page 26 upload failed: 11 layers
[08:55:31] [RadSER Material Residency Upload/INFO]: [MaterialCompat] Material page upload: 0 materials across 0 pages, 0 deferred
[08:55:31] [RadSER Material Residency Upload/INFO]: [MaterialCompat] Runtime material residency complete for generation 1: 0 materials resident, tableUploaded=false, totalMs=13.46
[08:55:31] [RadSER Material Residency Upload/INFO]: [MaterialCompat] Residency updated descriptor/material-table state only; chunk rebuild skipped for generation 1
[08:55:31] [RadSER Material Residency Upload/INFO]: [MaterialCompat] Material page upload starting: 10 candidate materials, layerSize=128, pageCapacity=512, pageBudget=120, decodeThreads=4, generation=1, visibleOnly=true
[08:55:31] [RadSER Material Residency Upload/WARN]: [MaterialCompat] Material page 26 upload failed: 10 layers
[08:55:31] [RadSER Material Residency Upload/INFO]: [MaterialCompat] Material page upload: 0 materials across 0 pages, 0 deferred
[08:55:31] [RadSER Material Residency Upload/INFO]: [MaterialCompat] Runtime material residency complete for generation 1: 0 materials resident, tableUploaded=false, totalMs=12.45
[08:55:31] [RadSER Material Residency Upload/INFO]: [MaterialCompat] Residency updated descriptor/material-table state only; chunk rebuild skipped for generation 1
[08:55:31] [RadSER Material Residency Upload/INFO]: [MaterialCompat] Material page upload starting: 16 candidate materials, layerSize=128, pageCapacity=512, pageBudget=120, decodeThreads=4, generation=1, visibleOnly=true
[08:55:31] [RadSER Material Residency Upload/WARN]: [MaterialCompat] Material page 26 upload failed: 16 layers
[08:55:31] [RadSER Material Residency Upload/INFO]: [MaterialCompat] Material page upload: 0 materials across 0 pages, 0 deferred
[08:55:31] [RadSER Material Residency Upload/INFO]: [MaterialCompat] Runtime material residency complete for generation 1: 0 materials resident, tableUploaded=false, totalMs=14.05
[08:55:31] [RadSER Material Residency Upload/INFO]: [MaterialCompat] Residency updated descriptor/material-table state only; chunk rebuild skipped for generation 1
[08:55:31] [RadSER Material Residency Upload/INFO]: [MaterialCompat] Material page upload starting: 2 candidate materials, layerSize=128, pageCapacity=512, pageBudget=120, decodeThreads=4, generation=1, visibleOnly=true
[08:55:31] [RadSER Material Residency Upload/WARN]: [MaterialCompat] Material page 26 upload failed: 2 layers
[08:55:31] [RadSER Material Residency Upload/INFO]: [MaterialCompat] Material page upload: 0 materials across 0 pages, 0 deferred
[08:55:31] [RadSER Material Residency Upload/INFO]: [MaterialCompat] Runtime material residency complete for generation 1: 0 materials resident, tableUploaded=false, totalMs=13.43
[08:55:31] [RadSER Material Residency Upload/INFO]: [MaterialCompat] Residency updated descriptor/material-table state only; chunk rebuild skipped for generation 1
[08:55:31] [RadSER Material Residency Upload/INFO]: [MaterialCompat] Material page upload starting: 22 candidate materials, layerSize=128, pageCapacity=512, pageBudget=120, decodeThreads=4, generation=1, visibleOnly=true
[08:55:31] [RadSER Material Residency Upload/WARN]: [MaterialCompat] Material page 26 upload failed: 22 layers
[08:55:31] [RadSER Material Residency Upload/INFO]: [MaterialCompat] Material page upload: 0 materials across 0 pages, 0 deferred
[08:55:31] [RadSER Material Residency Upload/INFO]: [MaterialCompat] Runtime material residency complete for generation 1: 0 materials resident, tableUploaded=false, totalMs=21.63
[08:55:31] [RadSER Material Residency Upload/INFO]: [MaterialCompat] Residency updated descriptor/material-table state only; chunk rebuild skipped for generation 1
[08:55:31] [RadSER Material Residency Upload/INFO]: [MaterialCompat] Material page upload starting: 36 candidate materials, layerSize=128, pageCapacity=512, pageBudget=120, decodeThreads=4, generation=1, visibleOnly=true
[08:55:31] [RadSER Material Residency Upload/WARN]: [MaterialCompat] Material page 26 upload failed: 36 layers
[08:55:31] [RadSER Material Residency Upload/INFO]: [MaterialCompat] Material page upload: 0 materials across 0 pages, 0 deferred
[08:55:31] [RadSER Material Residency Upload/INFO]: [MaterialCompat] Runtime material residency complete for generation 1: 0 materials resident, tableUploaded=false, totalMs=20.62
[08:55:31] [RadSER Material Residency Upload/INFO]: [MaterialCompat] Residency updated descriptor/material-table state only; chunk rebuild skipped for generation 1
[08:55:31] [RadSER Material Residency Upload/INFO]: [MaterialCompat] Material page upload starting: 4 candidate materials, layerSize=128, pageCapacity=512, pageBudget=120, decodeThreads=4, generation=1, visibleOnly=true
[08:55:31] [RadSER Material Residency Upload/WARN]: [MaterialCompat] Material page 26 upload failed: 4 layers
[08:55:31] [RadSER Material Residency Upload/INFO]: [MaterialCompat] Material page upload: 0 materials across 0 pages, 0 deferred
[08:55:31] [RadSER Material Residency Upload/INFO]: [MaterialCompat] Runtime material residency complete for generation 1: 0 materials resident, tableUploaded=false, totalMs=13.65
[08:55:31] [RadSER Material Residency Upload/INFO]: [MaterialCompat] Residency updated descriptor/material-table state only; chunk rebuild skipped for generation 1
[08:55:31] [RadSER Material Residency Upload/INFO]: [MaterialCompat] Material page upload starting: 27 candidate materials, layerSize=128, pageCapacity=512, pageBudget=120, decodeThreads=4, generation=1, visibleOnly=true
[08:55:31] [RadSER Material Residency Upload/WARN]: [MaterialCompat] Material page 26 upload failed: 27 layers
[08:55:31] [RadSER Material Residency Upload/INFO]: [MaterialCompat] Material page upload: 0 materials across 0 pages, 0 deferred
[08:55:31] [RadSER Material Residency Upload/INFO]: [MaterialCompat] Runtime material residency complete for generation 1: 0 materials resident, tableUploaded=false, totalMs=16.98
[08:55:31] [RadSER Material Residency Upload/INFO]: [MaterialCompat] Residency updated descriptor/material-table state only; chunk rebuild skipped for generation 1
[08:55:31] [RadSER Material Residency Upload/INFO]: [MaterialCompat] Material page upload starting: 3 candidate materials, layerSize=128, pageCapacity=512, pageBudget=120, decodeThreads=4, generation=1, visibleOnly=true
[08:55:31] [RadSER Material Residency Upload/WARN]: [MaterialCompat] Material page 26 upload failed: 3 layers
[08:55:31] [RadSER Material Residency Upload/INFO]: [MaterialCompat] Material page upload: 0 materials across 0 pages, 0 deferred
[08:55:31] [RadSER Material Residency Upload/INFO]: [MaterialCompat] Runtime material residency complete for generation 1: 0 materials resident, tableUploaded=false, totalMs=71.90
[08:55:31] [RadSER Material Residency Upload/INFO]: [MaterialCompat] Residency updated descriptor/material-table state only; chunk rebuild skipped for generation 1
[08:55:31] [RadSER Material Residency Upload/INFO]: [MaterialCompat] Material page upload starting: 26 candidate materials, layerSize=128, pageCapacity=512, pageBudget=120, decodeThreads=4, generation=1, visibleOnly=true
[08:55:31] [Render thread/INFO]: [STDOUT]: [JAVA] setupTerrain=0.01 entities=0.39 blockEntities=0.03 particles=0.00 weather=0.00 chunkRebuild=0.01 other=0.16 TOTAL=0.61 rebuildQueue=96
[08:55:31] [RadSER Material Residency Upload/WARN]: [MaterialCompat] Material page 26 upload failed: 26 layers
[08:55:31] [RadSER Material Residency Upload/INFO]: [MaterialCompat] Material page upload: 0 materials across 0 pages, 0 deferred
[08:55:31] [RadSER Material Residency Upload/INFO]: [MaterialCompat] Runtime material residency complete for generation 1: 0 materials resident, tableUploaded=false, totalMs=91.09
[08:55:31] [RadSER Material Residency Upload/INFO]: [MaterialCompat] Residency updated descriptor/material-table state only; chunk rebuild skipped for generation 1
[08:55:31] [RadSER Material Residency Upload/INFO]: [MaterialCompat] Material page upload starting: 24 candidate materials, layerSize=128, pageCapacity=512, pageBudget=120, decodeThreads=4, generation=1, visibleOnly=true
[08:55:31] [RadSER Material Residency Upload/WARN]: [MaterialCompat] Material page 26 upload failed: 24 layers
[08:55:31] [RadSER Material Residency Upload/INFO]: [MaterialCompat] Material page upload: 0 materials across 0 pages, 0 deferred
[08:55:31] [RadSER Material Residency Upload/INFO]: [MaterialCompat] Runtime material residency complete for generation 1: 0 materials resident, tableUploaded=false, totalMs=17.44
[08:55:31] [RadSER Material Residency Upload/INFO]: [MaterialCompat] Residency updated descriptor/material-table state only; chunk rebuild skipped for generation 1
[08:55:31] [RadSER Material Residency Upload/INFO]: [MaterialCompat] Material page upload starting: 29 candidate materials, layerSize=128, pageCapacity=512, pageBudget=120, decodeThreads=4, generation=1, visibleOnly=true
[08:55:31] [RadSER Material Residency Upload/WARN]: [MaterialCompat] Material page 26 upload failed: 29 layers
[08:55:31] [RadSER Material Residency Upload/INFO]: [MaterialCompat] Material page upload: 0 materials across 0 pages, 0 deferred
[08:55:31] [RadSER Material Residency Upload/INFO]: [MaterialCompat] Runtime material residency complete for generation 1: 0 materials resident, tableUploaded=false, totalMs=17.97
[08:55:31] [RadSER Material Residency Upload/INFO]: [MaterialCompat] Residency updated descriptor/material-table state only; chunk rebuild skipped for generation 1
[08:55:31] [RadSER Material Residency Upload/INFO]: [MaterialCompat] Material page upload starting: 9 candidate materials, layerSize=128, pageCapacity=512, pageBudget=120, decodeThreads=4, generation=1, visibleOnly=true
[08:55:31] [RadSER Material Residency Upload/WARN]: [MaterialCompat] Material page 26 upload failed: 9 layers
[08:55:31] [RadSER Material Residency Upload/INFO]: [MaterialCompat] Material page upload: 0 materials across 0 pages, 0 deferred
[08:55:31] [RadSER Material Residency Upload/INFO]: [MaterialCompat] Runtime material residency complete for generation 1: 0 materials resident, tableUploaded=false, totalMs=13.29
[08:55:31] [RadSER Material Residency Upload/INFO]: [MaterialCompat] Residency updated descriptor/material-table state only; chunk rebuild skipped for generation 1
[08:55:31] [RadSER Material Residency Upload/INFO]: [MaterialCompat] Material page upload starting: 33 candidate materials, layerSize=128, pageCapacity=512, pageBudget=120, decodeThreads=4, generation=1, visibleOnly=true
[08:55:31] [RadSER Material Residency Upload/WARN]: [MaterialCompat] Material page 26 upload failed: 33 layers
[08:55:31] [RadSER Material Residency Upload/INFO]: [MaterialCompat] Material page upload: 0 materials across 0 pages, 0 deferred
[08:55:31] [RadSER Material Residency Upload/INFO]: [MaterialCompat] Runtime material residency complete for generation 1: 0 materials resident, tableUploaded=false, totalMs=17.86
[08:55:31] [RadSER Material Residency Upload/INFO]: [MaterialCompat] Residency updated descriptor/material-table state only; chunk rebuild skipped for generation 1
[08:55:31] [RadSER Material Residency Upload/INFO]: [MaterialCompat] Material page upload starting: 3 candidate materials, layerSize=128, pageCapacity=512, pageBudget=120, decodeThreads=4, generation=1, visibleOnly=true
[08:55:31] [RadSER Material Residency Upload/WARN]: [MaterialCompat] Material page 26 upload failed: 3 layers
[08:55:31] [RadSER Material Residency Upload/INFO]: [MaterialCompat] Material page upload: 0 materials across 0 pages, 0 deferred
[08:55:31] [RadSER Material Residency Upload/INFO]: [MaterialCompat] Runtime material residency complete for generation 1: 0 materials resident, tableUploaded=false, totalMs=16.42
[08:55:31] [RadSER Material Residency Upload/INFO]: [MaterialCompat] Residency updated descriptor/material-table state only; chunk rebuild skipped for generation 1
[08:55:31] [RadSER Material Residency Upload/INFO]: [MaterialCompat] Material page upload starting: 26 candidate materials, layerSize=128, pageCapacity=512, pageBudget=120, decodeThreads=4, generation=1, visibleOnly=true
[08:55:31] [RadSER Material Residency Upload/WARN]: [MaterialCompat] Material page 26 upload failed: 26 layers
[08:55:31] [RadSER Material Residency Upload/INFO]: [MaterialCompat] Material page upload: 0 materials across 0 pages, 0 deferred
[08:55:31] [RadSER Material Residency Upload/INFO]: [MaterialCompat] Runtime material residency complete for generation 1: 0 materials resident, tableUploaded=false, totalMs=16.71
[08:55:31] [RadSER Material Residency Upload/INFO]: [MaterialCompat] Residency updated descriptor/material-table state only; chunk rebuild skipped for generation 1
[08:55:32] [RadSER Material Residency Upload/INFO]: [MaterialCompat] Material page upload starting: 24 candidate materials, layerSize=128, pageCapacity=512, pageBudget=120, decodeThreads=4, generation=1, visibleOnly=true
[08:55:32] [RadSER Material Residency Upload/WARN]: [MaterialCompat] Material page 26 upload failed: 24 layers
[08:55:32] [RadSER Material Residency Upload/INFO]: [MaterialCompat] Material page upload: 0 materials across 0 pages, 0 deferred
[08:55:32] [RadSER Material Residency Upload/INFO]: [MaterialCompat] Runtime material residency complete for generation 1: 0 materials resident, tableUploaded=false, totalMs=17.59
[08:55:32] [RadSER Material Residency Upload/INFO]: [MaterialCompat] Residency updated descriptor/material-table state only; chunk rebuild skipped for generation 1
[08:55:32] [RadSER Material Residency Upload/INFO]: [MaterialCompat] Material page upload starting: 12 candidate materials, layerSize=128, pageCapacity=512, pageBudget=120, decodeThreads=4, generation=1, visibleOnly=true
[08:55:32] [RadSER Material Residency Upload/WARN]: [MaterialCompat] Material page 26 upload failed: 12 layers
[08:55:32] [RadSER Material Residency Upload/INFO]: [MaterialCompat] Material page upload: 0 materials across 0 pages, 0 deferred
[08:55:32] [RadSER Material Residency Upload/INFO]: [MaterialCompat] Runtime material residency complete for generation 1: 0 materials resident, tableUploaded=false, totalMs=14.05
[08:55:32] [RadSER Material Residency Upload/INFO]: [MaterialCompat] Residency updated descriptor/material-table state only; chunk rebuild skipped for generation 1
[08:55:32] [RadSER Material Residency Upload/INFO]: [MaterialCompat] Material page upload starting: 33 candidate materials, layerSize=128, pageCapacity=512, pageBudget=120, decodeThreads=4, generation=1, visibleOnly=true
[08:55:32] [RadSER Material Residency Upload/WARN]: [MaterialCompat] Material page 26 upload failed: 14 layers
[08:55:32] [RadSER Material Residency Upload/WARN]: [MaterialCompat] Material page 27 upload failed: 19 layers
[08:55:32] [RadSER Material Residency Upload/INFO]: [MaterialCompat] Material page upload: 0 materials across 0 pages, 0 deferred
[08:55:32] [RadSER Material Residency Upload/INFO]: [MaterialCompat] Runtime material residency complete for generation 1: 0 materials resident, tableUploaded=false, totalMs=16.68
[08:55:32] [RadSER Material Residency Upload/INFO]: [MaterialCompat] Residency updated descriptor/material-table state only; chunk rebuild skipped for generation 1
[08:55:32] [RadSER Material Residency Upload/INFO]: [MaterialCompat] Material page upload starting: 42 candidate materials, layerSize=128, pageCapacity=512, pageBudget=120, decodeThreads=4, generation=1, visibleOnly=true
[08:55:32] [RadSER Material Residency Upload/WARN]: [MaterialCompat] Material page 27 upload failed: 42 layers
[08:55:32] [RadSER Material Residency Upload/INFO]: [MaterialCompat] Material page upload: 0 materials across 0 pages, 0 deferred
[08:55:32] [RadSER Material Residency Upload/INFO]: [MaterialCompat] Runtime material residency complete for generation 1: 0 materials resident, tableUploaded=false, totalMs=16.44
[08:55:32] [RadSER Material Residency Upload/INFO]: [MaterialCompat] Residency updated descriptor/material-table state only; chunk rebuild skipped for generation 1
[08:55:32] [RadSER Material Residency Upload/INFO]: [MaterialCompat] Material page upload starting: 27 candidate materials, layerSize=128, pageCapacity=512, pageBudget=120, decodeThreads=4, generation=1, visibleOnly=true
[08:55:32] [RadSER Material Residency Upload/WARN]: [MaterialCompat] Material page 27 upload failed: 27 layers
[08:55:32] [RadSER Material Residency Upload/INFO]: [MaterialCompat] Material page upload: 0 materials across 0 pages, 0 deferred
[08:55:32] [RadSER Material Residency Upload/INFO]: [MaterialCompat] Runtime material residency complete for generation 1: 0 materials resident, tableUploaded=false, totalMs=19.76
[08:55:32] [RadSER Material Residency Upload/INFO]: [MaterialCompat] Residency updated descriptor/material-table state only; chunk rebuild skipped for generation 1
[08:55:32] [RadSER Material Residency Upload/INFO]: [MaterialCompat] Material page upload starting: 26 candidate materials, layerSize=128, pageCapacity=512, pageBudget=120, decodeThreads=4, generation=1, visibleOnly=true
[08:55:32] [RadSER Material Residency Upload/WARN]: [MaterialCompat] Material page 27 upload failed: 26 layers
[08:55:32] [RadSER Material Residency Upload/INFO]: [MaterialCompat] Material page upload: 0 materials across 0 pages, 0 deferred
[08:55:32] [RadSER Material Residency Upload/INFO]: [MaterialCompat] Runtime material residency complete for generation 1: 0 materials resident, tableUploaded=false, totalMs=16.35
[08:55:32] [RadSER Material Residency Upload/INFO]: [MaterialCompat] Residency updated descriptor/material-table state only; chunk rebuild skipped for generation 1
[08:55:32] [RadSER Material Residency Upload/INFO]: [MaterialCompat] Material page upload starting: 5 candidate materials, layerSize=128, pageCapacity=512, pageBudget=120, decodeThreads=4, generation=1, visibleOnly=true
[08:55:32] [RadSER Material Residency Upload/WARN]: [MaterialCompat] Material page 27 upload failed: 5 layers
[08:55:32] [RadSER Material Residency Upload/INFO]: [MaterialCompat] Material page upload: 0 materials across 0 pages, 0 deferred
[08:55:32] [RadSER Material Residency Upload/INFO]: [MaterialCompat] Runtime material residency complete for generation 1: 0 materials resident, tableUploaded=false, totalMs=15.01
[08:55:32] [RadSER Material Residency Upload/INFO]: [MaterialCompat] Residency updated descriptor/material-table state only; chunk rebuild skipped for generation 1
[08:55:32] [RadSER Material Residency Upload/INFO]: [MaterialCompat] Material page upload starting: 34 candidate materials, layerSize=128, pageCapacity=512, pageBudget=120, decodeThreads=4, generation=1, visibleOnly=true
[08:55:32] [RadSER Material Residency Upload/WARN]: [MaterialCompat] Material page 27 upload failed: 34 layers
[08:55:32] [RadSER Material Residency Upload/INFO]: [MaterialCompat] Material page upload: 0 materials across 0 pages, 0 deferred
[08:55:32] [RadSER Material Residency Upload/INFO]: [MaterialCompat] Runtime material residency complete for generation 1: 0 materials resident, tableUploaded=false, totalMs=17.04
[08:55:32] [RadSER Material Residency Upload/INFO]: [MaterialCompat] Residency updated descriptor/material-table state only; chunk rebuild skipped for generation 1
[08:55:32] [RadSER Material Residency Upload/INFO]: [MaterialCompat] Material page upload starting: 21 candidate materials, layerSize=128, pageCapacity=512, pageBudget=120, decodeThreads=4, generation=1, visibleOnly=true
[08:55:32] [RadSER Material Residency Upload/WARN]: [MaterialCompat] Material page 27 upload failed: 21 layers
[08:55:32] [RadSER Material Residency Upload/INFO]: [MaterialCompat] Material page upload: 0 materials across 0 pages, 0 deferred
[08:55:32] [RadSER Material Residency Upload/INFO]: [MaterialCompat] Runtime material residency complete for generation 1: 0 materials resident, tableUploaded=false, totalMs=17.72
[08:55:32] [RadSER Material Residency Upload/INFO]: [MaterialCompat] Residency updated descriptor/material-table state only; chunk rebuild skipped for generation 1
[08:55:32] [RadSER Material Residency Upload/INFO]: [MaterialCompat] Material page upload starting: 7 candidate materials, layerSize=128, pageCapacity=512, pageBudget=120, decodeThreads=4, generation=1, visibleOnly=true
[08:55:32] [RadSER Material Residency Upload/WARN]: [MaterialCompat] Material page 27 upload failed: 7 layers
[08:55:32] [RadSER Material Residency Upload/INFO]: [MaterialCompat] Material page upload: 0 materials across 0 pages, 0 deferred
[08:55:32] [RadSER Material Residency Upload/INFO]: [MaterialCompat] Runtime material residency complete for generation 1: 0 materials resident, tableUploaded=false, totalMs=16.78
[08:55:32] [RadSER Material Residency Upload/INFO]: [MaterialCompat] Residency updated descriptor/material-table state only; chunk rebuild skipped for generation 1
[08:55:32] [RadSER Material Residency Upload/INFO]: [MaterialCompat] Material page upload starting: 20 candidate materials, layerSize=128, pageCapacity=512, pageBudget=120, decodeThreads=4, generation=1, visibleOnly=true
[08:55:32] [RadSER Material Residency Upload/WARN]: [MaterialCompat] Material page 27 upload failed: 20 layers
[08:55:32] [RadSER Material Residency Upload/INFO]: [MaterialCompat] Material page upload: 0 materials across 0 pages, 0 deferred
[08:55:32] [RadSER Material Residency Upload/INFO]: [MaterialCompat] Runtime material residency complete for generation 1: 0 materials resident, tableUploaded=false, totalMs=15.08
[08:55:32] [RadSER Material Residency Upload/INFO]: [MaterialCompat] Residency updated descriptor/material-table state only; chunk rebuild skipped for generation 1
[08:55:32] [RadSER Material Residency Upload/INFO]: [MaterialCompat] Material page upload starting: 26 candidate materials, layerSize=128, pageCapacity=512, pageBudget=120, decodeThreads=4, generation=1, visibleOnly=true
[08:55:32] [RadSER Material Residency Upload/WARN]: [MaterialCompat] Material page 27 upload failed: 26 layers
[08:55:32] [RadSER Material Residency Upload/INFO]: [MaterialCompat] Material page upload: 0 materials across 0 pages, 0 deferred
[08:55:32] [RadSER Material Residency Upload/INFO]: [MaterialCompat] Runtime material residency complete for generation 1: 0 materials resident, tableUploaded=false, totalMs=17.74
[08:55:32] [RadSER Material Residency Upload/INFO]: [MaterialCompat] Residency updated descriptor/material-table state only; chunk rebuild skipped for generation 1
[08:55:32] [RadSER Material Residency Upload/INFO]: [MaterialCompat] Material page upload starting: 28 candidate materials, layerSize=128, pageCapacity=512, pageBudget=120, decodeThreads=4, generation=1, visibleOnly=true
[08:55:32] [Render thread/INFO]: [STDOUT]: [JAVA] setupTerrain=0.01 entities=0.38 blockEntities=0.03 particles=0.00 weather=0.00 chunkRebuild=0.01 other=0.16 TOTAL=0.60 rebuildQueue=96
[08:55:32] [RadSER Material Residency Upload/WARN]: [MaterialCompat] Material page 27 upload failed: 28 layers
[08:55:32] [RadSER Material Residency Upload/INFO]: [MaterialCompat] Material page upload: 0 materials across 0 pages, 0 deferred
[08:55:32] [RadSER Material Residency Upload/INFO]: [MaterialCompat] Runtime material residency complete for generation 1: 0 materials resident, tableUploaded=false, totalMs=19.93
[08:55:32] [RadSER Material Residency Upload/INFO]: [MaterialCompat] Residency updated descriptor/material-table state only; chunk rebuild skipped for generation 1
[08:55:32] [RadSER Material Residency Upload/INFO]: [MaterialCompat] Material page upload starting: 3 candidate materials, layerSize=128, pageCapacity=512, pageBudget=120, decodeThreads=4, generation=1, visibleOnly=true
[08:55:32] [RadSER Material Residency Upload/WARN]: [MaterialCompat] Material page 27 upload failed: 3 layers
[08:55:32] [RadSER Material Residency Upload/INFO]: [MaterialCompat] Material page upload: 0 materials across 0 pages, 0 deferred
[08:55:32] [RadSER Material Residency Upload/INFO]: [MaterialCompat] Runtime material residency complete for generation 1: 0 materials resident, tableUploaded=false, totalMs=14.24
[08:55:32] [RadSER Material Residency Upload/INFO]: [MaterialCompat] Residency updated descriptor/material-table state only; chunk rebuild skipped for generation 1
[08:55:32] [RadSER Material Residency Upload/INFO]: [MaterialCompat] Material page upload starting: 20 candidate materials, layerSize=128, pageCapacity=512, pageBudget=120, decodeThreads=4, generation=1, visibleOnly=true
[08:55:32] [RadSER Material Residency Upload/WARN]: [MaterialCompat] Material page 27 upload failed: 20 layers
[08:55:32] [RadSER Material Residency Upload/INFO]: [MaterialCompat] Material page upload: 0 materials across 0 pages, 0 deferred
[08:55:32] [RadSER Material Residency Upload/INFO]: [MaterialCompat] Runtime material residency complete for generation 1: 0 materials resident, tableUploaded=false, totalMs=16.33
[08:55:32] [RadSER Material Residency Upload/INFO]: [MaterialCompat] Residency updated descriptor/material-table state only; chunk rebuild skipped for generation 1
[08:55:32] [RadSER Material Residency Upload/INFO]: [MaterialCompat] Material page upload starting: 2 candidate materials, layerSize=128, pageCapacity=512, pageBudget=120, decodeThreads=4, generation=1, visibleOnly=true
[08:55:32] [RadSER Material Residency Upload/WARN]: [MaterialCompat] Material page 27 upload failed: 2 layers
[08:55:32] [RadSER Material Residency Upload/INFO]: [MaterialCompat] Material page upload: 0 materials across 0 pages, 0 deferred
[08:55:32] [RadSER Material Residency Upload/INFO]: [MaterialCompat] Runtime material residency complete for generation 1: 0 materials resident, tableUploaded=false, totalMs=15.27
[08:55:32] [RadSER Material Residency Upload/INFO]: [MaterialCompat] Residency updated descriptor/material-table state only; chunk rebuild skipped for generation 1
[08:55:32] [RadSER Material Residency Upload/INFO]: [MaterialCompat] Material page upload starting: 18 candidate materials, layerSize=128, pageCapacity=512, pageBudget=120, decodeThreads=4, generation=1, visibleOnly=true
[08:55:32] [RadSER Material Residency Upload/WARN]: [MaterialCompat] Material page 27 upload failed: 18 layers
[08:55:32] [RadSER Material Residency Upload/INFO]: [MaterialCompat] Material page upload: 0 materials across 0 pages, 0 deferred
[08:55:32] [RadSER Material Residency Upload/INFO]: [MaterialCompat] Runtime material residency complete for generation 1: 0 materials resident, tableUploaded=false, totalMs=15.33
[08:55:32] [RadSER Material Residency Upload/INFO]: [MaterialCompat] Residency updated descriptor/material-table state only; chunk rebuild skipped for generation 1
[08:55:32] [RadSER Material Residency Upload/INFO]: [MaterialCompat] Material page upload starting: 8 candidate materials, layerSize=128, pageCapacity=512, pageBudget=120, decodeThreads=4, generation=1, visibleOnly=true
[08:55:32] [RadSER Material Residency Upload/WARN]: [MaterialCompat] Material page 27 upload failed: 8 layers
[08:55:32] [RadSER Material Residency Upload/INFO]: [MaterialCompat] Material page upload: 0 materials across 0 pages, 0 deferred
[08:55:32] [RadSER Material Residency Upload/INFO]: [MaterialCompat] Runtime material residency complete for generation 1: 0 materials resident, tableUploaded=false, totalMs=14.25
[08:55:32] [RadSER Material Residency Upload/INFO]: [MaterialCompat] Residency updated descriptor/material-table state only; chunk rebuild skipped for generation 1
[08:55:32] [RadSER Material Residency Upload/INFO]: [MaterialCompat] Material page upload starting: 13 candidate materials, layerSize=128, pageCapacity=512, pageBudget=120, decodeThreads=4, generation=1, visibleOnly=true
[08:55:32] [RadSER Material Residency Upload/WARN]: [MaterialCompat] Material page 27 upload failed: 13 layers
[08:55:32] [RadSER Material Residency Upload/INFO]: [MaterialCompat] Material page upload: 0 materials across 0 pages, 0 deferred
[08:55:32] [RadSER Material Residency Upload/INFO]: [MaterialCompat] Runtime material residency complete for generation 1: 0 materials resident, tableUploaded=false, totalMs=12.09
[08:55:32] [RadSER Material Residency Upload/INFO]: [MaterialCompat] Residency updated descriptor/material-table state only; chunk rebuild skipped for generation 1
[08:55:32] [RadSER Material Residency Upload/INFO]: [MaterialCompat] Material page upload starting: 11 candidate materials, layerSize=128, pageCapacity=512, pageBudget=120, decodeThreads=4, generation=1, visibleOnly=true
[08:55:32] [RadSER Material Residency Upload/WARN]: [MaterialCompat] Material page 27 upload failed: 11 layers
[08:55:32] [RadSER Material Residency Upload/INFO]: [MaterialCompat] Material page upload: 0 materials across 0 pages, 0 deferred
[08:55:32] [RadSER Material Residency Upload/INFO]: [MaterialCompat] Runtime material residency complete for generation 1: 0 materials resident, tableUploaded=false, totalMs=15.26
[08:55:32] [RadSER Material Residency Upload/INFO]: [MaterialCompat] Residency updated descriptor/material-table state only; chunk rebuild skipped for generation 1
[08:55:32] [RadSER Material Residency Upload/INFO]: [MaterialCompat] Material page upload starting: 10 candidate materials, layerSize=128, pageCapacity=512, pageBudget=120, decodeThreads=4, generation=1, visibleOnly=true
[08:55:33] [RadSER Material Residency Upload/WARN]: [MaterialCompat] Material page 27 upload failed: 10 layers
[08:55:33] [RadSER Material Residency Upload/INFO]: [MaterialCompat] Material page upload: 0 materials across 0 pages, 0 deferred
[08:55:33] [RadSER Material Residency Upload/INFO]: [MaterialCompat] Runtime material residency complete for generation 1: 0 materials resident, tableUploaded=false, totalMs=15.24
[08:55:33] [RadSER Material Residency Upload/INFO]: [MaterialCompat] Residency updated descriptor/material-table state only; chunk rebuild skipped for generation 1
[08:55:33] [RadSER Material Residency Upload/INFO]: [MaterialCompat] Material page upload starting: 13 candidate materials, layerSize=128, pageCapacity=512, pageBudget=120, decodeThreads=4, generation=1, visibleOnly=true
[08:55:33] [RadSER Material Residency Upload/WARN]: [MaterialCompat] Material page 27 upload failed: 13 layers
[08:55:33] [RadSER Material Residency Upload/INFO]: [MaterialCompat] Material page upload: 0 materials across 0 pages, 0 deferred
[08:55:33] [RadSER Material Residency Upload/INFO]: [MaterialCompat] Runtime material residency complete for generation 1: 0 materials resident, tableUploaded=false, totalMs=14.09
[08:55:33] [RadSER Material Residency Upload/INFO]: [MaterialCompat] Residency updated descriptor/material-table state only; chunk rebuild skipped for generation 1
[08:55:33] [RadSER Material Residency Upload/INFO]: [MaterialCompat] Material page upload starting: 15 candidate materials, layerSize=128, pageCapacity=512, pageBudget=120, decodeThreads=4, generation=1, visibleOnly=true
[08:55:33] [RadSER Material Residency Upload/WARN]: [MaterialCompat] Material page 27 upload failed: 15 layers
[08:55:33] [RadSER Material Residency Upload/INFO]: [MaterialCompat] Material page upload: 0 materials across 0 pages, 0 deferred
[08:55:33] [RadSER Material Residency Upload/INFO]: [MaterialCompat] Runtime material residency complete for generation 1: 0 materials resident, tableUploaded=false, totalMs=75.47
[08:55:33] [RadSER Material Residency Upload/INFO]: [MaterialCompat] Residency updated descriptor/material-table state only; chunk rebuild skipped for generation 1
[08:55:33] [RadSER Material Residency Upload/INFO]: [MaterialCompat] Material page upload starting: 31 candidate materials, layerSize=128, pageCapacity=512, pageBudget=120, decodeThreads=4, generation=1, visibleOnly=true
[08:55:33] [RadSER Material Residency Upload/WARN]: [MaterialCompat] Material page 27 upload failed: 31 layers
[08:55:33] [RadSER Material Residency Upload/INFO]: [MaterialCompat] Material page upload: 0 materials across 0 pages, 0 deferred
[08:55:33] [RadSER Material Residency Upload/INFO]: [MaterialCompat] Runtime material residency complete for generation 1: 0 materials resident, tableUploaded=false, totalMs=20.85
[08:55:33] [RadSER Material Residency Upload/INFO]: [MaterialCompat] Residency updated descriptor/material-table state only; chunk rebuild skipped for generation 1
[08:55:33] [RadSER Material Residency Upload/INFO]: [MaterialCompat] Material page upload starting: 40 candidate materials, layerSize=128, pageCapacity=512, pageBudget=120, decodeThreads=4, generation=1, visibleOnly=true
[08:55:33] [RadSER Material Residency Upload/WARN]: [MaterialCompat] Material page 27 upload failed: 40 layers
[08:55:33] [RadSER Material Residency Upload/INFO]: [MaterialCompat] Material page upload: 0 materials across 0 pages, 0 deferred
[08:55:33] [RadSER Material Residency Upload/INFO]: [MaterialCompat] Runtime material residency complete for generation 1: 0 materials resident, tableUploaded=false, totalMs=20.80
[08:55:33] [RadSER Material Residency Upload/INFO]: [MaterialCompat] Residency updated descriptor/material-table state only; chunk rebuild skipped for generation 1
[08:55:33] [RadSER Material Residency Upload/INFO]: [MaterialCompat] Material page upload starting: 17 candidate materials, layerSize=128, pageCapacity=512, pageBudget=120, decodeThreads=4, generation=1, visibleOnly=true
[08:55:33] [RadSER Material Residency Upload/WARN]: [MaterialCompat] Material page 27 upload failed: 17 layers
[08:55:33] [RadSER Material Residency Upload/INFO]: [MaterialCompat] Material page upload: 0 materials across 0 pages, 0 deferred
[08:55:33] [RadSER Material Residency Upload/INFO]: [MaterialCompat] Runtime material residency complete for generation 1: 0 materials resident, tableUploaded=false, totalMs=17.23
[08:55:33] [RadSER Material Residency Upload/INFO]: [MaterialCompat] Residency updated descriptor/material-table state only; chunk rebuild skipped for generation 1
[08:55:33] [RadSER Material Residency Upload/INFO]: [MaterialCompat] Material page upload starting: 15 candidate materials, layerSize=128, pageCapacity=512, pageBudget=120, decodeThreads=4, generation=1, visibleOnly=true
[08:55:33] [RadSER Material Residency Upload/WARN]: [MaterialCompat] Material page 27 upload failed: 15 layers
[08:55:33] [RadSER Material Residency Upload/INFO]: [MaterialCompat] Material page upload: 0 materials across 0 pages, 0 deferred
[08:55:33] [RadSER Material Residency Upload/INFO]: [MaterialCompat] Runtime material residency complete for generation 1: 0 materials resident, tableUploaded=false, totalMs=17.79
[08:55:33] [RadSER Material Residency Upload/INFO]: [MaterialCompat] Residency updated descriptor/material-table state only; chunk rebuild skipped for generation 1
[08:55:33] [RadSER Material Residency Upload/INFO]: [MaterialCompat] Material page upload starting: 9 candidate materials, layerSize=128, pageCapacity=512, pageBudget=120, decodeThreads=4, generation=1, visibleOnly=true
[08:55:33] [RadSER Material Residency Upload/WARN]: [MaterialCompat] Material page 27 upload failed: 9 layers
[08:55:33] [RadSER Material Residency Upload/INFO]: [MaterialCompat] Material page upload: 0 materials across 0 pages, 0 deferred
[08:55:33] [RadSER Material Residency Upload/INFO]: [MaterialCompat] Runtime material residency complete for generation 1: 0 materials resident, tableUploaded=false, totalMs=16.94
[08:55:33] [RadSER Material Residency Upload/INFO]: [MaterialCompat] Residency updated descriptor/material-table state only; chunk rebuild skipped for generation 1
[08:55:33] [Render thread/INFO]: [STDOUT]: [JAVA] setupTerrain=0.01 entities=0.38 blockEntities=0.02 particles=0.00 weather=0.00 chunkRebuild=0.01 other=0.16 TOTAL=0.59 rebuildQueue=96
[08:55:33] [RadSER Material Residency Upload/INFO]: [MaterialCompat] Material page upload starting: 37 candidate materials, layerSize=128, pageCapacity=512, pageBudget=120, decodeThreads=4, generation=1, visibleOnly=true
[08:55:33] [RadSER Material Residency Upload/WARN]: [MaterialCompat] Material page 27 upload failed: 32 layers
[08:55:33] [RadSER Material Residency Upload/WARN]: [MaterialCompat] Material page 28 upload failed: 5 layers
[08:55:33] [RadSER Material Residency Upload/INFO]: [MaterialCompat] Material page upload: 0 materials across 0 pages, 0 deferred
[08:55:33] [RadSER Material Residency Upload/INFO]: [MaterialCompat] Runtime material residency complete for generation 1: 0 materials resident, tableUploaded=false, totalMs=20.44
[08:55:33] [RadSER Material Residency Upload/INFO]: [MaterialCompat] Residency updated descriptor/material-table state only; chunk rebuild skipped for generation 1
[08:55:33] [RadSER Material Residency Upload/INFO]: [MaterialCompat] Material page upload starting: 12 candidate materials, layerSize=128, pageCapacity=512, pageBudget=120, decodeThreads=4, generation=1, visibleOnly=true
[08:55:33] [RadSER Material Residency Upload/WARN]: [MaterialCompat] Material page 28 upload failed: 12 layers
[08:55:33] [RadSER Material Residency Upload/INFO]: [MaterialCompat] Material page upload: 0 materials across 0 pages, 0 deferred
[08:55:33] [RadSER Material Residency Upload/INFO]: [MaterialCompat] Runtime material residency complete for generation 1: 0 materials resident, tableUploaded=false, totalMs=15.08
[08:55:33] [RadSER Material Residency Upload/INFO]: [MaterialCompat] Residency updated descriptor/material-table state only; chunk rebuild skipped for generation 1
[08:55:33] [RadSER Material Residency Upload/INFO]: [MaterialCompat] Material page upload starting: 34 candidate materials, layerSize=128, pageCapacity=512, pageBudget=120, decodeThreads=4, generation=1, visibleOnly=true
[08:55:33] [RadSER Material Residency Upload/WARN]: [MaterialCompat] Material page 28 upload failed: 34 layers
[08:55:33] [RadSER Material Residency Upload/INFO]: [MaterialCompat] Material page upload: 0 materials across 0 pages, 0 deferred
[08:55:33] [RadSER Material Residency Upload/INFO]: [MaterialCompat] Runtime material residency complete for generation 1: 0 materials resident, tableUploaded=false, totalMs=18.98
[08:55:33] [RadSER Material Residency Upload/INFO]: [MaterialCompat] Residency updated descriptor/material-table state only; chunk rebuild skipped for generation 1
[08:55:33] [RadSER Material Residency Upload/INFO]: [MaterialCompat] Material page upload starting: 16 candidate materials, layerSize=128, pageCapacity=512, pageBudget=120, decodeThreads=4, generation=1, visibleOnly=true
[08:55:33] [RadSER Material Residency Upload/WARN]: [MaterialCompat] Material page 28 upload failed: 16 layers
[08:55:33] [RadSER Material Residency Upload/INFO]: [MaterialCompat] Material page upload: 0 materials across 0 pages, 0 deferred
[08:55:33] [RadSER Material Residency Upload/INFO]: [MaterialCompat] Runtime material residency complete for generation 1: 0 materials resident, tableUploaded=false, totalMs=16.12
[08:55:33] [RadSER Material Residency Upload/INFO]: [MaterialCompat] Residency updated descriptor/material-table state only; chunk rebuild skipped for generation 1
[08:55:33] [RadSER Material Residency Upload/INFO]: [MaterialCompat] Material page upload starting: 30 candidate materials, layerSize=128, pageCapacity=512, pageBudget=120, decodeThreads=4, generation=1, visibleOnly=true
[08:55:33] [RadSER Material Residency Upload/WARN]: [MaterialCompat] Material page 28 upload failed: 30 layers
[08:55:33] [RadSER Material Residency Upload/INFO]: [MaterialCompat] Material page upload: 0 materials across 0 pages, 0 deferred
[08:55:33] [RadSER Material Residency Upload/INFO]: [MaterialCompat] Runtime material residency complete for generation 1: 0 materials resident, tableUploaded=false, totalMs=19.25
[08:55:33] [RadSER Material Residency Upload/INFO]: [MaterialCompat] Residency updated descriptor/material-table state only; chunk rebuild skipped for generation 1
[08:55:33] [RadSER Material Residency Upload/INFO]: [MaterialCompat] Material page upload starting: 5 candidate materials, layerSize=128, pageCapacity=512, pageBudget=120, decodeThreads=4, generation=1, visibleOnly=true
[08:55:33] [RadSER Material Residency Upload/WARN]: [MaterialCompat] Material page 28 upload failed: 5 layers
[08:55:33] [RadSER Material Residency Upload/INFO]: [MaterialCompat] Material page upload: 0 materials across 0 pages, 0 deferred
[08:55:33] [RadSER Material Residency Upload/INFO]: [MaterialCompat] Runtime material residency complete for generation 1: 0 materials resident, tableUploaded=false, totalMs=13.48
[08:55:33] [RadSER Material Residency Upload/INFO]: [MaterialCompat] Residency updated descriptor/material-table state only; chunk rebuild skipped for generation 1
[08:55:33] [RadSER Material Residency Upload/INFO]: [MaterialCompat] Material page upload starting: 26 candidate materials, layerSize=128, pageCapacity=512, pageBudget=120, decodeThreads=4, generation=1, visibleOnly=true
[08:55:33] [RadSER Material Residency Upload/WARN]: [MaterialCompat] Material page 28 upload failed: 26 layers
[08:55:33] [RadSER Material Residency Upload/INFO]: [MaterialCompat] Material page upload: 0 materials across 0 pages, 0 deferred
[08:55:33] [RadSER Material Residency Upload/INFO]: [MaterialCompat] Runtime material residency complete for generation 1: 0 materials resident, tableUploaded=false, totalMs=20.13
[08:55:33] [RadSER Material Residency Upload/INFO]: [MaterialCompat] Residency updated descriptor/material-table state only; chunk rebuild skipped for generation 1
[08:55:33] [RadSER Material Residency Upload/INFO]: [MaterialCompat] Material page upload starting: 8 candidate materials, layerSize=128, pageCapacity=512, pageBudget=120, decodeThreads=4, generation=1, visibleOnly=true
[08:55:33] [RadSER Material Residency Upload/WARN]: [MaterialCompat] Material page 28 upload failed: 8 layers
[08:55:33] [RadSER Material Residency Upload/INFO]: [MaterialCompat] Material page upload: 0 materials across 0 pages, 0 deferred
[08:55:33] [RadSER Material Residency Upload/INFO]: [MaterialCompat] Runtime material residency complete for generation 1: 0 materials resident, tableUploaded=false, totalMs=16.09
[08:55:33] [RadSER Material Residency Upload/INFO]: [MaterialCompat] Residency updated descriptor/material-table state only; chunk rebuild skipped for generation 1
[08:55:33] [RadSER Material Residency Upload/INFO]: [MaterialCompat] Material page upload starting: 18 candidate materials, layerSize=128, pageCapacity=512, pageBudget=120, decodeThreads=4, generation=1, visibleOnly=true
[08:55:33] [RadSER Material Residency Upload/WARN]: [MaterialCompat] Material page 28 upload failed: 18 layers
[08:55:33] [RadSER Material Residency Upload/INFO]: [MaterialCompat] Material page upload: 0 materials across 0 pages, 0 deferred
[08:55:33] [RadSER Material Residency Upload/INFO]: [MaterialCompat] Runtime material residency complete for generation 1: 0 materials resident, tableUploaded=false, totalMs=16.93
[08:55:33] [RadSER Material Residency Upload/INFO]: [MaterialCompat] Residency updated descriptor/material-table state only; chunk rebuild skipped for generation 1
[08:55:33] [RadSER Material Residency Upload/INFO]: [MaterialCompat] Material page upload starting: 8 candidate materials, layerSize=128, pageCapacity=512, pageBudget=120, decodeThreads=4, generation=1, visibleOnly=true
[08:55:33] [RadSER Material Residency Upload/WARN]: [MaterialCompat] Material page 28 upload failed: 8 layers
[08:55:33] [RadSER Material Residency Upload/INFO]: [MaterialCompat] Material page upload: 0 materials across 0 pages, 0 deferred
[08:55:33] [RadSER Material Residency Upload/INFO]: [MaterialCompat] Runtime material residency complete for generation 1: 0 materials resident, tableUploaded=false, totalMs=14.06
[08:55:33] [RadSER Material Residency Upload/INFO]: [MaterialCompat] Residency updated descriptor/material-table state only; chunk rebuild skipped for generation 1
[08:55:33] [RadSER Material Residency Upload/INFO]: [MaterialCompat] Material page upload starting: 22 candidate materials, layerSize=128, pageCapacity=512, pageBudget=120, decodeThreads=4, generation=1, visibleOnly=true
[08:55:33] [RadSER Material Residency Upload/WARN]: [MaterialCompat] Material page 28 upload failed: 22 layers
[08:55:33] [RadSER Material Residency Upload/INFO]: [MaterialCompat] Material page upload: 0 materials across 0 pages, 0 deferred
[08:55:33] [RadSER Material Residency Upload/INFO]: [MaterialCompat] Runtime material residency complete for generation 1: 0 materials resident, tableUploaded=false, totalMs=15.82
[08:55:33] [RadSER Material Residency Upload/INFO]: [MaterialCompat] Residency updated descriptor/material-table state only; chunk rebuild skipped for generation 1
[08:55:33] [RadSER Material Residency Upload/INFO]: [MaterialCompat] Material page upload starting: 6 candidate materials, layerSize=128, pageCapacity=512, pageBudget=120, decodeThreads=4, generation=1, visibleOnly=true
[08:55:33] [RadSER Material Residency Upload/WARN]: [MaterialCompat] Material page 28 upload failed: 6 layers
[08:55:33] [RadSER Material Residency Upload/INFO]: [MaterialCompat] Material page upload: 0 materials across 0 pages, 0 deferred
[08:55:33] [RadSER Material Residency Upload/INFO]: [MaterialCompat] Runtime material residency complete for generation 1: 0 materials resident, tableUploaded=false, totalMs=13.22
[08:55:33] [RadSER Material Residency Upload/INFO]: [MaterialCompat] Residency updated descriptor/material-table state only; chunk rebuild skipped for generation 1
[08:55:33] [RadSER Material Residency Upload/INFO]: [MaterialCompat] Material page upload starting: 21 candidate materials, layerSize=128, pageCapacity=512, pageBudget=120, decodeThreads=4, generation=1, visibleOnly=true
[08:55:33] [RadSER Material Residency Upload/WARN]: [MaterialCompat] Material page 28 upload failed: 21 layers
[08:55:33] [RadSER Material Residency Upload/INFO]: [MaterialCompat] Material page upload: 0 materials across 0 pages, 0 deferred
[08:55:33] [RadSER Material Residency Upload/INFO]: [MaterialCompat] Runtime material residency complete for generation 1: 0 materials resident, tableUploaded=false, totalMs=17.46
[08:55:33] [RadSER Material Residency Upload/INFO]: [MaterialCompat] Residency updated descriptor/material-table state only; chunk rebuild skipped for generation 1
[08:55:33] [RadSER Material Residency Upload/INFO]: [MaterialCompat] Material page upload starting: 4 candidate materials, layerSize=128, pageCapacity=512, pageBudget=120, decodeThreads=4, generation=1, visibleOnly=true
[08:55:33] [RadSER Material Residency Upload/WARN]: [MaterialCompat] Material page 28 upload failed: 4 layers
[08:55:33] [RadSER Material Residency Upload/INFO]: [MaterialCompat] Material page upload: 0 materials across 0 pages, 0 deferred
[08:55:33] [RadSER Material Residency Upload/INFO]: [MaterialCompat] Runtime material residency complete for generation 1: 0 materials resident, tableUploaded=false, totalMs=14.06
[08:55:33] [RadSER Material Residency Upload/INFO]: [MaterialCompat] Residency updated descriptor/material-table state only; chunk rebuild skipped for generation 1
[08:55:33] [RadSER Material Residency Upload/INFO]: [MaterialCompat] Material page upload starting: 29 candidate materials, layerSize=128, pageCapacity=512, pageBudget=120, decodeThreads=4, generation=1, visibleOnly=true
[08:55:33] [RadSER Material Residency Upload/WARN]: [MaterialCompat] Material page 28 upload failed: 29 layers
[08:55:33] [RadSER Material Residency Upload/INFO]: [MaterialCompat] Material page upload: 0 materials across 0 pages, 0 deferred
[08:55:33] [RadSER Material Residency Upload/INFO]: [MaterialCompat] Runtime material residency complete for generation 1: 0 materials resident, tableUploaded=false, totalMs=17.13
[08:55:33] [RadSER Material Residency Upload/INFO]: [MaterialCompat] Residency updated descriptor/material-table state only; chunk rebuild skipped for generation 1
[08:55:34] [RadSER Material Residency Upload/INFO]: [MaterialCompat] Material page upload starting: 35 candidate materials, layerSize=128, pageCapacity=512, pageBudget=120, decodeThreads=4, generation=1, visibleOnly=true
[08:55:34] [RadSER Material Residency Upload/WARN]: [MaterialCompat] Material page 28 upload failed: 35 layers
[08:55:34] [RadSER Material Residency Upload/INFO]: [MaterialCompat] Material page upload: 0 materials across 0 pages, 0 deferred
[08:55:34] [RadSER Material Residency Upload/INFO]: [MaterialCompat] Runtime material residency complete for generation 1: 0 materials resident, tableUploaded=false, totalMs=15.84
[08:55:34] [RadSER Material Residency Upload/INFO]: [MaterialCompat] Residency updated descriptor/material-table state only; chunk rebuild skipped for generation 1
[08:55:34] [RadSER Material Residency Upload/INFO]: [MaterialCompat] Material page upload starting: 8 candidate materials, layerSize=128, pageCapacity=512, pageBudget=120, decodeThreads=4, generation=1, visibleOnly=true
[08:55:34] [RadSER Material Residency Upload/WARN]: [MaterialCompat] Material page 28 upload failed: 8 layers
[08:55:34] [RadSER Material Residency Upload/INFO]: [MaterialCompat] Material page upload: 0 materials across 0 pages, 0 deferred
[08:55:34] [RadSER Material Residency Upload/INFO]: [MaterialCompat] Runtime material residency complete for generation 1: 0 materials resident, tableUploaded=false, totalMs=14.55
[08:55:34] [RadSER Material Residency Upload/INFO]: [MaterialCompat] Residency updated descriptor/material-table state only; chunk rebuild skipped for generation 1
[08:55:34] [RadSER Material Residency Upload/INFO]: [MaterialCompat] Material page upload starting: 35 candidate materials, layerSize=128, pageCapacity=512, pageBudget=120, decodeThreads=4, generation=1, visibleOnly=true
[08:55:34] [RadSER Material Residency Upload/WARN]: [MaterialCompat] Material page 28 upload failed: 35 layers
[08:55:34] [RadSER Material Residency Upload/INFO]: [MaterialCompat] Material page upload: 0 materials across 0 pages, 0 deferred
[08:55:34] [RadSER Material Residency Upload/INFO]: [MaterialCompat] Runtime material residency complete for generation 1: 0 materials resident, tableUploaded=false, totalMs=16.34
[08:55:34] [RadSER Material Residency Upload/INFO]: [MaterialCompat] Residency updated descriptor/material-table state only; chunk rebuild skipped for generation 1
[08:55:34] [RadSER Material Residency Upload/INFO]: [MaterialCompat] Material page upload starting: 39 candidate materials, layerSize=128, pageCapacity=512, pageBudget=120, decodeThreads=4, generation=1, visibleOnly=true
[08:55:34] [RadSER Material Residency Upload/WARN]: [MaterialCompat] Material page 28 upload failed: 39 layers
[08:55:34] [RadSER Material Residency Upload/INFO]: [MaterialCompat] Material page upload: 0 materials across 0 pages, 0 deferred
[08:55:34] [RadSER Material Residency Upload/INFO]: [MaterialCompat] Runtime material residency complete for generation 1: 0 materials resident, tableUploaded=false, totalMs=18.79
[08:55:34] [RadSER Material Residency Upload/INFO]: [MaterialCompat] Residency updated descriptor/material-table state only; chunk rebuild skipped for generation 1
[08:55:34] [RadSER Material Residency Upload/INFO]: [MaterialCompat] Material page upload starting: 7 candidate materials, layerSize=128, pageCapacity=512, pageBudget=120, decodeThreads=4, generation=1, visibleOnly=true
[08:55:34] [RadSER Material Residency Upload/WARN]: [MaterialCompat] Material page 28 upload failed: 7 layers
[08:55:34] [RadSER Material Residency Upload/INFO]: [MaterialCompat] Material page upload: 0 materials across 0 pages, 0 deferred
[08:55:34] [RadSER Material Residency Upload/INFO]: [MaterialCompat] Runtime material residency complete for generation 1: 0 materials resident, tableUploaded=false, totalMs=14.37
[08:55:34] [RadSER Material Residency Upload/INFO]: [MaterialCompat] Residency updated descriptor/material-table state only; chunk rebuild skipped for generation 1
[08:55:34] [RadSER Material Residency Upload/INFO]: [MaterialCompat] Material page upload starting: 12 candidate materials, layerSize=128, pageCapacity=512, pageBudget=120, decodeThreads=4, generation=1, visibleOnly=true
[08:55:34] [RadSER Material Residency Upload/WARN]: [MaterialCompat] Material page 28 upload failed: 12 layers
[08:55:34] [RadSER Material Residency Upload/INFO]: [MaterialCompat] Material page upload: 0 materials across 0 pages, 0 deferred
[08:55:34] [RadSER Material Residency Upload/INFO]: [MaterialCompat] Runtime material residency complete for generation 1: 0 materials resident, tableUploaded=false, totalMs=22.61
[08:55:34] [RadSER Material Residency Upload/INFO]: [MaterialCompat] Residency updated descriptor/material-table state only; chunk rebuild skipped for generation 1
[08:55:34] [RadSER Material Residency Upload/INFO]: [MaterialCompat] Material page upload starting: 6 candidate materials, layerSize=128, pageCapacity=512, pageBudget=120, decodeThreads=4, generation=1, visibleOnly=true
[08:55:34] [RadSER Material Residency Upload/WARN]: [MaterialCompat] Material page 28 upload failed: 6 layers
[08:55:34] [RadSER Material Residency Upload/INFO]: [MaterialCompat] Material page upload: 0 materials across 0 pages, 0 deferred
[08:55:34] [RadSER Material Residency Upload/INFO]: [MaterialCompat] Runtime material residency complete for generation 1: 0 materials resident, tableUploaded=false, totalMs=14.73
[08:55:34] [RadSER Material Residency Upload/INFO]: [MaterialCompat] Residency updated descriptor/material-table state only; chunk rebuild skipped for generation 1
[08:55:34] [Render thread/INFO]: [STDOUT]: [JAVA] setupTerrain=0.01 entities=0.41 blockEntities=0.03 particles=0.00 weather=0.00 chunkRebuild=0.01 other=0.17 TOTAL=0.63 rebuildQueue=96
[08:55:34] [RadSER Material Residency Upload/INFO]: [MaterialCompat] Material page upload starting: 10 candidate materials, layerSize=128, pageCapacity=512, pageBudget=120, decodeThreads=4, generation=1, visibleOnly=true
[08:55:34] [RadSER Material Residency Upload/WARN]: [MaterialCompat] Material page 28 upload failed: 10 layers
[08:55:34] [RadSER Material Residency Upload/INFO]: [MaterialCompat] Material page upload: 0 materials across 0 pages, 0 deferred
[08:55:34] [RadSER Material Residency Upload/INFO]: [MaterialCompat] Runtime material residency complete for generation 1: 0 materials resident, tableUploaded=false, totalMs=15.32
[08:55:34] [RadSER Material Residency Upload/INFO]: [MaterialCompat] Residency updated descriptor/material-table state only; chunk rebuild skipped for generation 1
[08:55:34] [RadSER Material Residency Upload/INFO]: [MaterialCompat] Material page upload starting: 10 candidate materials, layerSize=128, pageCapacity=512, pageBudget=120, decodeThreads=4, generation=1, visibleOnly=true
[08:55:34] [RadSER Material Residency Upload/WARN]: [MaterialCompat] Material page 28 upload failed: 10 layers
[08:55:34] [RadSER Material Residency Upload/INFO]: [MaterialCompat] Material page upload: 0 materials across 0 pages, 0 deferred
[08:55:34] [RadSER Material Residency Upload/INFO]: [MaterialCompat] Runtime material residency complete for generation 1: 0 materials resident, tableUploaded=false, totalMs=16.33
[08:55:34] [RadSER Material Residency Upload/INFO]: [MaterialCompat] Residency updated descriptor/material-table state only; chunk rebuild skipped for generation 1
[08:55:34] [Render thread/INFO]: [System] [CHAT] Radiance: VMA snapshot saved (vma_snapshot_latest.txt)
[08:55:34] [RadSER Material Residency Upload/INFO]: [MaterialCompat] Material page upload starting: 14 candidate materials, layerSize=128, pageCapacity=512, pageBudget=120, decodeThreads=4, generation=1, visibleOnly=true
[08:55:34] [RadSER Material Residency Upload/WARN]: [MaterialCompat] Material page 28 upload failed: 14 layers
[08:55:34] [RadSER Material Residency Upload/INFO]: [MaterialCompat] Material page upload: 0 materials across 0 pages, 0 deferred
[08:55:34] [RadSER Material Residency Upload/INFO]: [MaterialCompat] Runtime material residency complete for generation 1: 0 materials resident, tableUploaded=false, totalMs=193.67
[08:55:34] [RadSER Material Residency Upload/INFO]: [MaterialCompat] Residency updated descriptor/material-table state only; chunk rebuild skipped for generation 1
[08:55:34] [RadSER Material Residency Upload/INFO]: [MaterialCompat] Material page upload starting: 28 candidate materials, layerSize=128, pageCapacity=512, pageBudget=120, decodeThreads=4, generation=1, visibleOnly=true
[08:55:34] [RadSER Material Residency Upload/WARN]: [MaterialCompat] Material page 28 upload failed: 28 layers
[08:55:34] [RadSER Material Residency Upload/INFO]: [MaterialCompat] Material page upload: 0 materials across 0 pages, 0 deferred
[08:55:34] [RadSER Material Residency Upload/INFO]: [MaterialCompat] Runtime material residency complete for generation 1: 0 materials resident, tableUploaded=false, totalMs=238.37
[08:55:34] [RadSER Material Residency Upload/INFO]: [MaterialCompat] Residency updated descriptor/material-table state only; chunk rebuild skipped for generation 1
[08:55:35] [RadSER Material Residency Upload/INFO]: [MaterialCompat] Material page upload starting: 91 candidate materials, layerSize=128, pageCapacity=512, pageBudget=120, decodeThreads=4, generation=1, visibleOnly=true
[08:55:35] [RadSER Material Residency Upload/WARN]: [MaterialCompat] Material page 28 upload failed: 64 layers
[08:55:35] [Render thread/INFO]: [STDOUT]: [JAVA] setupTerrain=0.01 entities=0.40 blockEntities=0.03 particles=0.00 weather=0.00 chunkRebuild=0.01 other=0.16 TOTAL=0.61 rebuildQueue=96
[08:55:35] [RadSER Material Residency Upload/WARN]: [MaterialCompat] Material page 29 upload failed: 27 layers
[08:55:35] [RadSER Material Residency Upload/INFO]: [MaterialCompat] Material page upload: 0 materials across 0 pages, 0 deferred
[08:55:35] [RadSER Material Residency Upload/INFO]: [MaterialCompat] Runtime material residency complete for generation 1: 0 materials resident, tableUploaded=false, totalMs=79.23
[08:55:35] [RadSER Material Residency Upload/INFO]: [MaterialCompat] Residency updated descriptor/material-table state only; chunk rebuild skipped for generation 1
[08:55:35] [RadSER Material Residency Upload/INFO]: [MaterialCompat] Material page upload starting: 44 candidate materials, layerSize=128, pageCapacity=512, pageBudget=120, decodeThreads=4, generation=1, visibleOnly=true
[08:55:35] [RadSER Material Residency Upload/WARN]: [MaterialCompat] Material page 29 upload failed: 44 layers
[08:55:35] [RadSER Material Residency Upload/INFO]: [MaterialCompat] Material page upload: 0 materials across 0 pages, 0 deferred
[08:55:35] [RadSER Material Residency Upload/INFO]: [MaterialCompat] Runtime material residency complete for generation 1: 0 materials resident, tableUploaded=false, totalMs=21.03
[08:55:35] [RadSER Material Residency Upload/INFO]: [MaterialCompat] Residency updated descriptor/material-table state only; chunk rebuild skipped for generation 1
[08:55:35] [RadSER Material Residency Upload/INFO]: [MaterialCompat] Material page upload starting: 26 candidate materials, layerSize=128, pageCapacity=512, pageBudget=120, decodeThreads=4, generation=1, visibleOnly=true
[08:55:35] [RadSER Material Residency Upload/WARN]: [MaterialCompat] Material page 29 upload failed: 26 layers
[08:55:35] [RadSER Material Residency Upload/INFO]: [MaterialCompat] Material page upload: 0 materials across 0 pages, 0 deferred
[08:55:35] [RadSER Material Residency Upload/INFO]: [MaterialCompat] Runtime material residency complete for generation 1: 0 materials resident, tableUploaded=false, totalMs=15.76
[08:55:35] [RadSER Material Residency Upload/INFO]: [MaterialCompat] Residency updated descriptor/material-table state only; chunk rebuild skipped for generation 1
[08:55:35] [RadSER Material Residency Upload/INFO]: [MaterialCompat] Material page upload starting: 31 candidate materials, layerSize=128, pageCapacity=512, pageBudget=120, decodeThreads=4, generation=1, visibleOnly=true
[08:55:35] [RadSER Material Residency Upload/WARN]: [MaterialCompat] Material page 29 upload failed: 31 layers
[08:55:35] [RadSER Material Residency Upload/INFO]: [MaterialCompat] Material page upload: 0 materials across 0 pages, 0 deferred
[08:55:35] [RadSER Material Residency Upload/INFO]: [MaterialCompat] Runtime material residency complete for generation 1: 0 materials resident, tableUploaded=false, totalMs=17.08
[08:55:35] [RadSER Material Residency Upload/INFO]: [MaterialCompat] Residency updated descriptor/material-table state only; chunk rebuild skipped for generation 1
[08:55:35] [RadSER Material Residency Upload/INFO]: [MaterialCompat] Material page upload starting: 26 candidate materials, layerSize=128, pageCapacity=512, pageBudget=120, decodeThreads=4, generation=1, visibleOnly=true
[08:55:35] [RadSER Material Residency Upload/WARN]: [MaterialCompat] Material page 29 upload failed: 26 layers
[08:55:35] [RadSER Material Residency Upload/INFO]: [MaterialCompat] Material page upload: 0 materials across 0 pages, 0 deferred
[08:55:35] [RadSER Material Residency Upload/INFO]: [MaterialCompat] Runtime material residency complete for generation 1: 0 materials resident, tableUploaded=false, totalMs=17.90
[08:55:35] [RadSER Material Residency Upload/INFO]: [MaterialCompat] Residency updated descriptor/material-table state only; chunk rebuild skipped for generation 1
[08:55:35] [RadSER Material Residency Upload/INFO]: [MaterialCompat] Material page upload starting: 44 candidate materials, layerSize=128, pageCapacity=512, pageBudget=120, decodeThreads=4, generation=1, visibleOnly=true
[08:55:35] [RadSER Material Residency Upload/WARN]: [MaterialCompat] Material page 29 upload failed: 44 layers
[08:55:35] [RadSER Material Residency Upload/INFO]: [MaterialCompat] Material page upload: 0 materials across 0 pages, 0 deferred
[08:55:35] [RadSER Material Residency Upload/INFO]: [MaterialCompat] Runtime material residency complete for generation 1: 0 materials resident, tableUploaded=false, totalMs=17.22
[08:55:35] [RadSER Material Residency Upload/INFO]: [MaterialCompat] Residency updated descriptor/material-table state only; chunk rebuild skipped for generation 1
[08:55:35] [RadSER Material Residency Upload/INFO]: [MaterialCompat] Material page upload starting: 36 candidate materials, layerSize=128, pageCapacity=512, pageBudget=120, decodeThreads=4, generation=1, visibleOnly=true
[08:55:35] [RadSER Material Residency Upload/WARN]: [MaterialCompat] Material page 29 upload failed: 36 layers
[08:55:35] [RadSER Material Residency Upload/INFO]: [MaterialCompat] Material page upload: 0 materials across 0 pages, 0 deferred
[08:55:35] [RadSER Material Residency Upload/INFO]: [MaterialCompat] Runtime material residency complete for generation 1: 0 materials resident, tableUploaded=false, totalMs=16.92
[08:55:35] [RadSER Material Residency Upload/INFO]: [MaterialCompat] Residency updated descriptor/material-table state only; chunk rebuild skipped for generation 1
[08:55:35] [RadSER Material Residency Upload/INFO]: [MaterialCompat] Material page upload starting: 7 candidate materials, layerSize=128, pageCapacity=512, pageBudget=120, decodeThreads=4, generation=1, visibleOnly=true
[08:55:35] [RadSER Material Residency Upload/WARN]: [MaterialCompat] Material page 29 upload failed: 7 layers
[08:55:35] [RadSER Material Residency Upload/INFO]: [MaterialCompat] Material page upload: 0 materials across 0 pages, 0 deferred
[08:55:35] [RadSER Material Residency Upload/INFO]: [MaterialCompat] Runtime material residency complete for generation 1: 0 materials resident, tableUploaded=false, totalMs=13.09
[08:55:35] [RadSER Material Residency Upload/INFO]: [MaterialCompat] Residency updated descriptor/material-table state only; chunk rebuild skipped for generation 1
[08:55:35] [RadSER Material Residency Upload/INFO]: [MaterialCompat] Material page upload starting: 31 candidate materials, layerSize=128, pageCapacity=512, pageBudget=120, decodeThreads=4, generation=1, visibleOnly=true
[08:55:35] [RadSER Material Residency Upload/WARN]: [MaterialCompat] Material page 29 upload failed: 31 layers
[08:55:35] [RadSER Material Residency Upload/INFO]: [MaterialCompat] Material page upload: 0 materials across 0 pages, 0 deferred
[08:55:35] [RadSER Material Residency Upload/INFO]: [MaterialCompat] Runtime material residency complete for generation 1: 0 materials resident, tableUploaded=false, totalMs=15.08
[08:55:35] [RadSER Material Residency Upload/INFO]: [MaterialCompat] Residency updated descriptor/material-table state only; chunk rebuild skipped for generation 1
[08:55:35] [RadSER Material Residency Upload/INFO]: [MaterialCompat] Material page upload starting: 41 candidate materials, layerSize=128, pageCapacity=512, pageBudget=120, decodeThreads=4, generation=1, visibleOnly=true
[08:55:35] [RadSER Material Residency Upload/WARN]: [MaterialCompat] Material page 29 upload failed: 41 layers
[08:55:35] [RadSER Material Residency Upload/INFO]: [MaterialCompat] Material page upload: 0 materials across 0 pages, 0 deferred
[08:55:35] [RadSER Material Residency Upload/INFO]: [MaterialCompat] Runtime material residency complete for generation 1: 0 materials resident, tableUploaded=false, totalMs=16.85
[08:55:35] [RadSER Material Residency Upload/INFO]: [MaterialCompat] Residency updated descriptor/material-table state only; chunk rebuild skipped for generation 1
[08:55:35] [RadSER Material Residency Upload/INFO]: [MaterialCompat] Material page upload starting: 35 candidate materials, layerSize=128, pageCapacity=512, pageBudget=120, decodeThreads=4, generation=1, visibleOnly=true
[08:55:35] [RadSER Material Residency Upload/WARN]: [MaterialCompat] Material page 29 upload failed: 35 layers
[08:55:35] [RadSER Material Residency Upload/INFO]: [MaterialCompat] Material page upload: 0 materials across 0 pages, 0 deferred
[08:55:35] [RadSER Material Residency Upload/INFO]: [MaterialCompat] Runtime material residency complete for generation 1: 0 materials resident, tableUploaded=false, totalMs=15.23
[08:55:35] [RadSER Material Residency Upload/INFO]: [MaterialCompat] Residency updated descriptor/material-table state only; chunk rebuild skipped for generation 1
[08:55:35] [RadSER Material Residency Upload/INFO]: [MaterialCompat] Material page upload starting: 28 candidate materials, layerSize=128, pageCapacity=512, pageBudget=120, decodeThreads=4, generation=1, visibleOnly=true
[08:55:35] [RadSER Material Residency Upload/WARN]: [MaterialCompat] Material page 29 upload failed: 28 layers
[08:55:35] [RadSER Material Residency Upload/INFO]: [MaterialCompat] Material page upload: 0 materials across 0 pages, 0 deferred
[08:55:35] [RadSER Material Residency Upload/INFO]: [MaterialCompat] Runtime material residency complete for generation 1: 0 materials resident, tableUploaded=false, totalMs=16.28
[08:55:35] [RadSER Material Residency Upload/INFO]: [MaterialCompat] Residency updated descriptor/material-table state only; chunk rebuild skipped for generation 1
[08:55:35] [RadSER Material Residency Upload/INFO]: [MaterialCompat] Material page upload starting: 24 candidate materials, layerSize=128, pageCapacity=512, pageBudget=120, decodeThreads=4, generation=1, visibleOnly=true
[08:55:35] [RadSER Material Residency Upload/WARN]: [MaterialCompat] Material page 29 upload failed: 24 layers
[08:55:35] [RadSER Material Residency Upload/INFO]: [MaterialCompat] Material page upload: 0 materials across 0 pages, 0 deferred
[08:55:35] [RadSER Material Residency Upload/INFO]: [MaterialCompat] Runtime material residency complete for generation 1: 0 materials resident, tableUploaded=false, totalMs=15.78
[08:55:35] [RadSER Material Residency Upload/INFO]: [MaterialCompat] Residency updated descriptor/material-table state only; chunk rebuild skipped for generation 1
[08:55:35] [RadSER Material Residency Upload/INFO]: [MaterialCompat] Material page upload starting: 26 candidate materials, layerSize=128, pageCapacity=512, pageBudget=120, decodeThreads=4, generation=1, visibleOnly=true
[08:55:35] [RadSER Material Residency Upload/WARN]: [MaterialCompat] Material page 29 upload failed: 26 layers
[08:55:35] [RadSER Material Residency Upload/INFO]: [MaterialCompat] Material page upload: 0 materials across 0 pages, 0 deferred
[08:55:35] [RadSER Material Residency Upload/INFO]: [MaterialCompat] Runtime material residency complete for generation 1: 0 materials resident, tableUploaded=false, totalMs=15.93
[08:55:35] [RadSER Material Residency Upload/INFO]: [MaterialCompat] Residency updated descriptor/material-table state only; chunk rebuild skipped for generation 1
[08:55:35] [RadSER Material Residency Upload/INFO]: [MaterialCompat] Material page upload starting: 32 candidate materials, layerSize=128, pageCapacity=512, pageBudget=120, decodeThreads=4, generation=1, visibleOnly=true
[08:55:35] [RadSER Material Residency Upload/WARN]: [MaterialCompat] Material page 29 upload failed: 32 layers
[08:55:35] [RadSER Material Residency Upload/INFO]: [MaterialCompat] Material page upload: 0 materials across 0 pages, 0 deferred
[08:55:35] [RadSER Material Residency Upload/INFO]: [MaterialCompat] Runtime material residency complete for generation 1: 0 materials resident, tableUploaded=false, totalMs=18.91
[08:55:35] [RadSER Material Residency Upload/INFO]: [MaterialCompat] Residency updated descriptor/material-table state only; chunk rebuild skipped for generation 1
[08:55:35] [Render thread/INFO]: [System] [CHAT] Radiance: Overlay snapshot saved (overlay_snapshot_latest.txt)
[08:55:35] [RadSER Material Residency Upload/INFO]: [MaterialCompat] Material page upload starting: 33 candidate materials, layerSize=128, pageCapacity=512, pageBudget=120, decodeThreads=4, generation=1, visibleOnly=true
[08:55:35] [Render thread/INFO]: [STDOUT]: [JAVA] setupTerrain=0.01 entities=0.37 blockEntities=0.03 particles=0.00 weather=0.00 chunkRebuild=0.01 other=0.15 TOTAL=0.58 rebuildQueue=96
[08:55:35] [RadSER Material Residency Upload/WARN]: [MaterialCompat] Material page 29 upload failed: 33 layers
[08:55:35] [RadSER Material Residency Upload/INFO]: [MaterialCompat] Material page upload: 0 materials across 0 pages, 0 deferred
[08:55:35] [RadSER Material Residency Upload/INFO]: [MaterialCompat] Runtime material residency complete for generation 1: 0 materials resident, tableUploaded=false, totalMs=120.58
[08:55:36] [RadSER Material Residency Upload/INFO]: [MaterialCompat] Residency updated descriptor/material-table state only; chunk rebuild skipped for generation 1
[08:55:36] [RadSER Material Residency Upload/INFO]: [MaterialCompat] Material page upload starting: 27 candidate materials, layerSize=128, pageCapacity=512, pageBudget=120, decodeThreads=4, generation=1, visibleOnly=true
[08:55:36] [RadSER Material Residency Upload/WARN]: [MaterialCompat] Material page 29 upload failed: 21 layers
[08:55:36] [RadSER Material Residency Upload/WARN]: [MaterialCompat] Material page 30 upload failed: 6 layers
[08:55:36] [RadSER Material Residency Upload/INFO]: [MaterialCompat] Material page upload: 0 materials across 0 pages, 0 deferred
[08:55:36] [RadSER Material Residency Upload/INFO]: [MaterialCompat] Runtime material residency complete for generation 1: 0 materials resident, tableUploaded=false, totalMs=19.40
[08:55:36] [RadSER Material Residency Upload/INFO]: [MaterialCompat] Residency updated descriptor/material-table state only; chunk rebuild skipped for generation 1
[08:55:36] [RadSER Material Residency Upload/INFO]: [MaterialCompat] Material page upload starting: 6 candidate materials, layerSize=128, pageCapacity=512, pageBudget=120, decodeThreads=4, generation=1, visibleOnly=true
[08:55:36] [RadSER Material Residency Upload/WARN]: [MaterialCompat] Material page 30 upload failed: 6 layers
[08:55:36] [RadSER Material Residency Upload/INFO]: [MaterialCompat] Material page upload: 0 materials across 0 pages, 0 deferred
[08:55:36] [RadSER Material Residency Upload/INFO]: [MaterialCompat] Runtime material residency complete for generation 1: 0 materials resident, tableUploaded=false, totalMs=14.75
[08:55:36] [RadSER Material Residency Upload/INFO]: [MaterialCompat] Residency updated descriptor/material-table state only; chunk rebuild skipped for generation 1
[08:55:36] [RadSER Material Residency Upload/INFO]: [MaterialCompat] Material page upload starting: 12 candidate materials, layerSize=128, pageCapacity=512, pageBudget=120, decodeThreads=4, generation=1, visibleOnly=true
[08:55:36] [RadSER Material Residency Upload/WARN]: [MaterialCompat] Material page 30 upload failed: 12 layers
[08:55:36] [RadSER Material Residency Upload/INFO]: [MaterialCompat] Material page upload: 0 materials across 0 pages, 0 deferred
[08:55:36] [RadSER Material Residency Upload/INFO]: [MaterialCompat] Runtime material residency complete for generation 1: 0 materials resident, tableUploaded=false, totalMs=15.73
[08:55:36] [RadSER Material Residency Upload/INFO]: [MaterialCompat] Residency updated descriptor/material-table state only; chunk rebuild skipped for generation 1
[08:55:36] [RadSER Material Residency Upload/INFO]: [MaterialCompat] Material page upload starting: 7 candidate materials, layerSize=128, pageCapacity=512, pageBudget=120, decodeThreads=4, generation=1, visibleOnly=true
[08:55:36] [RadSER Material Residency Upload/WARN]: [MaterialCompat] Material page 30 upload failed: 7 layers
[08:55:36] [RadSER Material Residency Upload/INFO]: [MaterialCompat] Material page upload: 0 materials across 0 pages, 0 deferred
[08:55:36] [RadSER Material Residency Upload/INFO]: [MaterialCompat] Runtime material residency complete for generation 1: 0 materials resident, tableUploaded=false, totalMs=17.36
[08:55:36] [RadSER Material Residency Upload/INFO]: [MaterialCompat] Residency updated descriptor/material-table state only; chunk rebuild skipped for generation 1
[08:55:36] [RadSER Material Residency Upload/INFO]: [MaterialCompat] Material page upload starting: 8 candidate materials, layerSize=128, pageCapacity=512, pageBudget=120, decodeThreads=4, generation=1, visibleOnly=true
[08:55:36] [RadSER Material Residency Upload/WARN]: [MaterialCompat] Material page 30 upload failed: 8 layers
[08:55:36] [RadSER Material Residency Upload/INFO]: [MaterialCompat] Material page upload: 0 materials across 0 pages, 0 deferred
[08:55:36] [RadSER Material Residency Upload/INFO]: [MaterialCompat] Runtime material residency complete for generation 1: 0 materials resident, tableUploaded=false, totalMs=13.63
[08:55:36] [RadSER Material Residency Upload/INFO]: [MaterialCompat] Residency updated descriptor/material-table state only; chunk rebuild skipped for generation 1
[08:55:36] [RadSER Material Residency Upload/INFO]: [MaterialCompat] Material page upload starting: 10 candidate materials, layerSize=128, pageCapacity=512, pageBudget=120, decodeThreads=4, generation=1, visibleOnly=true
[08:55:36] [RadSER Material Residency Upload/WARN]: [MaterialCompat] Material page 30 upload failed: 10 layers
[08:55:36] [RadSER Material Residency Upload/INFO]: [MaterialCompat] Material page upload: 0 materials across 0 pages, 0 deferred
[08:55:36] [RadSER Material Residency Upload/INFO]: [MaterialCompat] Runtime material residency complete for generation 1: 0 materials resident, tableUploaded=false, totalMs=14.42
[08:55:36] [RadSER Material Residency Upload/INFO]: [MaterialCompat] Residency updated descriptor/material-table state only; chunk rebuild skipped for generation 1
[08:55:36] [RadSER Material Residency Upload/INFO]: [MaterialCompat] Material page upload starting: 10 candidate materials, layerSize=128, pageCapacity=512, pageBudget=120, decodeThreads=4, generation=1, visibleOnly=true
[08:55:36] [RadSER Material Residency Upload/WARN]: [MaterialCompat] Material page 30 upload failed: 10 layers
[08:55:36] [RadSER Material Residency Upload/INFO]: [MaterialCompat] Material page upload: 0 materials across 0 pages, 0 deferred
[08:55:36] [RadSER Material Residency Upload/INFO]: [MaterialCompat] Runtime material residency complete for generation 1: 0 materials resident, tableUploaded=false, totalMs=15.27
[08:55:36] [RadSER Material Residency Upload/INFO]: [MaterialCompat] Residency updated descriptor/material-table state only; chunk rebuild skipped for generation 1
[08:55:36] [RadSER Material Residency Upload/INFO]: [MaterialCompat] Material page upload starting: 12 candidate materials, layerSize=128, pageCapacity=512, pageBudget=120, decodeThreads=4, generation=1, visibleOnly=true
[08:55:36] [RadSER Material Residency Upload/WARN]: [MaterialCompat] Material page 30 upload failed: 12 layers
[08:55:36] [RadSER Material Residency Upload/INFO]: [MaterialCompat] Material page upload: 0 materials across 0 pages, 0 deferred
[08:55:36] [RadSER Material Residency Upload/INFO]: [MaterialCompat] Runtime material residency complete for generation 1: 0 materials resident, tableUploaded=false, totalMs=14.59
[08:55:36] [RadSER Material Residency Upload/INFO]: [MaterialCompat] Residency updated descriptor/material-table state only; chunk rebuild skipped for generation 1
[08:55:36] [RadSER Material Residency Upload/INFO]: [MaterialCompat] Material page upload starting: 8 candidate materials, layerSize=128, pageCapacity=512, pageBudget=120, decodeThreads=4, generation=1, visibleOnly=true
[08:55:36] [RadSER Material Residency Upload/WARN]: [MaterialCompat] Material page 30 upload failed: 8 layers
[08:55:36] [RadSER Material Residency Upload/INFO]: [MaterialCompat] Material page upload: 0 materials across 0 pages, 0 deferred
[08:55:36] [RadSER Material Residency Upload/INFO]: [MaterialCompat] Runtime material residency complete for generation 1: 0 materials resident, tableUploaded=false, totalMs=14.79
[08:55:36] [RadSER Material Residency Upload/INFO]: [MaterialCompat] Residency updated descriptor/material-table state only; chunk rebuild skipped for generation 1
[08:55:36] [RadSER Material Residency Upload/INFO]: [MaterialCompat] Material page upload starting: 5 candidate materials, layerSize=128, pageCapacity=512, pageBudget=120, decodeThreads=4, generation=1, visibleOnly=true
[08:55:36] [RadSER Material Residency Upload/WARN]: [MaterialCompat] Material page 30 upload failed: 5 layers
[08:55:36] [RadSER Material Residency Upload/INFO]: [MaterialCompat] Material page upload: 0 materials across 0 pages, 0 deferred
[08:55:36] [RadSER Material Residency Upload/INFO]: [MaterialCompat] Runtime material residency complete for generation 1: 0 materials resident, tableUploaded=false, totalMs=11.42
[08:55:36] [RadSER Material Residency Upload/INFO]: [MaterialCompat] Residency updated descriptor/material-table state only; chunk rebuild skipped for generation 1
[08:55:36] [RadSER Material Residency Upload/INFO]: [MaterialCompat] Material page upload starting: 9 candidate materials, layerSize=128, pageCapacity=512, pageBudget=120, decodeThreads=4, generation=1, visibleOnly=true
[08:55:36] [RadSER Material Residency Upload/WARN]: [MaterialCompat] Material page 30 upload failed: 9 layers
[08:55:36] [RadSER Material Residency Upload/INFO]: [MaterialCompat] Material page upload: 0 materials across 0 pages, 0 deferred
[08:55:36] [RadSER Material Residency Upload/INFO]: [MaterialCompat] Runtime material residency complete for generation 1: 0 materials resident, tableUploaded=false, totalMs=15.84
[08:55:36] [RadSER Material Residency Upload/INFO]: [MaterialCompat] Residency updated descriptor/material-table state only; chunk rebuild skipped for generation 1
[08:55:36] [RadSER Material Residency Upload/INFO]: [MaterialCompat] Material page upload starting: 7 candidate materials, layerSize=128, pageCapacity=512, pageBudget=120, decodeThreads=4, generation=1, visibleOnly=true
[08:55:36] [RadSER Material Residency Upload/WARN]: [MaterialCompat] Material page 30 upload failed: 7 layers
[08:55:36] [RadSER Material Residency Upload/INFO]: [MaterialCompat] Material page upload: 0 materials across 0 pages, 0 deferred
[08:55:36] [RadSER Material Residency Upload/INFO]: [MaterialCompat] Runtime material residency complete for generation 1: 0 materials resident, tableUploaded=false, totalMs=15.29
[08:55:36] [RadSER Material Residency Upload/INFO]: [MaterialCompat] Residency updated descriptor/material-table state only; chunk rebuild skipped for generation 1
[08:55:36] [Render thread/INFO]: [STDOUT]: [JAVA] setupTerrain=0.01 entities=0.36 blockEntities=0.02 particles=0.00 weather=0.00 chunkRebuild=0.01 other=0.14 TOTAL=0.55 rebuildQueue=96
[08:55:36] [RadSER Material Residency Upload/INFO]: [MaterialCompat] Material page upload starting: 5 candidate materials, layerSize=128, pageCapacity=512, pageBudget=120, decodeThreads=4, generation=1, visibleOnly=true
[08:55:36] [RadSER Material Residency Upload/WARN]: [MaterialCompat] Material page 30 upload failed: 5 layers
[08:55:36] [RadSER Material Residency Upload/INFO]: [MaterialCompat] Material page upload: 0 materials across 0 pages, 0 deferred
[08:55:36] [RadSER Material Residency Upload/INFO]: [MaterialCompat] Runtime material residency complete for generation 1: 0 materials resident, tableUploaded=false, totalMs=13.79
[08:55:36] [RadSER Material Residency Upload/INFO]: [MaterialCompat] Residency updated descriptor/material-table state only; chunk rebuild skipped for generation 1
[08:55:36] [RadSER Material Residency Upload/INFO]: [MaterialCompat] Material page upload starting: 6 candidate materials, layerSize=128, pageCapacity=512, pageBudget=120, decodeThreads=4, generation=1, visibleOnly=true
[08:55:36] [RadSER Material Residency Upload/WARN]: [MaterialCompat] Material page 30 upload failed: 6 layers
[08:55:36] [RadSER Material Residency Upload/INFO]: [MaterialCompat] Material page upload: 0 materials across 0 pages, 0 deferred
[08:55:36] [RadSER Material Residency Upload/INFO]: [MaterialCompat] Runtime material residency complete for generation 1: 0 materials resident, tableUploaded=false, totalMs=13.36
[08:55:36] [RadSER Material Residency Upload/INFO]: [MaterialCompat] Residency updated descriptor/material-table state only; chunk rebuild skipped for generation 1
[08:55:36] [RadSER Material Residency Upload/INFO]: [MaterialCompat] Material page upload starting: 6 candidate materials, layerSize=128, pageCapacity=512, pageBudget=120, decodeThreads=4, generation=1, visibleOnly=true
[08:55:36] [RadSER Material Residency Upload/WARN]: [MaterialCompat] Material page 30 upload failed: 6 layers
[08:55:36] [RadSER Material Residency Upload/INFO]: [MaterialCompat] Material page upload: 0 materials across 0 pages, 0 deferred
[08:55:36] [RadSER Material Residency Upload/INFO]: [MaterialCompat] Runtime material residency complete for generation 1: 0 materials resident, tableUploaded=false, totalMs=12.82
[08:55:36] [RadSER Material Residency Upload/INFO]: [MaterialCompat] Residency updated descriptor/material-table state only; chunk rebuild skipped for generation 1
[08:55:36] [RadSER Material Residency Upload/INFO]: [MaterialCompat] Material page upload starting: 5 candidate materials, layerSize=128, pageCapacity=512, pageBudget=120, decodeThreads=4, generation=1, visibleOnly=true
[08:55:36] [RadSER Material Residency Upload/WARN]: [MaterialCompat] Material page 30 upload failed: 5 layers
[08:55:36] [RadSER Material Residency Upload/INFO]: [MaterialCompat] Material page upload: 0 materials across 0 pages, 0 deferred
[08:55:36] [RadSER Material Residency Upload/INFO]: [MaterialCompat] Runtime material residency complete for generation 1: 0 materials resident, tableUploaded=false, totalMs=14.21
[08:55:36] [RadSER Material Residency Upload/INFO]: [MaterialCompat] Residency updated descriptor/material-table state only; chunk rebuild skipped for generation 1
[08:55:37] [Render thread/INFO]: [STDOUT]: [DebugBridge] SCREEN RadianceUnifiedScreen -> InGame
[08:55:37] [RadSER Material Residency Upload/INFO]: [MaterialCompat] Material page upload starting: 7 candidate materials, layerSize=128, pageCapacity=512, pageBudget=120, decodeThreads=4, generation=1, visibleOnly=true
[08:55:37] [RadSER Material Residency Upload/WARN]: [MaterialCompat] Material page 30 upload failed: 7 layers
[08:55:37] [RadSER Material Residency Upload/INFO]: [MaterialCompat] Material page upload: 0 materials across 0 pages, 0 deferred
[08:55:37] [RadSER Material Residency Upload/INFO]: [MaterialCompat] Runtime material residency complete for generation 1: 0 materials resident, tableUploaded=false, totalMs=27.33
[08:55:37] [RadSER Material Residency Upload/INFO]: [MaterialCompat] Residency updated descriptor/material-table state only; chunk rebuild skipped for generation 1
[08:55:37] [RadSER Material Residency Upload/INFO]: [MaterialCompat] Material page upload starting: 6 candidate materials, layerSize=128, pageCapacity=512, pageBudget=120, decodeThreads=4, generation=1, visibleOnly=true
[08:55:37] [RadSER Material Residency Upload/WARN]: [MaterialCompat] Material page 30 upload failed: 6 layers
[08:55:37] [RadSER Material Residency Upload/INFO]: [MaterialCompat] Material page upload: 0 materials across 0 pages, 0 deferred
[08:55:37] [RadSER Material Residency Upload/INFO]: [MaterialCompat] Runtime material residency complete for generation 1: 0 materials resident, tableUploaded=false, totalMs=21.71
[08:55:37] [RadSER Material Residency Upload/INFO]: [MaterialCompat] Residency updated descriptor/material-table state only; chunk rebuild skipped for generation 1
[08:55:37] [RadSER Material Residency Upload/INFO]: [MaterialCompat] Material page upload starting: 5 candidate materials, layerSize=128, pageCapacity=512, pageBudget=120, decodeThreads=4, generation=1, visibleOnly=true
[08:55:37] [RadSER Material Residency Upload/WARN]: [MaterialCompat] Material page 30 upload failed: 5 layers
[08:55:37] [RadSER Material Residency Upload/INFO]: [MaterialCompat] Material page upload: 0 materials across 0 pages, 0 deferred
[08:55:37] [RadSER Material Residency Upload/INFO]: [MaterialCompat] Runtime material residency complete for generation 1: 0 materials resident, tableUploaded=false, totalMs=23.96
[08:55:37] [RadSER Material Residency Upload/INFO]: [MaterialCompat] Residency updated descriptor/material-table state only; chunk rebuild skipped for generation 1
[08:55:37] [RadSER Material Residency Upload/INFO]: [MaterialCompat] Material page upload starting: 11 candidate materials, layerSize=128, pageCapacity=512, pageBudget=120, decodeThreads=4, generation=1, visibleOnly=true
[08:55:37] [RadSER Material Residency Upload/WARN]: [MaterialCompat] Material page 30 upload failed: 11 layers
[08:55:37] [RadSER Material Residency Upload/INFO]: [MaterialCompat] Material page upload: 0 materials across 0 pages, 0 deferred
[08:55:37] [RadSER Material Residency Upload/INFO]: [MaterialCompat] Runtime material residency complete for generation 1: 0 materials resident, tableUploaded=false, totalMs=20.01
[08:55:37] [RadSER Material Residency Upload/INFO]: [MaterialCompat] Residency updated descriptor/material-table state only; chunk rebuild skipped for generation 1
[08:55:37] [RadSER Material Residency Upload/INFO]: [MaterialCompat] Material page upload starting: 9 candidate materials, layerSize=128, pageCapacity=512, pageBudget=120, decodeThreads=4, generation=1, visibleOnly=true
[08:55:37] [RadSER Material Residency Upload/WARN]: [MaterialCompat] Material page 30 upload failed: 9 layers
[08:55:37] [RadSER Material Residency Upload/INFO]: [MaterialCompat] Material page upload: 0 materials across 0 pages, 0 deferred
[08:55:37] [RadSER Material Residency Upload/INFO]: [MaterialCompat] Runtime material residency complete for generation 1: 0 materials resident, tableUploaded=false, totalMs=17.97
[08:55:37] [RadSER Material Residency Upload/INFO]: [MaterialCompat] Residency updated descriptor/material-table state only; chunk rebuild skipped for generation 1
[08:55:37] [RadSER Material Residency Upload/INFO]: [MaterialCompat] Material page upload starting: 9 candidate materials, layerSize=128, pageCapacity=512, pageBudget=120, decodeThreads=4, generation=1, visibleOnly=true
[08:55:37] [RadSER Material Residency Upload/WARN]: [MaterialCompat] Material page 30 upload failed: 9 layers
[08:55:37] [RadSER Material Residency Upload/INFO]: [MaterialCompat] Material page upload: 0 materials across 0 pages, 0 deferred
[08:55:37] [RadSER Material Residency Upload/INFO]: [MaterialCompat] Runtime material residency complete for generation 1: 0 materials resident, tableUploaded=false, totalMs=16.01
[08:55:37] [RadSER Material Residency Upload/INFO]: [MaterialCompat] Residency updated descriptor/material-table state only; chunk rebuild skipped for generation 1
[08:55:37] [Render thread/INFO]: [STDOUT]: [DebugBridge] SCREEN InGame -> class_433 (Game Menu)
[08:55:37] [Render thread/INFO]: [STDOUT]: [DebugBridge] SPIKE 46.2ms (avg 8.9ms, 5.2x)
[08:55:37] [Server thread/INFO]: Saving and pausing game...
[08:55:37] [Server thread/INFO]: Saving chunks for level 'ServerLevel[New World]'/minecraft:overworld
[08:55:37] [RadSER Material Residency Upload/INFO]: [MaterialCompat] Material page upload starting: 10 candidate materials, layerSize=128, pageCapacity=512, pageBudget=120, decodeThreads=4, generation=1, visibleOnly=true
[08:55:37] [Server thread/INFO]: Saving chunks for level 'ServerLevel[New World]'/minecraft:the_end
[08:55:37] [Server thread/INFO]: Saving chunks for level 'ServerLevel[New World]'/minecraft:the_nether
[08:55:37] [RadSER Material Residency Upload/WARN]: [MaterialCompat] Material page 30 upload failed: 10 layers
[08:55:37] [RadSER Material Residency Upload/INFO]: [MaterialCompat] Material page upload: 0 materials across 0 pages, 0 deferred
[08:55:37] [RadSER Material Residency Upload/INFO]: [MaterialCompat] Runtime material residency complete for generation 1: 0 materials resident, tableUploaded=false, totalMs=21.68
[08:55:37] [RadSER Material Residency Upload/INFO]: [MaterialCompat] Residency updated descriptor/material-table state only; chunk rebuild skipped for generation 1
[08:55:37] [RadSER Material Residency Upload/INFO]: [MaterialCompat] Material page upload starting: 7 candidate materials, layerSize=128, pageCapacity=512, pageBudget=120, decodeThreads=4, generation=1, visibleOnly=true
[08:55:37] [RadSER Material Residency Upload/WARN]: [MaterialCompat] Material page 30 upload failed: 7 layers
[08:55:37] [RadSER Material Residency Upload/INFO]: [MaterialCompat] Material page upload: 0 materials across 0 pages, 0 deferred
[08:55:37] [RadSER Material Residency Upload/INFO]: [MaterialCompat] Runtime material residency complete for generation 1: 0 materials resident, tableUploaded=false, totalMs=18.36
[08:55:37] [RadSER Material Residency Upload/INFO]: [MaterialCompat] Residency updated descriptor/material-table state only; chunk rebuild skipped for generation 1
[08:55:37] [RadSER Material Residency Upload/INFO]: [MaterialCompat] Material page upload starting: 7 candidate materials, layerSize=128, pageCapacity=512, pageBudget=120, decodeThreads=4, generation=1, visibleOnly=true
[08:55:37] [RadSER Material Residency Upload/WARN]: [MaterialCompat] Material page 30 upload failed: 7 layers
[08:55:37] [RadSER Material Residency Upload/INFO]: [MaterialCompat] Material page upload: 0 materials across 0 pages, 0 deferred
[08:55:37] [RadSER Material Residency Upload/INFO]: [MaterialCompat] Runtime material residency complete for generation 1: 0 materials resident, tableUploaded=false, totalMs=15.31
[08:55:37] [RadSER Material Residency Upload/INFO]: [MaterialCompat] Residency updated descriptor/material-table state only; chunk rebuild skipped for generation 1
[08:55:37] [Render thread/INFO]: [STDOUT]: [JAVA] setupTerrain=0.01 entities=0.63 blockEntities=0.03 particles=0.00 weather=0.00 chunkRebuild=0.01 other=0.17 TOTAL=0.85 rebuildQueue=96
[08:55:37] [RadSER Material Residency Upload/INFO]: [MaterialCompat] Material page upload starting: 5 candidate materials, layerSize=128, pageCapacity=512, pageBudget=120, decodeThreads=4, generation=1, visibleOnly=true
[08:55:37] [RadSER Material Residency Upload/WARN]: [MaterialCompat] Material page 30 upload failed: 5 layers
[08:55:37] [RadSER Material Residency Upload/INFO]: [MaterialCompat] Material page upload: 0 materials across 0 pages, 0 deferred
[08:55:37] [RadSER Material Residency Upload/INFO]: [MaterialCompat] Runtime material residency complete for generation 1: 0 materials resident, tableUploaded=false, totalMs=14.68
[08:55:37] [RadSER Material Residency Upload/INFO]: [MaterialCompat] Residency updated descriptor/material-table state only; chunk rebuild skipped for generation 1
[08:55:37] [RadSER Material Residency Upload/INFO]: [MaterialCompat] Material page upload starting: 6 candidate materials, layerSize=128, pageCapacity=512, pageBudget=120, decodeThreads=4, generation=1, visibleOnly=true
[08:55:37] [RadSER Material Residency Upload/WARN]: [MaterialCompat] Material page 30 upload failed: 6 layers
[08:55:37] [RadSER Material Residency Upload/INFO]: [MaterialCompat] Material page upload: 0 materials across 0 pages, 0 deferred
[08:55:37] [RadSER Material Residency Upload/INFO]: [MaterialCompat] Runtime material residency complete for generation 1: 0 materials resident, tableUploaded=false, totalMs=13.90
[08:55:37] [RadSER Material Residency Upload/INFO]: [MaterialCompat] Residency updated descriptor/material-table state only; chunk rebuild skipped for generation 1
[08:55:37] [RadSER Material Residency Upload/INFO]: [MaterialCompat] Material page upload starting: 9 candidate materials, layerSize=128, pageCapacity=512, pageBudget=120, decodeThreads=4, generation=1, visibleOnly=true
[08:55:37] [RadSER Material Residency Upload/WARN]: [MaterialCompat] Material page 30 upload failed: 9 layers
[08:55:37] [RadSER Material Residency Upload/INFO]: [MaterialCompat] Material page upload: 0 materials across 0 pages, 0 deferred
[08:55:37] [RadSER Material Residency Upload/INFO]: [MaterialCompat] Runtime material residency complete for generation 1: 0 materials resident, tableUploaded=false, totalMs=14.15
[08:55:37] [RadSER Material Residency Upload/INFO]: [MaterialCompat] Residency updated descriptor/material-table state only; chunk rebuild skipped for generation 1
[08:55:37] [RadSER Material Residency Upload/INFO]: [MaterialCompat] Material page upload starting: 1 candidate materials, layerSize=128, pageCapacity=512, pageBudget=120, decodeThreads=4, generation=1, visibleOnly=true
[08:55:37] [RadSER Material Residency Upload/WARN]: [MaterialCompat] Material page 30 upload failed: 1 layers
[08:55:37] [RadSER Material Residency Upload/INFO]: [MaterialCompat] Material page upload: 0 materials across 0 pages, 0 deferred
[08:55:37] [RadSER Material Residency Upload/INFO]: [MaterialCompat] Runtime material residency complete for generation 1: 0 materials resident, tableUploaded=false, totalMs=11.45
[08:55:37] [RadSER Material Residency Upload/INFO]: [MaterialCompat] Residency updated descriptor/material-table state only; chunk rebuild skipped for generation 1
[08:55:37] [RadSER Material Residency Upload/INFO]: [MaterialCompat] Material page upload starting: 6 candidate materials, layerSize=128, pageCapacity=512, pageBudget=120, decodeThreads=4, generation=1, visibleOnly=true
[08:55:37] [RadSER Material Residency Upload/WARN]: [MaterialCompat] Material page 30 upload failed: 6 layers
[08:55:37] [RadSER Material Residency Upload/INFO]: [MaterialCompat] Material page upload: 0 materials across 0 pages, 0 deferred
[08:55:37] [RadSER Material Residency Upload/INFO]: [MaterialCompat] Runtime material residency complete for generation 1: 0 materials resident, tableUploaded=false, totalMs=11.28
[08:55:37] [RadSER Material Residency Upload/INFO]: [MaterialCompat] Residency updated descriptor/material-table state only; chunk rebuild skipped for generation 1
[08:55:37] [RadSER Material Residency Upload/INFO]: [MaterialCompat] Material page upload starting: 6 candidate materials, layerSize=128, pageCapacity=512, pageBudget=120, decodeThreads=4, generation=1, visibleOnly=true
[08:55:37] [RadSER Material Residency Upload/WARN]: [MaterialCompat] Material page 30 upload failed: 6 layers
[08:55:37] [RadSER Material Residency Upload/INFO]: [MaterialCompat] Material page upload: 0 materials across 0 pages, 0 deferred
[08:55:37] [RadSER Material Residency Upload/INFO]: [MaterialCompat] Runtime material residency complete for generation 1: 0 materials resident, tableUploaded=false, totalMs=13.49
[08:55:37] [RadSER Material Residency Upload/INFO]: [MaterialCompat] Residency updated descriptor/material-table state only; chunk rebuild skipped for generation 1
[08:55:37] [RadSER Material Residency Upload/INFO]: [MaterialCompat] Material page upload starting: 18 candidate materials, layerSize=128, pageCapacity=512, pageBudget=120, decodeThreads=4, generation=1, visibleOnly=true
[08:55:37] [RadSER Material Residency Upload/WARN]: [MaterialCompat] Material page 30 upload failed: 18 layers
[08:55:37] [RadSER Material Residency Upload/INFO]: [MaterialCompat] Material page upload: 0 materials across 0 pages, 0 deferred
[08:55:37] [RadSER Material Residency Upload/INFO]: [MaterialCompat] Runtime material residency complete for generation 1: 0 materials resident, tableUploaded=false, totalMs=14.62
[08:55:37] [RadSER Material Residency Upload/INFO]: [MaterialCompat] Residency updated descriptor/material-table state only; chunk rebuild skipped for generation 1
[08:55:38] [RadSER Material Residency Upload/INFO]: [MaterialCompat] Material page upload starting: 16 candidate materials, layerSize=128, pageCapacity=512, pageBudget=120, decodeThreads=4, generation=1, visibleOnly=true
[08:55:38] [RadSER Material Residency Upload/WARN]: [MaterialCompat] Material page 30 upload failed: 16 layers
[08:55:38] [RadSER Material Residency Upload/INFO]: [MaterialCompat] Material page upload: 0 materials across 0 pages, 0 deferred
[08:55:38] [RadSER Material Residency Upload/INFO]: [MaterialCompat] Runtime material residency complete for generation 1: 0 materials resident, tableUploaded=false, totalMs=14.62
[08:55:38] [RadSER Material Residency Upload/INFO]: [MaterialCompat] Residency updated descriptor/material-table state only; chunk rebuild skipped for generation 1
[08:55:38] [RadSER Material Residency Upload/INFO]: [MaterialCompat] Material page upload starting: 12 candidate materials, layerSize=128, pageCapacity=512, pageBudget=120, decodeThreads=4, generation=1, visibleOnly=true
[08:55:38] [RadSER Material Residency Upload/WARN]: [MaterialCompat] Material page 30 upload failed: 12 layers
[08:55:38] [RadSER Material Residency Upload/INFO]: [MaterialCompat] Material page upload: 0 materials across 0 pages, 0 deferred
[08:55:38] [RadSER Material Residency Upload/INFO]: [MaterialCompat] Runtime material residency complete for generation 1: 0 materials resident, tableUploaded=false, totalMs=13.97
[08:55:38] [RadSER Material Residency Upload/INFO]: [MaterialCompat] Residency updated descriptor/material-table state only; chunk rebuild skipped for generation 1
[08:55:38] [RadSER Material Residency Upload/INFO]: [MaterialCompat] Material page upload starting: 7 candidate materials, layerSize=128, pageCapacity=512, pageBudget=120, decodeThreads=4, generation=1, visibleOnly=true
[08:55:38] [RadSER Material Residency Upload/WARN]: [MaterialCompat] Material page 30 upload failed: 7 layers
[08:55:38] [RadSER Material Residency Upload/INFO]: [MaterialCompat] Material page upload: 0 materials across 0 pages, 0 deferred
[08:55:38] [RadSER Material Residency Upload/INFO]: [MaterialCompat] Runtime material residency complete for generation 1: 0 materials resident, tableUploaded=false, totalMs=16.42
[08:55:38] [RadSER Material Residency Upload/INFO]: [MaterialCompat] Residency updated descriptor/material-table state only; chunk rebuild skipped for generation 1
[08:55:38] [Render thread/INFO]: [STDOUT]: [DebugBridge] SCREEN class_433 -> class_424 (Saving world)
[08:55:38] [Server thread/INFO]: RiceArchery lost connection: Disconnected
[08:55:38] [Server thread/INFO]: RiceArchery left the game
[08:55:38] [Server thread/INFO]: Stopping singleplayer server as player logged out
[08:55:38] [RadSER Material Residency Upload/INFO]: [MaterialCompat] Material page upload starting: 15 candidate materials, layerSize=128, pageCapacity=512, pageBudget=120, decodeThreads=4, generation=1, visibleOnly=true
[08:55:38] [RadSER Material Residency Upload/WARN]: [MaterialCompat] Material page 30 upload failed: 15 layers
[08:55:38] [RadSER Material Residency Upload/INFO]: [MaterialCompat] Material page upload: 0 materials across 0 pages, 0 deferred
[08:55:38] [RadSER Material Residency Upload/INFO]: [MaterialCompat] Runtime material residency complete for generation 1: 0 materials resident, tableUploaded=false, totalMs=20.55
[08:55:38] [RadSER Material Residency Upload/INFO]: [MaterialCompat] Residency updated descriptor/material-table state only; chunk rebuild skipped for generation 1
[08:55:38] [Server thread/INFO]: Stopping server
[08:55:38] [Server thread/INFO]: Saving players
[08:55:38] [Server thread/INFO]: Saving worlds
[08:55:38] [RadSER Material Residency Upload/INFO]: [MaterialCompat] Material page upload starting: 5 candidate materials, layerSize=128, pageCapacity=512, pageBudget=120, decodeThreads=4, generation=1, visibleOnly=true
[08:55:38] [RadSER Material Residency Upload/WARN]: [MaterialCompat] Material page 30 upload failed: 5 layers
[08:55:38] [RadSER Material Residency Upload/INFO]: [MaterialCompat] Material page upload: 0 materials across 0 pages, 0 deferred
[08:55:38] [RadSER Material Residency Upload/INFO]: [MaterialCompat] Runtime material residency complete for generation 1: 0 materials resident, tableUploaded=false, totalMs=20.65
[08:55:38] [RadSER Material Residency Upload/INFO]: [MaterialCompat] Residency updated descriptor/material-table state only; chunk rebuild skipped for generation 1
[08:55:38] [Server thread/INFO]: Saving chunks for level 'ServerLevel[New World]'/minecraft:overworld
[08:55:38] [RadSER Material Residency Upload/INFO]: [MaterialCompat] Material page upload starting: 5 candidate materials, layerSize=128, pageCapacity=512, pageBudget=120, decodeThreads=4, generation=1, visibleOnly=true
[08:55:38] [RadSER Material Residency Upload/WARN]: [MaterialCompat] Material page 30 upload failed: 5 layers
[08:55:38] [RadSER Material Residency Upload/INFO]: [MaterialCompat] Material page upload: 0 materials across 0 pages, 0 deferred
[08:55:38] [RadSER Material Residency Upload/INFO]: [MaterialCompat] Runtime material residency complete for generation 1: 0 materials resident, tableUploaded=false, totalMs=20.17
[08:55:38] [RadSER Material Residency Upload/INFO]: [MaterialCompat] Residency updated descriptor/material-table state only; chunk rebuild skipped for generation 1
[08:55:38] [Server thread/INFO]: Saving chunks for level 'ServerLevel[New World]'/minecraft:the_end
[08:55:38] [Server thread/INFO]: Saving chunks for level 'ServerLevel[New World]'/minecraft:the_nether
[08:55:38] [Server thread/INFO]: ThreadedAnvilChunkStorage (New World): All chunks are saved
[08:55:38] [Server thread/INFO]: ThreadedAnvilChunkStorage (DIM1): All chunks are saved
[08:55:38] [Server thread/INFO]: ThreadedAnvilChunkStorage (DIM-1): All chunks are saved
[08:55:38] [Server thread/INFO]: ThreadedAnvilChunkStorage: All dimensions are saved
[08:55:38] [RadSER Material Residency Upload/INFO]: [MaterialCompat] Material page upload starting: 5 candidate materials, layerSize=128, pageCapacity=512, pageBudget=120, decodeThreads=4, generation=1, visibleOnly=true
[08:55:38] [RadSER Material Residency Upload/WARN]: [MaterialCompat] Material page 30 upload failed: 5 layers
[08:55:38] [RadSER Material Residency Upload/INFO]: [MaterialCompat] Material page upload: 0 materials across 0 pages, 0 deferred
[08:55:38] [RadSER Material Residency Upload/INFO]: [MaterialCompat] Runtime material residency complete for generation 1: 0 materials resident, tableUploaded=false, totalMs=20.80
[08:55:38] [RadSER Material Residency Upload/INFO]: [MaterialCompat] Residency updated descriptor/material-table state only; chunk rebuild skipped for generation 1
[08:55:38] [RadSER Material Residency Upload/INFO]: [MaterialCompat] Material page upload starting: 6 candidate materials, layerSize=128, pageCapacity=512, pageBudget=120, decodeThreads=4, generation=1, visibleOnly=true
[08:55:38] [RadSER Material Residency Upload/WARN]: [MaterialCompat] Material page 30 upload failed: 6 layers
[08:55:38] [RadSER Material Residency Upload/INFO]: [MaterialCompat] Material page upload: 0 materials across 0 pages, 0 deferred
[08:55:38] [RadSER Material Residency Upload/INFO]: [MaterialCompat] Runtime material residency complete for generation 1: 0 materials resident, tableUploaded=false, totalMs=16.47
[08:55:38] [RadSER Material Residency Upload/INFO]: [MaterialCompat] Residency updated descriptor/material-table state only; chunk rebuild skipped for generation 1
[08:55:38] [RadSER Material Residency Upload/INFO]: [MaterialCompat] Material page upload starting: 24 candidate materials, layerSize=128, pageCapacity=512, pageBudget=120, decodeThreads=4, generation=1, visibleOnly=true
[08:55:38] [RadSER Material Residency Upload/WARN]: [MaterialCompat] Material page 30 upload failed: 24 layers
[08:55:38] [RadSER Material Residency Upload/INFO]: [MaterialCompat] Material page upload: 0 materials across 0 pages, 0 deferred
[08:55:38] [RadSER Material Residency Upload/INFO]: [MaterialCompat] Runtime material residency complete for generation 1: 0 materials resident, tableUploaded=false, totalMs=19.94
[08:55:38] [RadSER Material Residency Upload/INFO]: [MaterialCompat] Residency updated descriptor/material-table state only; chunk rebuild skipped for generation 1
[08:55:38] [RadSER Material Residency Upload/INFO]: [MaterialCompat] Material page upload starting: 10 candidate materials, layerSize=128, pageCapacity=512, pageBudget=120, decodeThreads=4, generation=1, visibleOnly=true
[08:55:38] [RadSER Material Residency Upload/WARN]: [MaterialCompat] Material page 30 upload failed: 10 layers
[08:55:38] [RadSER Material Residency Upload/INFO]: [MaterialCompat] Material page upload: 0 materials across 0 pages, 0 deferred
[08:55:38] [RadSER Material Residency Upload/INFO]: [MaterialCompat] Runtime material residency complete for generation 1: 0 materials resident, tableUploaded=false, totalMs=13.43
[08:55:38] [RadSER Material Residency Upload/INFO]: [MaterialCompat] Residency updated descriptor/material-table state only; chunk rebuild skipped for generation 1
[08:55:38] [RadSER Material Residency Upload/INFO]: [MaterialCompat] Material page upload starting: 22 candidate materials, layerSize=128, pageCapacity=512, pageBudget=120, decodeThreads=4, generation=1, visibleOnly=true
[08:55:38] [RadSER Material Residency Upload/WARN]: [MaterialCompat] Material page 30 upload failed: 22 layers
[08:55:38] [RadSER Material Residency Upload/INFO]: [MaterialCompat] Material page upload: 0 materials across 0 pages, 0 deferred
[08:55:38] [RadSER Material Residency Upload/INFO]: [MaterialCompat] Runtime material residency complete for generation 1: 0 materials resident, tableUploaded=false, totalMs=17.70
[08:55:38] [RadSER Material Residency Upload/INFO]: [MaterialCompat] Residency updated descriptor/material-table state only; chunk rebuild skipped for generation 1
[08:55:38] [RadSER Material Residency Upload/INFO]: [MaterialCompat] Material page upload starting: 6 candidate materials, layerSize=128, pageCapacity=512, pageBudget=120, decodeThreads=4, generation=1, visibleOnly=true
[08:55:38] [RadSER Material Residency Upload/WARN]: [MaterialCompat] Material page 30 upload failed: 6 layers
[08:55:38] [RadSER Material Residency Upload/INFO]: [MaterialCompat] Material page upload: 0 materials across 0 pages, 0 deferred
[08:55:38] [RadSER Material Residency Upload/INFO]: [MaterialCompat] Runtime material residency complete for generation 1: 0 materials resident, tableUploaded=false, totalMs=14.23
[08:55:38] [RadSER Material Residency Upload/INFO]: [MaterialCompat] Residency updated descriptor/material-table state only; chunk rebuild skipped for generation 1
[08:55:38] [RadSER Material Residency Upload/INFO]: [MaterialCompat] Material page upload starting: 33 candidate materials, layerSize=128, pageCapacity=512, pageBudget=120, decodeThreads=4, generation=1, visibleOnly=true
[08:55:38] [RadSER Material Residency Upload/WARN]: [MaterialCompat] Material page 30 upload failed: 33 layers
[08:55:38] [RadSER Material Residency Upload/INFO]: [MaterialCompat] Material page upload: 0 materials across 0 pages, 0 deferred
[08:55:38] [RadSER Material Residency Upload/INFO]: [MaterialCompat] Runtime material residency complete for generation 1: 0 materials resident, tableUploaded=false, totalMs=19.54
[08:55:38] [RadSER Material Residency Upload/INFO]: [MaterialCompat] Residency updated descriptor/material-table state only; chunk rebuild skipped for generation 1
[08:55:38] [RadSER Material Residency Upload/INFO]: [MaterialCompat] Material page upload starting: 4 candidate materials, layerSize=128, pageCapacity=512, pageBudget=120, decodeThreads=4, generation=1, visibleOnly=true
[08:55:38] [RadSER Material Residency Upload/WARN]: [MaterialCompat] Material page 30 upload failed: 4 layers
[08:55:38] [RadSER Material Residency Upload/INFO]: [MaterialCompat] Material page upload: 0 materials across 0 pages, 0 deferred
[08:55:38] [RadSER Material Residency Upload/INFO]: [MaterialCompat] Runtime material residency complete for generation 1: 0 materials resident, tableUploaded=false, totalMs=15.15
[08:55:38] [RadSER Material Residency Upload/INFO]: [MaterialCompat] Residency updated descriptor/material-table state only; chunk rebuild skipped for generation 1
[08:55:38] [Render thread/INFO]: [STDOUT]: [DebugBridge] SCREEN class_424 -> class_442 (Title Screen)
[08:55:38] [Render thread/INFO]: [STDOUT]: [DebugBridge] SPIKE 511.5ms (avg 32.3ms, 15.8x)
[08:55:38] [RadSER Material Residency Upload/INFO]: [MaterialCompat] Material page upload starting: 22 candidate materials, layerSize=128, pageCapacity=512, pageBudget=120, decodeThreads=4, generation=1, visibleOnly=true
[08:55:38] [RadSER Material Residency Upload/WARN]: [MaterialCompat] Material page 30 upload failed: 22 layers
[08:55:38] [RadSER Material Residency Upload/INFO]: [MaterialCompat] Material page upload: 0 materials across 0 pages, 0 deferred
[08:55:38] [RadSER Material Residency Upload/INFO]: [MaterialCompat] Runtime material residency complete for generation 1: 0 materials resident, tableUploaded=false, totalMs=17.29
[08:55:38] [RadSER Material Residency Upload/INFO]: [MaterialCompat] Residency updated descriptor/material-table state only; chunk rebuild skipped for generation 1
[08:55:38] [RadSER Material Residency Upload/INFO]: [MaterialCompat] Material page upload starting: 10 candidate materials, layerSize=128, pageCapacity=512, pageBudget=120, decodeThreads=4, generation=1, visibleOnly=true
[08:55:38] [RadSER Material Residency Upload/WARN]: [MaterialCompat] Material page 30 upload failed: 10 layers
[08:55:38] [RadSER Material Residency Upload/INFO]: [MaterialCompat] Material page upload: 0 materials across 0 pages, 0 deferred
[08:55:38] [RadSER Material Residency Upload/INFO]: [MaterialCompat] Runtime material residency complete for generation 1: 0 materials resident, tableUploaded=false, totalMs=14.39
[08:55:38] [RadSER Material Residency Upload/INFO]: [MaterialCompat] Residency updated descriptor/material-table state only; chunk rebuild skipped for generation 1
[08:55:38] [RadSER Material Residency Upload/INFO]: [MaterialCompat] Material page upload starting: 27 candidate materials, layerSize=128, pageCapacity=512, pageBudget=120, decodeThreads=4, generation=1, visibleOnly=true
[08:55:38] [RadSER Material Residency Upload/WARN]: [MaterialCompat] Material page 30 upload failed: 27 layers
[08:55:38] [RadSER Material Residency Upload/INFO]: [MaterialCompat] Material page upload: 0 materials across 0 pages, 0 deferred
[08:55:38] [RadSER Material Residency Upload/INFO]: [MaterialCompat] Runtime material residency complete for generation 1: 0 materials resident, tableUploaded=false, totalMs=15.26
[08:55:38] [RadSER Material Residency Upload/INFO]: [MaterialCompat] Residency updated descriptor/material-table state only; chunk rebuild skipped for generation 1
[08:55:38] [RadSER Material Residency Upload/INFO]: [MaterialCompat] Material page upload starting: 10 candidate materials, layerSize=128, pageCapacity=512, pageBudget=120, decodeThreads=4, generation=1, visibleOnly=true
[08:55:38] [RadSER Material Residency Upload/WARN]: [MaterialCompat] Material page 30 upload failed: 10 layers
[08:55:38] [RadSER Material Residency Upload/INFO]: [MaterialCompat] Material page upload: 0 materials across 0 pages, 0 deferred
[08:55:38] [RadSER Material Residency Upload/INFO]: [MaterialCompat] Runtime material residency complete for generation 1: 0 materials resident, tableUploaded=false, totalMs=16.61
[08:55:38] [RadSER Material Residency Upload/INFO]: [MaterialCompat] Residency updated descriptor/material-table state only; chunk rebuild skipped for generation 1
[08:55:38] [RadSER Material Residency Upload/INFO]: [MaterialCompat] Material page upload starting: 24 candidate materials, layerSize=128, pageCapacity=512, pageBudget=120, decodeThreads=4, generation=1, visibleOnly=true
[08:55:38] [RadSER Material Residency Upload/WARN]: [MaterialCompat] Material page 30 upload failed: 24 layers
[08:55:38] [RadSER Material Residency Upload/INFO]: [MaterialCompat] Material page upload: 0 materials across 0 pages, 0 deferred
[08:55:38] [RadSER Material Residency Upload/INFO]: [MaterialCompat] Runtime material residency complete for generation 1: 0 materials resident, tableUploaded=false, totalMs=15.80
[08:55:38] [RadSER Material Residency Upload/INFO]: [MaterialCompat] Residency updated descriptor/material-table state only; chunk rebuild skipped for generation 1
[08:55:38] [RadSER Material Residency Upload/INFO]: [MaterialCompat] Material page upload starting: 2 candidate materials, layerSize=128, pageCapacity=512, pageBudget=120, decodeThreads=4, generation=1, visibleOnly=true
[08:55:38] [RadSER Material Residency Upload/WARN]: [MaterialCompat] Material page 30 upload failed: 2 layers
[08:55:38] [RadSER Material Residency Upload/INFO]: [MaterialCompat] Material page upload: 0 materials across 0 pages, 0 deferred
[08:55:38] [RadSER Material Residency Upload/INFO]: [MaterialCompat] Runtime material residency complete for generation 1: 0 materials resident, tableUploaded=false, totalMs=11.85
[08:55:38] [RadSER Material Residency Upload/INFO]: [MaterialCompat] Residency updated descriptor/material-table state only; chunk rebuild skipped for generation 1
[08:55:38] [RadSER Material Residency Upload/INFO]: [MaterialCompat] Material page upload starting: 20 candidate materials, layerSize=128, pageCapacity=512, pageBudget=120, decodeThreads=4, generation=1, visibleOnly=true
[08:55:38] [RadSER Material Residency Upload/WARN]: [MaterialCompat] Material page 30 upload failed: 3 layers
[08:55:38] [RadSER Material Residency Upload/WARN]: [MaterialCompat] Material page 31 upload failed: 17 layers
[08:55:38] [RadSER Material Residency Upload/INFO]: [MaterialCompat] Material page upload: 0 materials across 0 pages, 0 deferred
[08:55:38] [RadSER Material Residency Upload/INFO]: [MaterialCompat] Runtime material residency complete for generation 1: 0 materials resident, tableUploaded=false, totalMs=16.06
[08:55:38] [RadSER Material Residency Upload/INFO]: [MaterialCompat] Residency updated descriptor/material-table state only; chunk rebuild skipped for generation 1
[08:55:38] [RadSER Material Residency Upload/INFO]: [MaterialCompat] Material page upload starting: 31 candidate materials, layerSize=128, pageCapacity=512, pageBudget=120, decodeThreads=4, generation=1, visibleOnly=true
[08:55:38] [RadSER Material Residency Upload/WARN]: [MaterialCompat] Material page 31 upload failed: 31 layers
[08:55:38] [RadSER Material Residency Upload/INFO]: [MaterialCompat] Material page upload: 0 materials across 0 pages, 0 deferred
[08:55:38] [RadSER Material Residency Upload/INFO]: [MaterialCompat] Runtime material residency complete for generation 1: 0 materials resident, tableUploaded=false, totalMs=15.57
[08:55:38] [RadSER Material Residency Upload/INFO]: [MaterialCompat] Residency updated descriptor/material-table state only; chunk rebuild skipped for generation 1
[08:55:38] [RadSER Material Residency Upload/INFO]: [MaterialCompat] Material page upload starting: 6 candidate materials, layerSize=128, pageCapacity=512, pageBudget=120, decodeThreads=4, generation=1, visibleOnly=true
[08:55:38] [RadSER Material Residency Upload/WARN]: [MaterialCompat] Material page 31 upload failed: 6 layers
[08:55:38] [RadSER Material Residency Upload/INFO]: [MaterialCompat] Material page upload: 0 materials across 0 pages, 0 deferred
[08:55:38] [RadSER Material Residency Upload/INFO]: [MaterialCompat] Runtime material residency complete for generation 1: 0 materials resident, tableUploaded=false, totalMs=12.77
[08:55:38] [RadSER Material Residency Upload/INFO]: [MaterialCompat] Residency updated descriptor/material-table state only; chunk rebuild skipped for generation 1
[08:55:39] [RadSER Material Residency Upload/INFO]: [MaterialCompat] Material page upload starting: 16 candidate materials, layerSize=128, pageCapacity=512, pageBudget=120, decodeThreads=4, generation=1, visibleOnly=true
[08:55:39] [RadSER Material Residency Upload/WARN]: [MaterialCompat] Material page 31 upload failed: 16 layers
[08:55:39] [RadSER Material Residency Upload/INFO]: [MaterialCompat] Material page upload: 0 materials across 0 pages, 0 deferred
[08:55:39] [RadSER Material Residency Upload/INFO]: [MaterialCompat] Runtime material residency complete for generation 1: 0 materials resident, tableUploaded=false, totalMs=14.89
[08:55:39] [RadSER Material Residency Upload/INFO]: [MaterialCompat] Residency updated descriptor/material-table state only; chunk rebuild skipped for generation 1
[08:55:39] [RadSER Material Residency Upload/INFO]: [MaterialCompat] Material page upload starting: 37 candidate materials, layerSize=128, pageCapacity=512, pageBudget=120, decodeThreads=4, generation=1, visibleOnly=true
[08:55:39] [RadSER Material Residency Upload/WARN]: [MaterialCompat] Material page 31 upload failed: 37 layers
[08:55:39] [RadSER Material Residency Upload/INFO]: [MaterialCompat] Material page upload: 0 materials across 0 pages, 0 deferred
[08:55:39] [RadSER Material Residency Upload/INFO]: [MaterialCompat] Runtime material residency complete for generation 1: 0 materials resident, tableUploaded=false, totalMs=16.75
[08:55:39] [RadSER Material Residency Upload/INFO]: [MaterialCompat] Residency updated descriptor/material-table state only; chunk rebuild skipped for generation 1
[08:55:39] [RadSER Material Residency Upload/INFO]: [MaterialCompat] Material page upload starting: 10 candidate materials, layerSize=128, pageCapacity=512, pageBudget=120, decodeThreads=4, generation=1, visibleOnly=true
[08:55:39] [RadSER Material Residency Upload/WARN]: [MaterialCompat] Material page 31 upload failed: 10 layers
[08:55:39] [RadSER Material Residency Upload/INFO]: [MaterialCompat] Material page upload: 0 materials across 0 pages, 0 deferred
[08:55:39] [RadSER Material Residency Upload/INFO]: [MaterialCompat] Runtime material residency complete for generation 1: 0 materials resident, tableUploaded=false, totalMs=14.51
[08:55:39] [RadSER Material Residency Upload/INFO]: [MaterialCompat] Residency updated descriptor/material-table state only; chunk rebuild skipped for generation 1
[08:55:39] [RadSER Material Residency Upload/INFO]: [MaterialCompat] Material page upload starting: 27 candidate materials, layerSize=128, pageCapacity=512, pageBudget=120, decodeThreads=4, generation=1, visibleOnly=true
[08:55:39] [RadSER Material Residency Upload/WARN]: [MaterialCompat] Material page 31 upload failed: 27 layers
[08:55:39] [RadSER Material Residency Upload/INFO]: [MaterialCompat] Material page upload: 0 materials across 0 pages, 0 deferred
[08:55:39] [RadSER Material Residency Upload/INFO]: [MaterialCompat] Runtime material residency complete for generation 1: 0 materials resident, tableUploaded=false, totalMs=17.49
[08:55:39] [RadSER Material Residency Upload/INFO]: [MaterialCompat] Residency updated descriptor/material-table state only; chunk rebuild skipped for generation 1
[08:55:39] [RadSER Material Residency Upload/INFO]: [MaterialCompat] Material page upload starting: 35 candidate materials, layerSize=128, pageCapacity=512, pageBudget=120, decodeThreads=4, generation=1, visibleOnly=true
[08:55:39] [RadSER Material Residency Upload/WARN]: [MaterialCompat] Material page 31 upload failed: 35 layers
[08:55:39] [RadSER Material Residency Upload/INFO]: [MaterialCompat] Material page upload: 0 materials across 0 pages, 0 deferred
[08:55:39] [RadSER Material Residency Upload/INFO]: [MaterialCompat] Runtime material residency complete for generation 1: 0 materials resident, tableUploaded=false, totalMs=20.87
[08:55:39] [RadSER Material Residency Upload/INFO]: [MaterialCompat] Residency updated descriptor/material-table state only; chunk rebuild skipped for generation 1
[08:55:39] [RadSER Material Residency Upload/INFO]: [MaterialCompat] Material page upload starting: 7 candidate materials, layerSize=128, pageCapacity=512, pageBudget=120, decodeThreads=4, generation=1, visibleOnly=true
[08:55:39] [RadSER Material Residency Upload/WARN]: [MaterialCompat] Material page 31 upload failed: 7 layers
[08:55:39] [RadSER Material Residency Upload/INFO]: [MaterialCompat] Material page upload: 0 materials across 0 pages, 0 deferred
[08:55:39] [RadSER Material Residency Upload/INFO]: [MaterialCompat] Runtime material residency complete for generation 1: 0 materials resident, tableUploaded=false, totalMs=16.24
[08:55:39] [RadSER Material Residency Upload/INFO]: [MaterialCompat] Residency updated descriptor/material-table state only; chunk rebuild skipped for generation 1
[08:55:39] [RadSER Material Residency Upload/INFO]: [MaterialCompat] Material page upload starting: 18 candidate materials, layerSize=128, pageCapacity=512, pageBudget=120, decodeThreads=4, generation=1, visibleOnly=true
[08:55:39] [RadSER Material Residency Upload/WARN]: [MaterialCompat] Material page 31 upload failed: 18 layers
[08:55:39] [RadSER Material Residency Upload/INFO]: [MaterialCompat] Material page upload: 0 materials across 0 pages, 0 deferred
[08:55:39] [RadSER Material Residency Upload/INFO]: [MaterialCompat] Runtime material residency complete for generation 1: 0 materials resident, tableUploaded=false, totalMs=16.23
[08:55:39] [RadSER Material Residency Upload/INFO]: [MaterialCompat] Residency updated descriptor/material-table state only; chunk rebuild skipped for generation 1
[08:55:39] [RadSER Material Residency Upload/INFO]: [MaterialCompat] Material page upload starting: 8 candidate materials, layerSize=128, pageCapacity=512, pageBudget=120, decodeThreads=4, generation=1, visibleOnly=true
[08:55:39] [RadSER Material Residency Upload/WARN]: [MaterialCompat] Material page 31 upload failed: 8 layers
[08:55:39] [RadSER Material Residency Upload/INFO]: [MaterialCompat] Material page upload: 0 materials across 0 pages, 0 deferred
[08:55:39] [RadSER Material Residency Upload/INFO]: [MaterialCompat] Runtime material residency complete for generation 1: 0 materials resident, tableUploaded=false, totalMs=15.51
[08:55:39] [RadSER Material Residency Upload/INFO]: [MaterialCompat] Residency updated descriptor/material-table state only; chunk rebuild skipped for generation 1
[08:55:39] [RadSER Material Residency Upload/INFO]: [MaterialCompat] Material page upload starting: 31 candidate materials, layerSize=128, pageCapacity=512, pageBudget=120, decodeThreads=4, generation=1, visibleOnly=true
[08:55:39] [RadSER Material Residency Upload/WARN]: [MaterialCompat] Material page 31 upload failed: 31 layers
[08:55:39] [RadSER Material Residency Upload/INFO]: [MaterialCompat] Material page upload: 0 materials across 0 pages, 0 deferred
[08:55:39] [RadSER Material Residency Upload/INFO]: [MaterialCompat] Runtime material residency complete for generation 1: 0 materials resident, tableUploaded=false, totalMs=17.61
[08:55:39] [RadSER Material Residency Upload/INFO]: [MaterialCompat] Residency updated descriptor/material-table state only; chunk rebuild skipped for generation 1
[08:55:39] [RadSER Material Residency Upload/INFO]: [MaterialCompat] Material page upload starting: 5 candidate materials, layerSize=128, pageCapacity=512, pageBudget=120, decodeThreads=4, generation=1, visibleOnly=true
[08:55:39] [RadSER Material Residency Upload/WARN]: [MaterialCompat] Material page 31 upload failed: 5 layers
[08:55:39] [RadSER Material Residency Upload/INFO]: [MaterialCompat] Material page upload: 0 materials across 0 pages, 0 deferred
[08:55:39] [RadSER Material Residency Upload/INFO]: [MaterialCompat] Runtime material residency complete for generation 1: 0 materials resident, tableUploaded=false, totalMs=15.18
[08:55:39] [RadSER Material Residency Upload/INFO]: [MaterialCompat] Residency updated descriptor/material-table state only; chunk rebuild skipped for generation 1
[08:55:39] [Render thread/INFO]: Stopping!
[08:55:39] [Render thread/INFO]: [STDOUT]: [DebugBridge] SCREEN class_442 -> class_435
[08:55:39] [RadSER Material Residency Upload/INFO]: [MaterialCompat] Material page upload starting: 21 candidate materials, layerSize=128, pageCapacity=512, pageBudget=120, decodeThreads=4, generation=1, visibleOnly=true
[08:55:39] [RadSER Material Residency Upload/WARN]: [MaterialCompat] Material page 31 upload failed: 21 layers
[08:55:39] [RadSER Material Residency Upload/INFO]: [MaterialCompat] Material page upload: 0 materials across 0 pages, 0 deferred
[08:55:39] [RadSER Material Residency Upload/INFO]: [MaterialCompat] Runtime material residency complete for generation 1: 0 materials resident, tableUploaded=false, totalMs=17.51
[08:55:39] [RadSER Material Residency Upload/INFO]: [MaterialCompat] Residency updated descriptor/material-table state only; chunk rebuild skipped for generation 1
[08:55:39] [RadSER Material Residency Upload/INFO]: [MaterialCompat] Material page upload starting: 34 candidate materials, layerSize=128, pageCapacity=512, pageBudget=120, decodeThreads=4, generation=1, visibleOnly=true
[08:55:39] [RadSER Material Residency Upload/WARN]: [MaterialCompat] Material page 31 upload failed: 34 layers
[08:55:39] [RadSER Material Residency Upload/INFO]: [MaterialCompat] Material page upload: 0 materials across 0 pages, 0 deferred
[08:55:39] [RadSER Material Residency Upload/INFO]: [MaterialCompat] Runtime material residency complete for generation 1: 0 materials resident, tableUploaded=false, totalMs=15.40
[08:55:39] [RadSER Material Residency Upload/INFO]: [MaterialCompat] Residency updated descriptor/material-table state only; chunk rebuild skipped for generation 1
[08:55:39] [RadSER Material Residency Upload/INFO]: [MaterialCompat] Material page upload starting: 9 candidate materials, layerSize=128, pageCapacity=512, pageBudget=120, decodeThreads=4, generation=1, visibleOnly=true
[08:55:39] [RadSER Material Residency Upload/WARN]: [MaterialCompat] Material page 31 upload failed: 9 layers
[08:55:39] [RadSER Material Residency Upload/INFO]: [MaterialCompat] Material page upload: 0 materials across 0 pages, 0 deferred
[08:55:39] [RadSER Material Residency Upload/INFO]: [MaterialCompat] Runtime material residency complete for generation 1: 0 materials resident, tableUploaded=false, totalMs=11.65
[08:55:39] [RadSER Material Residency Upload/INFO]: [MaterialCompat] Residency updated descriptor/material-table state only; chunk rebuild skipped for generation 1
[08:55:39] [RadSER Material Residency Upload/INFO]: [MaterialCompat] Material page upload starting: 30 candidate materials, layerSize=128, pageCapacity=512, pageBudget=120, decodeThreads=4, generation=1, visibleOnly=true
[08:55:39] [RadSER Material Residency Upload/WARN]: [MaterialCompat] Material page 31 upload failed: 30 layers
[08:55:39] [RadSER Material Residency Upload/INFO]: [MaterialCompat] Material page upload: 0 materials across 0 pages, 0 deferred
[08:55:39] [RadSER Material Residency Upload/INFO]: [MaterialCompat] Runtime material residency complete for generation 1: 0 materials resident, tableUploaded=false, totalMs=18.40
[08:55:39] [RadSER Material Residency Upload/INFO]: [MaterialCompat] Residency updated descriptor/material-table state only; chunk rebuild skipped for generation 1
[08:55:39] [RadSER Material Residency Upload/INFO]: [MaterialCompat] Material page upload starting: 5 candidate materials, layerSize=128, pageCapacity=512, pageBudget=120, decodeThreads=4, generation=1, visibleOnly=true
[08:55:39] [RadSER Material Residency Upload/WARN]: [MaterialCompat] Material page 31 upload failed: 5 layers
[08:55:39] [RadSER Material Residency Upload/INFO]: [MaterialCompat] Material page upload: 0 materials across 0 pages, 0 deferred
[08:55:39] [RadSER Material Residency Upload/INFO]: [MaterialCompat] Runtime material residency complete for generation 1: 0 materials resident, tableUploaded=false, totalMs=36.73
[08:55:39] [RadianceCrashDump/INFO]: [STDERR]: [CrashContext] Wrote C:\Users\Administrator\AppData\Roaming\PrismLauncher\instances\1.21.4\minecraft\radiance\logs\crash-context.txt
[08:55:39] [RadSER Material Residency Upload/INFO]: [MaterialCompat] Residency updated descriptor/material-table state only; chunk rebuild skipped for generation 1
