[2026-06-11T08:54:10.391] [Logger] [INFO] Logging started: C:\Users\Administrator\AppData\Roaming\PrismLauncher\instances\1.21.4\minecraft\radiance\logs\radiance_20260611_085410.log
[2026-06-11T08:54:11.580] [RayTracing] [INFO] Shader pack adapter validated status=validated requested=shaders/world/ray_tracing/vanilla-pt.zip root=C:\Users\Administrator\AppData\Roaming\PrismLauncher\instances\1.21.4\minecraft\radiance\temp/shaders/world/ray_tracing\vanilla-pt_14e6ccb72c91b726 rtPasses=1 computePasses=2 fullScreenPasses=2 renderPasses=0 variables=3
[2026-06-11T08:54:11.840] [RayTracing] [INFO] Energy compensation LUT baked (64x64, GGX=1024 FON=512 samples)
[2026-06-11T08:54:11.870] [RayTracing] [INFO] Shader pack runtime resources status=adapter_ready ready=1 hasResources=1 reference=1707x940 waterMode=1 waterCaustics=1 fftWaterBound=1
[2026-06-11T08:54:12.195] [RayTracing] [INFO] Shader pack executor built fullScreen=2 compute=2 rayTracing=1 executionSet=6
[2026-06-11T08:54:12.196] [RayTracing] [INFO] World closest-hit variant: no_displacement (displacementRequested=0 displacementRuntimeAllowed=1 displacementForceDisabled=0 noDisplacementShader=1)
[2026-06-11T08:54:12.197] [RayTracing] [INFO] World RT pipeline create start sharcQueryMode=1 sharcMainTraceCompiled=0
[2026-06-11T08:54:12.277] [RayTracing] [INFO] World RT pipeline create done (ok=1)
[2026-06-11T08:54:12.284] [Frame] [INFO] frame=2 begin
[2026-06-11T08:54:12.435] [RayTracing] [INFO] Shader pack adapter validated status=validated requested=shaders/world/ray_tracing/vanilla-pt.zip root=C:\Users\Administrator\AppData\Roaming\PrismLauncher\instances\1.21.4\minecraft\radiance\temp/shaders/world/ray_tracing\vanilla-pt_14e6ccb72c91b726 rtPasses=1 computePasses=2 fullScreenPasses=2 renderPasses=0 variables=3
[2026-06-11T08:54:12.650] [RayTracing] [INFO] Energy compensation LUT baked (64x64, GGX=1024 FON=512 samples)
[2026-06-11T08:54:12.668] [RayTracing] [INFO] Shader pack runtime resources status=adapter_ready ready=1 hasResources=1 reference=2560x1440 waterMode=1 waterCaustics=1 fftWaterBound=1
[2026-06-11T08:54:12.837] [RayTracing] [INFO] Shader pack executor built fullScreen=2 compute=2 rayTracing=1 executionSet=6
[2026-06-11T08:54:12.838] [RayTracing] [INFO] World closest-hit variant: no_displacement (displacementRequested=0 displacementRuntimeAllowed=1 displacementForceDisabled=0 noDisplacementShader=1)
[2026-06-11T08:54:12.839] [RayTracing] [INFO] World RT pipeline create start sharcQueryMode=1 sharcMainTraceCompiled=0
[2026-06-11T08:54:12.848] [RayTracing] [INFO] World RT pipeline create done (ok=1)
[2026-06-11T08:54:12.868] [Frame] [INFO] frame=3 begin
[2026-06-11T08:54:12.870] [Frame] [INFO] frame=4 begin
[2026-06-11T08:54:12.871] [Frame] [INFO] frame=5 begin
[2026-06-11T08:54:12.871] [Frame] [INFO] frame=6 begin
[2026-06-11T08:54:12.872] [Frame] [INFO] frame=7 begin
[2026-06-11T08:54:12.872] [Frame] [INFO] frame=8 begin
[2026-06-11T08:54:12.873] [Frame] [INFO] frame=9 begin
[2026-06-11T08:54:12.873] [Frame] [INFO] frame=10 begin
[2026-06-11T08:54:12.875] [Frame] [INFO] frame=11 begin
[2026-06-11T08:54:12.876] [Frame] [INFO] frame=12 begin
[2026-06-11T08:54:12.876] [Frame] [INFO] frame=13 begin
[2026-06-11T08:54:12.877] [Frame] [INFO] frame=14 begin
[2026-06-11T08:54:12.878] [Frame] [INFO] frame=15 begin
[2026-06-11T08:54:12.879] [Frame] [INFO] frame=16 begin
[2026-06-11T08:54:12.882] [Frame] [INFO] frame=17 begin
[2026-06-11T08:54:12.883] [Frame] [INFO] frame=18 begin
[2026-06-11T08:54:12.891] [Frame] [INFO] frame=19 begin
[2026-06-11T08:54:12.891] [Frame] [INFO] frame=20 begin
[2026-06-11T08:54:12.920] [Frame] [INFO] frame=21 begin
[2026-06-11T08:54:12.921] [Frame] [INFO] frame=22 begin
[2026-06-11T08:54:12.922] [Frame] [INFO] frame=23 begin
[2026-06-11T08:54:12.932] [Frame] [INFO] frame=24 begin
[2026-06-11T08:54:12.934] [Frame] [INFO] frame=25 begin
[2026-06-11T08:54:12.938] [Frame] [INFO] frame=26 begin
[2026-06-11T08:54:12.943] [Frame] [INFO] frame=27 begin
[2026-06-11T08:54:12.947] [Frame] [INFO] frame=28 begin
[2026-06-11T08:54:12.951] [Frame] [INFO] frame=29 begin
[2026-06-11T08:54:12.955] [Frame] [INFO] frame=30 begin
[2026-06-11T08:54:12.959] [Frame] [INFO] frame=31 begin
[2026-06-11T08:54:12.963] [Frame] [INFO] frame=32 begin
[2026-06-11T08:54:12.968] [Frame] [INFO] frame=33 begin
[2026-06-11T08:54:12.972] [Frame] [INFO] frame=34 begin
[2026-06-11T08:54:12.976] [Frame] [INFO] frame=35 begin
[2026-06-11T08:54:12.980] [Frame] [INFO] frame=36 begin
[2026-06-11T08:54:12.984] [Frame] [INFO] frame=37 begin
[2026-06-11T08:54:12.989] [Frame] [INFO] frame=38 begin
[2026-06-11T08:54:12.993] [Frame] [INFO] frame=39 begin
[2026-06-11T08:54:12.997] [Frame] [INFO] frame=40 begin
[2026-06-11T08:54:13.001] [Frame] [INFO] frame=41 begin
[2026-06-11T08:54:13.005] [Frame] [INFO] frame=42 begin
[2026-06-11T08:54:13.009] [Frame] [INFO] frame=43 begin
[2026-06-11T08:54:13.014] [Frame] [INFO] frame=44 begin
[2026-06-11T08:54:13.018] [Frame] [INFO] frame=45 begin
[2026-06-11T08:54:13.022] [Frame] [INFO] frame=46 begin
[2026-06-11T08:54:13.026] [Frame] [INFO] frame=47 begin
[2026-06-11T08:54:13.030] [Frame] [INFO] frame=48 begin
[2026-06-11T08:54:13.034] [Frame] [INFO] frame=49 begin
[2026-06-11T08:54:13.038] [Frame] [INFO] frame=50 begin
[2026-06-11T08:54:13.043] [Frame] [INFO] frame=51 begin
[2026-06-11T08:54:13.047] [Frame] [INFO] frame=52 begin
[2026-06-11T08:54:13.051] [Frame] [INFO] frame=53 begin
[2026-06-11T08:54:13.055] [Frame] [INFO] frame=54 begin
[2026-06-11T08:54:13.059] [Frame] [INFO] frame=55 begin
[2026-06-11T08:54:13.063] [Frame] [INFO] frame=56 begin
[2026-06-11T08:54:13.068] [Frame] [INFO] frame=57 begin
[2026-06-11T08:54:13.072] [Frame] [INFO] frame=58 begin
[2026-06-11T08:54:13.076] [Frame] [INFO] frame=59 begin
[2026-06-11T08:54:13.080] [Frame] [INFO] frame=60 begin
[2026-06-11T08:54:13.084] [Frame] [INFO] frame=61 begin
[2026-06-11T08:54:13.088] [Frame] [INFO] frame=62 begin
[2026-06-11T08:54:13.093] [Frame] [INFO] frame=63 begin
[2026-06-11T08:54:13.097] [Frame] [INFO] frame=64 begin
[2026-06-11T08:54:13.101] [Frame] [INFO] frame=65 begin
[2026-06-11T08:54:13.105] [Frame] [INFO] frame=66 begin
[2026-06-11T08:54:13.109] [Frame] [INFO] frame=67 begin
[2026-06-11T08:54:13.113] [Frame] [INFO] frame=68 begin
[2026-06-11T08:54:13.118] [Frame] [INFO] frame=69 begin
[2026-06-11T08:54:13.122] [Frame] [INFO] frame=70 begin
[2026-06-11T08:54:13.126] [Frame] [INFO] frame=71 begin
[2026-06-11T08:54:13.130] [Frame] [INFO] frame=72 begin
[2026-06-11T08:54:13.134] [Frame] [INFO] frame=73 begin
[2026-06-11T08:54:13.138] [Frame] [INFO] frame=74 begin
[2026-06-11T08:54:13.143] [Frame] [INFO] frame=75 begin
[2026-06-11T08:54:13.147] [Frame] [INFO] frame=76 begin
[2026-06-11T08:54:13.151] [Frame] [INFO] frame=77 begin
[2026-06-11T08:54:13.155] [Frame] [INFO] frame=78 begin
[2026-06-11T08:54:13.159] [Frame] [INFO] frame=79 begin
[2026-06-11T08:54:13.163] [Frame] [INFO] frame=80 begin
[2026-06-11T08:54:13.168] [Frame] [INFO] frame=81 begin
[2026-06-11T08:54:13.172] [Frame] [INFO] frame=82 begin
[2026-06-11T08:54:13.176] [Frame] [INFO] frame=83 begin
[2026-06-11T08:54:13.180] [Frame] [INFO] frame=84 begin
[2026-06-11T08:54:13.184] [Frame] [INFO] frame=85 begin
[2026-06-11T08:54:13.188] [Frame] [INFO] frame=86 begin
[2026-06-11T08:54:13.193] [Frame] [INFO] frame=87 begin
[2026-06-11T08:54:13.197] [Frame] [INFO] frame=88 begin
[2026-06-11T08:54:13.201] [Frame] [INFO] frame=89 begin
[2026-06-11T08:54:13.205] [Frame] [INFO] frame=90 begin
[2026-06-11T08:54:13.209] [Frame] [INFO] frame=91 begin
[2026-06-11T08:54:13.214] [Frame] [INFO] frame=92 begin
[2026-06-11T08:54:13.218] [Frame] [INFO] frame=93 begin
[2026-06-11T08:54:13.222] [Frame] [INFO] frame=94 begin
[2026-06-11T08:54:13.226] [Frame] [INFO] frame=95 begin
[2026-06-11T08:54:13.230] [Frame] [INFO] frame=96 begin
[2026-06-11T08:54:13.234] [Frame] [INFO] frame=97 begin
[2026-06-11T08:54:13.239] [Frame] [INFO] frame=98 begin
[2026-06-11T08:54:13.243] [Frame] [INFO] frame=99 begin
[2026-06-11T08:54:13.247] [Frame] [INFO] frame=100 begin
[2026-06-11T08:54:13.251] [Frame] [INFO] frame=101 begin
[2026-06-11T08:54:13.255] [Frame] [INFO] frame=102 begin
[2026-06-11T08:54:13.259] [Frame] [INFO] frame=103 begin
[2026-06-11T08:54:13.263] [Frame] [INFO] frame=104 begin
[2026-06-11T08:54:13.268] [Frame] [INFO] frame=105 begin
[2026-06-11T08:54:13.272] [Frame] [INFO] frame=106 begin
[2026-06-11T08:54:13.276] [Frame] [INFO] frame=107 begin
[2026-06-11T08:54:13.280] [Frame] [INFO] frame=108 begin
[2026-06-11T08:54:13.284] [Frame] [INFO] frame=109 begin
[2026-06-11T08:54:13.288] [Frame] [INFO] frame=110 begin
[2026-06-11T08:54:13.293] [Frame] [INFO] frame=111 begin
[2026-06-11T08:54:13.297] [Frame] [INFO] frame=112 begin
[2026-06-11T08:54:13.301] [Frame] [INFO] frame=113 begin
[2026-06-11T08:54:13.305] [Frame] [INFO] frame=114 begin
[2026-06-11T08:54:13.309] [Frame] [INFO] frame=115 begin
[2026-06-11T08:54:13.313] [Frame] [INFO] frame=116 begin
[2026-06-11T08:54:13.318] [Frame] [INFO] frame=117 begin
[2026-06-11T08:54:13.322] [Frame] [INFO] frame=118 begin
[2026-06-11T08:54:13.326] [Frame] [INFO] frame=119 begin
[2026-06-11T08:54:13.330] [Frame] [INFO] frame=120 begin
[2026-06-11T08:54:13.335] [Frame] [INFO] frame=121 begin
[2026-06-11T08:54:13.338] [Frame] [INFO] frame=122 begin
[2026-06-11T08:54:13.343] [Frame] [INFO] frame=123 begin
[2026-06-11T08:54:13.347] [Frame] [INFO] frame=124 begin
[2026-06-11T08:54:13.351] [Frame] [INFO] frame=125 begin
[2026-06-11T08:54:13.355] [Frame] [INFO] frame=126 begin
[2026-06-11T08:54:13.359] [Frame] [INFO] frame=127 begin
[2026-06-11T08:54:13.364] [Frame] [INFO] frame=128 begin
[2026-06-11T08:54:13.368] [Frame] [INFO] frame=129 begin
[2026-06-11T08:54:13.372] [Frame] [INFO] frame=130 begin
[2026-06-11T08:54:13.376] [Frame] [INFO] frame=131 begin
[2026-06-11T08:54:13.380] [Frame] [INFO] frame=132 begin
[2026-06-11T08:54:13.384] [Frame] [INFO] frame=133 begin
[2026-06-11T08:54:13.388] [Frame] [INFO] frame=134 begin
[2026-06-11T08:54:13.393] [Frame] [INFO] frame=135 begin
[2026-06-11T08:54:13.397] [Frame] [INFO] frame=136 begin
[2026-06-11T08:54:13.401] [Frame] [INFO] frame=137 begin
[2026-06-11T08:54:13.405] [Frame] [INFO] frame=138 begin
[2026-06-11T08:54:13.409] [Frame] [INFO] frame=139 begin
[2026-06-11T08:54:13.413] [Frame] [INFO] frame=140 begin
[2026-06-11T08:54:13.418] [Frame] [INFO] frame=141 begin
[2026-06-11T08:54:13.422] [Frame] [INFO] frame=142 begin
[2026-06-11T08:54:13.426] [Frame] [INFO] frame=143 begin
[2026-06-11T08:54:13.430] [Frame] [INFO] frame=144 begin
[2026-06-11T08:54:13.434] [Frame] [INFO] frame=145 begin
[2026-06-11T08:54:13.438] [Frame] [INFO] frame=146 begin
[2026-06-11T08:54:13.443] [Frame] [INFO] frame=147 begin
[2026-06-11T08:54:13.447] [Frame] [INFO] frame=148 begin
[2026-06-11T08:54:13.451] [Frame] [INFO] frame=149 begin
[2026-06-11T08:54:13.455] [Frame] [INFO] frame=150 begin
[2026-06-11T08:54:13.459] [Frame] [INFO] frame=151 begin
[2026-06-11T08:54:13.463] [Frame] [INFO] frame=152 begin
[2026-06-11T08:54:13.468] [Frame] [INFO] frame=153 begin
[2026-06-11T08:54:13.472] [Frame] [INFO] frame=154 begin
[2026-06-11T08:54:13.476] [Frame] [INFO] frame=155 begin
[2026-06-11T08:54:13.480] [Frame] [INFO] frame=156 begin
[2026-06-11T08:54:13.484] [Frame] [INFO] frame=157 begin
[2026-06-11T08:54:13.488] [Frame] [INFO] frame=158 begin
[2026-06-11T08:54:13.493] [Frame] [INFO] frame=159 begin
[2026-06-11T08:54:13.497] [Frame] [INFO] frame=160 begin
[2026-06-11T08:54:13.501] [Frame] [INFO] frame=161 begin
[2026-06-11T08:54:13.505] [Frame] [INFO] frame=162 begin
[2026-06-11T08:54:13.509] [Frame] [INFO] frame=163 begin
[2026-06-11T08:54:13.513] [Frame] [INFO] frame=164 begin
[2026-06-11T08:54:13.518] [Frame] [INFO] frame=165 begin
[2026-06-11T08:54:13.522] [Frame] [INFO] frame=166 begin
[2026-06-11T08:54:13.526] [Frame] [INFO] frame=167 begin
[2026-06-11T08:54:13.530] [Frame] [INFO] frame=168 begin
[2026-06-11T08:54:13.534] [Frame] [INFO] frame=169 begin
[2026-06-11T08:54:13.538] [Frame] [INFO] frame=170 begin
[2026-06-11T08:54:13.543] [Frame] [INFO] frame=171 begin
[2026-06-11T08:54:13.547] [Frame] [INFO] frame=172 begin
[2026-06-11T08:54:13.551] [Frame] [INFO] frame=173 begin
[2026-06-11T08:54:13.555] [Frame] [INFO] frame=174 begin
[2026-06-11T08:54:13.559] [Frame] [INFO] frame=175 begin
[2026-06-11T08:54:13.563] [Frame] [INFO] frame=176 begin
[2026-06-11T08:54:13.568] [Frame] [INFO] frame=177 begin
[2026-06-11T08:54:13.572] [Frame] [INFO] frame=178 begin
[2026-06-11T08:54:13.576] [Frame] [INFO] frame=179 begin
[2026-06-11T08:54:13.580] [Frame] [INFO] frame=180 begin
[2026-06-11T08:54:13.584] [Frame] [INFO] frame=181 begin
[2026-06-11T08:54:13.589] [Frame] [INFO] frame=182 begin
[2026-06-11T08:54:13.593] [Frame] [INFO] frame=183 begin
[2026-06-11T08:54:13.597] [Frame] [INFO] frame=184 begin
[2026-06-11T08:54:13.601] [Frame] [INFO] frame=185 begin
[2026-06-11T08:54:13.605] [Frame] [INFO] frame=186 begin
[2026-06-11T08:54:13.609] [Frame] [INFO] frame=187 begin
[2026-06-11T08:54:13.613] [Frame] [INFO] frame=188 begin
[2026-06-11T08:54:13.618] [Frame] [INFO] frame=189 begin
[2026-06-11T08:54:13.622] [Frame] [INFO] frame=190 begin
[2026-06-11T08:54:13.626] [Frame] [INFO] frame=191 begin
[2026-06-11T08:54:13.630] [Frame] [INFO] frame=192 begin
[2026-06-11T08:54:13.634] [Frame] [INFO] frame=193 begin
[2026-06-11T08:54:13.639] [Frame] [INFO] frame=194 begin
[2026-06-11T08:54:13.643] [Frame] [INFO] frame=195 begin
[2026-06-11T08:54:13.647] [Frame] [INFO] frame=196 begin
[2026-06-11T08:54:13.651] [Frame] [INFO] frame=197 begin
[2026-06-11T08:54:13.655] [Frame] [INFO] frame=198 begin
[2026-06-11T08:54:13.659] [Frame] [INFO] frame=199 begin
[2026-06-11T08:54:13.664] [Frame] [INFO] frame=200 begin
[2026-06-11T08:54:13.668] [Frame] [INFO] frame=201 begin
[2026-06-11T08:54:13.672] [Frame] [INFO] frame=202 begin
[2026-06-11T08:54:13.676] [Frame] [INFO] frame=203 begin
[2026-06-11T08:54:13.680] [Frame] [INFO] frame=204 begin
[2026-06-11T08:54:13.684] [Frame] [INFO] frame=205 begin
[2026-06-11T08:54:13.689] [Frame] [INFO] frame=206 begin
[2026-06-11T08:54:13.693] [Frame] [INFO] frame=207 begin
[2026-06-11T08:54:13.697] [Frame] [INFO] frame=208 begin
[2026-06-11T08:54:13.701] [Frame] [INFO] frame=209 begin
[2026-06-11T08:54:13.705] [Frame] [INFO] frame=210 begin
[2026-06-11T08:54:13.709] [Frame] [INFO] frame=211 begin
[2026-06-11T08:54:13.714] [Frame] [INFO] frame=212 begin
[2026-06-11T08:54:13.718] [Frame] [INFO] frame=213 begin
[2026-06-11T08:54:13.722] [Frame] [INFO] frame=214 begin
[2026-06-11T08:54:13.726] [Frame] [INFO] frame=215 begin
[2026-06-11T08:54:13.730] [Frame] [INFO] frame=216 begin
[2026-06-11T08:54:13.734] [Frame] [INFO] frame=217 begin
[2026-06-11T08:54:13.738] [Frame] [INFO] frame=218 begin
[2026-06-11T08:54:13.743] [Frame] [INFO] frame=219 begin
[2026-06-11T08:54:13.747] [Frame] [INFO] frame=220 begin
[2026-06-11T08:54:13.751] [Frame] [INFO] frame=221 begin
[2026-06-11T08:54:13.755] [Frame] [INFO] frame=222 begin
[2026-06-11T08:54:13.759] [Frame] [INFO] frame=223 begin
[2026-06-11T08:54:13.763] [Frame] [INFO] frame=224 begin
[2026-06-11T08:54:13.768] [Frame] [INFO] frame=225 begin
[2026-06-11T08:54:13.772] [Frame] [INFO] frame=226 begin
[2026-06-11T08:54:13.776] [Frame] [INFO] frame=227 begin
[2026-06-11T08:54:13.780] [Frame] [INFO] frame=228 begin
[2026-06-11T08:54:13.784] [Frame] [INFO] frame=229 begin
[2026-06-11T08:54:13.788] [Frame] [INFO] frame=230 begin
[2026-06-11T08:54:13.793] [Frame] [INFO] frame=231 begin
[2026-06-11T08:54:13.797] [Frame] [INFO] frame=232 begin
[2026-06-11T08:54:13.801] [Frame] [INFO] frame=233 begin
[2026-06-11T08:54:13.805] [Frame] [INFO] frame=234 begin
[2026-06-11T08:54:13.809] [Frame] [INFO] frame=235 begin
[2026-06-11T08:54:13.813] [Frame] [INFO] frame=236 begin
[2026-06-11T08:54:13.818] [Frame] [INFO] frame=237 begin
[2026-06-11T08:54:13.822] [Frame] [INFO] frame=238 begin
[2026-06-11T08:54:13.826] [Frame] [INFO] frame=239 begin
[2026-06-11T08:54:13.830] [Frame] [INFO] frame=240 begin
[2026-06-11T08:54:13.835] [Frame] [INFO] frame=241 begin
[2026-06-11T08:54:13.838] [Frame] [INFO] frame=242 begin
[2026-06-11T08:54:13.843] [Frame] [INFO] frame=243 begin
[2026-06-11T08:54:13.847] [Frame] [INFO] frame=244 begin
[2026-06-11T08:54:13.851] [Frame] [INFO] frame=245 begin
[2026-06-11T08:54:13.855] [Frame] [INFO] frame=246 begin
[2026-06-11T08:54:13.859] [Frame] [INFO] frame=247 begin
[2026-06-11T08:54:13.863] [Frame] [INFO] frame=248 begin
[2026-06-11T08:54:13.868] [Frame] [INFO] frame=249 begin
[2026-06-11T08:54:13.872] [Frame] [INFO] frame=250 begin
[2026-06-11T08:54:13.876] [Frame] [INFO] frame=251 begin
[2026-06-11T08:54:13.880] [Frame] [INFO] frame=252 begin
[2026-06-11T08:54:13.884] [Frame] [INFO] frame=253 begin
[2026-06-11T08:54:13.888] [Frame] [INFO] frame=254 begin
[2026-06-11T08:54:13.893] [Frame] [INFO] frame=255 begin
[2026-06-11T08:54:13.897] [Frame] [INFO] frame=256 begin
[2026-06-11T08:54:13.901] [Frame] [INFO] frame=257 begin
[2026-06-11T08:54:13.905] [Frame] [INFO] frame=258 begin
[2026-06-11T08:54:13.909] [Frame] [INFO] frame=259 begin
[2026-06-11T08:54:13.913] [Frame] [INFO] frame=260 begin
[2026-06-11T08:54:13.918] [Frame] [INFO] frame=261 begin
[2026-06-11T08:54:13.922] [Frame] [INFO] frame=262 begin
[2026-06-11T08:54:13.926] [Frame] [INFO] frame=263 begin
[2026-06-11T08:54:13.930] [Frame] [INFO] frame=264 begin
[2026-06-11T08:54:13.934] [Frame] [INFO] frame=265 begin
[2026-06-11T08:54:13.939] [Frame] [INFO] frame=266 begin
[2026-06-11T08:54:13.943] [Frame] [INFO] frame=267 begin
[2026-06-11T08:54:13.947] [Frame] [INFO] frame=268 begin
[2026-06-11T08:54:13.951] [Frame] [INFO] frame=269 begin
[2026-06-11T08:54:13.955] [Frame] [INFO] frame=270 begin
[2026-06-11T08:54:13.959] [Frame] [INFO] frame=271 begin
[2026-06-11T08:54:13.963] [Frame] [INFO] frame=272 begin
[2026-06-11T08:54:13.968] [Frame] [INFO] frame=273 begin
[2026-06-11T08:54:13.972] [Frame] [INFO] frame=274 begin
[2026-06-11T08:54:13.976] [Frame] [INFO] frame=275 begin
[2026-06-11T08:54:13.980] [Frame] [INFO] frame=276 begin
[2026-06-11T08:54:13.984] [Frame] [INFO] frame=277 begin
[2026-06-11T08:54:13.989] [Frame] [INFO] frame=278 begin
[2026-06-11T08:54:13.993] [Frame] [INFO] frame=279 begin
[2026-06-11T08:54:13.997] [Frame] [INFO] frame=280 begin
[2026-06-11T08:54:14.001] [Frame] [INFO] frame=281 begin
[2026-06-11T08:54:14.005] [Frame] [INFO] frame=282 begin
[2026-06-11T08:54:14.009] [Frame] [INFO] frame=283 begin
[2026-06-11T08:54:14.014] [Frame] [INFO] frame=284 begin
[2026-06-11T08:54:14.018] [Frame] [INFO] frame=285 begin
[2026-06-11T08:54:14.022] [Frame] [INFO] frame=286 begin
[2026-06-11T08:54:14.026] [Frame] [INFO] frame=287 begin
[2026-06-11T08:54:14.030] [Frame] [INFO] frame=288 begin
[2026-06-11T08:54:14.034] [Frame] [INFO] frame=289 begin
[2026-06-11T08:54:14.038] [Frame] [INFO] frame=290 begin
[2026-06-11T08:54:14.043] [Frame] [INFO] frame=291 begin
[2026-06-11T08:54:14.047] [Frame] [INFO] frame=292 begin
[2026-06-11T08:54:14.051] [Frame] [INFO] frame=293 begin
[2026-06-11T08:54:14.055] [Frame] [INFO] frame=294 begin
[2026-06-11T08:54:14.059] [Frame] [INFO] frame=295 begin
[2026-06-11T08:54:14.063] [Frame] [INFO] frame=296 begin
[2026-06-11T08:54:14.068] [Frame] [INFO] frame=297 begin
[2026-06-11T08:54:14.072] [Frame] [INFO] frame=298 begin
[2026-06-11T08:54:14.076] [Frame] [INFO] frame=299 begin
[2026-06-11T08:54:14.080] [Frame] [INFO] frame=300 begin
[2026-06-11T08:54:14.084] [Frame] [INFO] frame=301 begin
[2026-06-11T08:54:14.088] [Frame] [INFO] frame=302 begin
[2026-06-11T08:54:14.093] [Frame] [INFO] frame=303 begin
[2026-06-11T08:54:14.097] [Frame] [INFO] frame=304 begin
[2026-06-11T08:54:14.101] [Frame] [INFO] frame=305 begin
[2026-06-11T08:54:14.105] [Frame] [INFO] frame=306 begin
[2026-06-11T08:54:14.109] [Frame] [INFO] frame=307 begin
[2026-06-11T08:54:14.113] [Frame] [INFO] frame=308 begin
[2026-06-11T08:54:14.118] [Frame] [INFO] frame=309 begin
[2026-06-11T08:54:14.122] [Frame] [INFO] frame=310 begin
[2026-06-11T08:54:14.126] [Frame] [INFO] frame=311 begin
[2026-06-11T08:54:14.130] [Frame] [INFO] frame=312 begin
[2026-06-11T08:54:14.134] [Frame] [INFO] frame=313 begin
[2026-06-11T08:54:14.139] [Frame] [INFO] frame=314 begin
[2026-06-11T08:54:14.143] [Frame] [INFO] frame=315 begin
[2026-06-11T08:54:14.147] [Frame] [INFO] frame=316 begin
[2026-06-11T08:54:14.151] [Frame] [INFO] frame=317 begin
[2026-06-11T08:54:14.155] [Frame] [INFO] frame=318 begin
[2026-06-11T08:54:14.159] [Frame] [INFO] frame=319 begin
[2026-06-11T08:54:14.163] [Frame] [INFO] frame=320 begin
[2026-06-11T08:54:14.168] [Frame] [INFO] frame=321 begin
[2026-06-11T08:54:14.172] [Frame] [INFO] frame=322 begin
[2026-06-11T08:54:14.176] [Frame] [INFO] frame=323 begin
[2026-06-11T08:54:14.180] [Frame] [INFO] frame=324 begin
[2026-06-11T08:54:14.184] [Frame] [INFO] frame=325 begin
[2026-06-11T08:54:14.188] [Frame] [INFO] frame=326 begin
[2026-06-11T08:54:14.193] [Frame] [INFO] frame=327 begin
[2026-06-11T08:54:14.197] [Frame] [INFO] frame=328 begin
[2026-06-11T08:54:14.201] [Frame] [INFO] frame=329 begin
[2026-06-11T08:54:14.205] [Frame] [INFO] frame=330 begin
[2026-06-11T08:54:14.209] [Frame] [INFO] frame=331 begin
[2026-06-11T08:54:14.214] [Frame] [INFO] frame=332 begin
[2026-06-11T08:54:14.218] [Frame] [INFO] frame=333 begin
[2026-06-11T08:54:14.222] [Frame] [INFO] frame=334 begin
[2026-06-11T08:54:14.226] [Frame] [INFO] frame=335 begin
[2026-06-11T08:54:14.230] [Frame] [INFO] frame=336 begin
[2026-06-11T08:54:14.234] [Frame] [INFO] frame=337 begin
[2026-06-11T08:54:14.238] [Frame] [INFO] frame=338 begin
[2026-06-11T08:54:14.243] [Frame] [INFO] frame=339 begin
[2026-06-11T08:54:14.247] [Frame] [INFO] frame=340 begin
[2026-06-11T08:54:14.251] [Frame] [INFO] frame=341 begin
[2026-06-11T08:54:14.255] [Frame] [INFO] frame=342 begin
[2026-06-11T08:54:14.259] [Frame] [INFO] frame=343 begin
[2026-06-11T08:54:14.263] [Frame] [INFO] frame=344 begin
[2026-06-11T08:54:14.268] [Frame] [INFO] frame=345 begin
[2026-06-11T08:54:14.272] [Frame] [INFO] frame=346 begin
[2026-06-11T08:54:14.276] [Frame] [INFO] frame=347 begin
[2026-06-11T08:54:14.280] [Frame] [INFO] frame=348 begin
[2026-06-11T08:54:14.284] [Frame] [INFO] frame=349 begin
[2026-06-11T08:54:14.288] [Frame] [INFO] frame=350 begin
[2026-06-11T08:54:14.293] [Frame] [INFO] frame=351 begin
[2026-06-11T08:54:14.297] [Frame] [INFO] frame=352 begin
[2026-06-11T08:54:14.301] [Frame] [INFO] frame=353 begin
[2026-06-11T08:54:14.305] [Frame] [INFO] frame=354 begin
[2026-06-11T08:54:14.309] [Frame] [INFO] frame=355 begin
[2026-06-11T08:54:14.313] [Frame] [INFO] frame=356 begin
[2026-06-11T08:54:14.318] [Frame] [INFO] frame=357 begin
[2026-06-11T08:54:14.322] [Frame] [INFO] frame=358 begin
[2026-06-11T08:54:14.326] [Frame] [INFO] frame=359 begin
[2026-06-11T08:54:14.330] [Frame] [INFO] frame=360 begin
[2026-06-11T08:54:14.335] [Frame] [INFO] frame=361 begin
[2026-06-11T08:54:14.338] [Frame] [INFO] frame=362 begin
[2026-06-11T08:54:14.343] [Frame] [INFO] frame=363 begin
[2026-06-11T08:54:14.347] [Frame] [INFO] frame=364 begin
[2026-06-11T08:54:14.351] [Frame] [INFO] frame=365 begin
[2026-06-11T08:54:14.355] [Frame] [INFO] frame=366 begin
[2026-06-11T08:54:14.359] [Frame] [INFO] frame=367 begin
[2026-06-11T08:54:14.363] [Frame] [INFO] frame=368 begin
[2026-06-11T08:54:14.368] [Frame] [INFO] frame=369 begin
[2026-06-11T08:54:14.372] [Frame] [INFO] frame=370 begin
[2026-06-11T08:54:14.376] [Frame] [INFO] frame=371 begin
[2026-06-11T08:54:14.380] [Frame] [INFO] frame=372 begin
[2026-06-11T08:54:14.384] [Frame] [INFO] frame=373 begin
[2026-06-11T08:54:14.388] [Frame] [INFO] frame=374 begin
[2026-06-11T08:54:14.393] [Frame] [INFO] frame=375 begin
[2026-06-11T08:54:14.397] [Frame] [INFO] frame=376 begin
[2026-06-11T08:54:14.401] [Frame] [INFO] frame=377 begin
[2026-06-11T08:54:14.405] [Frame] [INFO] frame=378 begin
[2026-06-11T08:54:14.409] [Frame] [INFO] frame=379 begin
[2026-06-11T08:54:14.413] [Frame] [INFO] frame=380 begin
[2026-06-11T08:54:14.418] [Frame] [INFO] frame=381 begin
[2026-06-11T08:54:14.422] [Frame] [INFO] frame=382 begin
[2026-06-11T08:54:14.426] [Frame] [INFO] frame=383 begin
[2026-06-11T08:54:14.430] [Frame] [INFO] frame=384 begin
[2026-06-11T08:54:14.434] [Frame] [INFO] frame=385 begin
[2026-06-11T08:54:14.439] [Frame] [INFO] frame=386 begin
[2026-06-11T08:54:14.443] [Frame] [INFO] frame=387 begin
[2026-06-11T08:54:14.447] [Frame] [INFO] frame=388 begin
[2026-06-11T08:54:14.451] [Frame] [INFO] frame=389 begin
[2026-06-11T08:54:14.455] [Frame] [INFO] frame=390 begin
[2026-06-11T08:54:14.459] [Frame] [INFO] frame=391 begin
[2026-06-11T08:54:14.464] [Frame] [INFO] frame=392 begin
[2026-06-11T08:54:14.468] [Frame] [INFO] frame=393 begin
[2026-06-11T08:54:14.472] [Frame] [INFO] frame=394 begin
[2026-06-11T08:54:14.476] [Frame] [INFO] frame=395 begin
[2026-06-11T08:54:14.480] [Frame] [INFO] frame=396 begin
[2026-06-11T08:54:14.484] [Frame] [INFO] frame=397 begin
[2026-06-11T08:54:14.488] [Frame] [INFO] frame=398 begin
[2026-06-11T08:54:14.493] [Frame] [INFO] frame=399 begin
[2026-06-11T08:54:14.497] [Frame] [INFO] frame=400 begin
[2026-06-11T08:54:14.501] [Frame] [INFO] frame=401 begin
[2026-06-11T08:54:14.505] [Frame] [INFO] frame=402 begin
[2026-06-11T08:54:14.509] [Frame] [INFO] frame=403 begin
[2026-06-11T08:54:14.514] [Frame] [INFO] frame=404 begin
[2026-06-11T08:54:14.518] [Frame] [INFO] frame=405 begin
[2026-06-11T08:54:14.522] [Frame] [INFO] frame=406 begin
[2026-06-11T08:54:14.526] [Frame] [INFO] frame=407 begin
[2026-06-11T08:54:14.530] [Frame] [INFO] frame=408 begin
[2026-06-11T08:54:14.534] [Frame] [INFO] frame=409 begin
[2026-06-11T08:54:14.538] [Frame] [INFO] frame=410 begin
[2026-06-11T08:54:14.543] [Frame] [INFO] frame=411 begin
[2026-06-11T08:54:14.547] [Frame] [INFO] frame=412 begin
[2026-06-11T08:54:14.551] [Frame] [INFO] frame=413 begin
[2026-06-11T08:54:14.555] [Frame] [INFO] frame=414 begin
[2026-06-11T08:54:14.559] [Frame] [INFO] frame=415 begin
[2026-06-11T08:54:14.563] [Frame] [INFO] frame=416 begin
[2026-06-11T08:54:14.568] [Frame] [INFO] frame=417 begin
[2026-06-11T08:54:14.572] [Frame] [INFO] frame=418 begin
[2026-06-11T08:54:14.576] [Frame] [INFO] frame=419 begin
[2026-06-11T08:54:14.580] [Frame] [INFO] frame=420 begin
[2026-06-11T08:54:14.584] [Frame] [INFO] frame=421 begin
[2026-06-11T08:54:14.588] [Frame] [INFO] frame=422 begin
[2026-06-11T08:54:14.593] [Frame] [INFO] frame=423 begin
[2026-06-11T08:54:14.597] [Frame] [INFO] frame=424 begin
[2026-06-11T08:54:14.601] [Frame] [INFO] frame=425 begin
[2026-06-11T08:54:14.605] [Frame] [INFO] frame=426 begin
[2026-06-11T08:54:14.609] [Frame] [INFO] frame=427 begin
[2026-06-11T08:54:14.613] [Frame] [INFO] frame=428 begin
[2026-06-11T08:54:14.618] [Frame] [INFO] frame=429 begin
[2026-06-11T08:54:14.622] [Frame] [INFO] frame=430 begin
[2026-06-11T08:54:14.626] [Frame] [INFO] frame=431 begin
[2026-06-11T08:54:14.630] [Frame] [INFO] frame=432 begin
[2026-06-11T08:54:14.634] [Frame] [INFO] frame=433 begin
[2026-06-11T08:54:14.639] [Frame] [INFO] frame=434 begin
[2026-06-11T08:54:14.643] [Frame] [INFO] frame=435 begin
[2026-06-11T08:54:14.647] [Frame] [INFO] frame=436 begin
[2026-06-11T08:54:14.651] [Frame] [INFO] frame=437 begin
[2026-06-11T08:54:14.655] [Frame] [INFO] frame=438 begin
[2026-06-11T08:54:14.659] [Frame] [INFO] frame=439 begin
[2026-06-11T08:54:14.664] [Frame] [INFO] frame=440 begin
[2026-06-11T08:54:14.668] [Frame] [INFO] frame=441 begin
[2026-06-11T08:54:14.672] [Frame] [INFO] frame=442 begin
[2026-06-11T08:54:14.676] [Frame] [INFO] frame=443 begin
[2026-06-11T08:54:14.680] [Frame] [INFO] frame=444 begin
[2026-06-11T08:54:14.684] [Frame] [INFO] frame=445 begin
[2026-06-11T08:54:14.689] [Frame] [INFO] frame=446 begin
[2026-06-11T08:54:14.693] [Frame] [INFO] frame=447 begin
[2026-06-11T08:54:14.697] [Frame] [INFO] frame=448 begin
[2026-06-11T08:54:14.701] [Frame] [INFO] frame=449 begin
[2026-06-11T08:54:14.705] [Frame] [INFO] frame=450 begin
[2026-06-11T08:54:14.709] [Frame] [INFO] frame=451 begin
[2026-06-11T08:54:14.714] [Frame] [INFO] frame=452 begin
[2026-06-11T08:54:14.718] [Frame] [INFO] frame=453 begin
[2026-06-11T08:54:14.722] [Frame] [INFO] frame=454 begin
[2026-06-11T08:54:14.726] [Frame] [INFO] frame=455 begin
[2026-06-11T08:54:14.730] [Frame] [INFO] frame=456 begin
[2026-06-11T08:54:14.734] [Frame] [INFO] frame=457 begin
[2026-06-11T08:54:14.738] [Frame] [INFO] frame=458 begin
[2026-06-11T08:54:14.743] [Frame] [INFO] frame=459 begin
[2026-06-11T08:54:14.747] [Frame] [INFO] frame=460 begin
[2026-06-11T08:54:14.751] [Frame] [INFO] frame=461 begin
[2026-06-11T08:54:14.755] [Frame] [INFO] frame=462 begin
[2026-06-11T08:54:14.759] [Frame] [INFO] frame=463 begin
[2026-06-11T08:54:14.764] [Frame] [INFO] frame=464 begin
[2026-06-11T08:54:14.768] [Frame] [INFO] frame=465 begin
[2026-06-11T08:54:14.772] [Frame] [INFO] frame=466 begin
[2026-06-11T08:54:14.776] [Frame] [INFO] frame=467 begin
[2026-06-11T08:54:14.780] [Frame] [INFO] frame=468 begin
[2026-06-11T08:54:14.784] [Frame] [INFO] frame=469 begin
[2026-06-11T08:54:14.788] [Frame] [INFO] frame=470 begin
[2026-06-11T08:54:14.793] [Frame] [INFO] frame=471 begin
[2026-06-11T08:54:14.797] [Frame] [INFO] frame=472 begin
[2026-06-11T08:54:14.801] [Frame] [INFO] frame=473 begin
[2026-06-11T08:54:14.805] [Frame] [INFO] frame=474 begin
[2026-06-11T08:54:14.809] [Frame] [INFO] frame=475 begin
[2026-06-11T08:54:14.813] [Frame] [INFO] frame=476 begin
[2026-06-11T08:54:14.818] [Frame] [INFO] frame=477 begin
[2026-06-11T08:54:14.822] [Frame] [INFO] frame=478 begin
[2026-06-11T08:54:14.826] [Frame] [INFO] frame=479 begin
[2026-06-11T08:54:14.830] [Frame] [INFO] frame=480 begin
[2026-06-11T08:54:14.835] [Frame] [INFO] frame=481 begin
[2026-06-11T08:54:14.838] [Frame] [INFO] frame=482 begin
[2026-06-11T08:54:14.843] [Frame] [INFO] frame=483 begin
[2026-06-11T08:54:14.847] [Frame] [INFO] frame=484 begin
[2026-06-11T08:54:14.851] [Frame] [INFO] frame=485 begin
[2026-06-11T08:54:14.855] [Frame] [INFO] frame=486 begin
[2026-06-11T08:54:14.859] [Frame] [INFO] frame=487 begin
[2026-06-11T08:54:14.864] [Frame] [INFO] frame=488 begin
[2026-06-11T08:54:14.868] [Frame] [INFO] frame=489 begin
[2026-06-11T08:54:14.872] [Frame] [INFO] frame=490 begin
[2026-06-11T08:54:14.876] [Frame] [INFO] frame=491 begin
[2026-06-11T08:54:14.880] [Frame] [INFO] frame=492 begin
[2026-06-11T08:54:14.884] [Frame] [INFO] frame=493 begin
[2026-06-11T08:54:14.889] [Frame] [INFO] frame=494 begin
[2026-06-11T08:54:14.893] [Frame] [INFO] frame=495 begin
[2026-06-11T08:54:14.897] [Frame] [INFO] frame=496 begin
[2026-06-11T08:54:14.901] [Frame] [INFO] frame=497 begin
[2026-06-11T08:54:14.905] [Frame] [INFO] frame=498 begin
[2026-06-11T08:54:14.909] [Frame] [INFO] frame=499 begin
[2026-06-11T08:54:14.914] [Frame] [INFO] frame=500 begin
[2026-06-11T08:54:14.918] [Frame] [INFO] frame=501 begin
[2026-06-11T08:54:14.922] [Frame] [INFO] frame=502 begin
[2026-06-11T08:54:14.926] [Frame] [INFO] frame=503 begin
[2026-06-11T08:54:14.930] [Frame] [INFO] frame=504 begin
[2026-06-11T08:54:14.934] [Frame] [INFO] frame=505 begin
[2026-06-11T08:54:14.938] [Frame] [INFO] frame=506 begin
[2026-06-11T08:54:14.943] [Frame] [INFO] frame=507 begin
[2026-06-11T08:54:14.947] [Frame] [INFO] frame=508 begin
[2026-06-11T08:54:14.951] [Frame] [INFO] frame=509 begin
[2026-06-11T08:54:14.955] [Frame] [INFO] frame=510 begin
[2026-06-11T08:54:14.959] [Frame] [INFO] frame=511 begin
[2026-06-11T08:54:14.964] [Frame] [INFO] frame=512 begin
[2026-06-11T08:54:14.968] [Frame] [INFO] frame=513 begin
[2026-06-11T08:54:14.972] [Frame] [INFO] frame=514 begin
[2026-06-11T08:54:14.976] [Frame] [INFO] frame=515 begin
[2026-06-11T08:54:14.980] [Frame] [INFO] frame=516 begin
[2026-06-11T08:54:14.984] [Frame] [INFO] frame=517 begin
[2026-06-11T08:54:14.988] [Frame] [INFO] frame=518 begin
[2026-06-11T08:54:14.993] [Frame] [INFO] frame=519 begin
[2026-06-11T08:54:14.997] [Frame] [INFO] frame=520 begin
[2026-06-11T08:54:15.001] [Frame] [INFO] frame=521 begin
[2026-06-11T08:54:15.005] [Frame] [INFO] frame=522 begin
[2026-06-11T08:54:15.009] [Frame] [INFO] frame=523 begin
[2026-06-11T08:54:15.013] [Frame] [INFO] frame=524 begin
[2026-06-11T08:54:15.018] [Frame] [INFO] frame=525 begin
[2026-06-11T08:54:15.022] [Frame] [INFO] frame=526 begin
[2026-06-11T08:54:15.026] [Frame] [INFO] frame=527 begin
[2026-06-11T08:54:15.030] [Frame] [INFO] frame=528 begin
[2026-06-11T08:54:15.034] [Frame] [INFO] frame=529 begin
[2026-06-11T08:54:15.038] [Frame] [INFO] frame=530 begin
[2026-06-11T08:54:15.043] [Frame] [INFO] frame=531 begin
[2026-06-11T08:54:15.047] [Frame] [INFO] frame=532 begin
[2026-06-11T08:54:15.051] [Frame] [INFO] frame=533 begin
[2026-06-11T08:54:15.055] [Frame] [INFO] frame=534 begin
[2026-06-11T08:54:15.059] [Frame] [INFO] frame=535 begin
[2026-06-11T08:54:15.064] [Frame] [INFO] frame=536 begin
[2026-06-11T08:54:15.068] [Frame] [INFO] frame=537 begin
[2026-06-11T08:54:15.072] [Frame] [INFO] frame=538 begin
[2026-06-11T08:54:15.076] [Frame] [INFO] frame=539 begin
[2026-06-11T08:54:15.080] [Frame] [INFO] frame=540 begin
[2026-06-11T08:54:15.084] [Frame] [INFO] frame=541 begin
[2026-06-11T08:54:15.089] [Frame] [INFO] frame=542 begin
[2026-06-11T08:54:15.093] [Frame] [INFO] frame=543 begin
[2026-06-11T08:54:15.097] [Frame] [INFO] frame=544 begin
[2026-06-11T08:54:15.101] [Frame] [INFO] frame=545 begin
[2026-06-11T08:54:15.105] [Frame] [INFO] frame=546 begin
[2026-06-11T08:54:15.109] [Frame] [INFO] frame=547 begin
[2026-06-11T08:54:15.114] [Frame] [INFO] frame=548 begin
[2026-06-11T08:54:15.118] [Frame] [INFO] frame=549 begin
[2026-06-11T08:54:15.122] [Frame] [INFO] frame=550 begin
[2026-06-11T08:54:15.126] [Frame] [INFO] frame=551 begin
[2026-06-11T08:54:15.130] [Frame] [INFO] frame=552 begin
[2026-06-11T08:54:15.134] [Frame] [INFO] frame=553 begin
[2026-06-11T08:54:15.139] [Frame] [INFO] frame=554 begin
[2026-06-11T08:54:15.143] [Frame] [INFO] frame=555 begin
[2026-06-11T08:54:15.147] [Frame] [INFO] frame=556 begin
[2026-06-11T08:54:15.151] [Frame] [INFO] frame=557 begin
[2026-06-11T08:54:15.155] [Frame] [INFO] frame=558 begin
[2026-06-11T08:54:15.159] [Frame] [INFO] frame=559 begin
[2026-06-11T08:54:15.164] [Frame] [INFO] frame=560 begin
[2026-06-11T08:54:15.168] [Frame] [INFO] frame=561 begin
[2026-06-11T08:54:15.172] [Frame] [INFO] frame=562 begin
[2026-06-11T08:54:15.176] [Frame] [INFO] frame=563 begin
[2026-06-11T08:54:15.180] [Frame] [INFO] frame=564 begin
[2026-06-11T08:54:15.184] [Frame] [INFO] frame=565 begin
[2026-06-11T08:54:15.189] [Frame] [INFO] frame=566 begin
[2026-06-11T08:54:15.193] [Frame] [INFO] frame=567 begin
[2026-06-11T08:54:15.197] [Frame] [INFO] frame=568 begin
[2026-06-11T08:54:15.201] [Frame] [INFO] frame=569 begin
[2026-06-11T08:54:15.205] [Frame] [INFO] frame=570 begin
[2026-06-11T08:54:15.209] [Frame] [INFO] frame=571 begin
[2026-06-11T08:54:15.213] [Frame] [INFO] frame=572 begin
[2026-06-11T08:54:15.218] [Frame] [INFO] frame=573 begin
[2026-06-11T08:54:15.222] [Frame] [INFO] frame=574 begin
[2026-06-11T08:54:15.226] [Frame] [INFO] frame=575 begin
[2026-06-11T08:54:15.230] [Frame] [INFO] frame=576 begin
[2026-06-11T08:54:15.234] [Frame] [INFO] frame=577 begin
[2026-06-11T08:54:15.239] [Frame] [INFO] frame=578 begin
[2026-06-11T08:54:15.243] [Frame] [INFO] frame=579 begin
[2026-06-11T08:54:15.247] [Frame] [INFO] frame=580 begin
[2026-06-11T08:54:15.251] [Frame] [INFO] frame=581 begin
[2026-06-11T08:54:15.255] [Frame] [INFO] frame=582 begin
[2026-06-11T08:54:15.259] [Frame] [INFO] frame=583 begin
[2026-06-11T08:54:15.264] [Frame] [INFO] frame=584 begin
[2026-06-11T08:54:15.268] [Frame] [INFO] frame=585 begin
[2026-06-11T08:54:15.272] [Frame] [INFO] frame=586 begin
[2026-06-11T08:54:15.276] [Frame] [INFO] frame=587 begin
[2026-06-11T08:54:15.280] [Frame] [INFO] frame=588 begin
[2026-06-11T08:54:15.284] [Frame] [INFO] frame=589 begin
[2026-06-11T08:54:15.289] [Frame] [INFO] frame=590 begin
[2026-06-11T08:54:15.293] [Frame] [INFO] frame=591 begin
[2026-06-11T08:54:15.297] [Frame] [INFO] frame=592 begin
[2026-06-11T08:54:15.301] [Frame] [INFO] frame=593 begin
[2026-06-11T08:54:15.305] [Frame] [INFO] frame=594 begin
[2026-06-11T08:54:15.309] [Frame] [INFO] frame=595 begin
[2026-06-11T08:54:15.314] [Frame] [INFO] frame=596 begin
[2026-06-11T08:54:15.318] [Frame] [INFO] frame=597 begin
[2026-06-11T08:54:15.322] [Frame] [INFO] frame=598 begin
[2026-06-11T08:54:15.326] [Frame] [INFO] frame=599 begin
[2026-06-11T08:54:15.330] [Frame] [INFO] frame=600 begin
[2026-06-11T08:54:15.335] [Frame] [INFO] frame=601 begin
[2026-06-11T08:54:15.338] [Frame] [INFO] frame=602 begin
[2026-06-11T08:54:15.343] [Frame] [INFO] frame=603 begin
[2026-06-11T08:54:15.347] [Frame] [INFO] frame=604 begin
[2026-06-11T08:54:15.351] [Frame] [INFO] frame=605 begin
[2026-06-11T08:54:15.355] [Frame] [INFO] frame=606 begin
[2026-06-11T08:54:15.359] [Frame] [INFO] frame=607 begin
[2026-06-11T08:54:15.364] [Frame] [INFO] frame=608 begin
[2026-06-11T08:54:15.368] [Frame] [INFO] frame=609 begin
[2026-06-11T08:54:15.372] [Frame] [INFO] frame=610 begin
[2026-06-11T08:54:15.376] [Frame] [INFO] frame=611 begin
[2026-06-11T08:54:15.380] [Frame] [INFO] frame=612 begin
[2026-06-11T08:54:15.384] [Frame] [INFO] frame=613 begin
[2026-06-11T08:54:15.389] [Frame] [INFO] frame=614 begin
[2026-06-11T08:54:15.393] [Frame] [INFO] frame=615 begin
[2026-06-11T08:54:15.397] [Frame] [INFO] frame=616 begin
[2026-06-11T08:54:15.401] [Frame] [INFO] frame=617 begin
[2026-06-11T08:54:15.405] [Frame] [INFO] frame=618 begin
[2026-06-11T08:54:15.409] [Frame] [INFO] frame=619 begin
[2026-06-11T08:54:15.414] [Frame] [INFO] frame=620 begin
[2026-06-11T08:54:15.418] [Frame] [INFO] frame=621 begin
[2026-06-11T08:54:15.422] [Frame] [INFO] frame=622 begin
[2026-06-11T08:54:15.426] [Frame] [INFO] frame=623 begin
[2026-06-11T08:54:15.430] [Frame] [INFO] frame=624 begin
[2026-06-11T08:54:15.434] [Frame] [INFO] frame=625 begin
[2026-06-11T08:54:15.439] [Frame] [INFO] frame=626 begin
[2026-06-11T08:54:15.443] [Frame] [INFO] frame=627 begin
[2026-06-11T08:54:15.447] [Frame] [INFO] frame=628 begin
[2026-06-11T08:54:15.451] [Frame] [INFO] frame=629 begin
[2026-06-11T08:54:15.455] [Frame] [INFO] frame=630 begin
[2026-06-11T08:54:15.459] [Frame] [INFO] frame=631 begin
[2026-06-11T08:54:15.464] [Frame] [INFO] frame=632 begin
[2026-06-11T08:54:15.468] [Frame] [INFO] frame=633 begin
[2026-06-11T08:54:15.472] [Frame] [INFO] frame=634 begin
[2026-06-11T08:54:15.476] [Frame] [INFO] frame=635 begin
[2026-06-11T08:54:15.480] [Frame] [INFO] frame=636 begin
[2026-06-11T08:54:15.484] [Frame] [INFO] frame=637 begin
[2026-06-11T08:54:15.489] [Frame] [INFO] frame=638 begin
[2026-06-11T08:54:15.493] [Frame] [INFO] frame=639 begin
[2026-06-11T08:54:15.497] [Frame] [INFO] frame=640 begin
[2026-06-11T08:54:15.501] [Frame] [INFO] frame=641 begin
[2026-06-11T08:54:15.505] [Frame] [INFO] frame=642 begin
[2026-06-11T08:54:15.509] [Frame] [INFO] frame=643 begin
[2026-06-11T08:54:15.514] [Frame] [INFO] frame=644 begin
[2026-06-11T08:54:15.518] [Frame] [INFO] frame=645 begin
[2026-06-11T08:54:15.522] [Frame] [INFO] frame=646 begin
[2026-06-11T08:54:15.526] [Frame] [INFO] frame=647 begin
[2026-06-11T08:54:15.530] [Frame] [INFO] frame=648 begin
[2026-06-11T08:54:15.534] [Frame] [INFO] frame=649 begin
[2026-06-11T08:54:15.539] [Frame] [INFO] frame=650 begin
[2026-06-11T08:54:15.543] [Frame] [INFO] frame=651 begin
[2026-06-11T08:54:15.547] [Frame] [INFO] frame=652 begin
[2026-06-11T08:54:15.551] [Frame] [INFO] frame=653 begin
[2026-06-11T08:54:15.555] [Frame] [INFO] frame=654 begin
[2026-06-11T08:54:15.559] [Frame] [INFO] frame=655 begin
[2026-06-11T08:54:15.564] [Frame] [INFO] frame=656 begin
[2026-06-11T08:54:15.568] [Frame] [INFO] frame=657 begin
[2026-06-11T08:54:15.572] [Frame] [INFO] frame=658 begin
[2026-06-11T08:54:15.576] [Frame] [INFO] frame=659 begin
[2026-06-11T08:54:15.580] [Frame] [INFO] frame=660 begin
[2026-06-11T08:54:15.584] [Frame] [INFO] frame=661 begin
[2026-06-11T08:54:15.589] [Frame] [INFO] frame=662 begin
[2026-06-11T08:54:15.593] [Frame] [INFO] frame=663 begin
[2026-06-11T08:54:15.597] [Frame] [INFO] frame=664 begin
[2026-06-11T08:54:15.601] [Frame] [INFO] frame=665 begin
[2026-06-11T08:54:15.605] [Frame] [INFO] frame=666 begin
[2026-06-11T08:54:15.609] [Frame] [INFO] frame=667 begin
[2026-06-11T08:54:15.614] [Frame] [INFO] frame=668 begin
[2026-06-11T08:54:15.618] [Frame] [INFO] frame=669 begin
[2026-06-11T08:54:15.622] [Frame] [INFO] frame=670 begin
[2026-06-11T08:54:15.626] [Frame] [INFO] frame=671 begin
[2026-06-11T08:54:15.630] [Frame] [INFO] frame=672 begin
[2026-06-11T08:54:15.634] [Frame] [INFO] frame=673 begin
[2026-06-11T08:54:15.639] [Frame] [INFO] frame=674 begin
[2026-06-11T08:54:15.643] [Frame] [INFO] frame=675 begin
[2026-06-11T08:54:15.647] [Frame] [INFO] frame=676 begin
[2026-06-11T08:54:15.651] [Frame] [INFO] frame=677 begin
[2026-06-11T08:54:15.655] [Frame] [INFO] frame=678 begin
[2026-06-11T08:54:15.659] [Frame] [INFO] frame=679 begin
[2026-06-11T08:54:15.664] [Frame] [INFO] frame=680 begin
[2026-06-11T08:54:15.668] [Frame] [INFO] frame=681 begin
[2026-06-11T08:54:15.672] [Frame] [INFO] frame=682 begin
[2026-06-11T08:54:15.676] [Frame] [INFO] frame=683 begin
[2026-06-11T08:54:15.680] [Frame] [INFO] frame=684 begin
[2026-06-11T08:54:15.684] [Frame] [INFO] frame=685 begin
[2026-06-11T08:54:15.689] [Frame] [INFO] frame=686 begin
[2026-06-11T08:54:15.693] [Frame] [INFO] frame=687 begin
[2026-06-11T08:54:15.697] [Frame] [INFO] frame=688 begin
[2026-06-11T08:54:15.701] [Frame] [INFO] frame=689 begin
[2026-06-11T08:54:15.705] [Frame] [INFO] frame=690 begin
[2026-06-11T08:54:15.709] [Frame] [INFO] frame=691 begin
[2026-06-11T08:54:15.714] [Frame] [INFO] frame=692 begin
[2026-06-11T08:54:15.718] [Frame] [INFO] frame=693 begin
[2026-06-11T08:54:15.722] [Frame] [INFO] frame=694 begin
[2026-06-11T08:54:15.726] [Frame] [INFO] frame=695 begin
[2026-06-11T08:54:15.730] [Frame] [INFO] frame=696 begin
[2026-06-11T08:54:15.734] [Frame] [INFO] frame=697 begin
[2026-06-11T08:54:15.739] [Frame] [INFO] frame=698 begin
[2026-06-11T08:54:15.743] [Frame] [INFO] frame=699 begin
[2026-06-11T08:54:15.747] [Frame] [INFO] frame=700 begin
[2026-06-11T08:54:15.751] [Frame] [INFO] frame=701 begin
[2026-06-11T08:54:15.755] [Frame] [INFO] frame=702 begin
[2026-06-11T08:54:15.759] [Frame] [INFO] frame=703 begin
[2026-06-11T08:54:15.764] [Frame] [INFO] frame=704 begin
[2026-06-11T08:54:15.768] [Frame] [INFO] frame=705 begin
[2026-06-11T08:54:15.772] [Frame] [INFO] frame=706 begin
[2026-06-11T08:54:15.776] [Frame] [INFO] frame=707 begin
[2026-06-11T08:54:15.780] [Frame] [INFO] frame=708 begin
[2026-06-11T08:54:15.784] [Frame] [INFO] frame=709 begin
[2026-06-11T08:54:15.789] [Frame] [INFO] frame=710 begin
[2026-06-11T08:54:15.793] [Frame] [INFO] frame=711 begin
[2026-06-11T08:54:15.797] [Frame] [INFO] frame=712 begin
[2026-06-11T08:54:15.801] [Frame] [INFO] frame=713 begin
[2026-06-11T08:54:15.805] [Frame] [INFO] frame=714 begin
[2026-06-11T08:54:15.809] [Frame] [INFO] frame=715 begin
[2026-06-11T08:54:15.814] [Frame] [INFO] frame=716 begin
[2026-06-11T08:54:15.818] [Frame] [INFO] frame=717 begin
[2026-06-11T08:54:15.822] [Frame] [INFO] frame=718 begin
[2026-06-11T08:54:15.826] [Frame] [INFO] frame=719 begin
[2026-06-11T08:54:15.830] [Frame] [INFO] frame=720 begin
[2026-06-11T08:54:15.835] [Frame] [INFO] frame=721 begin
[2026-06-11T08:54:15.838] [Frame] [INFO] frame=722 begin
[2026-06-11T08:54:15.843] [Frame] [INFO] frame=723 begin
[2026-06-11T08:54:15.847] [Frame] [INFO] frame=724 begin
[2026-06-11T08:54:15.851] [Frame] [INFO] frame=725 begin
[2026-06-11T08:54:15.855] [Frame] [INFO] frame=726 begin
[2026-06-11T08:54:15.859] [Frame] [INFO] frame=727 begin
[2026-06-11T08:54:15.864] [Frame] [INFO] frame=728 begin
[2026-06-11T08:54:15.868] [Frame] [INFO] frame=729 begin
[2026-06-11T08:54:15.872] [Frame] [INFO] frame=730 begin
[2026-06-11T08:54:15.876] [Frame] [INFO] frame=731 begin
[2026-06-11T08:54:15.880] [Frame] [INFO] frame=732 begin
[2026-06-11T08:54:15.884] [Frame] [INFO] frame=733 begin
[2026-06-11T08:54:15.889] [Frame] [INFO] frame=734 begin
[2026-06-11T08:54:15.893] [Frame] [INFO] frame=735 begin
[2026-06-11T08:54:15.897] [Frame] [INFO] frame=736 begin
[2026-06-11T08:54:15.901] [Frame] [INFO] frame=737 begin
[2026-06-11T08:54:15.905] [Frame] [INFO] frame=738 begin
[2026-06-11T08:54:15.909] [Frame] [INFO] frame=739 begin
[2026-06-11T08:54:15.914] [Frame] [INFO] frame=740 begin
[2026-06-11T08:54:15.918] [Frame] [INFO] frame=741 begin
[2026-06-11T08:54:15.922] [Frame] [INFO] frame=742 begin
[2026-06-11T08:54:15.926] [Frame] [INFO] frame=743 begin
[2026-06-11T08:54:15.930] [Frame] [INFO] frame=744 begin
[2026-06-11T08:54:15.934] [Frame] [INFO] frame=745 begin
[2026-06-11T08:54:15.939] [Frame] [INFO] frame=746 begin
[2026-06-11T08:54:15.943] [Frame] [INFO] frame=747 begin
[2026-06-11T08:54:15.947] [Frame] [INFO] frame=748 begin
[2026-06-11T08:54:15.951] [Frame] [INFO] frame=749 begin
[2026-06-11T08:54:15.955] [Frame] [INFO] frame=750 begin
[2026-06-11T08:54:15.959] [Frame] [INFO] frame=751 begin
[2026-06-11T08:54:15.964] [Frame] [INFO] frame=752 begin
[2026-06-11T08:54:15.968] [Frame] [INFO] frame=753 begin
[2026-06-11T08:54:15.972] [Frame] [INFO] frame=754 begin
[2026-06-11T08:54:15.976] [Frame] [INFO] frame=755 begin
[2026-06-11T08:54:15.980] [Frame] [INFO] frame=756 begin
[2026-06-11T08:54:15.984] [Frame] [INFO] frame=757 begin
[2026-06-11T08:54:15.989] [Frame] [INFO] frame=758 begin
[2026-06-11T08:54:15.993] [Frame] [INFO] frame=759 begin
[2026-06-11T08:54:15.997] [Frame] [INFO] frame=760 begin
[2026-06-11T08:54:16.001] [Frame] [INFO] frame=761 begin
[2026-06-11T08:54:16.005] [Frame] [INFO] frame=762 begin
[2026-06-11T08:54:16.009] [Frame] [INFO] frame=763 begin
[2026-06-11T08:54:16.014] [Frame] [INFO] frame=764 begin
[2026-06-11T08:54:16.018] [Frame] [INFO] frame=765 begin
[2026-06-11T08:54:16.022] [Frame] [INFO] frame=766 begin
[2026-06-11T08:54:16.026] [Frame] [INFO] frame=767 begin
[2026-06-11T08:54:16.030] [Frame] [INFO] frame=768 begin
[2026-06-11T08:54:16.034] [Frame] [INFO] frame=769 begin
[2026-06-11T08:54:16.039] [Frame] [INFO] frame=770 begin
[2026-06-11T08:54:16.043] [Frame] [INFO] frame=771 begin
[2026-06-11T08:54:16.047] [Frame] [INFO] frame=772 begin
[2026-06-11T08:54:16.051] [Frame] [INFO] frame=773 begin
[2026-06-11T08:54:16.055] [Frame] [INFO] frame=774 begin
[2026-06-11T08:54:16.059] [Frame] [INFO] frame=775 begin
[2026-06-11T08:54:16.063] [Frame] [INFO] frame=776 begin
[2026-06-11T08:54:16.068] [Frame] [INFO] frame=777 begin
[2026-06-11T08:54:16.072] [Frame] [INFO] frame=778 begin
[2026-06-11T08:54:16.076] [Frame] [INFO] frame=779 begin
[2026-06-11T08:54:16.080] [Frame] [INFO] frame=780 begin
[2026-06-11T08:54:16.084] [Frame] [INFO] frame=781 begin
[2026-06-11T08:54:16.089] [Frame] [INFO] frame=782 begin
[2026-06-11T08:54:16.093] [Frame] [INFO] frame=783 begin
[2026-06-11T08:54:16.097] [Frame] [INFO] frame=784 begin
[2026-06-11T08:54:16.101] [Frame] [INFO] frame=785 begin
[2026-06-11T08:54:16.105] [Frame] [INFO] frame=786 begin
[2026-06-11T08:54:16.109] [Frame] [INFO] frame=787 begin
[2026-06-11T08:54:16.114] [Frame] [INFO] frame=788 begin
[2026-06-11T08:54:16.118] [Frame] [INFO] frame=789 begin
[2026-06-11T08:54:16.122] [Frame] [INFO] frame=790 begin
[2026-06-11T08:54:16.126] [Frame] [INFO] frame=791 begin
[2026-06-11T08:54:16.130] [Frame] [INFO] frame=792 begin
[2026-06-11T08:54:16.134] [Frame] [INFO] frame=793 begin
[2026-06-11T08:54:16.139] [Frame] [INFO] frame=794 begin
[2026-06-11T08:54:16.143] [Frame] [INFO] frame=795 begin
[2026-06-11T08:54:16.147] [Frame] [INFO] frame=796 begin
[2026-06-11T08:54:16.151] [Frame] [INFO] frame=797 begin
[2026-06-11T08:54:16.155] [Frame] [INFO] frame=798 begin
[2026-06-11T08:54:16.159] [Frame] [INFO] frame=799 begin
[2026-06-11T08:54:16.164] [Frame] [INFO] frame=800 begin
[2026-06-11T08:54:16.168] [Frame] [INFO] frame=801 begin
[2026-06-11T08:54:16.172] [Frame] [INFO] frame=802 begin
[2026-06-11T08:54:16.176] [Frame] [INFO] frame=803 begin
[2026-06-11T08:54:16.180] [Frame] [INFO] frame=804 begin
[2026-06-11T08:54:16.184] [Frame] [INFO] frame=805 begin
[2026-06-11T08:54:16.189] [Frame] [INFO] frame=806 begin
[2026-06-11T08:54:16.193] [Frame] [INFO] frame=807 begin
[2026-06-11T08:54:16.197] [Frame] [INFO] frame=808 begin
[2026-06-11T08:54:16.201] [Frame] [INFO] frame=809 begin
[2026-06-11T08:54:16.205] [Frame] [INFO] frame=810 begin
[2026-06-11T08:54:16.209] [Frame] [INFO] frame=811 begin
[2026-06-11T08:54:16.214] [Frame] [INFO] frame=812 begin
[2026-06-11T08:54:16.218] [Frame] [INFO] frame=813 begin
[2026-06-11T08:54:16.222] [Frame] [INFO] frame=814 begin
[2026-06-11T08:54:16.226] [Frame] [INFO] frame=815 begin
[2026-06-11T08:54:16.230] [Frame] [INFO] frame=816 begin
[2026-06-11T08:54:16.234] [Frame] [INFO] frame=817 begin
[2026-06-11T08:54:16.239] [Frame] [INFO] frame=818 begin
[2026-06-11T08:54:16.243] [Frame] [INFO] frame=819 begin
[2026-06-11T08:54:16.247] [Frame] [INFO] frame=820 begin
[2026-06-11T08:54:16.251] [Frame] [INFO] frame=821 begin
[2026-06-11T08:54:16.255] [Frame] [INFO] frame=822 begin
[2026-06-11T08:54:16.259] [Frame] [INFO] frame=823 begin
[2026-06-11T08:54:16.264] [Frame] [INFO] frame=824 begin
[2026-06-11T08:54:16.268] [Frame] [INFO] frame=825 begin
[2026-06-11T08:54:16.272] [Frame] [INFO] frame=826 begin
[2026-06-11T08:54:16.276] [Frame] [INFO] frame=827 begin
[2026-06-11T08:54:16.280] [Frame] [INFO] frame=828 begin
[2026-06-11T08:54:16.284] [Frame] [INFO] frame=829 begin
[2026-06-11T08:54:16.289] [Frame] [INFO] frame=830 begin
[2026-06-11T08:54:16.293] [Frame] [INFO] frame=831 begin
[2026-06-11T08:54:16.297] [Frame] [INFO] frame=832 begin
[2026-06-11T08:54:16.301] [Frame] [INFO] frame=833 begin
[2026-06-11T08:54:16.305] [Frame] [INFO] frame=834 begin
[2026-06-11T08:54:16.309] [Frame] [INFO] frame=835 begin
[2026-06-11T08:54:16.314] [Frame] [INFO] frame=836 begin
[2026-06-11T08:54:16.318] [Frame] [INFO] frame=837 begin
[2026-06-11T08:54:16.322] [Frame] [INFO] frame=838 begin
[2026-06-11T08:54:16.326] [Frame] [INFO] frame=839 begin
[2026-06-11T08:54:16.330] [Frame] [INFO] frame=840 begin
[2026-06-11T08:54:16.335] [Frame] [INFO] frame=841 begin
[2026-06-11T08:54:16.339] [Frame] [INFO] frame=842 begin
[2026-06-11T08:54:16.343] [Frame] [INFO] frame=843 begin
[2026-06-11T08:54:16.347] [Frame] [INFO] frame=844 begin
[2026-06-11T08:54:16.351] [Frame] [INFO] frame=845 begin
[2026-06-11T08:54:16.355] [Frame] [INFO] frame=846 begin
[2026-06-11T08:54:16.359] [Frame] [INFO] frame=847 begin
[2026-06-11T08:54:16.363] [Frame] [INFO] frame=848 begin
[2026-06-11T08:54:16.368] [Frame] [INFO] frame=849 begin
[2026-06-11T08:54:16.372] [Frame] [INFO] frame=850 begin
[2026-06-11T08:54:16.376] [Frame] [INFO] frame=851 begin
[2026-06-11T08:54:16.380] [Frame] [INFO] frame=852 begin
[2026-06-11T08:54:16.384] [Frame] [INFO] frame=853 begin
[2026-06-11T08:54:16.389] [Frame] [INFO] frame=854 begin
[2026-06-11T08:54:16.393] [Frame] [INFO] frame=855 begin
[2026-06-11T08:54:16.397] [Frame] [INFO] frame=856 begin
[2026-06-11T08:54:16.401] [Frame] [INFO] frame=857 begin
[2026-06-11T08:54:16.405] [Frame] [INFO] frame=858 begin
[2026-06-11T08:54:16.409] [Frame] [INFO] frame=859 begin
[2026-06-11T08:54:16.414] [Frame] [INFO] frame=860 begin
[2026-06-11T08:54:16.418] [Frame] [INFO] frame=861 begin
[2026-06-11T08:54:16.422] [Frame] [INFO] frame=862 begin
[2026-06-11T08:54:16.426] [Frame] [INFO] frame=863 begin
[2026-06-11T08:54:16.430] [Frame] [INFO] frame=864 begin
[2026-06-11T08:54:16.434] [Frame] [INFO] frame=865 begin
[2026-06-11T08:54:16.439] [Frame] [INFO] frame=866 begin
[2026-06-11T08:54:16.443] [Frame] [INFO] frame=867 begin
[2026-06-11T08:54:16.447] [Frame] [INFO] frame=868 begin
[2026-06-11T08:54:16.451] [Frame] [INFO] frame=869 begin
[2026-06-11T08:54:16.455] [Frame] [INFO] frame=870 begin
[2026-06-11T08:54:16.459] [Frame] [INFO] frame=871 begin
[2026-06-11T08:54:16.464] [Frame] [INFO] frame=872 begin
[2026-06-11T08:54:16.468] [Frame] [INFO] frame=873 begin
[2026-06-11T08:54:16.472] [Frame] [INFO] frame=874 begin
[2026-06-11T08:54:16.476] [Frame] [INFO] frame=875 begin
[2026-06-11T08:54:16.480] [Frame] [INFO] frame=876 begin
[2026-06-11T08:54:16.484] [Frame] [INFO] frame=877 begin
[2026-06-11T08:54:16.489] [Frame] [INFO] frame=878 begin
[2026-06-11T08:54:16.493] [Frame] [INFO] frame=879 begin
[2026-06-11T08:54:16.497] [Frame] [INFO] frame=880 begin
[2026-06-11T08:54:16.501] [Frame] [INFO] frame=881 begin
[2026-06-11T08:54:16.505] [Frame] [INFO] frame=882 begin
[2026-06-11T08:54:16.509] [Frame] [INFO] frame=883 begin
[2026-06-11T08:54:16.514] [Frame] [INFO] frame=884 begin
[2026-06-11T08:54:16.518] [Frame] [INFO] frame=885 begin
[2026-06-11T08:54:16.522] [Frame] [INFO] frame=886 begin
[2026-06-11T08:54:16.526] [Frame] [INFO] frame=887 begin
[2026-06-11T08:54:16.530] [Frame] [INFO] frame=888 begin
[2026-06-11T08:54:16.534] [Frame] [INFO] frame=889 begin
[2026-06-11T08:54:16.539] [Frame] [INFO] frame=890 begin
[2026-06-11T08:54:16.543] [Frame] [INFO] frame=891 begin
[2026-06-11T08:54:16.547] [Frame] [INFO] frame=892 begin
[2026-06-11T08:54:16.551] [Frame] [INFO] frame=893 begin
[2026-06-11T08:54:16.555] [Frame] [INFO] frame=894 begin
[2026-06-11T08:54:16.559] [Frame] [INFO] frame=895 begin
[2026-06-11T08:54:16.564] [Frame] [INFO] frame=896 begin
[2026-06-11T08:54:16.568] [Frame] [INFO] frame=897 begin
[2026-06-11T08:54:16.572] [Frame] [INFO] frame=898 begin
[2026-06-11T08:54:16.576] [Frame] [INFO] frame=899 begin
[2026-06-11T08:54:16.580] [Frame] [INFO] frame=900 begin
[2026-06-11T08:54:16.584] [Frame] [INFO] frame=901 begin
[2026-06-11T08:54:16.589] [Frame] [INFO] frame=902 begin
[2026-06-11T08:54:16.593] [Frame] [INFO] frame=903 begin
[2026-06-11T08:54:16.597] [Frame] [INFO] frame=904 begin
[2026-06-11T08:54:16.601] [Frame] [INFO] frame=905 begin
[2026-06-11T08:54:16.605] [Frame] [INFO] frame=906 begin
[2026-06-11T08:54:16.609] [Frame] [INFO] frame=907 begin
[2026-06-11T08:54:16.614] [Frame] [INFO] frame=908 begin
[2026-06-11T08:54:16.618] [Frame] [INFO] frame=909 begin
[2026-06-11T08:54:16.622] [Frame] [INFO] frame=910 begin
[2026-06-11T08:54:16.626] [Frame] [INFO] frame=911 begin
[2026-06-11T08:54:16.630] [Frame] [INFO] frame=912 begin
[2026-06-11T08:54:16.634] [Frame] [INFO] frame=913 begin
[2026-06-11T08:54:16.639] [Frame] [INFO] frame=914 begin
[2026-06-11T08:54:16.643] [Frame] [INFO] frame=915 begin
[2026-06-11T08:54:16.647] [Frame] [INFO] frame=916 begin
[2026-06-11T08:54:16.651] [Frame] [INFO] frame=917 begin
[2026-06-11T08:54:16.655] [Frame] [INFO] frame=918 begin
[2026-06-11T08:54:16.659] [Frame] [INFO] frame=919 begin
[2026-06-11T08:54:16.664] [Frame] [INFO] frame=920 begin
[2026-06-11T08:54:16.668] [Frame] [INFO] frame=921 begin
[2026-06-11T08:54:16.672] [Frame] [INFO] frame=922 begin
[2026-06-11T08:54:16.676] [Frame] [INFO] frame=923 begin
[2026-06-11T08:54:16.680] [Frame] [INFO] frame=924 begin
[2026-06-11T08:54:16.684] [Frame] [INFO] frame=925 begin
[2026-06-11T08:54:16.689] [Frame] [INFO] frame=926 begin
[2026-06-11T08:54:16.693] [Frame] [INFO] frame=927 begin
[2026-06-11T08:54:16.697] [Frame] [INFO] frame=928 begin
[2026-06-11T08:54:16.701] [Frame] [INFO] frame=929 begin
[2026-06-11T08:54:16.705] [Frame] [INFO] frame=930 begin
[2026-06-11T08:54:16.709] [Frame] [INFO] frame=931 begin
[2026-06-11T08:54:16.714] [Frame] [INFO] frame=932 begin
[2026-06-11T08:54:16.718] [Frame] [INFO] frame=933 begin
[2026-06-11T08:54:16.722] [Frame] [INFO] frame=934 begin
[2026-06-11T08:54:16.726] [Frame] [INFO] frame=935 begin
[2026-06-11T08:54:16.730] [Frame] [INFO] frame=936 begin
[2026-06-11T08:54:16.734] [Frame] [INFO] frame=937 begin
[2026-06-11T08:54:16.739] [Frame] [INFO] frame=938 begin
[2026-06-11T08:54:16.743] [Frame] [INFO] frame=939 begin
[2026-06-11T08:54:16.747] [Frame] [INFO] frame=940 begin
[2026-06-11T08:54:16.751] [Frame] [INFO] frame=941 begin
[2026-06-11T08:54:16.755] [Frame] [INFO] frame=942 begin
[2026-06-11T08:54:16.759] [Frame] [INFO] frame=943 begin
[2026-06-11T08:54:16.763] [Frame] [INFO] frame=944 begin
[2026-06-11T08:54:16.768] [Frame] [INFO] frame=945 begin
[2026-06-11T08:54:16.772] [Frame] [INFO] frame=946 begin
[2026-06-11T08:54:16.776] [Frame] [INFO] frame=947 begin
[2026-06-11T08:54:16.780] [Frame] [INFO] frame=948 begin
[2026-06-11T08:54:16.784] [Frame] [INFO] frame=949 begin
[2026-06-11T08:54:16.789] [Frame] [INFO] frame=950 begin
[2026-06-11T08:54:16.793] [Frame] [INFO] frame=951 begin
[2026-06-11T08:54:16.797] [Frame] [INFO] frame=952 begin
[2026-06-11T08:54:16.801] [Frame] [INFO] frame=953 begin
[2026-06-11T08:54:16.805] [Frame] [INFO] frame=954 begin
[2026-06-11T08:54:16.809] [Frame] [INFO] frame=955 begin
[2026-06-11T08:54:16.814] [Frame] [INFO] frame=956 begin
[2026-06-11T08:54:16.818] [Frame] [INFO] frame=957 begin
[2026-06-11T08:54:16.822] [Frame] [INFO] frame=958 begin
[2026-06-11T08:54:16.826] [Frame] [INFO] frame=959 begin
[2026-06-11T08:54:16.830] [Frame] [INFO] frame=960 begin
[2026-06-11T08:54:16.835] [Frame] [INFO] frame=961 begin
[2026-06-11T08:54:16.839] [Frame] [INFO] frame=962 begin
[2026-06-11T08:54:16.843] [Frame] [INFO] frame=963 begin
[2026-06-11T08:54:16.847] [Frame] [INFO] frame=964 begin
[2026-06-11T08:54:16.851] [Frame] [INFO] frame=965 begin
[2026-06-11T08:54:16.855] [Frame] [INFO] frame=966 begin
[2026-06-11T08:54:16.859] [Frame] [INFO] frame=967 begin
[2026-06-11T08:54:16.864] [Frame] [INFO] frame=968 begin
[2026-06-11T08:54:16.868] [Frame] [INFO] frame=969 begin
[2026-06-11T08:54:16.872] [Frame] [INFO] frame=970 begin
[2026-06-11T08:54:16.876] [Frame] [INFO] frame=971 begin
[2026-06-11T08:54:16.880] [Frame] [INFO] frame=972 begin
[2026-06-11T08:54:16.884] [Frame] [INFO] frame=973 begin
[2026-06-11T08:54:16.889] [Frame] [INFO] frame=974 begin
[2026-06-11T08:54:16.893] [Frame] [INFO] frame=975 begin
[2026-06-11T08:54:16.897] [Frame] [INFO] frame=976 begin
[2026-06-11T08:54:16.901] [Frame] [INFO] frame=977 begin
[2026-06-11T08:54:16.905] [Frame] [INFO] frame=978 begin
[2026-06-11T08:54:16.909] [Frame] [INFO] frame=979 begin
[2026-06-11T08:54:16.914] [Frame] [INFO] frame=980 begin
[2026-06-11T08:54:16.918] [Frame] [INFO] frame=981 begin
[2026-06-11T08:54:16.922] [Frame] [INFO] frame=982 begin
[2026-06-11T08:54:16.926] [Frame] [INFO] frame=983 begin
[2026-06-11T08:54:16.930] [Frame] [INFO] frame=984 begin
[2026-06-11T08:54:16.934] [Frame] [INFO] frame=985 begin
[2026-06-11T08:54:16.939] [Frame] [INFO] frame=986 begin
[2026-06-11T08:54:16.943] [Frame] [INFO] frame=987 begin
[2026-06-11T08:54:16.947] [Frame] [INFO] frame=988 begin
[2026-06-11T08:54:16.951] [Frame] [INFO] frame=989 begin
[2026-06-11T08:54:16.955] [Frame] [INFO] frame=990 begin
[2026-06-11T08:54:16.959] [Frame] [INFO] frame=991 begin
[2026-06-11T08:54:16.964] [Frame] [INFO] frame=992 begin
[2026-06-11T08:54:16.968] [Frame] [INFO] frame=993 begin
[2026-06-11T08:54:16.972] [Frame] [INFO] frame=994 begin
[2026-06-11T08:54:16.976] [Frame] [INFO] frame=995 begin
[2026-06-11T08:54:16.980] [Frame] [INFO] frame=996 begin
[2026-06-11T08:54:16.984] [Frame] [INFO] frame=997 begin
[2026-06-11T08:54:16.989] [Frame] [INFO] frame=998 begin
[2026-06-11T08:54:16.993] [Frame] [INFO] frame=999 begin
[2026-06-11T08:54:16.997] [Frame] [INFO] frame=1000 begin
[2026-06-11T08:54:17.001] [Frame] [INFO] frame=1001 begin
[2026-06-11T08:54:17.005] [Frame] [INFO] frame=1002 begin
[2026-06-11T08:54:17.009] [Frame] [INFO] frame=1003 begin
[2026-06-11T08:54:17.014] [Frame] [INFO] frame=1004 begin
[2026-06-11T08:54:17.018] [Frame] [INFO] frame=1005 begin
[2026-06-11T08:54:17.022] [Frame] [INFO] frame=1006 begin
[2026-06-11T08:54:17.026] [Frame] [INFO] frame=1007 begin
[2026-06-11T08:54:17.030] [Frame] [INFO] frame=1008 begin
[2026-06-11T08:54:17.034] [Frame] [INFO] frame=1009 begin
[2026-06-11T08:54:17.039] [Frame] [INFO] frame=1010 begin
[2026-06-11T08:54:17.043] [Frame] [INFO] frame=1011 begin
[2026-06-11T08:54:17.047] [Frame] [INFO] frame=1012 begin
[2026-06-11T08:54:17.051] [Frame] [INFO] frame=1013 begin
[2026-06-11T08:54:17.055] [Frame] [INFO] frame=1014 begin
[2026-06-11T08:54:17.059] [Frame] [INFO] frame=1015 begin
[2026-06-11T08:54:17.064] [Frame] [INFO] frame=1016 begin
[2026-06-11T08:54:17.068] [Frame] [INFO] frame=1017 begin
[2026-06-11T08:54:17.072] [Frame] [INFO] frame=1018 begin
[2026-06-11T08:54:17.076] [Frame] [INFO] frame=1019 begin
[2026-06-11T08:54:17.080] [Frame] [INFO] frame=1020 begin
[2026-06-11T08:54:17.084] [Frame] [INFO] frame=1021 begin
[2026-06-11T08:54:17.089] [Frame] [INFO] frame=1022 begin
[2026-06-11T08:54:17.093] [Frame] [INFO] frame=1023 begin
[2026-06-11T08:54:17.097] [Frame] [INFO] frame=1024 begin
[2026-06-11T08:54:17.101] [Frame] [INFO] frame=1025 begin
[2026-06-11T08:54:17.105] [Frame] [INFO] frame=1026 begin
[2026-06-11T08:54:17.109] [Frame] [INFO] frame=1027 begin
[2026-06-11T08:54:17.114] [Frame] [INFO] frame=1028 begin
[2026-06-11T08:54:17.118] [Frame] [INFO] frame=1029 begin
[2026-06-11T08:54:17.122] [Frame] [INFO] frame=1030 begin
[2026-06-11T08:54:17.126] [Frame] [INFO] frame=1031 begin
[2026-06-11T08:54:17.130] [Frame] [INFO] frame=1032 begin
[2026-06-11T08:54:17.134] [Frame] [INFO] frame=1033 begin
[2026-06-11T08:54:17.138] [Frame] [INFO] frame=1034 begin
[2026-06-11T08:54:17.143] [Frame] [INFO] frame=1035 begin
[2026-06-11T08:54:17.147] [Frame] [INFO] frame=1036 begin
[2026-06-11T08:54:17.151] [Frame] [INFO] frame=1037 begin
[2026-06-11T08:54:17.155] [Frame] [INFO] frame=1038 begin
[2026-06-11T08:54:17.159] [Frame] [INFO] frame=1039 begin
[2026-06-11T08:54:17.164] [Frame] [INFO] frame=1040 begin
[2026-06-11T08:54:17.168] [Frame] [INFO] frame=1041 begin
[2026-06-11T08:54:17.172] [Frame] [INFO] frame=1042 begin
[2026-06-11T08:54:17.176] [Frame] [INFO] frame=1043 begin
[2026-06-11T08:54:17.180] [Frame] [INFO] frame=1044 begin
[2026-06-11T08:54:17.184] [Frame] [INFO] frame=1045 begin
[2026-06-11T08:54:17.189] [Frame] [INFO] frame=1046 begin
[2026-06-11T08:54:17.193] [Frame] [INFO] frame=1047 begin
[2026-06-11T08:54:17.197] [Frame] [INFO] frame=1048 begin
[2026-06-11T08:54:17.201] [Frame] [INFO] frame=1049 begin
[2026-06-11T08:54:17.205] [Frame] [INFO] frame=1050 begin
[2026-06-11T08:54:17.209] [Frame] [INFO] frame=1051 begin
[2026-06-11T08:54:17.214] [Frame] [INFO] frame=1052 begin
[2026-06-11T08:54:17.218] [Frame] [INFO] frame=1053 begin
[2026-06-11T08:54:17.222] [Frame] [INFO] frame=1054 begin
[2026-06-11T08:54:17.226] [Frame] [INFO] frame=1055 begin
[2026-06-11T08:54:17.230] [Frame] [INFO] frame=1056 begin
[2026-06-11T08:54:17.234] [Frame] [INFO] frame=1057 begin
[2026-06-11T08:54:17.239] [Frame] [INFO] frame=1058 begin
[2026-06-11T08:54:17.243] [Frame] [INFO] frame=1059 begin
[2026-06-11T08:54:17.247] [Frame] [INFO] frame=1060 begin
[2026-06-11T08:54:17.251] [Frame] [INFO] frame=1061 begin
[2026-06-11T08:54:17.255] [Frame] [INFO] frame=1062 begin
[2026-06-11T08:54:17.259] [Frame] [INFO] frame=1063 begin
[2026-06-11T08:54:17.264] [Frame] [INFO] frame=1064 begin
[2026-06-11T08:54:17.268] [Frame] [INFO] frame=1065 begin
[2026-06-11T08:54:17.272] [Frame] [INFO] frame=1066 begin
[2026-06-11T08:54:17.276] [Frame] [INFO] frame=1067 begin
[2026-06-11T08:54:17.280] [Frame] [INFO] frame=1068 begin
[2026-06-11T08:54:17.284] [Frame] [INFO] frame=1069 begin
[2026-06-11T08:54:17.289] [Frame] [INFO] frame=1070 begin
[2026-06-11T08:54:17.293] [Frame] [INFO] frame=1071 begin
[2026-06-11T08:54:17.297] [Frame] [INFO] frame=1072 begin
[2026-06-11T08:54:17.301] [Frame] [INFO] frame=1073 begin
[2026-06-11T08:54:17.305] [Frame] [INFO] frame=1074 begin
[2026-06-11T08:54:17.309] [Frame] [INFO] frame=1075 begin
[2026-06-11T08:54:17.314] [Frame] [INFO] frame=1076 begin
[2026-06-11T08:54:17.318] [Frame] [INFO] frame=1077 begin
[2026-06-11T08:54:17.322] [Frame] [INFO] frame=1078 begin
[2026-06-11T08:54:17.326] [Frame] [INFO] frame=1079 begin
[2026-06-11T08:54:17.330] [Frame] [INFO] frame=1080 begin
[2026-06-11T08:54:17.335] [Frame] [INFO] frame=1081 begin
[2026-06-11T08:54:17.339] [Frame] [INFO] frame=1082 begin
[2026-06-11T08:54:17.343] [Frame] [INFO] frame=1083 begin
[2026-06-11T08:54:17.347] [Frame] [INFO] frame=1084 begin
[2026-06-11T08:54:17.351] [Frame] [INFO] frame=1085 begin
[2026-06-11T08:54:17.355] [Frame] [INFO] frame=1086 begin
[2026-06-11T08:54:17.359] [Frame] [INFO] frame=1087 begin
[2026-06-11T08:54:17.364] [Frame] [INFO] frame=1088 begin
[2026-06-11T08:54:17.368] [Frame] [INFO] frame=1089 begin
[2026-06-11T08:54:17.372] [Frame] [INFO] frame=1090 begin
[2026-06-11T08:54:17.376] [Frame] [INFO] frame=1091 begin
[2026-06-11T08:54:17.380] [Frame] [INFO] frame=1092 begin
[2026-06-11T08:54:17.384] [Frame] [INFO] frame=1093 begin
[2026-06-11T08:54:17.389] [Frame] [INFO] frame=1094 begin
[2026-06-11T08:54:17.393] [Frame] [INFO] frame=1095 begin
[2026-06-11T08:54:17.397] [Frame] [INFO] frame=1096 begin
[2026-06-11T08:54:17.401] [Frame] [INFO] frame=1097 begin
[2026-06-11T08:54:17.405] [Frame] [INFO] frame=1098 begin
[2026-06-11T08:54:17.409] [Frame] [INFO] frame=1099 begin
[2026-06-11T08:54:17.414] [Frame] [INFO] frame=1100 begin
[2026-06-11T08:54:17.418] [Frame] [INFO] frame=1101 begin
[2026-06-11T08:54:17.422] [Frame] [INFO] frame=1102 begin
[2026-06-11T08:54:17.426] [Frame] [INFO] frame=1103 begin
[2026-06-11T08:54:17.430] [Frame] [INFO] frame=1104 begin
[2026-06-11T08:54:17.434] [Frame] [INFO] frame=1105 begin
[2026-06-11T08:54:17.439] [Frame] [INFO] frame=1106 begin
[2026-06-11T08:54:17.443] [Frame] [INFO] frame=1107 begin
[2026-06-11T08:54:17.447] [Frame] [INFO] frame=1108 begin
[2026-06-11T08:54:17.451] [Frame] [INFO] frame=1109 begin
[2026-06-11T08:54:17.455] [Frame] [INFO] frame=1110 begin
[2026-06-11T08:54:17.459] [Frame] [INFO] frame=1111 begin
[2026-06-11T08:54:17.464] [Frame] [INFO] frame=1112 begin
[2026-06-11T08:54:17.468] [Frame] [INFO] frame=1113 begin
[2026-06-11T08:54:17.472] [Frame] [INFO] frame=1114 begin
[2026-06-11T08:54:17.476] [Frame] [INFO] frame=1115 begin
[2026-06-11T08:54:17.480] [Frame] [INFO] frame=1116 begin
[2026-06-11T08:54:17.484] [Frame] [INFO] frame=1117 begin
[2026-06-11T08:54:17.489] [Frame] [INFO] frame=1118 begin
[2026-06-11T08:54:17.493] [Frame] [INFO] frame=1119 begin
[2026-06-11T08:54:17.497] [Frame] [INFO] frame=1120 begin
[2026-06-11T08:54:17.501] [Frame] [INFO] frame=1121 begin
[2026-06-11T08:54:17.505] [Frame] [INFO] frame=1122 begin
[2026-06-11T08:54:17.509] [Frame] [INFO] frame=1123 begin
[2026-06-11T08:54:17.514] [Frame] [INFO] frame=1124 begin
[2026-06-11T08:54:17.518] [Frame] [INFO] frame=1125 begin
[2026-06-11T08:54:17.522] [Frame] [INFO] frame=1126 begin
[2026-06-11T08:54:17.526] [Frame] [INFO] frame=1127 begin
[2026-06-11T08:54:17.530] [Frame] [INFO] frame=1128 begin
[2026-06-11T08:54:17.534] [Frame] [INFO] frame=1129 begin
[2026-06-11T08:54:17.539] [Frame] [INFO] frame=1130 begin
[2026-06-11T08:54:17.543] [Frame] [INFO] frame=1131 begin
[2026-06-11T08:54:17.547] [Frame] [INFO] frame=1132 begin
[2026-06-11T08:54:17.551] [Frame] [INFO] frame=1133 begin
[2026-06-11T08:54:17.555] [Frame] [INFO] frame=1134 begin
[2026-06-11T08:54:17.559] [Frame] [INFO] frame=1135 begin
[2026-06-11T08:54:17.564] [Frame] [INFO] frame=1136 begin
[2026-06-11T08:54:17.568] [Frame] [INFO] frame=1137 begin
[2026-06-11T08:54:17.572] [Frame] [INFO] frame=1138 begin
[2026-06-11T08:54:17.576] [Frame] [INFO] frame=1139 begin
[2026-06-11T08:54:17.580] [Frame] [INFO] frame=1140 begin
[2026-06-11T08:54:17.584] [Frame] [INFO] frame=1141 begin
[2026-06-11T08:54:17.589] [Frame] [INFO] frame=1142 begin
[2026-06-11T08:54:17.593] [Frame] [INFO] frame=1143 begin
[2026-06-11T08:54:17.597] [Frame] [INFO] frame=1144 begin
[2026-06-11T08:54:17.601] [Frame] [INFO] frame=1145 begin
[2026-06-11T08:54:17.605] [Frame] [INFO] frame=1146 begin
[2026-06-11T08:54:17.609] [Frame] [INFO] frame=1147 begin
[2026-06-11T08:54:17.614] [Frame] [INFO] frame=1148 begin
[2026-06-11T08:54:17.618] [Frame] [INFO] frame=1149 begin
[2026-06-11T08:54:17.622] [Frame] [INFO] frame=1150 begin
[2026-06-11T08:54:17.626] [Frame] [INFO] frame=1151 begin
[2026-06-11T08:54:17.630] [Frame] [INFO] frame=1152 begin
[2026-06-11T08:54:17.634] [Frame] [INFO] frame=1153 begin
[2026-06-11T08:54:17.639] [Frame] [INFO] frame=1154 begin
[2026-06-11T08:54:17.643] [Frame] [INFO] frame=1155 begin
[2026-06-11T08:54:17.647] [Frame] [INFO] frame=1156 begin
[2026-06-11T08:54:17.651] [Frame] [INFO] frame=1157 begin
[2026-06-11T08:54:17.655] [Frame] [INFO] frame=1158 begin
[2026-06-11T08:54:17.659] [Frame] [INFO] frame=1159 begin
[2026-06-11T08:54:17.664] [Frame] [INFO] frame=1160 begin
[2026-06-11T08:54:17.668] [Frame] [INFO] frame=1161 begin
[2026-06-11T08:54:17.672] [Frame] [INFO] frame=1162 begin
[2026-06-11T08:54:17.676] [Frame] [INFO] frame=1163 begin
[2026-06-11T08:54:17.680] [Frame] [INFO] frame=1164 begin
[2026-06-11T08:54:17.684] [Frame] [INFO] frame=1165 begin
[2026-06-11T08:54:17.689] [Frame] [INFO] frame=1166 begin
[2026-06-11T08:54:17.693] [Frame] [INFO] frame=1167 begin
[2026-06-11T08:54:17.697] [Frame] [INFO] frame=1168 begin
[2026-06-11T08:54:17.701] [Frame] [INFO] frame=1169 begin
[2026-06-11T08:54:17.705] [Frame] [INFO] frame=1170 begin
[2026-06-11T08:54:17.709] [Frame] [INFO] frame=1171 begin
[2026-06-11T08:54:17.714] [Frame] [INFO] frame=1172 begin
[2026-06-11T08:54:17.718] [Frame] [INFO] frame=1173 begin
[2026-06-11T08:54:17.722] [Frame] [INFO] frame=1174 begin
[2026-06-11T08:54:17.726] [Frame] [INFO] frame=1175 begin
[2026-06-11T08:54:17.730] [Frame] [INFO] frame=1176 begin
[2026-06-11T08:54:17.734] [Frame] [INFO] frame=1177 begin
[2026-06-11T08:54:17.739] [Frame] [INFO] frame=1178 begin
[2026-06-11T08:54:17.743] [Frame] [INFO] frame=1179 begin
[2026-06-11T08:54:17.747] [Frame] [INFO] frame=1180 begin
[2026-06-11T08:54:17.751] [Frame] [INFO] frame=1181 begin
[2026-06-11T08:54:17.755] [Frame] [INFO] frame=1182 begin
[2026-06-11T08:54:17.759] [Frame] [INFO] frame=1183 begin
[2026-06-11T08:54:17.764] [Frame] [INFO] frame=1184 begin
[2026-06-11T08:54:17.768] [Frame] [INFO] frame=1185 begin
[2026-06-11T08:54:17.772] [Frame] [INFO] frame=1186 begin
[2026-06-11T08:54:17.776] [Frame] [INFO] frame=1187 begin
[2026-06-11T08:54:17.780] [Frame] [INFO] frame=1188 begin
[2026-06-11T08:54:17.784] [Frame] [INFO] frame=1189 begin
[2026-06-11T08:54:17.789] [Frame] [INFO] frame=1190 begin
[2026-06-11T08:54:17.793] [Frame] [INFO] frame=1191 begin
[2026-06-11T08:54:17.797] [Frame] [INFO] frame=1192 begin
[2026-06-11T08:54:17.801] [Frame] [INFO] frame=1193 begin
[2026-06-11T08:54:17.805] [Frame] [INFO] frame=1194 begin
[2026-06-11T08:54:17.809] [Frame] [INFO] frame=1195 begin
[2026-06-11T08:54:17.814] [Frame] [INFO] frame=1196 begin
[2026-06-11T08:54:17.818] [Frame] [INFO] frame=1197 begin
[2026-06-11T08:54:17.822] [Frame] [INFO] frame=1198 begin
[2026-06-11T08:54:17.826] [Frame] [INFO] frame=1199 begin
[2026-06-11T08:54:17.830] [Frame] [INFO] frame=1200 begin
[2026-06-11T08:54:17.835] [Frame] [INFO] frame=1201 begin
[2026-06-11T08:54:17.839] [Frame] [INFO] frame=1202 begin
[2026-06-11T08:54:17.843] [Frame] [INFO] frame=1203 begin
[2026-06-11T08:54:17.847] [Frame] [INFO] frame=1204 begin
[2026-06-11T08:54:17.851] [Frame] [INFO] frame=1205 begin
[2026-06-11T08:54:17.855] [Frame] [INFO] frame=1206 begin
[2026-06-11T08:54:17.859] [Frame] [INFO] frame=1207 begin
[2026-06-11T08:54:17.864] [Frame] [INFO] frame=1208 begin
[2026-06-11T08:54:17.868] [Frame] [INFO] frame=1209 begin
[2026-06-11T08:54:17.872] [Frame] [INFO] frame=1210 begin
[2026-06-11T08:54:17.876] [Frame] [INFO] frame=1211 begin
[2026-06-11T08:54:17.880] [Frame] [INFO] frame=1212 begin
[2026-06-11T08:54:17.884] [Frame] [INFO] frame=1213 begin
[2026-06-11T08:54:17.889] [Frame] [INFO] frame=1214 begin
[2026-06-11T08:54:17.893] [Frame] [INFO] frame=1215 begin
[2026-06-11T08:54:17.897] [Frame] [INFO] frame=1216 begin
[2026-06-11T08:54:17.901] [Frame] [INFO] frame=1217 begin
[2026-06-11T08:54:17.905] [Frame] [INFO] frame=1218 begin
[2026-06-11T08:54:17.909] [Frame] [INFO] frame=1219 begin
[2026-06-11T08:54:17.914] [Frame] [INFO] frame=1220 begin
[2026-06-11T08:54:17.918] [Frame] [INFO] frame=1221 begin
[2026-06-11T08:54:17.922] [Frame] [INFO] frame=1222 begin
[2026-06-11T08:54:17.926] [Frame] [INFO] frame=1223 begin
[2026-06-11T08:54:17.930] [Frame] [INFO] frame=1224 begin
[2026-06-11T08:54:17.934] [Frame] [INFO] frame=1225 begin
[2026-06-11T08:54:17.939] [Frame] [INFO] frame=1226 begin
[2026-06-11T08:54:17.943] [Frame] [INFO] frame=1227 begin
[2026-06-11T08:54:17.947] [Frame] [INFO] frame=1228 begin
[2026-06-11T08:54:17.951] [Frame] [INFO] frame=1229 begin
[2026-06-11T08:54:17.955] [Frame] [INFO] frame=1230 begin
[2026-06-11T08:54:17.959] [Frame] [INFO] frame=1231 begin
[2026-06-11T08:54:17.964] [Frame] [INFO] frame=1232 begin
[2026-06-11T08:54:17.968] [Frame] [INFO] frame=1233 begin
[2026-06-11T08:54:17.972] [Frame] [INFO] frame=1234 begin
[2026-06-11T08:54:17.976] [Frame] [INFO] frame=1235 begin
[2026-06-11T08:54:17.980] [Frame] [INFO] frame=1236 begin
[2026-06-11T08:54:17.984] [Frame] [INFO] frame=1237 begin
[2026-06-11T08:54:17.989] [Frame] [INFO] frame=1238 begin
[2026-06-11T08:54:17.993] [Frame] [INFO] frame=1239 begin
[2026-06-11T08:54:17.997] [Frame] [INFO] frame=1240 begin
[2026-06-11T08:54:18.001] [Frame] [INFO] frame=1241 begin
[2026-06-11T08:54:18.005] [Frame] [INFO] frame=1242 begin
[2026-06-11T08:54:18.009] [Frame] [INFO] frame=1243 begin
[2026-06-11T08:54:18.014] [Frame] [INFO] frame=1244 begin
[2026-06-11T08:54:18.018] [Frame] [INFO] frame=1245 begin
[2026-06-11T08:54:18.022] [Frame] [INFO] frame=1246 begin
[2026-06-11T08:54:18.026] [Frame] [INFO] frame=1247 begin
[2026-06-11T08:54:18.030] [Frame] [INFO] frame=1248 begin
[2026-06-11T08:54:18.034] [Frame] [INFO] frame=1249 begin
[2026-06-11T08:54:18.039] [Frame] [INFO] frame=1250 begin
[2026-06-11T08:54:18.043] [Frame] [INFO] frame=1251 begin
[2026-06-11T08:54:18.047] [Frame] [INFO] frame=1252 begin
[2026-06-11T08:54:18.051] [Frame] [INFO] frame=1253 begin
[2026-06-11T08:54:18.055] [Frame] [INFO] frame=1254 begin
[2026-06-11T08:54:18.059] [Frame] [INFO] frame=1255 begin
[2026-06-11T08:54:18.064] [Frame] [INFO] frame=1256 begin
[2026-06-11T08:54:18.068] [Frame] [INFO] frame=1257 begin
[2026-06-11T08:54:18.072] [Frame] [INFO] frame=1258 begin
[2026-06-11T08:54:18.076] [Frame] [INFO] frame=1259 begin
[2026-06-11T08:54:18.080] [Frame] [INFO] frame=1260 begin
[2026-06-11T08:54:18.084] [Frame] [INFO] frame=1261 begin
[2026-06-11T08:54:18.089] [Frame] [INFO] frame=1262 begin
[2026-06-11T08:54:18.093] [Frame] [INFO] frame=1263 begin
[2026-06-11T08:54:18.097] [Frame] [INFO] frame=1264 begin
[2026-06-11T08:54:18.101] [Frame] [INFO] frame=1265 begin
[2026-06-11T08:54:18.105] [Frame] [INFO] frame=1266 begin
[2026-06-11T08:54:18.109] [Frame] [INFO] frame=1267 begin
[2026-06-11T08:54:18.114] [Frame] [INFO] frame=1268 begin
[2026-06-11T08:54:18.118] [Frame] [INFO] frame=1269 begin
[2026-06-11T08:54:18.122] [Frame] [INFO] frame=1270 begin
[2026-06-11T08:54:18.126] [Frame] [INFO] frame=1271 begin
[2026-06-11T08:54:18.130] [Frame] [INFO] frame=1272 begin
[2026-06-11T08:54:18.134] [Frame] [INFO] frame=1273 begin
[2026-06-11T08:54:18.139] [Frame] [INFO] frame=1274 begin
[2026-06-11T08:54:18.143] [Frame] [INFO] frame=1275 begin
[2026-06-11T08:54:18.147] [Frame] [INFO] frame=1276 begin
[2026-06-11T08:54:18.151] [Frame] [INFO] frame=1277 begin
[2026-06-11T08:54:18.155] [Frame] [INFO] frame=1278 begin
[2026-06-11T08:54:18.159] [Frame] [INFO] frame=1279 begin
[2026-06-11T08:54:18.164] [Frame] [INFO] frame=1280 begin
[2026-06-11T08:54:18.168] [Frame] [INFO] frame=1281 begin
[2026-06-11T08:54:18.172] [Frame] [INFO] frame=1282 begin
[2026-06-11T08:54:18.176] [Frame] [INFO] frame=1283 begin
[2026-06-11T08:54:18.180] [Frame] [INFO] frame=1284 begin
[2026-06-11T08:54:18.184] [Frame] [INFO] frame=1285 begin
[2026-06-11T08:54:18.189] [Frame] [INFO] frame=1286 begin
[2026-06-11T08:54:18.193] [Frame] [INFO] frame=1287 begin
[2026-06-11T08:54:18.197] [Frame] [INFO] frame=1288 begin
[2026-06-11T08:54:18.201] [Frame] [INFO] frame=1289 begin
[2026-06-11T08:54:18.205] [Frame] [INFO] frame=1290 begin
[2026-06-11T08:54:18.209] [Frame] [INFO] frame=1291 begin
[2026-06-11T08:54:18.214] [Frame] [INFO] frame=1292 begin
[2026-06-11T08:54:18.218] [Frame] [INFO] frame=1293 begin
[2026-06-11T08:54:18.222] [Frame] [INFO] frame=1294 begin
[2026-06-11T08:54:18.226] [Frame] [INFO] frame=1295 begin
[2026-06-11T08:54:18.230] [Frame] [INFO] frame=1296 begin
[2026-06-11T08:54:18.234] [Frame] [INFO] frame=1297 begin
[2026-06-11T08:54:18.239] [Frame] [INFO] frame=1298 begin
[2026-06-11T08:54:18.243] [Frame] [INFO] frame=1299 begin
[2026-06-11T08:54:18.247] [Frame] [INFO] frame=1300 begin
[2026-06-11T08:54:18.251] [Frame] [INFO] frame=1301 begin
[2026-06-11T08:54:18.255] [Frame] [INFO] frame=1302 begin
[2026-06-11T08:54:18.259] [Frame] [INFO] frame=1303 begin
[2026-06-11T08:54:18.264] [Frame] [INFO] frame=1304 begin
[2026-06-11T08:54:18.268] [Frame] [INFO] frame=1305 begin
[2026-06-11T08:54:18.272] [Frame] [INFO] frame=1306 begin
[2026-06-11T08:54:18.276] [Frame] [INFO] frame=1307 begin
[2026-06-11T08:54:18.280] [Frame] [INFO] frame=1308 begin
[2026-06-11T08:54:18.284] [Frame] [INFO] frame=1309 begin
[2026-06-11T08:54:18.289] [Frame] [INFO] frame=1310 begin
[2026-06-11T08:54:18.293] [Frame] [INFO] frame=1311 begin
[2026-06-11T08:54:18.297] [Frame] [INFO] frame=1312 begin
[2026-06-11T08:54:18.301] [Frame] [INFO] frame=1313 begin
[2026-06-11T08:54:18.305] [Frame] [INFO] frame=1314 begin
[2026-06-11T08:54:18.309] [Frame] [INFO] frame=1315 begin
[2026-06-11T08:54:18.314] [Frame] [INFO] frame=1316 begin
[2026-06-11T08:54:18.318] [Frame] [INFO] frame=1317 begin
[2026-06-11T08:54:18.322] [Frame] [INFO] frame=1318 begin
[2026-06-11T08:54:18.326] [Frame] [INFO] frame=1319 begin
[2026-06-11T08:54:18.330] [Frame] [INFO] frame=1320 begin
[2026-06-11T08:54:18.335] [Frame] [INFO] frame=1321 begin
[2026-06-11T08:54:18.339] [Frame] [INFO] frame=1322 begin
[2026-06-11T08:54:18.343] [Frame] [INFO] frame=1323 begin
[2026-06-11T08:54:18.347] [Frame] [INFO] frame=1324 begin
[2026-06-11T08:54:18.351] [Frame] [INFO] frame=1325 begin
[2026-06-11T08:54:18.355] [Frame] [INFO] frame=1326 begin
[2026-06-11T08:54:18.359] [Frame] [INFO] frame=1327 begin
[2026-06-11T08:54:18.364] [Frame] [INFO] frame=1328 begin
[2026-06-11T08:54:18.368] [Frame] [INFO] frame=1329 begin
[2026-06-11T08:54:18.372] [Frame] [INFO] frame=1330 begin
[2026-06-11T08:54:18.376] [Frame] [INFO] frame=1331 begin
[2026-06-11T08:54:18.380] [Frame] [INFO] frame=1332 begin
[2026-06-11T08:54:18.384] [Frame] [INFO] frame=1333 begin
[2026-06-11T08:54:18.389] [Frame] [INFO] frame=1334 begin
[2026-06-11T08:54:18.393] [Frame] [INFO] frame=1335 begin
[2026-06-11T08:54:18.397] [Frame] [INFO] frame=1336 begin
[2026-06-11T08:54:18.401] [Frame] [INFO] frame=1337 begin
[2026-06-11T08:54:18.405] [Frame] [INFO] frame=1338 begin
[2026-06-11T08:54:18.409] [Frame] [INFO] frame=1339 begin
[2026-06-11T08:54:18.414] [Frame] [INFO] frame=1340 begin
[2026-06-11T08:54:18.418] [Frame] [INFO] frame=1341 begin
[2026-06-11T08:54:18.422] [Frame] [INFO] frame=1342 begin
[2026-06-11T08:54:18.426] [Frame] [INFO] frame=1343 begin
[2026-06-11T08:54:18.430] [Frame] [INFO] frame=1344 begin
[2026-06-11T08:54:18.434] [Frame] [INFO] frame=1345 begin
[2026-06-11T08:54:18.439] [Frame] [INFO] frame=1346 begin
[2026-06-11T08:54:18.443] [Frame] [INFO] frame=1347 begin
[2026-06-11T08:54:18.447] [Frame] [INFO] frame=1348 begin
[2026-06-11T08:54:18.451] [Frame] [INFO] frame=1349 begin
[2026-06-11T08:54:18.455] [Frame] [INFO] frame=1350 begin
[2026-06-11T08:54:18.459] [Frame] [INFO] frame=1351 begin
[2026-06-11T08:54:18.464] [Frame] [INFO] frame=1352 begin
[2026-06-11T08:54:18.468] [Frame] [INFO] frame=1353 begin
[2026-06-11T08:54:18.472] [Frame] [INFO] frame=1354 begin
[2026-06-11T08:54:18.476] [Frame] [INFO] frame=1355 begin
[2026-06-11T08:54:18.480] [Frame] [INFO] frame=1356 begin
[2026-06-11T08:54:18.484] [Frame] [INFO] frame=1357 begin
[2026-06-11T08:54:18.489] [Frame] [INFO] frame=1358 begin
[2026-06-11T08:54:18.493] [Frame] [INFO] frame=1359 begin
[2026-06-11T08:54:18.497] [Frame] [INFO] frame=1360 begin
[2026-06-11T08:54:18.501] [Frame] [INFO] frame=1361 begin
[2026-06-11T08:54:18.505] [Frame] [INFO] frame=1362 begin
[2026-06-11T08:54:18.509] [Frame] [INFO] frame=1363 begin
[2026-06-11T08:54:18.514] [Frame] [INFO] frame=1364 begin
[2026-06-11T08:54:18.518] [Frame] [INFO] frame=1365 begin
[2026-06-11T08:54:18.522] [Frame] [INFO] frame=1366 begin
[2026-06-11T08:54:18.526] [Frame] [INFO] frame=1367 begin
[2026-06-11T08:54:18.530] [Frame] [INFO] frame=1368 begin
[2026-06-11T08:54:18.534] [Frame] [INFO] frame=1369 begin
[2026-06-11T08:54:18.539] [Frame] [INFO] frame=1370 begin
[2026-06-11T08:54:18.543] [Frame] [INFO] frame=1371 begin
[2026-06-11T08:54:18.547] [Frame] [INFO] frame=1372 begin
[2026-06-11T08:54:18.551] [Frame] [INFO] frame=1373 begin
[2026-06-11T08:54:18.555] [Frame] [INFO] frame=1374 begin
[2026-06-11T08:54:18.559] [Frame] [INFO] frame=1375 begin
[2026-06-11T08:54:18.564] [Frame] [INFO] frame=1376 begin
[2026-06-11T08:54:18.568] [Frame] [INFO] frame=1377 begin
[2026-06-11T08:54:18.572] [Frame] [INFO] frame=1378 begin
[2026-06-11T08:54:18.576] [Frame] [INFO] frame=1379 begin
[2026-06-11T08:54:18.580] [Frame] [INFO] frame=1380 begin
[2026-06-11T08:54:18.584] [Frame] [INFO] frame=1381 begin
[2026-06-11T08:54:18.589] [Frame] [INFO] frame=1382 begin
[2026-06-11T08:54:18.593] [Frame] [INFO] frame=1383 begin
[2026-06-11T08:54:18.597] [Frame] [INFO] frame=1384 begin
[2026-06-11T08:54:18.601] [Frame] [INFO] frame=1385 begin
[2026-06-11T08:54:18.605] [Frame] [INFO] frame=1386 begin
[2026-06-11T08:54:18.609] [Frame] [INFO] frame=1387 begin
[2026-06-11T08:54:18.614] [Frame] [INFO] frame=1388 begin
[2026-06-11T08:54:18.618] [Frame] [INFO] frame=1389 begin
[2026-06-11T08:54:18.622] [Frame] [INFO] frame=1390 begin
[2026-06-11T08:54:18.626] [Frame] [INFO] frame=1391 begin
[2026-06-11T08:54:18.630] [Frame] [INFO] frame=1392 begin
[2026-06-11T08:54:18.634] [Frame] [INFO] frame=1393 begin
[2026-06-11T08:54:18.639] [Frame] [INFO] frame=1394 begin
[2026-06-11T08:54:18.643] [Frame] [INFO] frame=1395 begin
[2026-06-11T08:54:18.647] [Frame] [INFO] frame=1396 begin
[2026-06-11T08:54:18.651] [Frame] [INFO] frame=1397 begin
[2026-06-11T08:54:18.655] [Frame] [INFO] frame=1398 begin
[2026-06-11T08:54:18.659] [Frame] [INFO] frame=1399 begin
[2026-06-11T08:54:18.664] [Frame] [INFO] frame=1400 begin
[2026-06-11T08:54:18.668] [Frame] [INFO] frame=1401 begin
[2026-06-11T08:54:18.672] [Frame] [INFO] frame=1402 begin
[2026-06-11T08:54:18.676] [Frame] [INFO] frame=1403 begin
[2026-06-11T08:54:18.680] [Frame] [INFO] frame=1404 begin
[2026-06-11T08:54:18.684] [Frame] [INFO] frame=1405 begin
[2026-06-11T08:54:18.689] [Frame] [INFO] frame=1406 begin
[2026-06-11T08:54:18.693] [Frame] [INFO] frame=1407 begin
[2026-06-11T08:54:18.697] [Frame] [INFO] frame=1408 begin
[2026-06-11T08:54:18.701] [Frame] [INFO] frame=1409 begin
[2026-06-11T08:54:18.705] [Frame] [INFO] frame=1410 begin
[2026-06-11T08:54:18.709] [Frame] [INFO] frame=1411 begin
[2026-06-11T08:54:18.714] [Frame] [INFO] frame=1412 begin
[2026-06-11T08:54:18.718] [Frame] [INFO] frame=1413 begin
[2026-06-11T08:54:18.722] [Frame] [INFO] frame=1414 begin
[2026-06-11T08:54:18.726] [Frame] [INFO] frame=1415 begin
[2026-06-11T08:54:18.730] [Frame] [INFO] frame=1416 begin
[2026-06-11T08:54:18.734] [Frame] [INFO] frame=1417 begin
[2026-06-11T08:54:18.739] [Frame] [INFO] frame=1418 begin
[2026-06-11T08:54:18.743] [Frame] [INFO] frame=1419 begin
[2026-06-11T08:54:18.747] [Frame] [INFO] frame=1420 begin
[2026-06-11T08:54:18.751] [Frame] [INFO] frame=1421 begin
[2026-06-11T08:54:18.755] [Frame] [INFO] frame=1422 begin
[2026-06-11T08:54:18.759] [Frame] [INFO] frame=1423 begin
[2026-06-11T08:54:18.764] [Frame] [INFO] frame=1424 begin
[2026-06-11T08:54:18.768] [Frame] [INFO] frame=1425 begin
[2026-06-11T08:54:18.772] [Frame] [INFO] frame=1426 begin
[2026-06-11T08:54:18.776] [Frame] [INFO] frame=1427 begin
[2026-06-11T08:54:18.780] [Frame] [INFO] frame=1428 begin
[2026-06-11T08:54:18.784] [Frame] [INFO] frame=1429 begin
[2026-06-11T08:54:18.789] [Frame] [INFO] frame=1430 begin
[2026-06-11T08:54:18.793] [Frame] [INFO] frame=1431 begin
[2026-06-11T08:54:18.797] [Frame] [INFO] frame=1432 begin
[2026-06-11T08:54:18.801] [Frame] [INFO] frame=1433 begin
[2026-06-11T08:54:18.805] [Frame] [INFO] frame=1434 begin
[2026-06-11T08:54:18.809] [Frame] [INFO] frame=1435 begin
[2026-06-11T08:54:18.814] [Frame] [INFO] frame=1436 begin
[2026-06-11T08:54:18.818] [Frame] [INFO] frame=1437 begin
[2026-06-11T08:54:18.822] [Frame] [INFO] frame=1438 begin
[2026-06-11T08:54:18.826] [Frame] [INFO] frame=1439 begin
[2026-06-11T08:54:18.830] [Frame] [INFO] frame=1440 begin
[2026-06-11T08:54:18.835] [Frame] [INFO] frame=1441 begin
[2026-06-11T08:54:18.839] [Frame] [INFO] frame=1442 begin
[2026-06-11T08:54:18.843] [Frame] [INFO] frame=1443 begin
[2026-06-11T08:54:18.847] [Frame] [INFO] frame=1444 begin
[2026-06-11T08:54:18.851] [Frame] [INFO] frame=1445 begin
[2026-06-11T08:54:18.855] [Frame] [INFO] frame=1446 begin
[2026-06-11T08:54:18.859] [Frame] [INFO] frame=1447 begin
[2026-06-11T08:54:18.864] [Frame] [INFO] frame=1448 begin
[2026-06-11T08:54:18.868] [Frame] [INFO] frame=1449 begin
[2026-06-11T08:54:18.872] [Frame] [INFO] frame=1450 begin
[2026-06-11T08:54:18.876] [Frame] [INFO] frame=1451 begin
[2026-06-11T08:54:18.880] [Frame] [INFO] frame=1452 begin
[2026-06-11T08:54:18.884] [Frame] [INFO] frame=1453 begin
[2026-06-11T08:54:18.889] [Frame] [INFO] frame=1454 begin
[2026-06-11T08:54:18.893] [Frame] [INFO] frame=1455 begin
[2026-06-11T08:54:18.897] [Frame] [INFO] frame=1456 begin
[2026-06-11T08:54:18.901] [Frame] [INFO] frame=1457 begin
[2026-06-11T08:54:18.905] [Frame] [INFO] frame=1458 begin
[2026-06-11T08:54:18.909] [Frame] [INFO] frame=1459 begin
[2026-06-11T08:54:18.914] [Frame] [INFO] frame=1460 begin
[2026-06-11T08:54:18.918] [Frame] [INFO] frame=1461 begin
[2026-06-11T08:54:18.922] [Frame] [INFO] frame=1462 begin
[2026-06-11T08:54:18.926] [Frame] [INFO] frame=1463 begin
[2026-06-11T08:54:18.930] [Frame] [INFO] frame=1464 begin
[2026-06-11T08:54:18.934] [Frame] [INFO] frame=1465 begin
[2026-06-11T08:54:18.939] [Frame] [INFO] frame=1466 begin
[2026-06-11T08:54:18.943] [Frame] [INFO] frame=1467 begin
[2026-06-11T08:54:18.947] [Frame] [INFO] frame=1468 begin
[2026-06-11T08:54:18.951] [Frame] [INFO] frame=1469 begin
[2026-06-11T08:54:18.955] [Frame] [INFO] frame=1470 begin
[2026-06-11T08:54:18.959] [Frame] [INFO] frame=1471 begin
[2026-06-11T08:54:18.964] [Frame] [INFO] frame=1472 begin
[2026-06-11T08:54:18.968] [Frame] [INFO] frame=1473 begin
[2026-06-11T08:54:18.972] [Frame] [INFO] frame=1474 begin
[2026-06-11T08:54:18.976] [Frame] [INFO] frame=1475 begin
[2026-06-11T08:54:18.980] [Frame] [INFO] frame=1476 begin
[2026-06-11T08:54:18.984] [Frame] [INFO] frame=1477 begin
[2026-06-11T08:54:18.989] [Frame] [INFO] frame=1478 begin
[2026-06-11T08:54:18.993] [Frame] [INFO] frame=1479 begin
[2026-06-11T08:54:18.997] [Frame] [INFO] frame=1480 begin
[2026-06-11T08:54:19.001] [Frame] [INFO] frame=1481 begin
[2026-06-11T08:54:19.005] [Frame] [INFO] frame=1482 begin
[2026-06-11T08:54:19.009] [Frame] [INFO] frame=1483 begin
[2026-06-11T08:54:19.014] [Frame] [INFO] frame=1484 begin
[2026-06-11T08:54:19.018] [Frame] [INFO] frame=1485 begin
[2026-06-11T08:54:19.022] [Frame] [INFO] frame=1486 begin
[2026-06-11T08:54:19.026] [Frame] [INFO] frame=1487 begin
[2026-06-11T08:54:19.030] [Frame] [INFO] frame=1488 begin
[2026-06-11T08:54:19.034] [Frame] [INFO] frame=1489 begin
[2026-06-11T08:54:19.039] [Frame] [INFO] frame=1490 begin
[2026-06-11T08:54:19.043] [Frame] [INFO] frame=1491 begin
[2026-06-11T08:54:19.047] [Frame] [INFO] frame=1492 begin
[2026-06-11T08:54:19.051] [Frame] [INFO] frame=1493 begin
[2026-06-11T08:54:19.055] [Frame] [INFO] frame=1494 begin
[2026-06-11T08:54:19.059] [Frame] [INFO] frame=1495 begin
[2026-06-11T08:54:19.064] [Frame] [INFO] frame=1496 begin
[2026-06-11T08:54:19.068] [Frame] [INFO] frame=1497 begin
[2026-06-11T08:54:19.072] [Frame] [INFO] frame=1498 begin
[2026-06-11T08:54:19.076] [Frame] [INFO] frame=1499 begin
[2026-06-11T08:54:19.080] [Frame] [INFO] frame=1500 begin
[2026-06-11T08:54:19.084] [Frame] [INFO] frame=1501 begin
[2026-06-11T08:54:19.089] [Frame] [INFO] frame=1502 begin
[2026-06-11T08:54:19.093] [Frame] [INFO] frame=1503 begin
[2026-06-11T08:54:19.097] [Frame] [INFO] frame=1504 begin
[2026-06-11T08:54:19.101] [Frame] [INFO] frame=1505 begin
[2026-06-11T08:54:19.105] [Frame] [INFO] frame=1506 begin
[2026-06-11T08:54:19.109] [Frame] [INFO] frame=1507 begin
[2026-06-11T08:54:19.114] [Frame] [INFO] frame=1508 begin
[2026-06-11T08:54:19.118] [Frame] [INFO] frame=1509 begin
[2026-06-11T08:54:19.122] [Frame] [INFO] frame=1510 begin
[2026-06-11T08:54:19.126] [Frame] [INFO] frame=1511 begin
[2026-06-11T08:54:19.130] [Frame] [INFO] frame=1512 begin
[2026-06-11T08:54:19.134] [Frame] [INFO] frame=1513 begin
[2026-06-11T08:54:19.139] [Frame] [INFO] frame=1514 begin
[2026-06-11T08:54:19.143] [Frame] [INFO] frame=1515 begin
[2026-06-11T08:54:19.147] [Frame] [INFO] frame=1516 begin
[2026-06-11T08:54:19.151] [Frame] [INFO] frame=1517 begin
[2026-06-11T08:54:19.155] [Frame] [INFO] frame=1518 begin
[2026-06-11T08:54:19.159] [Frame] [INFO] frame=1519 begin
[2026-06-11T08:54:19.164] [Frame] [INFO] frame=1520 begin
[2026-06-11T08:54:19.168] [Frame] [INFO] frame=1521 begin
[2026-06-11T08:54:19.172] [Frame] [INFO] frame=1522 begin
[2026-06-11T08:54:19.176] [Frame] [INFO] frame=1523 begin
[2026-06-11T08:54:19.180] [Frame] [INFO] frame=1524 begin
[2026-06-11T08:54:19.184] [Frame] [INFO] frame=1525 begin
[2026-06-11T08:54:19.189] [Frame] [INFO] frame=1526 begin
[2026-06-11T08:54:19.193] [Frame] [INFO] frame=1527 begin
[2026-06-11T08:54:19.197] [Frame] [INFO] frame=1528 begin
[2026-06-11T08:54:19.201] [Frame] [INFO] frame=1529 begin
[2026-06-11T08:54:19.205] [Frame] [INFO] frame=1530 begin
[2026-06-11T08:54:19.209] [Frame] [INFO] frame=1531 begin
[2026-06-11T08:54:19.214] [Frame] [INFO] frame=1532 begin
[2026-06-11T08:54:19.218] [Frame] [INFO] frame=1533 begin
[2026-06-11T08:54:19.222] [Frame] [INFO] frame=1534 begin
[2026-06-11T08:54:19.226] [Frame] [INFO] frame=1535 begin
[2026-06-11T08:54:19.230] [Frame] [INFO] frame=1536 begin
[2026-06-11T08:54:19.234] [Frame] [INFO] frame=1537 begin
[2026-06-11T08:54:19.239] [Frame] [INFO] frame=1538 begin
[2026-06-11T08:54:19.243] [Frame] [INFO] frame=1539 begin
[2026-06-11T08:54:19.247] [Frame] [INFO] frame=1540 begin
[2026-06-11T08:54:19.251] [Frame] [INFO] frame=1541 begin
[2026-06-11T08:54:19.255] [Frame] [INFO] frame=1542 begin
[2026-06-11T08:54:19.259] [Frame] [INFO] frame=1543 begin
[2026-06-11T08:54:19.264] [Frame] [INFO] frame=1544 begin
[2026-06-11T08:54:19.268] [Frame] [INFO] frame=1545 begin
[2026-06-11T08:54:19.272] [Frame] [INFO] frame=1546 begin
[2026-06-11T08:54:19.276] [Frame] [INFO] frame=1547 begin
[2026-06-11T08:54:19.280] [Frame] [INFO] frame=1548 begin
[2026-06-11T08:54:19.284] [Frame] [INFO] frame=1549 begin
[2026-06-11T08:54:19.289] [Frame] [INFO] frame=1550 begin
[2026-06-11T08:54:19.293] [Frame] [INFO] frame=1551 begin
[2026-06-11T08:54:19.297] [Frame] [INFO] frame=1552 begin
[2026-06-11T08:54:19.301] [Frame] [INFO] frame=1553 begin
[2026-06-11T08:54:19.305] [Frame] [INFO] frame=1554 begin
[2026-06-11T08:54:19.309] [Frame] [INFO] frame=1555 begin
[2026-06-11T08:54:19.314] [Frame] [INFO] frame=1556 begin
[2026-06-11T08:54:19.318] [Frame] [INFO] frame=1557 begin
[2026-06-11T08:54:19.322] [Frame] [INFO] frame=1558 begin
[2026-06-11T08:54:19.326] [Frame] [INFO] frame=1559 begin
[2026-06-11T08:54:19.330] [Frame] [INFO] frame=1560 begin
[2026-06-11T08:54:19.335] [Frame] [INFO] frame=1561 begin
[2026-06-11T08:54:19.339] [Frame] [INFO] frame=1562 begin
[2026-06-11T08:54:19.343] [Frame] [INFO] frame=1563 begin
[2026-06-11T08:54:19.347] [Frame] [INFO] frame=1564 begin
[2026-06-11T08:54:19.351] [Frame] [INFO] frame=1565 begin
[2026-06-11T08:54:19.355] [Frame] [INFO] frame=1566 begin
[2026-06-11T08:54:19.359] [Frame] [INFO] frame=1567 begin
[2026-06-11T08:54:19.364] [Frame] [INFO] frame=1568 begin
[2026-06-11T08:54:19.368] [Frame] [INFO] frame=1569 begin
[2026-06-11T08:54:19.372] [Frame] [INFO] frame=1570 begin
[2026-06-11T08:54:19.376] [Frame] [INFO] frame=1571 begin
[2026-06-11T08:54:19.380] [Frame] [INFO] frame=1572 begin
[2026-06-11T08:54:19.384] [Frame] [INFO] frame=1573 begin
[2026-06-11T08:54:19.389] [Frame] [INFO] frame=1574 begin
[2026-06-11T08:54:19.393] [Frame] [INFO] frame=1575 begin
[2026-06-11T08:54:19.397] [Frame] [INFO] frame=1576 begin
[2026-06-11T08:54:19.401] [Frame] [INFO] frame=1577 begin
[2026-06-11T08:54:19.405] [Frame] [INFO] frame=1578 begin
[2026-06-11T08:54:19.409] [Frame] [INFO] frame=1579 begin
[2026-06-11T08:54:19.414] [Frame] [INFO] frame=1580 begin
[2026-06-11T08:54:19.418] [Frame] [INFO] frame=1581 begin
[2026-06-11T08:54:19.422] [Frame] [INFO] frame=1582 begin
[2026-06-11T08:54:19.426] [Frame] [INFO] frame=1583 begin
[2026-06-11T08:54:19.430] [Frame] [INFO] frame=1584 begin
[2026-06-11T08:54:19.434] [Frame] [INFO] frame=1585 begin
[2026-06-11T08:54:19.439] [Frame] [INFO] frame=1586 begin
[2026-06-11T08:54:19.443] [Frame] [INFO] frame=1587 begin
[2026-06-11T08:54:19.447] [Frame] [INFO] frame=1588 begin
[2026-06-11T08:54:19.451] [Frame] [INFO] frame=1589 begin
[2026-06-11T08:54:19.455] [Frame] [INFO] frame=1590 begin
[2026-06-11T08:54:19.460] [Frame] [INFO] frame=1591 begin
[2026-06-11T08:54:19.464] [Frame] [INFO] frame=1592 begin
[2026-06-11T08:54:19.468] [Frame] [INFO] frame=1593 begin
[2026-06-11T08:54:19.472] [Frame] [INFO] frame=1594 begin
[2026-06-11T08:54:19.476] [Frame] [INFO] frame=1595 begin
[2026-06-11T08:54:19.480] [Frame] [INFO] frame=1596 begin
[2026-06-11T08:54:19.484] [Frame] [INFO] frame=1597 begin
[2026-06-11T08:54:19.489] [Frame] [INFO] frame=1598 begin
[2026-06-11T08:54:19.493] [Frame] [INFO] frame=1599 begin
[2026-06-11T08:54:19.497] [Frame] [INFO] frame=1600 begin
[2026-06-11T08:54:19.501] [Frame] [INFO] frame=1601 begin
[2026-06-11T08:54:19.505] [Frame] [INFO] frame=1602 begin
[2026-06-11T08:54:19.509] [Frame] [INFO] frame=1603 begin
[2026-06-11T08:54:19.514] [Frame] [INFO] frame=1604 begin
[2026-06-11T08:54:19.518] [Frame] [INFO] frame=1605 begin
[2026-06-11T08:54:19.522] [Frame] [INFO] frame=1606 begin
[2026-06-11T08:54:19.526] [Frame] [INFO] frame=1607 begin
[2026-06-11T08:54:19.530] [Frame] [INFO] frame=1608 begin
[2026-06-11T08:54:19.534] [Frame] [INFO] frame=1609 begin
[2026-06-11T08:54:19.539] [Frame] [INFO] frame=1610 begin
[2026-06-11T08:54:19.543] [Frame] [INFO] frame=1611 begin
[2026-06-11T08:54:19.547] [Frame] [INFO] frame=1612 begin
[2026-06-11T08:54:19.551] [Frame] [INFO] frame=1613 begin
[2026-06-11T08:54:19.555] [Frame] [INFO] frame=1614 begin
[2026-06-11T08:54:19.559] [Frame] [INFO] frame=1615 begin
[2026-06-11T08:54:19.564] [Frame] [INFO] frame=1616 begin
[2026-06-11T08:54:19.568] [Frame] [INFO] frame=1617 begin
[2026-06-11T08:54:19.572] [Frame] [INFO] frame=1618 begin
[2026-06-11T08:54:19.576] [Frame] [INFO] frame=1619 begin
[2026-06-11T08:54:19.580] [Frame] [INFO] frame=1620 begin
[2026-06-11T08:54:19.585] [Frame] [INFO] frame=1621 begin
[2026-06-11T08:54:19.589] [Frame] [INFO] frame=1622 begin
[2026-06-11T08:54:19.593] [Frame] [INFO] frame=1623 begin
[2026-06-11T08:54:19.597] [Frame] [INFO] frame=1624 begin
[2026-06-11T08:54:19.601] [Frame] [INFO] frame=1625 begin
[2026-06-11T08:54:19.605] [Frame] [INFO] frame=1626 begin
[2026-06-11T08:54:19.609] [Frame] [INFO] frame=1627 begin
[2026-06-11T08:54:19.614] [Frame] [INFO] frame=1628 begin
[2026-06-11T08:54:19.618] [Frame] [INFO] frame=1629 begin
[2026-06-11T08:54:19.622] [Frame] [INFO] frame=1630 begin
[2026-06-11T08:54:19.626] [Frame] [INFO] frame=1631 begin
[2026-06-11T08:54:19.630] [Frame] [INFO] frame=1632 begin
[2026-06-11T08:54:19.634] [Frame] [INFO] frame=1633 begin
[2026-06-11T08:54:19.639] [Frame] [INFO] frame=1634 begin
[2026-06-11T08:54:19.643] [Frame] [INFO] frame=1635 begin
[2026-06-11T08:54:19.647] [Frame] [INFO] frame=1636 begin
[2026-06-11T08:54:19.651] [Frame] [INFO] frame=1637 begin
[2026-06-11T08:54:19.655] [Frame] [INFO] frame=1638 begin
[2026-06-11T08:54:19.659] [Frame] [INFO] frame=1639 begin
[2026-06-11T08:54:19.664] [Frame] [INFO] frame=1640 begin
[2026-06-11T08:54:19.668] [Frame] [INFO] frame=1641 begin
[2026-06-11T08:54:19.672] [Frame] [INFO] frame=1642 begin
[2026-06-11T08:54:19.676] [Frame] [INFO] frame=1643 begin
[2026-06-11T08:54:19.680] [Frame] [INFO] frame=1644 begin
[2026-06-11T08:54:19.684] [Frame] [INFO] frame=1645 begin
[2026-06-11T08:54:19.689] [Frame] [INFO] frame=1646 begin
[2026-06-11T08:54:19.693] [Frame] [INFO] frame=1647 begin
[2026-06-11T08:54:19.697] [Frame] [INFO] frame=1648 begin
[2026-06-11T08:54:19.701] [Frame] [INFO] frame=1649 begin
[2026-06-11T08:54:19.705] [Frame] [INFO] frame=1650 begin
[2026-06-11T08:54:19.709] [Frame] [INFO] frame=1651 begin
[2026-06-11T08:54:19.714] [Frame] [INFO] frame=1652 begin
[2026-06-11T08:54:19.718] [Frame] [INFO] frame=1653 begin
[2026-06-11T08:54:19.722] [Frame] [INFO] frame=1654 begin
[2026-06-11T08:54:19.726] [Frame] [INFO] frame=1655 begin
[2026-06-11T08:54:19.730] [Frame] [INFO] frame=1656 begin
[2026-06-11T08:54:19.734] [Frame] [INFO] frame=1657 begin
[2026-06-11T08:54:19.739] [Frame] [INFO] frame=1658 begin
[2026-06-11T08:54:19.743] [Frame] [INFO] frame=1659 begin
[2026-06-11T08:54:19.747] [Frame] [INFO] frame=1660 begin
[2026-06-11T08:54:19.751] [Frame] [INFO] frame=1661 begin
[2026-06-11T08:54:19.755] [Frame] [INFO] frame=1662 begin
[2026-06-11T08:54:19.759] [Frame] [INFO] frame=1663 begin
[2026-06-11T08:54:19.764] [Frame] [INFO] frame=1664 begin
[2026-06-11T08:54:19.768] [Frame] [INFO] frame=1665 begin
[2026-06-11T08:54:19.772] [Frame] [INFO] frame=1666 begin
[2026-06-11T08:54:19.776] [Frame] [INFO] frame=1667 begin
[2026-06-11T08:54:19.780] [Frame] [INFO] frame=1668 begin
[2026-06-11T08:54:19.784] [Frame] [INFO] frame=1669 begin
[2026-06-11T08:54:19.789] [Frame] [INFO] frame=1670 begin
[2026-06-11T08:54:19.793] [Frame] [INFO] frame=1671 begin
[2026-06-11T08:54:19.797] [Frame] [INFO] frame=1672 begin
[2026-06-11T08:54:19.801] [Frame] [INFO] frame=1673 begin
[2026-06-11T08:54:19.805] [Frame] [INFO] frame=1674 begin
[2026-06-11T08:54:19.809] [Frame] [INFO] frame=1675 begin
[2026-06-11T08:54:19.814] [Frame] [INFO] frame=1676 begin
[2026-06-11T08:54:19.818] [Frame] [INFO] frame=1677 begin
[2026-06-11T08:54:19.822] [Frame] [INFO] frame=1678 begin
[2026-06-11T08:54:19.826] [Frame] [INFO] frame=1679 begin
[2026-06-11T08:54:19.830] [Frame] [INFO] frame=1680 begin
[2026-06-11T08:54:19.835] [Frame] [INFO] frame=1681 begin
[2026-06-11T08:54:19.839] [Frame] [INFO] frame=1682 begin
[2026-06-11T08:54:19.843] [Frame] [INFO] frame=1683 begin
[2026-06-11T08:54:19.847] [Frame] [INFO] frame=1684 begin
[2026-06-11T08:54:19.851] [Frame] [INFO] frame=1685 begin
[2026-06-11T08:54:19.855] [Frame] [INFO] frame=1686 begin
[2026-06-11T08:54:19.859] [Frame] [INFO] frame=1687 begin
[2026-06-11T08:54:19.864] [Frame] [INFO] frame=1688 begin
[2026-06-11T08:54:19.868] [Frame] [INFO] frame=1689 begin
[2026-06-11T08:54:19.872] [Frame] [INFO] frame=1690 begin
[2026-06-11T08:54:19.876] [Frame] [INFO] frame=1691 begin
[2026-06-11T08:54:19.880] [Frame] [INFO] frame=1692 begin
[2026-06-11T08:54:19.884] [Frame] [INFO] frame=1693 begin
[2026-06-11T08:54:19.889] [Frame] [INFO] frame=1694 begin
[2026-06-11T08:54:19.893] [Frame] [INFO] frame=1695 begin
[2026-06-11T08:54:19.897] [Frame] [INFO] frame=1696 begin
[2026-06-11T08:54:19.901] [Frame] [INFO] frame=1697 begin
[2026-06-11T08:54:19.905] [Frame] [INFO] frame=1698 begin
[2026-06-11T08:54:19.909] [Frame] [INFO] frame=1699 begin
[2026-06-11T08:54:19.914] [Frame] [INFO] frame=1700 begin
[2026-06-11T08:54:19.918] [Frame] [INFO] frame=1701 begin
[2026-06-11T08:54:19.922] [Frame] [INFO] frame=1702 begin
[2026-06-11T08:54:19.926] [Frame] [INFO] frame=1703 begin
[2026-06-11T08:54:19.930] [Frame] [INFO] frame=1704 begin
[2026-06-11T08:54:19.934] [Frame] [INFO] frame=1705 begin
[2026-06-11T08:54:19.939] [Frame] [INFO] frame=1706 begin
[2026-06-11T08:54:19.943] [Frame] [INFO] frame=1707 begin
[2026-06-11T08:54:19.947] [Frame] [INFO] frame=1708 begin
[2026-06-11T08:54:19.951] [Frame] [INFO] frame=1709 begin
[2026-06-11T08:54:19.955] [Frame] [INFO] frame=1710 begin
[2026-06-11T08:54:19.959] [Frame] [INFO] frame=1711 begin
[2026-06-11T08:54:19.964] [Frame] [INFO] frame=1712 begin
[2026-06-11T08:54:19.968] [Frame] [INFO] frame=1713 begin
[2026-06-11T08:54:19.972] [Frame] [INFO] frame=1714 begin
[2026-06-11T08:54:19.976] [Frame] [INFO] frame=1715 begin
[2026-06-11T08:54:19.980] [Frame] [INFO] frame=1716 begin
[2026-06-11T08:54:19.984] [Frame] [INFO] frame=1717 begin
[2026-06-11T08:54:19.989] [Frame] [INFO] frame=1718 begin
[2026-06-11T08:54:19.993] [Frame] [INFO] frame=1719 begin
[2026-06-11T08:54:19.997] [Frame] [INFO] frame=1720 begin
[2026-06-11T08:54:20.001] [Frame] [INFO] frame=1721 begin
[2026-06-11T08:54:20.005] [Frame] [INFO] frame=1722 begin
[2026-06-11T08:54:20.009] [Frame] [INFO] frame=1723 begin
[2026-06-11T08:54:20.014] [Frame] [INFO] frame=1724 begin
[2026-06-11T08:54:20.018] [Frame] [INFO] frame=1725 begin
[2026-06-11T08:54:20.022] [Frame] [INFO] frame=1726 begin
[2026-06-11T08:54:20.026] [Frame] [INFO] frame=1727 begin
[2026-06-11T08:54:20.030] [Frame] [INFO] frame=1728 begin
[2026-06-11T08:54:20.034] [Frame] [INFO] frame=1729 begin
[2026-06-11T08:54:20.039] [Frame] [INFO] frame=1730 begin
[2026-06-11T08:54:20.043] [Frame] [INFO] frame=1731 begin
[2026-06-11T08:54:20.047] [Frame] [INFO] frame=1732 begin
[2026-06-11T08:54:20.051] [Frame] [INFO] frame=1733 begin
[2026-06-11T08:54:20.055] [Frame] [INFO] frame=1734 begin
[2026-06-11T08:54:20.059] [Frame] [INFO] frame=1735 begin
[2026-06-11T08:54:20.064] [Frame] [INFO] frame=1736 begin
[2026-06-11T08:54:20.068] [Frame] [INFO] frame=1737 begin
[2026-06-11T08:54:20.072] [Frame] [INFO] frame=1738 begin
[2026-06-11T08:54:20.076] [Frame] [INFO] frame=1739 begin
[2026-06-11T08:54:20.080] [Frame] [INFO] frame=1740 begin
[2026-06-11T08:54:20.084] [Frame] [INFO] frame=1741 begin
[2026-06-11T08:54:20.089] [Frame] [INFO] frame=1742 begin
[2026-06-11T08:54:20.093] [Frame] [INFO] frame=1743 begin
[2026-06-11T08:54:20.097] [Frame] [INFO] frame=1744 begin
[2026-06-11T08:54:20.101] [Frame] [INFO] frame=1745 begin
[2026-06-11T08:54:20.105] [Frame] [INFO] frame=1746 begin
[2026-06-11T08:54:20.109] [Frame] [INFO] frame=1747 begin
[2026-06-11T08:54:20.114] [Frame] [INFO] frame=1748 begin
[2026-06-11T08:54:20.118] [Frame] [INFO] frame=1749 begin
[2026-06-11T08:54:20.122] [Frame] [INFO] frame=1750 begin
[2026-06-11T08:54:20.126] [Frame] [INFO] frame=1751 begin
[2026-06-11T08:54:20.130] [Frame] [INFO] frame=1752 begin
[2026-06-11T08:54:20.134] [Frame] [INFO] frame=1753 begin
[2026-06-11T08:54:20.139] [Frame] [INFO] frame=1754 begin
[2026-06-11T08:54:20.143] [Frame] [INFO] frame=1755 begin
[2026-06-11T08:54:20.147] [Frame] [INFO] frame=1756 begin
[2026-06-11T08:54:20.151] [Frame] [INFO] frame=1757 begin
[2026-06-11T08:54:20.155] [Frame] [INFO] frame=1758 begin
[2026-06-11T08:54:20.159] [Frame] [INFO] frame=1759 begin
[2026-06-11T08:54:20.164] [Frame] [INFO] frame=1760 begin
[2026-06-11T08:54:20.168] [Frame] [INFO] frame=1761 begin
[2026-06-11T08:54:20.172] [Frame] [INFO] frame=1762 begin
[2026-06-11T08:54:20.176] [Frame] [INFO] frame=1763 begin
[2026-06-11T08:54:20.180] [Frame] [INFO] frame=1764 begin
[2026-06-11T08:54:20.184] [Frame] [INFO] frame=1765 begin
[2026-06-11T08:54:20.189] [Frame] [INFO] frame=1766 begin
[2026-06-11T08:54:20.193] [Frame] [INFO] frame=1767 begin
[2026-06-11T08:54:20.197] [Frame] [INFO] frame=1768 begin
[2026-06-11T08:54:20.201] [Frame] [INFO] frame=1769 begin
[2026-06-11T08:54:20.205] [Frame] [INFO] frame=1770 begin
[2026-06-11T08:54:20.209] [Frame] [INFO] frame=1771 begin
[2026-06-11T08:54:20.214] [Frame] [INFO] frame=1772 begin
[2026-06-11T08:54:20.218] [Frame] [INFO] frame=1773 begin
[2026-06-11T08:54:20.222] [Frame] [INFO] frame=1774 begin
[2026-06-11T08:54:20.226] [Frame] [INFO] frame=1775 begin
[2026-06-11T08:54:20.230] [Frame] [INFO] frame=1776 begin
[2026-06-11T08:54:20.234] [Frame] [INFO] frame=1777 begin
[2026-06-11T08:54:20.239] [Frame] [INFO] frame=1778 begin
[2026-06-11T08:54:20.243] [Frame] [INFO] frame=1779 begin
[2026-06-11T08:54:20.247] [Frame] [INFO] frame=1780 begin
[2026-06-11T08:54:20.251] [Frame] [INFO] frame=1781 begin
[2026-06-11T08:54:20.255] [Frame] [INFO] frame=1782 begin
[2026-06-11T08:54:20.259] [Frame] [INFO] frame=1783 begin
[2026-06-11T08:54:20.264] [Frame] [INFO] frame=1784 begin
[2026-06-11T08:54:20.268] [Frame] [INFO] frame=1785 begin
[2026-06-11T08:54:20.272] [Frame] [INFO] frame=1786 begin
[2026-06-11T08:54:20.276] [Frame] [INFO] frame=1787 begin
[2026-06-11T08:54:20.280] [Frame] [INFO] frame=1788 begin
[2026-06-11T08:54:20.284] [Frame] [INFO] frame=1789 begin
[2026-06-11T08:54:20.289] [Frame] [INFO] frame=1790 begin
[2026-06-11T08:54:20.293] [Frame] [INFO] frame=1791 begin
[2026-06-11T08:54:20.297] [Frame] [INFO] frame=1792 begin
[2026-06-11T08:54:20.301] [Frame] [INFO] frame=1793 begin
[2026-06-11T08:54:20.305] [Frame] [INFO] frame=1794 begin
[2026-06-11T08:54:20.309] [Frame] [INFO] frame=1795 begin
[2026-06-11T08:54:20.314] [Frame] [INFO] frame=1796 begin
[2026-06-11T08:54:20.318] [Frame] [INFO] frame=1797 begin
[2026-06-11T08:54:20.322] [Frame] [INFO] frame=1798 begin
[2026-06-11T08:54:20.326] [Frame] [INFO] frame=1799 begin
[2026-06-11T08:54:20.330] [Frame] [INFO] frame=1800 begin
[2026-06-11T08:54:20.335] [Frame] [INFO] frame=1801 begin
[2026-06-11T08:54:20.339] [Frame] [INFO] frame=1802 begin
[2026-06-11T08:54:20.343] [Frame] [INFO] frame=1803 begin
[2026-06-11T08:54:20.347] [Frame] [INFO] frame=1804 begin
[2026-06-11T08:54:20.351] [Frame] [INFO] frame=1805 begin
[2026-06-11T08:54:20.355] [Frame] [INFO] frame=1806 begin
[2026-06-11T08:54:20.359] [Frame] [INFO] frame=1807 begin
[2026-06-11T08:54:20.364] [Frame] [INFO] frame=1808 begin
[2026-06-11T08:54:20.368] [Frame] [INFO] frame=1809 begin
[2026-06-11T08:54:20.372] [Frame] [INFO] frame=1810 begin
[2026-06-11T08:54:20.376] [Frame] [INFO] frame=1811 begin
[2026-06-11T08:54:20.380] [Frame] [INFO] frame=1812 begin
[2026-06-11T08:54:20.384] [Frame] [INFO] frame=1813 begin
[2026-06-11T08:54:20.389] [Frame] [INFO] frame=1814 begin
[2026-06-11T08:54:20.393] [Frame] [INFO] frame=1815 begin
[2026-06-11T08:54:20.397] [Frame] [INFO] frame=1816 begin
[2026-06-11T08:54:20.401] [Frame] [INFO] frame=1817 begin
[2026-06-11T08:54:20.405] [Frame] [INFO] frame=1818 begin
[2026-06-11T08:54:20.409] [Frame] [INFO] frame=1819 begin
[2026-06-11T08:54:20.414] [Frame] [INFO] frame=1820 begin
[2026-06-11T08:54:20.418] [Frame] [INFO] frame=1821 begin
[2026-06-11T08:54:20.422] [Frame] [INFO] frame=1822 begin
[2026-06-11T08:54:20.426] [Frame] [INFO] frame=1823 begin
[2026-06-11T08:54:20.430] [Frame] [INFO] frame=1824 begin
[2026-06-11T08:54:20.434] [Frame] [INFO] frame=1825 begin
[2026-06-11T08:54:20.439] [Frame] [INFO] frame=1826 begin
[2026-06-11T08:54:20.443] [Frame] [INFO] frame=1827 begin
[2026-06-11T08:54:20.447] [Frame] [INFO] frame=1828 begin
[2026-06-11T08:54:20.451] [Frame] [INFO] frame=1829 begin
[2026-06-11T08:54:20.455] [Frame] [INFO] frame=1830 begin
[2026-06-11T08:54:20.459] [Frame] [INFO] frame=1831 begin
[2026-06-11T08:54:20.464] [Frame] [INFO] frame=1832 begin
[2026-06-11T08:54:20.468] [Frame] [INFO] frame=1833 begin
[2026-06-11T08:54:20.472] [Frame] [INFO] frame=1834 begin
[2026-06-11T08:54:20.476] [Frame] [INFO] frame=1835 begin
[2026-06-11T08:54:20.480] [Frame] [INFO] frame=1836 begin
[2026-06-11T08:54:20.484] [Frame] [INFO] frame=1837 begin
[2026-06-11T08:54:20.489] [Frame] [INFO] frame=1838 begin
[2026-06-11T08:54:20.493] [Frame] [INFO] frame=1839 begin
[2026-06-11T08:54:20.497] [Frame] [INFO] frame=1840 begin
[2026-06-11T08:54:20.501] [Frame] [INFO] frame=1841 begin
[2026-06-11T08:54:20.505] [Frame] [INFO] frame=1842 begin
[2026-06-11T08:54:20.509] [Frame] [INFO] frame=1843 begin
[2026-06-11T08:54:20.514] [Frame] [INFO] frame=1844 begin
[2026-06-11T08:54:20.518] [Frame] [INFO] frame=1845 begin
[2026-06-11T08:54:20.522] [Frame] [INFO] frame=1846 begin
[2026-06-11T08:54:20.526] [Frame] [INFO] frame=1847 begin
[2026-06-11T08:54:20.530] [Frame] [INFO] frame=1848 begin
[2026-06-11T08:54:20.534] [Frame] [INFO] frame=1849 begin
[2026-06-11T08:54:20.539] [Frame] [INFO] frame=1850 begin
[2026-06-11T08:54:20.543] [Frame] [INFO] frame=1851 begin
[2026-06-11T08:54:20.547] [Frame] [INFO] frame=1852 begin
[2026-06-11T08:54:20.551] [Frame] [INFO] frame=1853 begin
[2026-06-11T08:54:20.555] [Frame] [INFO] frame=1854 begin
[2026-06-11T08:54:20.559] [Frame] [INFO] frame=1855 begin
[2026-06-11T08:54:20.564] [Frame] [INFO] frame=1856 begin
[2026-06-11T08:54:20.568] [Frame] [INFO] frame=1857 begin
[2026-06-11T08:54:20.572] [Frame] [INFO] frame=1858 begin
[2026-06-11T08:54:20.576] [Frame] [INFO] frame=1859 begin
[2026-06-11T08:54:20.580] [Frame] [INFO] frame=1860 begin
[2026-06-11T08:54:20.584] [Frame] [INFO] frame=1861 begin
[2026-06-11T08:54:20.589] [Frame] [INFO] frame=1862 begin
[2026-06-11T08:54:20.593] [Frame] [INFO] frame=1863 begin
[2026-06-11T08:54:20.597] [Frame] [INFO] frame=1864 begin
[2026-06-11T08:54:20.601] [Frame] [INFO] frame=1865 begin
[2026-06-11T08:54:20.605] [Frame] [INFO] frame=1866 begin
[2026-06-11T08:54:20.609] [Frame] [INFO] frame=1867 begin
[2026-06-11T08:54:20.614] [Frame] [INFO] frame=1868 begin
[2026-06-11T08:54:20.618] [Frame] [INFO] frame=1869 begin
[2026-06-11T08:54:20.622] [Frame] [INFO] frame=1870 begin
[2026-06-11T08:54:20.626] [Frame] [INFO] frame=1871 begin
[2026-06-11T08:54:20.630] [Frame] [INFO] frame=1872 begin
[2026-06-11T08:54:20.634] [Frame] [INFO] frame=1873 begin
[2026-06-11T08:54:20.639] [Frame] [INFO] frame=1874 begin
[2026-06-11T08:54:20.643] [Frame] [INFO] frame=1875 begin
[2026-06-11T08:54:20.647] [Frame] [INFO] frame=1876 begin
[2026-06-11T08:54:20.651] [Frame] [INFO] frame=1877 begin
[2026-06-11T08:54:20.655] [Frame] [INFO] frame=1878 begin
[2026-06-11T08:54:20.659] [Frame] [INFO] frame=1879 begin
[2026-06-11T08:54:20.664] [Frame] [INFO] frame=1880 begin
[2026-06-11T08:54:20.668] [Frame] [INFO] frame=1881 begin
[2026-06-11T08:54:20.672] [Frame] [INFO] frame=1882 begin
[2026-06-11T08:54:20.676] [Frame] [INFO] frame=1883 begin
[2026-06-11T08:54:20.680] [Frame] [INFO] frame=1884 begin
[2026-06-11T08:54:20.684] [Frame] [INFO] frame=1885 begin
[2026-06-11T08:54:20.689] [Frame] [INFO] frame=1886 begin
[2026-06-11T08:54:20.693] [Frame] [INFO] frame=1887 begin
[2026-06-11T08:54:20.697] [Frame] [INFO] frame=1888 begin
[2026-06-11T08:54:20.701] [Frame] [INFO] frame=1889 begin
[2026-06-11T08:54:20.705] [Frame] [INFO] frame=1890 begin
[2026-06-11T08:54:20.709] [Frame] [INFO] frame=1891 begin
[2026-06-11T08:54:20.714] [Frame] [INFO] frame=1892 begin
[2026-06-11T08:54:20.718] [Frame] [INFO] frame=1893 begin
[2026-06-11T08:54:20.722] [Frame] [INFO] frame=1894 begin
[2026-06-11T08:54:20.726] [Frame] [INFO] frame=1895 begin
[2026-06-11T08:54:20.730] [Frame] [INFO] frame=1896 begin
[2026-06-11T08:54:20.734] [Frame] [INFO] frame=1897 begin
[2026-06-11T08:54:20.739] [Frame] [INFO] frame=1898 begin
[2026-06-11T08:54:20.743] [Frame] [INFO] frame=1899 begin
[2026-06-11T08:54:20.747] [Frame] [INFO] frame=1900 begin
[2026-06-11T08:54:20.751] [Frame] [INFO] frame=1901 begin
[2026-06-11T08:54:20.755] [Frame] [INFO] frame=1902 begin
[2026-06-11T08:54:20.759] [Frame] [INFO] frame=1903 begin
[2026-06-11T08:54:20.764] [Frame] [INFO] frame=1904 begin
[2026-06-11T08:54:20.768] [Frame] [INFO] frame=1905 begin
[2026-06-11T08:54:20.772] [Frame] [INFO] frame=1906 begin
[2026-06-11T08:54:20.776] [Frame] [INFO] frame=1907 begin
[2026-06-11T08:54:20.780] [Frame] [INFO] frame=1908 begin
[2026-06-11T08:54:20.784] [Frame] [INFO] frame=1909 begin
[2026-06-11T08:54:20.789] [Frame] [INFO] frame=1910 begin
[2026-06-11T08:54:20.793] [Frame] [INFO] frame=1911 begin
[2026-06-11T08:54:20.797] [Frame] [INFO] frame=1912 begin
[2026-06-11T08:54:20.801] [Frame] [INFO] frame=1913 begin
[2026-06-11T08:54:20.805] [Frame] [INFO] frame=1914 begin
[2026-06-11T08:54:20.809] [Frame] [INFO] frame=1915 begin
[2026-06-11T08:54:20.814] [Frame] [INFO] frame=1916 begin
[2026-06-11T08:54:20.818] [Frame] [INFO] frame=1917 begin
[2026-06-11T08:54:20.822] [Frame] [INFO] frame=1918 begin
[2026-06-11T08:54:20.826] [Frame] [INFO] frame=1919 begin
[2026-06-11T08:54:20.830] [Frame] [INFO] frame=1920 begin
[2026-06-11T08:54:20.835] [Frame] [INFO] frame=1921 begin
[2026-06-11T08:54:20.839] [Frame] [INFO] frame=1922 begin
[2026-06-11T08:54:20.843] [Frame] [INFO] frame=1923 begin
[2026-06-11T08:54:20.847] [Frame] [INFO] frame=1924 begin
[2026-06-11T08:54:20.851] [Frame] [INFO] frame=1925 begin
[2026-06-11T08:54:20.855] [Frame] [INFO] frame=1926 begin
[2026-06-11T08:54:20.859] [Frame] [INFO] frame=1927 begin
[2026-06-11T08:54:20.864] [Frame] [INFO] frame=1928 begin
[2026-06-11T08:54:20.868] [Frame] [INFO] frame=1929 begin
[2026-06-11T08:54:20.872] [Frame] [INFO] frame=1930 begin
[2026-06-11T08:54:20.876] [Frame] [INFO] frame=1931 begin
[2026-06-11T08:54:20.880] [Frame] [INFO] frame=1932 begin
[2026-06-11T08:54:20.884] [Frame] [INFO] frame=1933 begin
[2026-06-11T08:54:20.889] [Frame] [INFO] frame=1934 begin
[2026-06-11T08:54:20.893] [Frame] [INFO] frame=1935 begin
[2026-06-11T08:54:20.897] [Frame] [INFO] frame=1936 begin
[2026-06-11T08:54:20.901] [Frame] [INFO] frame=1937 begin
[2026-06-11T08:54:20.905] [Frame] [INFO] frame=1938 begin
[2026-06-11T08:54:20.909] [Frame] [INFO] frame=1939 begin
[2026-06-11T08:54:20.914] [Frame] [INFO] frame=1940 begin
[2026-06-11T08:54:20.918] [Frame] [INFO] frame=1941 begin
[2026-06-11T08:54:20.922] [Frame] [INFO] frame=1942 begin
[2026-06-11T08:54:20.926] [Frame] [INFO] frame=1943 begin
[2026-06-11T08:54:20.930] [Frame] [INFO] frame=1944 begin
[2026-06-11T08:54:20.934] [Frame] [INFO] frame=1945 begin
[2026-06-11T08:54:20.939] [Frame] [INFO] frame=1946 begin
[2026-06-11T08:54:20.943] [Frame] [INFO] frame=1947 begin
[2026-06-11T08:54:20.947] [Frame] [INFO] frame=1948 begin
[2026-06-11T08:54:20.951] [Frame] [INFO] frame=1949 begin
[2026-06-11T08:54:20.955] [Frame] [INFO] frame=1950 begin
[2026-06-11T08:54:20.959] [Frame] [INFO] frame=1951 begin
[2026-06-11T08:54:20.964] [Frame] [INFO] frame=1952 begin
[2026-06-11T08:54:20.968] [Frame] [INFO] frame=1953 begin
[2026-06-11T08:54:20.972] [Frame] [INFO] frame=1954 begin
[2026-06-11T08:54:20.976] [Frame] [INFO] frame=1955 begin
[2026-06-11T08:54:20.980] [Frame] [INFO] frame=1956 begin
[2026-06-11T08:54:20.984] [Frame] [INFO] frame=1957 begin
[2026-06-11T08:54:20.989] [Frame] [INFO] frame=1958 begin
[2026-06-11T08:54:20.993] [Frame] [INFO] frame=1959 begin
[2026-06-11T08:54:20.997] [Frame] [INFO] frame=1960 begin
[2026-06-11T08:54:21.001] [Frame] [INFO] frame=1961 begin
[2026-06-11T08:54:21.005] [Frame] [INFO] frame=1962 begin
[2026-06-11T08:54:21.009] [Frame] [INFO] frame=1963 begin
[2026-06-11T08:54:21.014] [Frame] [INFO] frame=1964 begin
[2026-06-11T08:54:21.018] [Frame] [INFO] frame=1965 begin
[2026-06-11T08:54:21.022] [Frame] [INFO] frame=1966 begin
[2026-06-11T08:54:21.026] [Frame] [INFO] frame=1967 begin
[2026-06-11T08:54:21.030] [Frame] [INFO] frame=1968 begin
[2026-06-11T08:54:21.034] [Frame] [INFO] frame=1969 begin
[2026-06-11T08:54:21.039] [Frame] [INFO] frame=1970 begin
[2026-06-11T08:54:21.043] [Frame] [INFO] frame=1971 begin
[2026-06-11T08:54:21.047] [Frame] [INFO] frame=1972 begin
[2026-06-11T08:54:21.051] [Frame] [INFO] frame=1973 begin
[2026-06-11T08:54:21.055] [Frame] [INFO] frame=1974 begin
[2026-06-11T08:54:21.059] [Frame] [INFO] frame=1975 begin
[2026-06-11T08:54:21.064] [Frame] [INFO] frame=1976 begin
[2026-06-11T08:54:21.068] [Frame] [INFO] frame=1977 begin
[2026-06-11T08:54:21.072] [Frame] [INFO] frame=1978 begin
[2026-06-11T08:54:21.076] [Frame] [INFO] frame=1979 begin
[2026-06-11T08:54:21.080] [Frame] [INFO] frame=1980 begin
[2026-06-11T08:54:21.084] [Frame] [INFO] frame=1981 begin
[2026-06-11T08:54:21.089] [Frame] [INFO] frame=1982 begin
[2026-06-11T08:54:21.093] [Frame] [INFO] frame=1983 begin
[2026-06-11T08:54:21.097] [Frame] [INFO] frame=1984 begin
[2026-06-11T08:54:21.101] [Frame] [INFO] frame=1985 begin
[2026-06-11T08:54:21.105] [Frame] [INFO] frame=1986 begin
[2026-06-11T08:54:21.109] [Frame] [INFO] frame=1987 begin
[2026-06-11T08:54:21.114] [Frame] [INFO] frame=1988 begin
[2026-06-11T08:54:21.118] [Frame] [INFO] frame=1989 begin
[2026-06-11T08:54:21.122] [Frame] [INFO] frame=1990 begin
[2026-06-11T08:54:21.126] [Frame] [INFO] frame=1991 begin
[2026-06-11T08:54:21.130] [Frame] [INFO] frame=1992 begin
[2026-06-11T08:54:21.134] [Frame] [INFO] frame=1993 begin
[2026-06-11T08:54:21.139] [Frame] [INFO] frame=1994 begin
[2026-06-11T08:54:21.143] [Frame] [INFO] frame=1995 begin
[2026-06-11T08:54:21.147] [Frame] [INFO] frame=1996 begin
[2026-06-11T08:54:21.151] [Frame] [INFO] frame=1997 begin
[2026-06-11T08:54:21.155] [Frame] [INFO] frame=1998 begin
[2026-06-11T08:54:21.159] [Frame] [INFO] frame=1999 begin
[2026-06-11T08:54:21.164] [Frame] [INFO] frame=2000 begin
[2026-06-11T08:54:21.168] [Frame] [INFO] frame=2001 begin
[2026-06-11T08:54:21.172] [Frame] [INFO] frame=2002 begin
[2026-06-11T08:54:21.176] [Frame] [INFO] frame=2003 begin
[2026-06-11T08:54:21.180] [Frame] [INFO] frame=2004 begin
[2026-06-11T08:54:21.184] [Frame] [INFO] frame=2005 begin
[2026-06-11T08:54:21.189] [Frame] [INFO] frame=2006 begin
[2026-06-11T08:54:21.193] [Frame] [INFO] frame=2007 begin
[2026-06-11T08:54:21.197] [Frame] [INFO] frame=2008 begin
[2026-06-11T08:54:21.201] [Frame] [INFO] frame=2009 begin
[2026-06-11T08:54:21.205] [Frame] [INFO] frame=2010 begin
[2026-06-11T08:54:21.209] [Frame] [INFO] frame=2011 begin
[2026-06-11T08:54:21.214] [Frame] [INFO] frame=2012 begin
[2026-06-11T08:54:21.218] [Frame] [INFO] frame=2013 begin
[2026-06-11T08:54:21.222] [Frame] [INFO] frame=2014 begin
[2026-06-11T08:54:21.226] [Frame] [INFO] frame=2015 begin
[2026-06-11T08:54:21.230] [Frame] [INFO] frame=2016 begin
[2026-06-11T08:54:21.234] [Frame] [INFO] frame=2017 begin
[2026-06-11T08:54:21.239] [Frame] [INFO] frame=2018 begin
[2026-06-11T08:54:21.243] [Frame] [INFO] frame=2019 begin
[2026-06-11T08:54:21.247] [Frame] [INFO] frame=2020 begin
[2026-06-11T08:54:21.251] [Frame] [INFO] frame=2021 begin
[2026-06-11T08:54:21.255] [Frame] [INFO] frame=2022 begin
[2026-06-11T08:54:21.259] [Frame] [INFO] frame=2023 begin
[2026-06-11T08:54:21.264] [Frame] [INFO] frame=2024 begin
[2026-06-11T08:54:21.268] [Frame] [INFO] frame=2025 begin
[2026-06-11T08:54:21.272] [Frame] [INFO] frame=2026 begin
[2026-06-11T08:54:21.276] [Frame] [INFO] frame=2027 begin
[2026-06-11T08:54:21.280] [Frame] [INFO] frame=2028 begin
[2026-06-11T08:54:21.284] [Frame] [INFO] frame=2029 begin
[2026-06-11T08:54:21.289] [Frame] [INFO] frame=2030 begin
[2026-06-11T08:54:21.293] [Frame] [INFO] frame=2031 begin
[2026-06-11T08:54:21.297] [Frame] [INFO] frame=2032 begin
[2026-06-11T08:54:21.301] [Frame] [INFO] frame=2033 begin
[2026-06-11T08:54:21.305] [Frame] [INFO] frame=2034 begin
[2026-06-11T08:54:21.309] [Frame] [INFO] frame=2035 begin
[2026-06-11T08:54:21.314] [Frame] [INFO] frame=2036 begin
[2026-06-11T08:54:21.318] [Frame] [INFO] frame=2037 begin
[2026-06-11T08:54:21.322] [Frame] [INFO] frame=2038 begin
[2026-06-11T08:54:21.326] [Frame] [INFO] frame=2039 begin
[2026-06-11T08:54:21.330] [Frame] [INFO] frame=2040 begin
[2026-06-11T08:54:21.335] [Frame] [INFO] frame=2041 begin
[2026-06-11T08:54:21.339] [Frame] [INFO] frame=2042 begin
[2026-06-11T08:54:21.343] [Frame] [INFO] frame=2043 begin
[2026-06-11T08:54:21.347] [Frame] [INFO] frame=2044 begin
[2026-06-11T08:54:21.351] [Frame] [INFO] frame=2045 begin
[2026-06-11T08:54:21.355] [Frame] [INFO] frame=2046 begin
[2026-06-11T08:54:21.359] [Frame] [INFO] frame=2047 begin
[2026-06-11T08:54:21.364] [Frame] [INFO] frame=2048 begin
[2026-06-11T08:54:21.368] [Frame] [INFO] frame=2049 begin
[2026-06-11T08:54:21.372] [Frame] [INFO] frame=2050 begin
[2026-06-11T08:54:21.376] [Frame] [INFO] frame=2051 begin
[2026-06-11T08:54:21.380] [Frame] [INFO] frame=2052 begin
[2026-06-11T08:54:21.384] [Frame] [INFO] frame=2053 begin
[2026-06-11T08:54:21.389] [Frame] [INFO] frame=2054 begin
[2026-06-11T08:54:21.393] [Frame] [INFO] frame=2055 begin
[2026-06-11T08:54:21.397] [Frame] [INFO] frame=2056 begin
[2026-06-11T08:54:21.401] [Frame] [INFO] frame=2057 begin
[2026-06-11T08:54:21.405] [Frame] [INFO] frame=2058 begin
[2026-06-11T08:54:21.409] [Frame] [INFO] frame=2059 begin
[2026-06-11T08:54:21.414] [Frame] [INFO] frame=2060 begin
[2026-06-11T08:54:21.418] [Frame] [INFO] frame=2061 begin
[2026-06-11T08:54:21.422] [Frame] [INFO] frame=2062 begin
[2026-06-11T08:54:21.426] [Frame] [INFO] frame=2063 begin
[2026-06-11T08:54:21.430] [Frame] [INFO] frame=2064 begin
[2026-06-11T08:54:21.434] [Frame] [INFO] frame=2065 begin
[2026-06-11T08:54:21.439] [Frame] [INFO] frame=2066 begin
[2026-06-11T08:54:21.443] [Frame] [INFO] frame=2067 begin
[2026-06-11T08:54:21.447] [Frame] [INFO] frame=2068 begin
[2026-06-11T08:54:21.451] [Frame] [INFO] frame=2069 begin
[2026-06-11T08:54:21.455] [Frame] [INFO] frame=2070 begin
[2026-06-11T08:54:21.459] [Frame] [INFO] frame=2071 begin
[2026-06-11T08:54:21.464] [Frame] [INFO] frame=2072 begin
[2026-06-11T08:54:21.468] [Frame] [INFO] frame=2073 begin
[2026-06-11T08:54:21.472] [Frame] [INFO] frame=2074 begin
[2026-06-11T08:54:21.476] [Frame] [INFO] frame=2075 begin
[2026-06-11T08:54:21.480] [Frame] [INFO] frame=2076 begin
[2026-06-11T08:54:21.484] [Frame] [INFO] frame=2077 begin
[2026-06-11T08:54:21.489] [Frame] [INFO] frame=2078 begin
[2026-06-11T08:54:21.493] [Frame] [INFO] frame=2079 begin
[2026-06-11T08:54:21.497] [Frame] [INFO] frame=2080 begin
[2026-06-11T08:54:21.501] [Frame] [INFO] frame=2081 begin
[2026-06-11T08:54:21.505] [Frame] [INFO] frame=2082 begin
[2026-06-11T08:54:21.509] [Frame] [INFO] frame=2083 begin
[2026-06-11T08:54:21.514] [Frame] [INFO] frame=2084 begin
[2026-06-11T08:54:21.518] [Frame] [INFO] frame=2085 begin
[2026-06-11T08:54:21.522] [Frame] [INFO] frame=2086 begin
[2026-06-11T08:54:21.526] [Frame] [INFO] frame=2087 begin
[2026-06-11T08:54:21.530] [Frame] [INFO] frame=2088 begin
[2026-06-11T08:54:21.534] [Frame] [INFO] frame=2089 begin
[2026-06-11T08:54:21.539] [Frame] [INFO] frame=2090 begin
[2026-06-11T08:54:21.543] [Frame] [INFO] frame=2091 begin
[2026-06-11T08:54:21.547] [Frame] [INFO] frame=2092 begin
[2026-06-11T08:54:21.551] [Frame] [INFO] frame=2093 begin
[2026-06-11T08:54:21.555] [Frame] [INFO] frame=2094 begin
[2026-06-11T08:54:21.559] [Frame] [INFO] frame=2095 begin
[2026-06-11T08:54:21.564] [Frame] [INFO] frame=2096 begin
[2026-06-11T08:54:21.568] [Frame] [INFO] frame=2097 begin
[2026-06-11T08:54:21.572] [Frame] [INFO] frame=2098 begin
[2026-06-11T08:54:21.576] [Frame] [INFO] frame=2099 begin
[2026-06-11T08:54:21.580] [Frame] [INFO] frame=2100 begin
[2026-06-11T08:54:21.584] [Frame] [INFO] frame=2101 begin
[2026-06-11T08:54:21.589] [Frame] [INFO] frame=2102 begin
[2026-06-11T08:54:21.593] [Frame] [INFO] frame=2103 begin
[2026-06-11T08:54:21.597] [Frame] [INFO] frame=2104 begin
[2026-06-11T08:54:21.601] [Frame] [INFO] frame=2105 begin
[2026-06-11T08:54:21.605] [Frame] [INFO] frame=2106 begin
[2026-06-11T08:54:21.609] [Frame] [INFO] frame=2107 begin
[2026-06-11T08:54:21.614] [Frame] [INFO] frame=2108 begin
[2026-06-11T08:54:21.618] [Frame] [INFO] frame=2109 begin
[2026-06-11T08:54:21.622] [Frame] [INFO] frame=2110 begin
[2026-06-11T08:54:21.626] [Frame] [INFO] frame=2111 begin
[2026-06-11T08:54:21.630] [Frame] [INFO] frame=2112 begin
[2026-06-11T08:54:21.634] [Frame] [INFO] frame=2113 begin
[2026-06-11T08:54:21.639] [Frame] [INFO] frame=2114 begin
[2026-06-11T08:54:21.643] [Frame] [INFO] frame=2115 begin
[2026-06-11T08:54:21.647] [Frame] [INFO] frame=2116 begin
[2026-06-11T08:54:21.651] [Frame] [INFO] frame=2117 begin
[2026-06-11T08:54:21.655] [Frame] [INFO] frame=2118 begin
[2026-06-11T08:54:21.659] [Frame] [INFO] frame=2119 begin
[2026-06-11T08:54:21.664] [Frame] [INFO] frame=2120 begin
[2026-06-11T08:54:21.668] [Frame] [INFO] frame=2121 begin
[2026-06-11T08:54:21.672] [Frame] [INFO] frame=2122 begin
[2026-06-11T08:54:21.676] [Frame] [INFO] frame=2123 begin
[2026-06-11T08:54:21.680] [Frame] [INFO] frame=2124 begin
[2026-06-11T08:54:21.684] [Frame] [INFO] frame=2125 begin
[2026-06-11T08:54:21.689] [Frame] [INFO] frame=2126 begin
[2026-06-11T08:54:21.693] [Frame] [INFO] frame=2127 begin
[2026-06-11T08:54:21.697] [Frame] [INFO] frame=2128 begin
[2026-06-11T08:54:21.701] [Frame] [INFO] frame=2129 begin
[2026-06-11T08:54:21.705] [Frame] [INFO] frame=2130 begin
[2026-06-11T08:54:21.709] [Frame] [INFO] frame=2131 begin
[2026-06-11T08:54:21.714] [Frame] [INFO] frame=2132 begin
[2026-06-11T08:54:21.718] [Frame] [INFO] frame=2133 begin
[2026-06-11T08:54:21.722] [Frame] [INFO] frame=2134 begin
[2026-06-11T08:54:21.726] [Frame] [INFO] frame=2135 begin
[2026-06-11T08:54:21.730] [Frame] [INFO] frame=2136 begin
[2026-06-11T08:54:21.735] [Frame] [INFO] frame=2137 begin
[2026-06-11T08:54:21.739] [Frame] [INFO] frame=2138 begin
[2026-06-11T08:54:21.743] [Frame] [INFO] frame=2139 begin
[2026-06-11T08:54:21.747] [Frame] [INFO] frame=2140 begin
[2026-06-11T08:54:21.751] [Frame] [INFO] frame=2141 begin
[2026-06-11T08:54:21.755] [Frame] [INFO] frame=2142 begin
[2026-06-11T08:54:21.759] [Frame] [INFO] frame=2143 begin
[2026-06-11T08:54:21.764] [Frame] [INFO] frame=2144 begin
[2026-06-11T08:54:21.768] [Frame] [INFO] frame=2145 begin
[2026-06-11T08:54:21.772] [Frame] [INFO] frame=2146 begin
[2026-06-11T08:54:21.776] [Frame] [INFO] frame=2147 begin
[2026-06-11T08:54:21.780] [Frame] [INFO] frame=2148 begin
[2026-06-11T08:54:21.784] [Frame] [INFO] frame=2149 begin
[2026-06-11T08:54:21.789] [Frame] [INFO] frame=2150 begin
[2026-06-11T08:54:21.793] [Frame] [INFO] frame=2151 begin
[2026-06-11T08:54:21.797] [Frame] [INFO] frame=2152 begin
[2026-06-11T08:54:21.801] [Frame] [INFO] frame=2153 begin
[2026-06-11T08:54:21.805] [Frame] [INFO] frame=2154 begin
[2026-06-11T08:54:21.809] [Frame] [INFO] frame=2155 begin
[2026-06-11T08:54:21.814] [Frame] [INFO] frame=2156 begin
[2026-06-11T08:54:21.818] [Frame] [INFO] frame=2157 begin
[2026-06-11T08:54:21.822] [Frame] [INFO] frame=2158 begin
[2026-06-11T08:54:21.826] [Frame] [INFO] frame=2159 begin
[2026-06-11T08:54:21.830] [Frame] [INFO] frame=2160 begin
[2026-06-11T08:54:21.835] [Frame] [INFO] frame=2161 begin
[2026-06-11T08:54:21.839] [Frame] [INFO] frame=2162 begin
[2026-06-11T08:54:21.843] [Frame] [INFO] frame=2163 begin
[2026-06-11T08:54:21.847] [Frame] [INFO] frame=2164 begin
[2026-06-11T08:54:21.851] [Frame] [INFO] frame=2165 begin
[2026-06-11T08:54:21.855] [Frame] [INFO] frame=2166 begin
[2026-06-11T08:54:21.859] [Frame] [INFO] frame=2167 begin
[2026-06-11T08:54:21.864] [Frame] [INFO] frame=2168 begin
[2026-06-11T08:54:21.868] [Frame] [INFO] frame=2169 begin
[2026-06-11T08:54:21.872] [Frame] [INFO] frame=2170 begin
[2026-06-11T08:54:21.876] [Frame] [INFO] frame=2171 begin
[2026-06-11T08:54:21.880] [Frame] [INFO] frame=2172 begin
[2026-06-11T08:54:21.884] [Frame] [INFO] frame=2173 begin
[2026-06-11T08:54:21.889] [Frame] [INFO] frame=2174 begin
[2026-06-11T08:54:21.893] [Frame] [INFO] frame=2175 begin
[2026-06-11T08:54:21.897] [Frame] [INFO] frame=2176 begin
[2026-06-11T08:54:21.901] [Frame] [INFO] frame=2177 begin
[2026-06-11T08:54:21.905] [Frame] [INFO] frame=2178 begin
[2026-06-11T08:54:21.909] [Frame] [INFO] frame=2179 begin
[2026-06-11T08:54:21.914] [Frame] [INFO] frame=2180 begin
[2026-06-11T08:54:21.918] [Frame] [INFO] frame=2181 begin
[2026-06-11T08:54:21.922] [Frame] [INFO] frame=2182 begin
[2026-06-11T08:54:21.926] [Frame] [INFO] frame=2183 begin
[2026-06-11T08:54:21.930] [Frame] [INFO] frame=2184 begin
[2026-06-11T08:54:21.934] [Frame] [INFO] frame=2185 begin
[2026-06-11T08:54:21.939] [Frame] [INFO] frame=2186 begin
[2026-06-11T08:54:21.943] [Frame] [INFO] frame=2187 begin
[2026-06-11T08:54:21.947] [Frame] [INFO] frame=2188 begin
[2026-06-11T08:54:21.951] [Frame] [INFO] frame=2189 begin
[2026-06-11T08:54:21.955] [Frame] [INFO] frame=2190 begin
[2026-06-11T08:54:21.959] [Frame] [INFO] frame=2191 begin
[2026-06-11T08:54:21.964] [Frame] [INFO] frame=2192 begin
[2026-06-11T08:54:21.968] [Frame] [INFO] frame=2193 begin
[2026-06-11T08:54:21.972] [Frame] [INFO] frame=2194 begin
[2026-06-11T08:54:21.976] [Frame] [INFO] frame=2195 begin
[2026-06-11T08:54:21.980] [Frame] [INFO] frame=2196 begin
[2026-06-11T08:54:21.984] [Frame] [INFO] frame=2197 begin
[2026-06-11T08:54:21.989] [Frame] [INFO] frame=2198 begin
[2026-06-11T08:54:21.993] [Frame] [INFO] frame=2199 begin
[2026-06-11T08:54:21.997] [Frame] [INFO] frame=2200 begin
[2026-06-11T08:54:22.001] [Frame] [INFO] frame=2201 begin
[2026-06-11T08:54:22.005] [Frame] [INFO] frame=2202 begin
[2026-06-11T08:54:22.009] [Frame] [INFO] frame=2203 begin
[2026-06-11T08:54:22.014] [Frame] [INFO] frame=2204 begin
[2026-06-11T08:54:22.018] [Frame] [INFO] frame=2205 begin
[2026-06-11T08:54:22.022] [Frame] [INFO] frame=2206 begin
[2026-06-11T08:54:22.026] [Frame] [INFO] frame=2207 begin
[2026-06-11T08:54:22.030] [Frame] [INFO] frame=2208 begin
[2026-06-11T08:54:22.034] [Frame] [INFO] frame=2209 begin
[2026-06-11T08:54:22.039] [Frame] [INFO] frame=2210 begin
[2026-06-11T08:54:22.043] [Frame] [INFO] frame=2211 begin
[2026-06-11T08:54:22.047] [Frame] [INFO] frame=2212 begin
[2026-06-11T08:54:22.051] [Frame] [INFO] frame=2213 begin
[2026-06-11T08:54:22.055] [Frame] [INFO] frame=2214 begin
[2026-06-11T08:54:22.059] [Frame] [INFO] frame=2215 begin
[2026-06-11T08:54:22.064] [Frame] [INFO] frame=2216 begin
[2026-06-11T08:54:22.068] [Frame] [INFO] frame=2217 begin
[2026-06-11T08:54:22.072] [Frame] [INFO] frame=2218 begin
[2026-06-11T08:54:22.076] [Frame] [INFO] frame=2219 begin
[2026-06-11T08:54:22.080] [Frame] [INFO] frame=2220 begin
[2026-06-11T08:54:22.085] [Frame] [INFO] frame=2221 begin
[2026-06-11T08:54:22.089] [Frame] [INFO] frame=2222 begin
[2026-06-11T08:54:22.093] [Frame] [INFO] frame=2223 begin
[2026-06-11T08:54:22.097] [Frame] [INFO] frame=2224 begin
[2026-06-11T08:54:22.101] [Frame] [INFO] frame=2225 begin
[2026-06-11T08:54:22.105] [Frame] [INFO] frame=2226 begin
[2026-06-11T08:54:22.109] [Frame] [INFO] frame=2227 begin
[2026-06-11T08:54:22.114] [Frame] [INFO] frame=2228 begin
[2026-06-11T08:54:22.118] [Frame] [INFO] frame=2229 begin
[2026-06-11T08:54:22.122] [Frame] [INFO] frame=2230 begin
[2026-06-11T08:54:22.126] [Frame] [INFO] frame=2231 begin
[2026-06-11T08:54:22.130] [Frame] [INFO] frame=2232 begin
[2026-06-11T08:54:22.134] [Frame] [INFO] frame=2233 begin
[2026-06-11T08:54:22.139] [Frame] [INFO] frame=2234 begin
[2026-06-11T08:54:22.143] [Frame] [INFO] frame=2235 begin
[2026-06-11T08:54:22.147] [Frame] [INFO] frame=2236 begin
[2026-06-11T08:54:22.151] [Frame] [INFO] frame=2237 begin
[2026-06-11T08:54:22.155] [Frame] [INFO] frame=2238 begin
[2026-06-11T08:54:22.159] [Frame] [INFO] frame=2239 begin
[2026-06-11T08:54:22.164] [Frame] [INFO] frame=2240 begin
[2026-06-11T08:54:22.168] [Frame] [INFO] frame=2241 begin
[2026-06-11T08:54:22.172] [Frame] [INFO] frame=2242 begin
[2026-06-11T08:54:22.176] [Frame] [INFO] frame=2243 begin
[2026-06-11T08:54:22.180] [Frame] [INFO] frame=2244 begin
[2026-06-11T08:54:22.184] [Frame] [INFO] frame=2245 begin
[2026-06-11T08:54:22.189] [Frame] [INFO] frame=2246 begin
[2026-06-11T08:54:22.193] [Frame] [INFO] frame=2247 begin
[2026-06-11T08:54:22.197] [Frame] [INFO] frame=2248 begin
[2026-06-11T08:54:22.201] [Frame] [INFO] frame=2249 begin
[2026-06-11T08:54:22.205] [Frame] [INFO] frame=2250 begin
[2026-06-11T08:54:22.209] [Frame] [INFO] frame=2251 begin
[2026-06-11T08:54:22.214] [Frame] [INFO] frame=2252 begin
[2026-06-11T08:54:22.218] [Frame] [INFO] frame=2253 begin
[2026-06-11T08:54:22.222] [Frame] [INFO] frame=2254 begin
[2026-06-11T08:54:22.226] [Frame] [INFO] frame=2255 begin
[2026-06-11T08:54:22.230] [Frame] [INFO] frame=2256 begin
[2026-06-11T08:54:22.234] [Frame] [INFO] frame=2257 begin
[2026-06-11T08:54:22.239] [Frame] [INFO] frame=2258 begin
[2026-06-11T08:54:22.243] [Frame] [INFO] frame=2259 begin
[2026-06-11T08:54:22.247] [Frame] [INFO] frame=2260 begin
[2026-06-11T08:54:22.251] [Frame] [INFO] frame=2261 begin
[2026-06-11T08:54:22.255] [Frame] [INFO] frame=2262 begin
[2026-06-11T08:54:22.259] [Frame] [INFO] frame=2263 begin
[2026-06-11T08:54:22.264] [Frame] [INFO] frame=2264 begin
[2026-06-11T08:54:22.268] [Frame] [INFO] frame=2265 begin
[2026-06-11T08:54:22.272] [Frame] [INFO] frame=2266 begin
[2026-06-11T08:54:22.276] [Frame] [INFO] frame=2267 begin
[2026-06-11T08:54:22.280] [Frame] [INFO] frame=2268 begin
[2026-06-11T08:54:22.284] [Frame] [INFO] frame=2269 begin
[2026-06-11T08:54:22.289] [Frame] [INFO] frame=2270 begin
[2026-06-11T08:54:22.293] [Frame] [INFO] frame=2271 begin
[2026-06-11T08:54:22.297] [Frame] [INFO] frame=2272 begin
[2026-06-11T08:54:22.301] [Frame] [INFO] frame=2273 begin
[2026-06-11T08:54:22.305] [Frame] [INFO] frame=2274 begin
[2026-06-11T08:54:22.309] [Frame] [INFO] frame=2275 begin
[2026-06-11T08:54:22.314] [Frame] [INFO] frame=2276 begin
[2026-06-11T08:54:22.318] [Frame] [INFO] frame=2277 begin
[2026-06-11T08:54:22.322] [Frame] [INFO] frame=2278 begin
[2026-06-11T08:54:22.326] [Frame] [INFO] frame=2279 begin
[2026-06-11T08:54:22.330] [Frame] [INFO] frame=2280 begin
[2026-06-11T08:54:22.335] [Frame] [INFO] frame=2281 begin
[2026-06-11T08:54:22.339] [Frame] [INFO] frame=2282 begin
[2026-06-11T08:54:22.343] [Frame] [INFO] frame=2283 begin
[2026-06-11T08:54:22.347] [Frame] [INFO] frame=2284 begin
[2026-06-11T08:54:22.351] [Frame] [INFO] frame=2285 begin
[2026-06-11T08:54:22.355] [Frame] [INFO] frame=2286 begin
[2026-06-11T08:54:22.359] [Frame] [INFO] frame=2287 begin
[2026-06-11T08:54:22.364] [Frame] [INFO] frame=2288 begin
[2026-06-11T08:54:22.368] [Frame] [INFO] frame=2289 begin
[2026-06-11T08:54:22.372] [Frame] [INFO] frame=2290 begin
[2026-06-11T08:54:22.376] [Frame] [INFO] frame=2291 begin
[2026-06-11T08:54:22.380] [Frame] [INFO] frame=2292 begin
[2026-06-11T08:54:22.385] [Frame] [INFO] frame=2293 begin
[2026-06-11T08:54:22.389] [Frame] [INFO] frame=2294 begin
[2026-06-11T08:54:22.393] [Frame] [INFO] frame=2295 begin
[2026-06-11T08:54:22.397] [Frame] [INFO] frame=2296 begin
[2026-06-11T08:54:22.401] [Frame] [INFO] frame=2297 begin
[2026-06-11T08:54:22.405] [Frame] [INFO] frame=2298 begin
[2026-06-11T08:54:22.409] [Frame] [INFO] frame=2299 begin
[2026-06-11T08:54:22.414] [Frame] [INFO] frame=2300 begin
[2026-06-11T08:54:22.418] [Frame] [INFO] frame=2301 begin
[2026-06-11T08:54:22.422] [Frame] [INFO] frame=2302 begin
[2026-06-11T08:54:22.426] [Frame] [INFO] frame=2303 begin
[2026-06-11T08:54:22.430] [Frame] [INFO] frame=2304 begin
[2026-06-11T08:54:22.434] [Frame] [INFO] frame=2305 begin
[2026-06-11T08:54:22.439] [Frame] [INFO] frame=2306 begin
[2026-06-11T08:54:22.443] [Frame] [INFO] frame=2307 begin
[2026-06-11T08:54:22.447] [Frame] [INFO] frame=2308 begin
[2026-06-11T08:54:22.451] [Frame] [INFO] frame=2309 begin
[2026-06-11T08:54:22.455] [Frame] [INFO] frame=2310 begin
[2026-06-11T08:54:22.459] [Frame] [INFO] frame=2311 begin
[2026-06-11T08:54:22.464] [Frame] [INFO] frame=2312 begin
[2026-06-11T08:54:22.468] [Frame] [INFO] frame=2313 begin
[2026-06-11T08:54:22.472] [Frame] [INFO] frame=2314 begin
[2026-06-11T08:54:22.476] [Frame] [INFO] frame=2315 begin
[2026-06-11T08:54:22.480] [Frame] [INFO] frame=2316 begin
[2026-06-11T08:54:22.484] [Frame] [INFO] frame=2317 begin
[2026-06-11T08:54:22.489] [Frame] [INFO] frame=2318 begin
[2026-06-11T08:54:22.493] [Frame] [INFO] frame=2319 begin
[2026-06-11T08:54:22.497] [Frame] [INFO] frame=2320 begin
[2026-06-11T08:54:22.501] [Frame] [INFO] frame=2321 begin
[2026-06-11T08:54:22.505] [Frame] [INFO] frame=2322 begin
[2026-06-11T08:54:22.509] [Frame] [INFO] frame=2323 begin
[2026-06-11T08:54:22.514] [Frame] [INFO] frame=2324 begin
[2026-06-11T08:54:22.518] [Frame] [INFO] frame=2325 begin
[2026-06-11T08:54:22.522] [Frame] [INFO] frame=2326 begin
[2026-06-11T08:54:22.526] [Frame] [INFO] frame=2327 begin
[2026-06-11T08:54:22.530] [Frame] [INFO] frame=2328 begin
[2026-06-11T08:54:22.534] [Frame] [INFO] frame=2329 begin
[2026-06-11T08:54:22.539] [Frame] [INFO] frame=2330 begin
[2026-06-11T08:54:22.543] [Frame] [INFO] frame=2331 begin
[2026-06-11T08:54:22.547] [Frame] [INFO] frame=2332 begin
[2026-06-11T08:54:22.551] [Frame] [INFO] frame=2333 begin
[2026-06-11T08:54:22.555] [Frame] [INFO] frame=2334 begin
[2026-06-11T08:54:22.559] [Frame] [INFO] frame=2335 begin
[2026-06-11T08:54:22.564] [Frame] [INFO] frame=2336 begin
[2026-06-11T08:54:22.568] [Frame] [INFO] frame=2337 begin
[2026-06-11T08:54:22.572] [Frame] [INFO] frame=2338 begin
[2026-06-11T08:54:22.576] [Frame] [INFO] frame=2339 begin
[2026-06-11T08:54:22.580] [Frame] [INFO] frame=2340 begin
[2026-06-11T08:54:22.584] [Frame] [INFO] frame=2341 begin
[2026-06-11T08:54:22.589] [Frame] [INFO] frame=2342 begin
[2026-06-11T08:54:22.593] [Frame] [INFO] frame=2343 begin
[2026-06-11T08:54:22.597] [Frame] [INFO] frame=2344 begin
[2026-06-11T08:54:22.601] [Frame] [INFO] frame=2345 begin
[2026-06-11T08:54:22.605] [Frame] [INFO] frame=2346 begin
[2026-06-11T08:54:22.609] [Frame] [INFO] frame=2347 begin
[2026-06-11T08:54:22.614] [Frame] [INFO] frame=2348 begin
[2026-06-11T08:54:22.618] [Frame] [INFO] frame=2349 begin
[2026-06-11T08:54:22.622] [Frame] [INFO] frame=2350 begin
[2026-06-11T08:54:22.626] [Frame] [INFO] frame=2351 begin
[2026-06-11T08:54:22.630] [Frame] [INFO] frame=2352 begin
[2026-06-11T08:54:22.634] [Frame] [INFO] frame=2353 begin
[2026-06-11T08:54:22.639] [Frame] [INFO] frame=2354 begin
[2026-06-11T08:54:22.643] [Frame] [INFO] frame=2355 begin
[2026-06-11T08:54:22.647] [Frame] [INFO] frame=2356 begin
[2026-06-11T08:54:22.651] [Frame] [INFO] frame=2357 begin
[2026-06-11T08:54:22.655] [Frame] [INFO] frame=2358 begin
[2026-06-11T08:54:22.659] [Frame] [INFO] frame=2359 begin
[2026-06-11T08:54:22.664] [Frame] [INFO] frame=2360 begin
[2026-06-11T08:54:22.668] [Frame] [INFO] frame=2361 begin
[2026-06-11T08:54:22.672] [Frame] [INFO] frame=2362 begin
[2026-06-11T08:54:22.676] [Frame] [INFO] frame=2363 begin
[2026-06-11T08:54:22.680] [Frame] [INFO] frame=2364 begin
[2026-06-11T08:54:22.684] [Frame] [INFO] frame=2365 begin
[2026-06-11T08:54:22.689] [Frame] [INFO] frame=2366 begin
[2026-06-11T08:54:22.693] [Frame] [INFO] frame=2367 begin
[2026-06-11T08:54:22.697] [Frame] [INFO] frame=2368 begin
[2026-06-11T08:54:22.701] [Frame] [INFO] frame=2369 begin
[2026-06-11T08:54:22.705] [Frame] [INFO] frame=2370 begin
[2026-06-11T08:54:22.709] [Frame] [INFO] frame=2371 begin
[2026-06-11T08:54:22.714] [Frame] [INFO] frame=2372 begin
[2026-06-11T08:54:22.718] [Frame] [INFO] frame=2373 begin
[2026-06-11T08:54:22.722] [Frame] [INFO] frame=2374 begin
[2026-06-11T08:54:22.726] [Frame] [INFO] frame=2375 begin
[2026-06-11T08:54:22.730] [Frame] [INFO] frame=2376 begin
[2026-06-11T08:54:22.734] [Frame] [INFO] frame=2377 begin
[2026-06-11T08:54:22.739] [Frame] [INFO] frame=2378 begin
[2026-06-11T08:54:22.743] [Frame] [INFO] frame=2379 begin
[2026-06-11T08:54:22.747] [Frame] [INFO] frame=2380 begin
[2026-06-11T08:54:22.751] [Frame] [INFO] frame=2381 begin
[2026-06-11T08:54:22.755] [Frame] [INFO] frame=2382 begin
[2026-06-11T08:54:22.759] [Frame] [INFO] frame=2383 begin
[2026-06-11T08:54:22.764] [Frame] [INFO] frame=2384 begin
[2026-06-11T08:54:22.768] [Frame] [INFO] frame=2385 begin
[2026-06-11T08:54:22.772] [Frame] [INFO] frame=2386 begin
[2026-06-11T08:54:22.776] [Frame] [INFO] frame=2387 begin
[2026-06-11T08:54:22.780] [Frame] [INFO] frame=2388 begin
[2026-06-11T08:54:22.784] [Frame] [INFO] frame=2389 begin
[2026-06-11T08:54:22.789] [Frame] [INFO] frame=2390 begin
[2026-06-11T08:54:22.793] [Frame] [INFO] frame=2391 begin
[2026-06-11T08:54:22.797] [Frame] [INFO] frame=2392 begin
[2026-06-11T08:54:22.801] [Frame] [INFO] frame=2393 begin
[2026-06-11T08:54:22.805] [Frame] [INFO] frame=2394 begin
[2026-06-11T08:54:22.809] [Frame] [INFO] frame=2395 begin
[2026-06-11T08:54:22.814] [Frame] [INFO] frame=2396 begin
[2026-06-11T08:54:22.818] [Frame] [INFO] frame=2397 begin
[2026-06-11T08:54:22.822] [Frame] [INFO] frame=2398 begin
[2026-06-11T08:54:22.826] [Frame] [INFO] frame=2399 begin
[2026-06-11T08:54:22.830] [Frame] [INFO] frame=2400 begin
[2026-06-11T08:54:22.835] [Frame] [INFO] frame=2401 begin
[2026-06-11T08:54:22.839] [Frame] [INFO] frame=2402 begin
[2026-06-11T08:54:22.843] [Frame] [INFO] frame=2403 begin
[2026-06-11T08:54:22.847] [Frame] [INFO] frame=2404 begin
[2026-06-11T08:54:22.851] [Frame] [INFO] frame=2405 begin
[2026-06-11T08:54:22.855] [Frame] [INFO] frame=2406 begin
[2026-06-11T08:54:22.859] [Frame] [INFO] frame=2407 begin
[2026-06-11T08:54:22.864] [Frame] [INFO] frame=2408 begin
[2026-06-11T08:54:22.868] [Frame] [INFO] frame=2409 begin
[2026-06-11T08:54:22.872] [Frame] [INFO] frame=2410 begin
[2026-06-11T08:54:22.876] [Frame] [INFO] frame=2411 begin
[2026-06-11T08:54:22.880] [Frame] [INFO] frame=2412 begin
[2026-06-11T08:54:22.884] [Frame] [INFO] frame=2413 begin
[2026-06-11T08:54:22.889] [Frame] [INFO] frame=2414 begin
[2026-06-11T08:54:22.893] [Frame] [INFO] frame=2415 begin
[2026-06-11T08:54:22.897] [Frame] [INFO] frame=2416 begin
[2026-06-11T08:54:22.901] [Frame] [INFO] frame=2417 begin
[2026-06-11T08:54:22.905] [Frame] [INFO] frame=2418 begin
[2026-06-11T08:54:22.909] [Frame] [INFO] frame=2419 begin
[2026-06-11T08:54:22.914] [Frame] [INFO] frame=2420 begin
[2026-06-11T08:54:22.918] [Frame] [INFO] frame=2421 begin
[2026-06-11T08:54:22.922] [Frame] [INFO] frame=2422 begin
[2026-06-11T08:54:22.926] [Frame] [INFO] frame=2423 begin
[2026-06-11T08:54:22.930] [Frame] [INFO] frame=2424 begin
[2026-06-11T08:54:22.934] [Frame] [INFO] frame=2425 begin
[2026-06-11T08:54:22.939] [Frame] [INFO] frame=2426 begin
[2026-06-11T08:54:22.943] [Frame] [INFO] frame=2427 begin
[2026-06-11T08:54:22.947] [Frame] [INFO] frame=2428 begin
[2026-06-11T08:54:22.951] [Frame] [INFO] frame=2429 begin
[2026-06-11T08:54:22.955] [Frame] [INFO] frame=2430 begin
[2026-06-11T08:54:22.959] [Frame] [INFO] frame=2431 begin
[2026-06-11T08:54:22.964] [Frame] [INFO] frame=2432 begin
[2026-06-11T08:54:22.968] [Frame] [INFO] frame=2433 begin
[2026-06-11T08:54:22.972] [Frame] [INFO] frame=2434 begin
[2026-06-11T08:54:22.976] [Frame] [INFO] frame=2435 begin
[2026-06-11T08:54:22.980] [Frame] [INFO] frame=2436 begin
[2026-06-11T08:54:22.984] [Frame] [INFO] frame=2437 begin
[2026-06-11T08:54:22.989] [Frame] [INFO] frame=2438 begin
[2026-06-11T08:54:22.993] [Frame] [INFO] frame=2439 begin
[2026-06-11T08:54:22.997] [Frame] [INFO] frame=2440 begin
[2026-06-11T08:54:23.001] [Frame] [INFO] frame=2441 begin
[2026-06-11T08:54:23.005] [Frame] [INFO] frame=2442 begin
[2026-06-11T08:54:23.009] [Frame] [INFO] frame=2443 begin
[2026-06-11T08:54:23.014] [Frame] [INFO] frame=2444 begin
[2026-06-11T08:54:23.018] [Frame] [INFO] frame=2445 begin
[2026-06-11T08:54:23.022] [Frame] [INFO] frame=2446 begin
[2026-06-11T08:54:23.026] [Frame] [INFO] frame=2447 begin
[2026-06-11T08:54:23.030] [Frame] [INFO] frame=2448 begin
[2026-06-11T08:54:23.034] [Frame] [INFO] frame=2449 begin
[2026-06-11T08:54:23.039] [Frame] [INFO] frame=2450 begin
[2026-06-11T08:54:23.043] [Frame] [INFO] frame=2451 begin
[2026-06-11T08:54:23.047] [Frame] [INFO] frame=2452 begin
[2026-06-11T08:54:23.051] [Frame] [INFO] frame=2453 begin
[2026-06-11T08:54:23.055] [Frame] [INFO] frame=2454 begin
[2026-06-11T08:54:23.059] [Frame] [INFO] frame=2455 begin
[2026-06-11T08:54:23.064] [Frame] [INFO] frame=2456 begin
[2026-06-11T08:54:23.068] [Frame] [INFO] frame=2457 begin
[2026-06-11T08:54:23.072] [Frame] [INFO] frame=2458 begin
[2026-06-11T08:54:23.076] [Frame] [INFO] frame=2459 begin
[2026-06-11T08:54:23.080] [Frame] [INFO] frame=2460 begin
[2026-06-11T08:54:23.084] [Frame] [INFO] frame=2461 begin
[2026-06-11T08:54:23.089] [Frame] [INFO] frame=2462 begin
[2026-06-11T08:54:23.093] [Frame] [INFO] frame=2463 begin
[2026-06-11T08:54:23.097] [Frame] [INFO] frame=2464 begin
[2026-06-11T08:54:23.101] [Frame] [INFO] frame=2465 begin
[2026-06-11T08:54:23.105] [Frame] [INFO] frame=2466 begin
[2026-06-11T08:54:23.109] [Frame] [INFO] frame=2467 begin
[2026-06-11T08:54:23.114] [Frame] [INFO] frame=2468 begin
[2026-06-11T08:54:23.118] [Frame] [INFO] frame=2469 begin
[2026-06-11T08:54:23.122] [Frame] [INFO] frame=2470 begin
[2026-06-11T08:54:23.126] [Frame] [INFO] frame=2471 begin
[2026-06-11T08:54:23.130] [Frame] [INFO] frame=2472 begin
[2026-06-11T08:54:23.134] [Frame] [INFO] frame=2473 begin
[2026-06-11T08:54:23.139] [Frame] [INFO] frame=2474 begin
[2026-06-11T08:54:23.143] [Frame] [INFO] frame=2475 begin
[2026-06-11T08:54:23.147] [Frame] [INFO] frame=2476 begin
[2026-06-11T08:54:23.151] [Frame] [INFO] frame=2477 begin
[2026-06-11T08:54:23.155] [Frame] [INFO] frame=2478 begin
[2026-06-11T08:54:23.159] [Frame] [INFO] frame=2479 begin
[2026-06-11T08:54:23.164] [Frame] [INFO] frame=2480 begin
[2026-06-11T08:54:23.168] [Frame] [INFO] frame=2481 begin
[2026-06-11T08:54:23.172] [Frame] [INFO] frame=2482 begin
[2026-06-11T08:54:23.176] [Frame] [INFO] frame=2483 begin
[2026-06-11T08:54:23.180] [Frame] [INFO] frame=2484 begin
[2026-06-11T08:54:23.184] [Frame] [INFO] frame=2485 begin
[2026-06-11T08:54:23.189] [Frame] [INFO] frame=2486 begin
[2026-06-11T08:54:23.193] [Frame] [INFO] frame=2487 begin
[2026-06-11T08:54:23.197] [Frame] [INFO] frame=2488 begin
[2026-06-11T08:54:23.201] [Frame] [INFO] frame=2489 begin
[2026-06-11T08:54:23.205] [Frame] [INFO] frame=2490 begin
[2026-06-11T08:54:23.209] [Frame] [INFO] frame=2491 begin
[2026-06-11T08:54:23.214] [Frame] [INFO] frame=2492 begin
[2026-06-11T08:54:23.218] [Frame] [INFO] frame=2493 begin
[2026-06-11T08:54:23.222] [Frame] [INFO] frame=2494 begin
[2026-06-11T08:54:23.226] [Frame] [INFO] frame=2495 begin
[2026-06-11T08:54:23.230] [Frame] [INFO] frame=2496 begin
[2026-06-11T08:54:23.234] [Frame] [INFO] frame=2497 begin
[2026-06-11T08:54:23.239] [Frame] [INFO] frame=2498 begin
[2026-06-11T08:54:23.243] [Frame] [INFO] frame=2499 begin
[2026-06-11T08:54:23.247] [Frame] [INFO] frame=2500 begin
[2026-06-11T08:54:23.251] [Frame] [INFO] frame=2501 begin
[2026-06-11T08:54:23.255] [Frame] [INFO] frame=2502 begin
[2026-06-11T08:54:23.259] [Frame] [INFO] frame=2503 begin
[2026-06-11T08:54:23.264] [Frame] [INFO] frame=2504 begin
[2026-06-11T08:54:23.268] [Frame] [INFO] frame=2505 begin
[2026-06-11T08:54:23.272] [Frame] [INFO] frame=2506 begin
[2026-06-11T08:54:23.276] [Frame] [INFO] frame=2507 begin
[2026-06-11T08:54:23.280] [Frame] [INFO] frame=2508 begin
[2026-06-11T08:54:23.284] [Frame] [INFO] frame=2509 begin
[2026-06-11T08:54:23.289] [Frame] [INFO] frame=2510 begin
[2026-06-11T08:54:23.293] [Frame] [INFO] frame=2511 begin
[2026-06-11T08:54:23.297] [Frame] [INFO] frame=2512 begin
[2026-06-11T08:54:23.301] [Frame] [INFO] frame=2513 begin
[2026-06-11T08:54:23.305] [Frame] [INFO] frame=2514 begin
[2026-06-11T08:54:23.309] [Frame] [INFO] frame=2515 begin
[2026-06-11T08:54:23.314] [Frame] [INFO] frame=2516 begin
[2026-06-11T08:54:23.318] [Frame] [INFO] frame=2517 begin
[2026-06-11T08:54:23.322] [Frame] [INFO] frame=2518 begin
[2026-06-11T08:54:23.326] [Frame] [INFO] frame=2519 begin
[2026-06-11T08:54:23.330] [Frame] [INFO] frame=2520 begin
[2026-06-11T08:54:23.335] [Frame] [INFO] frame=2521 begin
[2026-06-11T08:54:23.339] [Frame] [INFO] frame=2522 begin
[2026-06-11T08:54:23.343] [Frame] [INFO] frame=2523 begin
[2026-06-11T08:54:23.347] [Frame] [INFO] frame=2524 begin
[2026-06-11T08:54:23.351] [Frame] [INFO] frame=2525 begin
[2026-06-11T08:54:23.355] [Frame] [INFO] frame=2526 begin
[2026-06-11T08:54:23.359] [Frame] [INFO] frame=2527 begin
[2026-06-11T08:54:23.364] [Frame] [INFO] frame=2528 begin
[2026-06-11T08:54:23.368] [Frame] [INFO] frame=2529 begin
[2026-06-11T08:54:23.372] [Frame] [INFO] frame=2530 begin
[2026-06-11T08:54:23.376] [Frame] [INFO] frame=2531 begin
[2026-06-11T08:54:23.380] [Frame] [INFO] frame=2532 begin
[2026-06-11T08:54:23.384] [Frame] [INFO] frame=2533 begin
[2026-06-11T08:54:23.389] [Frame] [INFO] frame=2534 begin
[2026-06-11T08:54:23.393] [Frame] [INFO] frame=2535 begin
[2026-06-11T08:54:23.397] [Frame] [INFO] frame=2536 begin
[2026-06-11T08:54:23.401] [Frame] [INFO] frame=2537 begin
[2026-06-11T08:54:23.405] [Frame] [INFO] frame=2538 begin
[2026-06-11T08:54:23.410] [Frame] [INFO] frame=2539 begin
[2026-06-11T08:54:23.414] [Frame] [INFO] frame=2540 begin
[2026-06-11T08:54:23.418] [Frame] [INFO] frame=2541 begin
[2026-06-11T08:54:23.422] [Frame] [INFO] frame=2542 begin
[2026-06-11T08:54:23.426] [Frame] [INFO] frame=2543 begin
[2026-06-11T08:54:23.430] [Frame] [INFO] frame=2544 begin
[2026-06-11T08:54:23.434] [Frame] [INFO] frame=2545 begin
[2026-06-11T08:54:23.439] [Frame] [INFO] frame=2546 begin
[2026-06-11T08:54:23.443] [Frame] [INFO] frame=2547 begin
[2026-06-11T08:54:23.447] [Frame] [INFO] frame=2548 begin
[2026-06-11T08:54:23.451] [Frame] [INFO] frame=2549 begin
[2026-06-11T08:54:23.455] [Frame] [INFO] frame=2550 begin
[2026-06-11T08:54:23.459] [Frame] [INFO] frame=2551 begin
[2026-06-11T08:54:23.464] [Frame] [INFO] frame=2552 begin
[2026-06-11T08:54:23.468] [Frame] [INFO] frame=2553 begin
[2026-06-11T08:54:23.472] [Frame] [INFO] frame=2554 begin
[2026-06-11T08:54:23.476] [Frame] [INFO] frame=2555 begin
[2026-06-11T08:54:23.480] [Frame] [INFO] frame=2556 begin
[2026-06-11T08:54:23.485] [Frame] [INFO] frame=2557 begin
[2026-06-11T08:54:23.489] [Frame] [INFO] frame=2558 begin
[2026-06-11T08:54:23.493] [Frame] [INFO] frame=2559 begin
[2026-06-11T08:54:23.497] [Frame] [INFO] frame=2560 begin
[2026-06-11T08:54:23.501] [Frame] [INFO] frame=2561 begin
[2026-06-11T08:54:23.505] [Frame] [INFO] frame=2562 begin
[2026-06-11T08:54:23.509] [Frame] [INFO] frame=2563 begin
[2026-06-11T08:54:23.514] [Frame] [INFO] frame=2564 begin
[2026-06-11T08:54:23.518] [Frame] [INFO] frame=2565 begin
[2026-06-11T08:54:23.522] [Frame] [INFO] frame=2566 begin
[2026-06-11T08:54:23.526] [Frame] [INFO] frame=2567 begin
[2026-06-11T08:54:23.530] [Frame] [INFO] frame=2568 begin
[2026-06-11T08:54:23.534] [Frame] [INFO] frame=2569 begin
[2026-06-11T08:54:23.539] [Frame] [INFO] frame=2570 begin
[2026-06-11T08:54:23.543] [Frame] [INFO] frame=2571 begin
[2026-06-11T08:54:23.547] [Frame] [INFO] frame=2572 begin
[2026-06-11T08:54:23.551] [Frame] [INFO] frame=2573 begin
[2026-06-11T08:54:23.555] [Frame] [INFO] frame=2574 begin
[2026-06-11T08:54:23.559] [Frame] [INFO] frame=2575 begin
[2026-06-11T08:54:23.564] [Frame] [INFO] frame=2576 begin
[2026-06-11T08:54:23.568] [Frame] [INFO] frame=2577 begin
[2026-06-11T08:54:23.572] [Frame] [INFO] frame=2578 begin
[2026-06-11T08:54:23.576] [Frame] [INFO] frame=2579 begin
[2026-06-11T08:54:23.580] [Frame] [INFO] frame=2580 begin
[2026-06-11T08:54:23.584] [Frame] [INFO] frame=2581 begin
[2026-06-11T08:54:23.589] [Frame] [INFO] frame=2582 begin
[2026-06-11T08:54:23.593] [Frame] [INFO] frame=2583 begin
[2026-06-11T08:54:23.597] [Frame] [INFO] frame=2584 begin
[2026-06-11T08:54:23.601] [Frame] [INFO] frame=2585 begin
[2026-06-11T08:54:23.605] [Frame] [INFO] frame=2586 begin
[2026-06-11T08:54:23.609] [Frame] [INFO] frame=2587 begin
[2026-06-11T08:54:23.614] [Frame] [INFO] frame=2588 begin
[2026-06-11T08:54:23.618] [Frame] [INFO] frame=2589 begin
[2026-06-11T08:54:23.622] [Frame] [INFO] frame=2590 begin
[2026-06-11T08:54:23.626] [Frame] [INFO] frame=2591 begin
[2026-06-11T08:54:23.630] [Frame] [INFO] frame=2592 begin
[2026-06-11T08:54:23.634] [Frame] [INFO] frame=2593 begin
[2026-06-11T08:54:23.639] [Frame] [INFO] frame=2594 begin
[2026-06-11T08:54:23.643] [Frame] [INFO] frame=2595 begin
[2026-06-11T08:54:23.647] [Frame] [INFO] frame=2596 begin
[2026-06-11T08:54:23.651] [Frame] [INFO] frame=2597 begin
[2026-06-11T08:54:23.655] [Frame] [INFO] frame=2598 begin
[2026-06-11T08:54:23.659] [Frame] [INFO] frame=2599 begin
[2026-06-11T08:54:23.664] [Frame] [INFO] frame=2600 begin
[2026-06-11T08:54:23.668] [Frame] [INFO] frame=2601 begin
[2026-06-11T08:54:23.672] [Frame] [INFO] frame=2602 begin
[2026-06-11T08:54:23.676] [Frame] [INFO] frame=2603 begin
[2026-06-11T08:54:23.680] [Frame] [INFO] frame=2604 begin
[2026-06-11T08:54:23.684] [Frame] [INFO] frame=2605 begin
[2026-06-11T08:54:23.689] [Frame] [INFO] frame=2606 begin
[2026-06-11T08:54:23.693] [Frame] [INFO] frame=2607 begin
[2026-06-11T08:54:23.697] [Frame] [INFO] frame=2608 begin
[2026-06-11T08:54:23.701] [Frame] [INFO] frame=2609 begin
[2026-06-11T08:54:23.705] [Frame] [INFO] frame=2610 begin
[2026-06-11T08:54:23.710] [Frame] [INFO] frame=2611 begin
[2026-06-11T08:54:23.714] [Frame] [INFO] frame=2612 begin
[2026-06-11T08:54:23.718] [Frame] [INFO] frame=2613 begin
[2026-06-11T08:54:23.722] [Frame] [INFO] frame=2614 begin
[2026-06-11T08:54:23.726] [Frame] [INFO] frame=2615 begin
[2026-06-11T08:54:23.730] [Frame] [INFO] frame=2616 begin
[2026-06-11T08:54:23.735] [Frame] [INFO] frame=2617 begin
[2026-06-11T08:54:23.739] [Frame] [INFO] frame=2618 begin
[2026-06-11T08:54:23.743] [Frame] [INFO] frame=2619 begin
[2026-06-11T08:54:23.747] [Frame] [INFO] frame=2620 begin
[2026-06-11T08:54:23.751] [Frame] [INFO] frame=2621 begin
[2026-06-11T08:54:23.755] [Frame] [INFO] frame=2622 begin
[2026-06-11T08:54:23.759] [Frame] [INFO] frame=2623 begin
[2026-06-11T08:54:23.764] [Frame] [INFO] frame=2624 begin
[2026-06-11T08:54:23.768] [Frame] [INFO] frame=2625 begin
[2026-06-11T08:54:23.772] [Frame] [INFO] frame=2626 begin
[2026-06-11T08:54:23.776] [Frame] [INFO] frame=2627 begin
[2026-06-11T08:54:23.780] [Frame] [INFO] frame=2628 begin
[2026-06-11T08:54:23.784] [Frame] [INFO] frame=2629 begin
[2026-06-11T08:54:23.789] [Frame] [INFO] frame=2630 begin
[2026-06-11T08:54:23.793] [Frame] [INFO] frame=2631 begin
[2026-06-11T08:54:23.797] [Frame] [INFO] frame=2632 begin
[2026-06-11T08:54:23.801] [Frame] [INFO] frame=2633 begin
[2026-06-11T08:54:23.805] [Frame] [INFO] frame=2634 begin
[2026-06-11T08:54:23.809] [Frame] [INFO] frame=2635 begin
[2026-06-11T08:54:23.814] [Frame] [INFO] frame=2636 begin
[2026-06-11T08:54:23.818] [Frame] [INFO] frame=2637 begin
[2026-06-11T08:54:23.822] [Frame] [INFO] frame=2638 begin
[2026-06-11T08:54:23.826] [Frame] [INFO] frame=2639 begin
[2026-06-11T08:54:23.830] [Frame] [INFO] frame=2640 begin
[2026-06-11T08:54:23.835] [Frame] [INFO] frame=2641 begin
[2026-06-11T08:54:23.839] [Frame] [INFO] frame=2642 begin
[2026-06-11T08:54:23.843] [Frame] [INFO] frame=2643 begin
[2026-06-11T08:54:23.847] [Frame] [INFO] frame=2644 begin
[2026-06-11T08:54:23.851] [Frame] [INFO] frame=2645 begin
[2026-06-11T08:54:23.855] [Frame] [INFO] frame=2646 begin
[2026-06-11T08:54:23.859] [Frame] [INFO] frame=2647 begin
[2026-06-11T08:54:23.864] [Frame] [INFO] frame=2648 begin
[2026-06-11T08:54:23.868] [Frame] [INFO] frame=2649 begin
[2026-06-11T08:54:23.872] [Frame] [INFO] frame=2650 begin
[2026-06-11T08:54:23.876] [Frame] [INFO] frame=2651 begin
[2026-06-11T08:54:23.880] [Frame] [INFO] frame=2652 begin
[2026-06-11T08:54:23.884] [Frame] [INFO] frame=2653 begin
[2026-06-11T08:54:23.889] [Frame] [INFO] frame=2654 begin
[2026-06-11T08:54:23.893] [Frame] [INFO] frame=2655 begin
[2026-06-11T08:54:23.897] [Frame] [INFO] frame=2656 begin
[2026-06-11T08:54:23.901] [Frame] [INFO] frame=2657 begin
[2026-06-11T08:54:23.905] [Frame] [INFO] frame=2658 begin
[2026-06-11T08:54:23.909] [Frame] [INFO] frame=2659 begin
[2026-06-11T08:54:23.914] [Frame] [INFO] frame=2660 begin
[2026-06-11T08:54:23.918] [Frame] [INFO] frame=2661 begin
[2026-06-11T08:54:23.922] [Frame] [INFO] frame=2662 begin
[2026-06-11T08:54:23.926] [Frame] [INFO] frame=2663 begin
[2026-06-11T08:54:23.930] [Frame] [INFO] frame=2664 begin
[2026-06-11T08:54:23.934] [Frame] [INFO] frame=2665 begin
[2026-06-11T08:54:23.939] [Frame] [INFO] frame=2666 begin
[2026-06-11T08:54:23.943] [Frame] [INFO] frame=2667 begin
[2026-06-11T08:54:23.947] [Frame] [INFO] frame=2668 begin
[2026-06-11T08:54:23.951] [Frame] [INFO] frame=2669 begin
[2026-06-11T08:54:23.955] [Frame] [INFO] frame=2670 begin
[2026-06-11T08:54:23.959] [Frame] [INFO] frame=2671 begin
[2026-06-11T08:54:23.964] [Frame] [INFO] frame=2672 begin
[2026-06-11T08:54:23.968] [Frame] [INFO] frame=2673 begin
[2026-06-11T08:54:23.972] [Frame] [INFO] frame=2674 begin
[2026-06-11T08:54:23.976] [Frame] [INFO] frame=2675 begin
[2026-06-11T08:54:23.980] [Frame] [INFO] frame=2676 begin
[2026-06-11T08:54:23.984] [Frame] [INFO] frame=2677 begin
[2026-06-11T08:54:23.989] [Frame] [INFO] frame=2678 begin
[2026-06-11T08:54:23.993] [Frame] [INFO] frame=2679 begin
[2026-06-11T08:54:23.997] [Frame] [INFO] frame=2680 begin
[2026-06-11T08:54:24.001] [Frame] [INFO] frame=2681 begin
[2026-06-11T08:54:24.005] [Frame] [INFO] frame=2682 begin
[2026-06-11T08:54:24.009] [Frame] [INFO] frame=2683 begin
[2026-06-11T08:54:24.014] [Frame] [INFO] frame=2684 begin
[2026-06-11T08:54:24.018] [Frame] [INFO] frame=2685 begin
[2026-06-11T08:54:24.022] [Frame] [INFO] frame=2686 begin
[2026-06-11T08:54:24.026] [Frame] [INFO] frame=2687 begin
[2026-06-11T08:54:24.030] [Frame] [INFO] frame=2688 begin
[2026-06-11T08:54:24.034] [Frame] [INFO] frame=2689 begin
[2026-06-11T08:54:24.039] [Frame] [INFO] frame=2690 begin
[2026-06-11T08:54:24.043] [Frame] [INFO] frame=2691 begin
[2026-06-11T08:54:24.047] [Frame] [INFO] frame=2692 begin
[2026-06-11T08:54:24.051] [Frame] [INFO] frame=2693 begin
[2026-06-11T08:54:24.055] [Frame] [INFO] frame=2694 begin
[2026-06-11T08:54:24.059] [Frame] [INFO] frame=2695 begin
[2026-06-11T08:54:24.064] [Frame] [INFO] frame=2696 begin
[2026-06-11T08:54:24.068] [Frame] [INFO] frame=2697 begin
[2026-06-11T08:54:24.072] [Frame] [INFO] frame=2698 begin
[2026-06-11T08:54:24.076] [Frame] [INFO] frame=2699 begin
[2026-06-11T08:54:24.080] [Frame] [INFO] frame=2700 begin
[2026-06-11T08:54:24.084] [Frame] [INFO] frame=2701 begin
[2026-06-11T08:54:24.089] [Frame] [INFO] frame=2702 begin
[2026-06-11T08:54:24.093] [Frame] [INFO] frame=2703 begin
[2026-06-11T08:54:24.097] [Frame] [INFO] frame=2704 begin
[2026-06-11T08:54:24.101] [Frame] [INFO] frame=2705 begin
[2026-06-11T08:54:24.105] [Frame] [INFO] frame=2706 begin
[2026-06-11T08:54:24.110] [Frame] [INFO] frame=2707 begin
[2026-06-11T08:54:24.114] [Frame] [INFO] frame=2708 begin
[2026-06-11T08:54:24.118] [Frame] [INFO] frame=2709 begin
[2026-06-11T08:54:24.122] [Frame] [INFO] frame=2710 begin
[2026-06-11T08:54:24.126] [Frame] [INFO] frame=2711 begin
[2026-06-11T08:54:24.130] [Frame] [INFO] frame=2712 begin
[2026-06-11T08:54:24.135] [Frame] [INFO] frame=2713 begin
[2026-06-11T08:54:24.139] [Frame] [INFO] frame=2714 begin
[2026-06-11T08:54:24.143] [Frame] [INFO] frame=2715 begin
[2026-06-11T08:54:24.147] [Frame] [INFO] frame=2716 begin
[2026-06-11T08:54:24.151] [Frame] [INFO] frame=2717 begin
[2026-06-11T08:54:24.155] [Frame] [INFO] frame=2718 begin
[2026-06-11T08:54:24.159] [Frame] [INFO] frame=2719 begin
[2026-06-11T08:54:24.164] [Frame] [INFO] frame=2720 begin
[2026-06-11T08:54:24.168] [Frame] [INFO] frame=2721 begin
[2026-06-11T08:54:24.172] [Frame] [INFO] frame=2722 begin
[2026-06-11T08:54:24.176] [Frame] [INFO] frame=2723 begin
[2026-06-11T08:54:24.180] [Frame] [INFO] frame=2724 begin
[2026-06-11T08:54:24.184] [Frame] [INFO] frame=2725 begin
[2026-06-11T08:54:24.189] [Frame] [INFO] frame=2726 begin
[2026-06-11T08:54:24.193] [Frame] [INFO] frame=2727 begin
[2026-06-11T08:54:24.197] [Frame] [INFO] frame=2728 begin
[2026-06-11T08:54:24.201] [Frame] [INFO] frame=2729 begin
[2026-06-11T08:54:24.205] [Frame] [INFO] frame=2730 begin
[2026-06-11T08:54:24.209] [Frame] [INFO] frame=2731 begin
[2026-06-11T08:54:24.214] [Frame] [INFO] frame=2732 begin
[2026-06-11T08:54:24.218] [Frame] [INFO] frame=2733 begin
[2026-06-11T08:54:24.222] [Frame] [INFO] frame=2734 begin
[2026-06-11T08:54:24.226] [Frame] [INFO] frame=2735 begin
[2026-06-11T08:54:24.230] [Frame] [INFO] frame=2736 begin
[2026-06-11T08:54:24.235] [Frame] [INFO] frame=2737 begin
[2026-06-11T08:54:24.239] [Frame] [INFO] frame=2738 begin
[2026-06-11T08:54:24.243] [Frame] [INFO] frame=2739 begin
[2026-06-11T08:54:24.247] [Frame] [INFO] frame=2740 begin
[2026-06-11T08:54:24.251] [Frame] [INFO] frame=2741 begin
[2026-06-11T08:54:24.255] [Frame] [INFO] frame=2742 begin
[2026-06-11T08:54:24.259] [Frame] [INFO] frame=2743 begin
[2026-06-11T08:54:24.264] [Frame] [INFO] frame=2744 begin
[2026-06-11T08:54:24.268] [Frame] [INFO] frame=2745 begin
[2026-06-11T08:54:24.272] [Frame] [INFO] frame=2746 begin
[2026-06-11T08:54:24.276] [Frame] [INFO] frame=2747 begin
[2026-06-11T08:54:24.280] [Frame] [INFO] frame=2748 begin
[2026-06-11T08:54:24.285] [Frame] [INFO] frame=2749 begin
[2026-06-11T08:54:24.289] [Frame] [INFO] frame=2750 begin
[2026-06-11T08:54:24.293] [Frame] [INFO] frame=2751 begin
[2026-06-11T08:54:24.297] [Frame] [INFO] frame=2752 begin
[2026-06-11T08:54:24.301] [Frame] [INFO] frame=2753 begin
[2026-06-11T08:54:24.305] [Frame] [INFO] frame=2754 begin
[2026-06-11T08:54:24.310] [Frame] [INFO] frame=2755 begin
[2026-06-11T08:54:24.314] [Frame] [INFO] frame=2756 begin
[2026-06-11T08:54:24.318] [Frame] [INFO] frame=2757 begin
[2026-06-11T08:54:24.322] [Frame] [INFO] frame=2758 begin
[2026-06-11T08:54:24.326] [Frame] [INFO] frame=2759 begin
[2026-06-11T08:54:24.330] [Frame] [INFO] frame=2760 begin
[2026-06-11T08:54:24.335] [Frame] [INFO] frame=2761 begin
[2026-06-11T08:54:24.339] [Frame] [INFO] frame=2762 begin
[2026-06-11T08:54:24.343] [Frame] [INFO] frame=2763 begin
[2026-06-11T08:54:24.347] [Frame] [INFO] frame=2764 begin
[2026-06-11T08:54:24.351] [Frame] [INFO] frame=2765 begin
[2026-06-11T08:54:24.355] [Frame] [INFO] frame=2766 begin
[2026-06-11T08:54:24.360] [Frame] [INFO] frame=2767 begin
[2026-06-11T08:54:24.364] [Frame] [INFO] frame=2768 begin
[2026-06-11T08:54:24.368] [Frame] [INFO] frame=2769 begin
[2026-06-11T08:54:24.372] [Frame] [INFO] frame=2770 begin
[2026-06-11T08:54:24.376] [Frame] [INFO] frame=2771 begin
[2026-06-11T08:54:24.380] [Frame] [INFO] frame=2772 begin
[2026-06-11T08:54:24.384] [Frame] [INFO] frame=2773 begin
[2026-06-11T08:54:24.389] [Frame] [INFO] frame=2774 begin
[2026-06-11T08:54:24.393] [Frame] [INFO] frame=2775 begin
[2026-06-11T08:54:24.397] [Frame] [INFO] frame=2776 begin
[2026-06-11T08:54:24.401] [Frame] [INFO] frame=2777 begin
[2026-06-11T08:54:24.405] [Frame] [INFO] frame=2778 begin
[2026-06-11T08:54:24.410] [Frame] [INFO] frame=2779 begin
[2026-06-11T08:54:24.414] [Frame] [INFO] frame=2780 begin
[2026-06-11T08:54:24.418] [Frame] [INFO] frame=2781 begin
[2026-06-11T08:54:24.422] [Frame] [INFO] frame=2782 begin
[2026-06-11T08:54:24.426] [Frame] [INFO] frame=2783 begin
[2026-06-11T08:54:24.430] [Frame] [INFO] frame=2784 begin
[2026-06-11T08:54:24.434] [Frame] [INFO] frame=2785 begin
[2026-06-11T08:54:24.439] [Frame] [INFO] frame=2786 begin
[2026-06-11T08:54:24.443] [Frame] [INFO] frame=2787 begin
[2026-06-11T08:54:24.447] [Frame] [INFO] frame=2788 begin
[2026-06-11T08:54:24.451] [Frame] [INFO] frame=2789 begin
[2026-06-11T08:54:24.455] [Frame] [INFO] frame=2790 begin
[2026-06-11T08:54:24.460] [Frame] [INFO] frame=2791 begin
[2026-06-11T08:54:24.464] [Frame] [INFO] frame=2792 begin
[2026-06-11T08:54:24.468] [Frame] [INFO] frame=2793 begin
[2026-06-11T08:54:24.472] [Frame] [INFO] frame=2794 begin
[2026-06-11T08:54:24.476] [Frame] [INFO] frame=2795 begin
[2026-06-11T08:54:24.480] [Frame] [INFO] frame=2796 begin
[2026-06-11T08:54:24.484] [Frame] [INFO] frame=2797 begin
[2026-06-11T08:54:24.489] [Frame] [INFO] frame=2798 begin
[2026-06-11T08:54:24.493] [Frame] [INFO] frame=2799 begin
[2026-06-11T08:54:24.497] [Frame] [INFO] frame=2800 begin
[2026-06-11T08:54:24.501] [Frame] [INFO] frame=2801 begin
[2026-06-11T08:54:24.505] [Frame] [INFO] frame=2802 begin
[2026-06-11T08:54:24.509] [Frame] [INFO] frame=2803 begin
[2026-06-11T08:54:24.514] [Frame] [INFO] frame=2804 begin
[2026-06-11T08:54:24.518] [Frame] [INFO] frame=2805 begin
[2026-06-11T08:54:24.522] [Frame] [INFO] frame=2806 begin
[2026-06-11T08:54:24.526] [Frame] [INFO] frame=2807 begin
[2026-06-11T08:54:24.530] [Frame] [INFO] frame=2808 begin
[2026-06-11T08:54:24.534] [Frame] [INFO] frame=2809 begin
[2026-06-11T08:54:24.539] [Frame] [INFO] frame=2810 begin
[2026-06-11T08:54:24.543] [Frame] [INFO] frame=2811 begin
[2026-06-11T08:54:24.547] [Frame] [INFO] frame=2812 begin
[2026-06-11T08:54:24.551] [Frame] [INFO] frame=2813 begin
[2026-06-11T08:54:24.555] [Frame] [INFO] frame=2814 begin
[2026-06-11T08:54:24.559] [Frame] [INFO] frame=2815 begin
[2026-06-11T08:54:24.564] [Frame] [INFO] frame=2816 begin
[2026-06-11T08:54:24.568] [Frame] [INFO] frame=2817 begin
[2026-06-11T08:54:24.572] [Frame] [INFO] frame=2818 begin
[2026-06-11T08:54:24.576] [Frame] [INFO] frame=2819 begin
[2026-06-11T08:54:24.580] [Frame] [INFO] frame=2820 begin
[2026-06-11T08:54:24.584] [Frame] [INFO] frame=2821 begin
[2026-06-11T08:54:24.589] [Frame] [INFO] frame=2822 begin
[2026-06-11T08:54:24.593] [Frame] [INFO] frame=2823 begin
[2026-06-11T08:54:24.597] [Frame] [INFO] frame=2824 begin
[2026-06-11T08:54:24.601] [Frame] [INFO] frame=2825 begin
[2026-06-11T08:54:24.605] [Frame] [INFO] frame=2826 begin
[2026-06-11T08:54:24.610] [Frame] [INFO] frame=2827 begin
[2026-06-11T08:54:24.614] [Frame] [INFO] frame=2828 begin
[2026-06-11T08:54:24.618] [Frame] [INFO] frame=2829 begin
[2026-06-11T08:54:24.622] [Frame] [INFO] frame=2830 begin
[2026-06-11T08:54:24.626] [Frame] [INFO] frame=2831 begin
[2026-06-11T08:54:24.630] [Frame] [INFO] frame=2832 begin
[2026-06-11T08:54:24.634] [Frame] [INFO] frame=2833 begin
[2026-06-11T08:54:24.639] [Frame] [INFO] frame=2834 begin
[2026-06-11T08:54:24.643] [Frame] [INFO] frame=2835 begin
[2026-06-11T08:54:24.647] [Frame] [INFO] frame=2836 begin
[2026-06-11T08:54:24.651] [Frame] [INFO] frame=2837 begin
[2026-06-11T08:54:24.655] [Frame] [INFO] frame=2838 begin
[2026-06-11T08:54:24.660] [Frame] [INFO] frame=2839 begin
[2026-06-11T08:54:24.664] [Frame] [INFO] frame=2840 begin
[2026-06-11T08:54:24.668] [Frame] [INFO] frame=2841 begin
[2026-06-11T08:54:24.672] [Frame] [INFO] frame=2842 begin
[2026-06-11T08:54:24.676] [Frame] [INFO] frame=2843 begin
[2026-06-11T08:54:24.680] [Frame] [INFO] frame=2844 begin
[2026-06-11T08:54:24.684] [Frame] [INFO] frame=2845 begin
[2026-06-11T08:54:24.689] [Frame] [INFO] frame=2846 begin
[2026-06-11T08:54:24.693] [Frame] [INFO] frame=2847 begin
[2026-06-11T08:54:24.697] [Frame] [INFO] frame=2848 begin
[2026-06-11T08:54:24.701] [Frame] [INFO] frame=2849 begin
[2026-06-11T08:54:24.705] [Frame] [INFO] frame=2850 begin
[2026-06-11T08:54:24.709] [Frame] [INFO] frame=2851 begin
[2026-06-11T08:54:24.714] [Frame] [INFO] frame=2852 begin
[2026-06-11T08:54:24.718] [Frame] [INFO] frame=2853 begin
[2026-06-11T08:54:24.722] [Frame] [INFO] frame=2854 begin
[2026-06-11T08:54:24.726] [Frame] [INFO] frame=2855 begin
[2026-06-11T08:54:24.730] [Frame] [INFO] frame=2856 begin
[2026-06-11T08:54:24.734] [Frame] [INFO] frame=2857 begin
[2026-06-11T08:54:24.739] [Frame] [INFO] frame=2858 begin
[2026-06-11T08:54:24.743] [Frame] [INFO] frame=2859 begin
[2026-06-11T08:54:24.747] [Frame] [INFO] frame=2860 begin
[2026-06-11T08:54:24.751] [Frame] [INFO] frame=2861 begin
[2026-06-11T08:54:24.755] [Frame] [INFO] frame=2862 begin
[2026-06-11T08:54:24.759] [Frame] [INFO] frame=2863 begin
[2026-06-11T08:54:24.764] [Frame] [INFO] frame=2864 begin
[2026-06-11T08:54:24.768] [Frame] [INFO] frame=2865 begin
[2026-06-11T08:54:24.772] [Frame] [INFO] frame=2866 begin
[2026-06-11T08:54:24.776] [Frame] [INFO] frame=2867 begin
[2026-06-11T08:54:24.780] [Frame] [INFO] frame=2868 begin
[2026-06-11T08:54:24.784] [Frame] [INFO] frame=2869 begin
[2026-06-11T08:54:24.789] [Frame] [INFO] frame=2870 begin
[2026-06-11T08:54:24.793] [Frame] [INFO] frame=2871 begin
[2026-06-11T08:54:24.797] [Frame] [INFO] frame=2872 begin
[2026-06-11T08:54:24.801] [Frame] [INFO] frame=2873 begin
[2026-06-11T08:54:24.805] [Frame] [INFO] frame=2874 begin
[2026-06-11T08:54:24.809] [Frame] [INFO] frame=2875 begin
[2026-06-11T08:54:24.814] [Frame] [INFO] frame=2876 begin
[2026-06-11T08:54:24.818] [Frame] [INFO] frame=2877 begin
[2026-06-11T08:54:24.822] [Frame] [INFO] frame=2878 begin
[2026-06-11T08:54:24.826] [Frame] [INFO] frame=2879 begin
[2026-06-11T08:54:24.830] [Frame] [INFO] frame=2880 begin
[2026-06-11T08:54:24.835] [Frame] [INFO] frame=2881 begin
[2026-06-11T08:54:24.839] [Frame] [INFO] frame=2882 begin
[2026-06-11T08:54:24.843] [Frame] [INFO] frame=2883 begin
[2026-06-11T08:54:24.847] [Frame] [INFO] frame=2884 begin
[2026-06-11T08:54:24.851] [Frame] [INFO] frame=2885 begin
[2026-06-11T08:54:24.855] [Frame] [INFO] frame=2886 begin
[2026-06-11T08:54:24.859] [Frame] [INFO] frame=2887 begin
[2026-06-11T08:54:24.864] [Frame] [INFO] frame=2888 begin
[2026-06-11T08:54:24.868] [Frame] [INFO] frame=2889 begin
[2026-06-11T08:54:24.872] [Frame] [INFO] frame=2890 begin
[2026-06-11T08:54:24.876] [Frame] [INFO] frame=2891 begin
[2026-06-11T08:54:24.880] [Frame] [INFO] frame=2892 begin
[2026-06-11T08:54:24.884] [Frame] [INFO] frame=2893 begin
[2026-06-11T08:54:24.889] [Frame] [INFO] frame=2894 begin
[2026-06-11T08:54:24.893] [Frame] [INFO] frame=2895 begin
[2026-06-11T08:54:24.897] [Frame] [INFO] frame=2896 begin
[2026-06-11T08:54:24.901] [Frame] [INFO] frame=2897 begin
[2026-06-11T08:54:24.905] [Frame] [INFO] frame=2898 begin
[2026-06-11T08:54:24.909] [Frame] [INFO] frame=2899 begin
[2026-06-11T08:54:24.914] [Frame] [INFO] frame=2900 begin
[2026-06-11T08:54:24.918] [Frame] [INFO] frame=2901 begin
[2026-06-11T08:54:24.922] [Frame] [INFO] frame=2902 begin
[2026-06-11T08:54:24.926] [Frame] [INFO] frame=2903 begin
[2026-06-11T08:54:24.930] [Frame] [INFO] frame=2904 begin
[2026-06-11T08:54:24.934] [Frame] [INFO] frame=2905 begin
[2026-06-11T08:54:24.939] [Frame] [INFO] frame=2906 begin
[2026-06-11T08:54:24.943] [Frame] [INFO] frame=2907 begin
[2026-06-11T08:54:24.947] [Frame] [INFO] frame=2908 begin
[2026-06-11T08:54:24.951] [Frame] [INFO] frame=2909 begin
[2026-06-11T08:54:24.955] [Frame] [INFO] frame=2910 begin
[2026-06-11T08:54:24.959] [Frame] [INFO] frame=2911 begin
[2026-06-11T08:54:24.964] [Frame] [INFO] frame=2912 begin
[2026-06-11T08:54:24.968] [Frame] [INFO] frame=2913 begin
[2026-06-11T08:54:24.972] [Frame] [INFO] frame=2914 begin
[2026-06-11T08:54:24.976] [Frame] [INFO] frame=2915 begin
[2026-06-11T08:54:24.980] [Frame] [INFO] frame=2916 begin
[2026-06-11T08:54:24.984] [Frame] [INFO] frame=2917 begin
[2026-06-11T08:54:24.989] [Frame] [INFO] frame=2918 begin
[2026-06-11T08:54:24.993] [Frame] [INFO] frame=2919 begin
[2026-06-11T08:54:24.997] [Frame] [INFO] frame=2920 begin
[2026-06-11T08:54:25.001] [Frame] [INFO] frame=2921 begin
[2026-06-11T08:54:25.005] [Frame] [INFO] frame=2922 begin
[2026-06-11T08:54:25.010] [Frame] [INFO] frame=2923 begin
[2026-06-11T08:54:25.014] [Frame] [INFO] frame=2924 begin
[2026-06-11T08:54:25.018] [Frame] [INFO] frame=2925 begin
[2026-06-11T08:54:25.022] [Frame] [INFO] frame=2926 begin
[2026-06-11T08:54:25.026] [Frame] [INFO] frame=2927 begin
[2026-06-11T08:54:25.030] [Frame] [INFO] frame=2928 begin
[2026-06-11T08:54:25.034] [Frame] [INFO] frame=2929 begin
[2026-06-11T08:54:25.039] [Frame] [INFO] frame=2930 begin
[2026-06-11T08:54:25.043] [Frame] [INFO] frame=2931 begin
[2026-06-11T08:54:25.047] [Frame] [INFO] frame=2932 begin
[2026-06-11T08:54:25.051] [Frame] [INFO] frame=2933 begin
[2026-06-11T08:54:25.055] [Frame] [INFO] frame=2934 begin
[2026-06-11T08:54:25.059] [Frame] [INFO] frame=2935 begin
[2026-06-11T08:54:25.064] [Frame] [INFO] frame=2936 begin
[2026-06-11T08:54:25.068] [Frame] [INFO] frame=2937 begin
[2026-06-11T08:54:25.072] [Frame] [INFO] frame=2938 begin
[2026-06-11T08:54:25.076] [Frame] [INFO] frame=2939 begin
[2026-06-11T08:54:25.080] [Frame] [INFO] frame=2940 begin
[2026-06-11T08:54:25.084] [Frame] [INFO] frame=2941 begin
[2026-06-11T08:54:25.089] [Frame] [INFO] frame=2942 begin
[2026-06-11T08:54:25.093] [Frame] [INFO] frame=2943 begin
[2026-06-11T08:54:25.097] [Frame] [INFO] frame=2944 begin
[2026-06-11T08:54:25.101] [Frame] [INFO] frame=2945 begin
[2026-06-11T08:54:25.105] [Frame] [INFO] frame=2946 begin
[2026-06-11T08:54:25.110] [Frame] [INFO] frame=2947 begin
[2026-06-11T08:54:25.114] [Frame] [INFO] frame=2948 begin
[2026-06-11T08:54:25.118] [Frame] [INFO] frame=2949 begin
[2026-06-11T08:54:25.122] [Frame] [INFO] frame=2950 begin
[2026-06-11T08:54:25.126] [Frame] [INFO] frame=2951 begin
[2026-06-11T08:54:25.130] [Frame] [INFO] frame=2952 begin
[2026-06-11T08:54:25.134] [Frame] [INFO] frame=2953 begin
[2026-06-11T08:54:25.139] [Frame] [INFO] frame=2954 begin
[2026-06-11T08:54:25.143] [Frame] [INFO] frame=2955 begin
[2026-06-11T08:54:25.147] [Frame] [INFO] frame=2956 begin
[2026-06-11T08:54:25.151] [Frame] [INFO] frame=2957 begin
[2026-06-11T08:54:25.155] [Frame] [INFO] frame=2958 begin
[2026-06-11T08:54:25.159] [Frame] [INFO] frame=2959 begin
[2026-06-11T08:54:25.164] [Frame] [INFO] frame=2960 begin
[2026-06-11T08:54:25.168] [Frame] [INFO] frame=2961 begin
[2026-06-11T08:54:25.172] [Frame] [INFO] frame=2962 begin
[2026-06-11T08:54:25.176] [Frame] [INFO] frame=2963 begin
[2026-06-11T08:54:25.180] [Frame] [INFO] frame=2964 begin
[2026-06-11T08:54:25.184] [Frame] [INFO] frame=2965 begin
[2026-06-11T08:54:25.189] [Frame] [INFO] frame=2966 begin
[2026-06-11T08:54:25.193] [Frame] [INFO] frame=2967 begin
[2026-06-11T08:54:25.197] [Frame] [INFO] frame=2968 begin
[2026-06-11T08:54:25.201] [Frame] [INFO] frame=2969 begin
[2026-06-11T08:54:25.205] [Frame] [INFO] frame=2970 begin
[2026-06-11T08:54:25.209] [Frame] [INFO] frame=2971 begin
[2026-06-11T08:54:25.214] [Frame] [INFO] frame=2972 begin
[2026-06-11T08:54:25.218] [Frame] [INFO] frame=2973 begin
[2026-06-11T08:54:25.222] [Frame] [INFO] frame=2974 begin
[2026-06-11T08:54:25.226] [Frame] [INFO] frame=2975 begin
[2026-06-11T08:54:25.230] [Frame] [INFO] frame=2976 begin
[2026-06-11T08:54:25.234] [Frame] [INFO] frame=2977 begin
[2026-06-11T08:54:25.239] [Frame] [INFO] frame=2978 begin
[2026-06-11T08:54:25.243] [Frame] [INFO] frame=2979 begin
[2026-06-11T08:54:25.247] [Frame] [INFO] frame=2980 begin
[2026-06-11T08:54:25.251] [Frame] [INFO] frame=2981 begin
[2026-06-11T08:54:25.255] [Frame] [INFO] frame=2982 begin
[2026-06-11T08:54:25.259] [Frame] [INFO] frame=2983 begin
[2026-06-11T08:54:25.264] [Frame] [INFO] frame=2984 begin
[2026-06-11T08:54:25.268] [Frame] [INFO] frame=2985 begin
[2026-06-11T08:54:25.272] [Frame] [INFO] frame=2986 begin
[2026-06-11T08:54:25.276] [Frame] [INFO] frame=2987 begin
[2026-06-11T08:54:25.280] [Frame] [INFO] frame=2988 begin
[2026-06-11T08:54:25.284] [Frame] [INFO] frame=2989 begin
[2026-06-11T08:54:25.289] [Frame] [INFO] frame=2990 begin
[2026-06-11T08:54:25.293] [Frame] [INFO] frame=2991 begin
[2026-06-11T08:54:25.297] [Frame] [INFO] frame=2992 begin
[2026-06-11T08:54:25.301] [Frame] [INFO] frame=2993 begin
[2026-06-11T08:54:25.305] [Frame] [INFO] frame=2994 begin
[2026-06-11T08:54:25.309] [Frame] [INFO] frame=2995 begin
[2026-06-11T08:54:25.314] [Frame] [INFO] frame=2996 begin
[2026-06-11T08:54:25.318] [Frame] [INFO] frame=2997 begin
[2026-06-11T08:54:25.322] [Frame] [INFO] frame=2998 begin
[2026-06-11T08:54:25.326] [Frame] [INFO] frame=2999 begin
[2026-06-11T08:54:25.330] [Frame] [INFO] frame=3000 begin
[2026-06-11T08:54:25.335] [Frame] [INFO] frame=3001 begin
[2026-06-11T08:54:25.339] [Frame] [INFO] frame=3002 begin
[2026-06-11T08:54:25.343] [Frame] [INFO] frame=3003 begin
[2026-06-11T08:54:25.347] [Frame] [INFO] frame=3004 begin
[2026-06-11T08:54:25.351] [Frame] [INFO] frame=3005 begin
[2026-06-11T08:54:25.355] [Frame] [INFO] frame=3006 begin
[2026-06-11T08:54:25.359] [Frame] [INFO] frame=3007 begin
[2026-06-11T08:54:25.364] [Frame] [INFO] frame=3008 begin
[2026-06-11T08:54:25.368] [Frame] [INFO] frame=3009 begin
[2026-06-11T08:54:25.372] [Frame] [INFO] frame=3010 begin
[2026-06-11T08:54:25.376] [Frame] [INFO] frame=3011 begin
[2026-06-11T08:54:25.380] [Frame] [INFO] frame=3012 begin
[2026-06-11T08:54:25.385] [Frame] [INFO] frame=3013 begin
[2026-06-11T08:54:25.389] [Frame] [INFO] frame=3014 begin
[2026-06-11T08:54:25.393] [Frame] [INFO] frame=3015 begin
[2026-06-11T08:54:25.397] [Frame] [INFO] frame=3016 begin
[2026-06-11T08:54:25.401] [Frame] [INFO] frame=3017 begin
[2026-06-11T08:54:25.405] [Frame] [INFO] frame=3018 begin
[2026-06-11T08:54:25.410] [Frame] [INFO] frame=3019 begin
[2026-06-11T08:54:25.414] [Frame] [INFO] frame=3020 begin
[2026-06-11T08:54:25.418] [Frame] [INFO] frame=3021 begin
[2026-06-11T08:54:25.422] [Frame] [INFO] frame=3022 begin
[2026-06-11T08:54:25.426] [Frame] [INFO] frame=3023 begin
[2026-06-11T08:54:25.430] [Frame] [INFO] frame=3024 begin
[2026-06-11T08:54:25.434] [Frame] [INFO] frame=3025 begin
[2026-06-11T08:54:25.439] [Frame] [INFO] frame=3026 begin
[2026-06-11T08:54:25.443] [Frame] [INFO] frame=3027 begin
[2026-06-11T08:54:25.447] [Frame] [INFO] frame=3028 begin
[2026-06-11T08:54:25.451] [Frame] [INFO] frame=3029 begin
[2026-06-11T08:54:25.455] [Frame] [INFO] frame=3030 begin
[2026-06-11T08:54:25.460] [Frame] [INFO] frame=3031 begin
[2026-06-11T08:54:25.464] [Frame] [INFO] frame=3032 begin
[2026-06-11T08:54:25.468] [Frame] [INFO] frame=3033 begin
[2026-06-11T08:54:25.472] [Frame] [INFO] frame=3034 begin
[2026-06-11T08:54:25.476] [Frame] [INFO] frame=3035 begin
[2026-06-11T08:54:25.480] [Frame] [INFO] frame=3036 begin
[2026-06-11T08:54:25.484] [Frame] [INFO] frame=3037 begin
[2026-06-11T08:54:25.489] [Frame] [INFO] frame=3038 begin
[2026-06-11T08:54:25.493] [Frame] [INFO] frame=3039 begin
[2026-06-11T08:54:25.497] [Frame] [INFO] frame=3040 begin
[2026-06-11T08:54:25.501] [Frame] [INFO] frame=3041 begin
[2026-06-11T08:54:25.505] [Frame] [INFO] frame=3042 begin
[2026-06-11T08:54:25.509] [Frame] [INFO] frame=3043 begin
[2026-06-11T08:54:25.514] [Frame] [INFO] frame=3044 begin
[2026-06-11T08:54:25.518] [Frame] [INFO] frame=3045 begin
[2026-06-11T08:54:25.522] [Frame] [INFO] frame=3046 begin
[2026-06-11T08:54:25.526] [Frame] [INFO] frame=3047 begin
[2026-06-11T08:54:25.530] [Frame] [INFO] frame=3048 begin
[2026-06-11T08:54:25.534] [Frame] [INFO] frame=3049 begin
[2026-06-11T08:54:25.539] [Frame] [INFO] frame=3050 begin
[2026-06-11T08:54:25.543] [Frame] [INFO] frame=3051 begin
[2026-06-11T08:54:25.547] [Frame] [INFO] frame=3052 begin
[2026-06-11T08:54:25.551] [Frame] [INFO] frame=3053 begin
[2026-06-11T08:54:25.555] [Frame] [INFO] frame=3054 begin
[2026-06-11T08:54:25.559] [Frame] [INFO] frame=3055 begin
[2026-06-11T08:54:25.564] [Frame] [INFO] frame=3056 begin
[2026-06-11T08:54:25.568] [Frame] [INFO] frame=3057 begin
[2026-06-11T08:54:25.572] [Frame] [INFO] frame=3058 begin
[2026-06-11T08:54:25.576] [Frame] [INFO] frame=3059 begin
[2026-06-11T08:54:25.580] [Frame] [INFO] frame=3060 begin
[2026-06-11T08:54:25.584] [Frame] [INFO] frame=3061 begin
[2026-06-11T08:54:25.589] [Frame] [INFO] frame=3062 begin
[2026-06-11T08:54:25.593] [Frame] [INFO] frame=3063 begin
[2026-06-11T08:54:25.597] [Frame] [INFO] frame=3064 begin
[2026-06-11T08:54:25.601] [Frame] [INFO] frame=3065 begin
[2026-06-11T08:54:25.605] [Frame] [INFO] frame=3066 begin
[2026-06-11T08:54:25.609] [Frame] [INFO] frame=3067 begin
[2026-06-11T08:54:25.614] [Frame] [INFO] frame=3068 begin
[2026-06-11T08:54:25.618] [Frame] [INFO] frame=3069 begin
[2026-06-11T08:54:25.622] [Frame] [INFO] frame=3070 begin
[2026-06-11T08:54:25.626] [Frame] [INFO] frame=3071 begin
[2026-06-11T08:54:25.630] [Frame] [INFO] frame=3072 begin
[2026-06-11T08:54:25.634] [Frame] [INFO] frame=3073 begin
[2026-06-11T08:54:25.639] [Frame] [INFO] frame=3074 begin
[2026-06-11T08:54:25.643] [Frame] [INFO] frame=3075 begin
[2026-06-11T08:54:25.647] [Frame] [INFO] frame=3076 begin
[2026-06-11T08:54:25.651] [Frame] [INFO] frame=3077 begin
[2026-06-11T08:54:25.655] [Frame] [INFO] frame=3078 begin
[2026-06-11T08:54:25.659] [Frame] [INFO] frame=3079 begin
[2026-06-11T08:54:25.664] [Frame] [INFO] frame=3080 begin
[2026-06-11T08:54:25.668] [Frame] [INFO] frame=3081 begin
[2026-06-11T08:54:25.672] [Frame] [INFO] frame=3082 begin
[2026-06-11T08:54:25.676] [Frame] [INFO] frame=3083 begin
[2026-06-11T08:54:25.680] [Frame] [INFO] frame=3084 begin
[2026-06-11T08:54:25.684] [Frame] [INFO] frame=3085 begin
[2026-06-11T08:54:25.689] [Frame] [INFO] frame=3086 begin
[2026-06-11T08:54:25.693] [Frame] [INFO] frame=3087 begin
[2026-06-11T08:54:25.697] [Frame] [INFO] frame=3088 begin
[2026-06-11T08:54:25.701] [Frame] [INFO] frame=3089 begin
[2026-06-11T08:54:25.705] [Frame] [INFO] frame=3090 begin
[2026-06-11T08:54:25.709] [Frame] [INFO] frame=3091 begin
[2026-06-11T08:54:25.714] [Frame] [INFO] frame=3092 begin
[2026-06-11T08:54:25.718] [Frame] [INFO] frame=3093 begin
[2026-06-11T08:54:25.722] [Frame] [INFO] frame=3094 begin
[2026-06-11T08:54:25.726] [Frame] [INFO] frame=3095 begin
[2026-06-11T08:54:25.730] [Frame] [INFO] frame=3096 begin
[2026-06-11T08:54:25.734] [Frame] [INFO] frame=3097 begin
[2026-06-11T08:54:25.739] [Frame] [INFO] frame=3098 begin
[2026-06-11T08:54:25.743] [Frame] [INFO] frame=3099 begin
[2026-06-11T08:54:25.747] [Frame] [INFO] frame=3100 begin
[2026-06-11T08:54:25.751] [Frame] [INFO] frame=3101 begin
[2026-06-11T08:54:25.755] [Frame] [INFO] frame=3102 begin
[2026-06-11T08:54:25.759] [Frame] [INFO] frame=3103 begin
[2026-06-11T08:54:25.764] [Frame] [INFO] frame=3104 begin
[2026-06-11T08:54:25.768] [Frame] [INFO] frame=3105 begin
[2026-06-11T08:54:25.772] [Frame] [INFO] frame=3106 begin
[2026-06-11T08:54:25.776] [Frame] [INFO] frame=3107 begin
[2026-06-11T08:54:25.780] [Frame] [INFO] frame=3108 begin
[2026-06-11T08:54:25.784] [Frame] [INFO] frame=3109 begin
[2026-06-11T08:54:25.789] [Frame] [INFO] frame=3110 begin
[2026-06-11T08:54:25.793] [Frame] [INFO] frame=3111 begin
[2026-06-11T08:54:25.797] [Frame] [INFO] frame=3112 begin
[2026-06-11T08:54:25.801] [Frame] [INFO] frame=3113 begin
[2026-06-11T08:54:25.805] [Frame] [INFO] frame=3114 begin
[2026-06-11T08:54:25.809] [Frame] [INFO] frame=3115 begin
[2026-06-11T08:54:25.814] [Frame] [INFO] frame=3116 begin
[2026-06-11T08:54:25.818] [Frame] [INFO] frame=3117 begin
[2026-06-11T08:54:25.822] [Frame] [INFO] frame=3118 begin
[2026-06-11T08:54:25.826] [Frame] [INFO] frame=3119 begin
[2026-06-11T08:54:25.830] [Frame] [INFO] frame=3120 begin
[2026-06-11T08:54:25.835] [Frame] [INFO] frame=3121 begin
[2026-06-11T08:54:25.839] [Frame] [INFO] frame=3122 begin
[2026-06-11T08:54:25.843] [Frame] [INFO] frame=3123 begin
[2026-06-11T08:54:25.847] [Frame] [INFO] frame=3124 begin
[2026-06-11T08:54:25.851] [Frame] [INFO] frame=3125 begin
[2026-06-11T08:54:25.855] [Frame] [INFO] frame=3126 begin
[2026-06-11T08:54:25.859] [Frame] [INFO] frame=3127 begin
[2026-06-11T08:54:25.864] [Frame] [INFO] frame=3128 begin
[2026-06-11T08:54:25.868] [Frame] [INFO] frame=3129 begin
[2026-06-11T08:54:25.872] [Frame] [INFO] frame=3130 begin
[2026-06-11T08:54:25.876] [Frame] [INFO] frame=3131 begin
[2026-06-11T08:54:25.880] [Frame] [INFO] frame=3132 begin
[2026-06-11T08:54:25.884] [Frame] [INFO] frame=3133 begin
[2026-06-11T08:54:25.889] [Frame] [INFO] frame=3134 begin
[2026-06-11T08:54:25.893] [Frame] [INFO] frame=3135 begin
[2026-06-11T08:54:25.897] [Frame] [INFO] frame=3136 begin
[2026-06-11T08:54:25.901] [Frame] [INFO] frame=3137 begin
[2026-06-11T08:54:25.905] [Frame] [INFO] frame=3138 begin
[2026-06-11T08:54:25.909] [Frame] [INFO] frame=3139 begin
[2026-06-11T08:54:25.914] [Frame] [INFO] frame=3140 begin
[2026-06-11T08:54:25.918] [Frame] [INFO] frame=3141 begin
[2026-06-11T08:54:25.922] [Frame] [INFO] frame=3142 begin
[2026-06-11T08:54:25.926] [Frame] [INFO] frame=3143 begin
[2026-06-11T08:54:25.930] [Frame] [INFO] frame=3144 begin
[2026-06-11T08:54:25.934] [Frame] [INFO] frame=3145 begin
[2026-06-11T08:54:25.939] [Frame] [INFO] frame=3146 begin
[2026-06-11T08:54:25.943] [Frame] [INFO] frame=3147 begin
[2026-06-11T08:54:25.947] [Frame] [INFO] frame=3148 begin
[2026-06-11T08:54:25.951] [Frame] [INFO] frame=3149 begin
[2026-06-11T08:54:25.955] [Frame] [INFO] frame=3150 begin
[2026-06-11T08:54:25.960] [Frame] [INFO] frame=3151 begin
[2026-06-11T08:54:25.964] [Frame] [INFO] frame=3152 begin
[2026-06-11T08:54:25.968] [Frame] [INFO] frame=3153 begin
[2026-06-11T08:54:25.972] [Frame] [INFO] frame=3154 begin
[2026-06-11T08:54:25.976] [Frame] [INFO] frame=3155 begin
[2026-06-11T08:54:25.980] [Frame] [INFO] frame=3156 begin
[2026-06-11T08:54:25.984] [Frame] [INFO] frame=3157 begin
[2026-06-11T08:54:25.989] [Frame] [INFO] frame=3158 begin
[2026-06-11T08:54:25.993] [Frame] [INFO] frame=3159 begin
[2026-06-11T08:54:25.997] [Frame] [INFO] frame=3160 begin
[2026-06-11T08:54:26.001] [Frame] [INFO] frame=3161 begin
[2026-06-11T08:54:26.005] [Frame] [INFO] frame=3162 begin
[2026-06-11T08:54:26.009] [Frame] [INFO] frame=3163 begin
[2026-06-11T08:54:26.014] [Frame] [INFO] frame=3164 begin
[2026-06-11T08:54:26.018] [Frame] [INFO] frame=3165 begin
[2026-06-11T08:54:26.022] [Frame] [INFO] frame=3166 begin
[2026-06-11T08:54:26.026] [Frame] [INFO] frame=3167 begin
[2026-06-11T08:54:26.030] [Frame] [INFO] frame=3168 begin
[2026-06-11T08:54:26.034] [Frame] [INFO] frame=3169 begin
[2026-06-11T08:54:26.039] [Frame] [INFO] frame=3170 begin
[2026-06-11T08:54:26.043] [Frame] [INFO] frame=3171 begin
[2026-06-11T08:54:26.047] [Frame] [INFO] frame=3172 begin
[2026-06-11T08:54:26.051] [Frame] [INFO] frame=3173 begin
[2026-06-11T08:54:26.055] [Frame] [INFO] frame=3174 begin
[2026-06-11T08:54:26.059] [Frame] [INFO] frame=3175 begin
[2026-06-11T08:54:26.064] [Frame] [INFO] frame=3176 begin
[2026-06-11T08:54:26.068] [Frame] [INFO] frame=3177 begin
[2026-06-11T08:54:26.072] [Frame] [INFO] frame=3178 begin
[2026-06-11T08:54:26.076] [Frame] [INFO] frame=3179 begin
[2026-06-11T08:54:26.080] [Frame] [INFO] frame=3180 begin
[2026-06-11T08:54:26.084] [Frame] [INFO] frame=3181 begin
[2026-06-11T08:54:26.089] [Frame] [INFO] frame=3182 begin
[2026-06-11T08:54:26.093] [Frame] [INFO] frame=3183 begin
[2026-06-11T08:54:26.097] [Frame] [INFO] frame=3184 begin
[2026-06-11T08:54:26.101] [Frame] [INFO] frame=3185 begin
[2026-06-11T08:54:26.105] [Frame] [INFO] frame=3186 begin
[2026-06-11T08:54:26.109] [Frame] [INFO] frame=3187 begin
[2026-06-11T08:54:26.114] [Frame] [INFO] frame=3188 begin
[2026-06-11T08:54:26.118] [Frame] [INFO] frame=3189 begin
[2026-06-11T08:54:26.122] [Frame] [INFO] frame=3190 begin
[2026-06-11T08:54:26.126] [Frame] [INFO] frame=3191 begin
[2026-06-11T08:54:26.130] [Frame] [INFO] frame=3192 begin
[2026-06-11T08:54:26.134] [Frame] [INFO] frame=3193 begin
[2026-06-11T08:54:26.139] [Frame] [INFO] frame=3194 begin
[2026-06-11T08:54:26.143] [Frame] [INFO] frame=3195 begin
[2026-06-11T08:54:26.147] [Frame] [INFO] frame=3196 begin
[2026-06-11T08:54:26.151] [Frame] [INFO] frame=3197 begin
[2026-06-11T08:54:26.155] [Frame] [INFO] frame=3198 begin
[2026-06-11T08:54:26.159] [Frame] [INFO] frame=3199 begin
[2026-06-11T08:54:26.164] [Frame] [INFO] frame=3200 begin
[2026-06-11T08:54:26.168] [Frame] [INFO] frame=3201 begin
[2026-06-11T08:54:26.172] [Frame] [INFO] frame=3202 begin
[2026-06-11T08:54:26.176] [Frame] [INFO] frame=3203 begin
[2026-06-11T08:54:26.180] [Frame] [INFO] frame=3204 begin
[2026-06-11T08:54:26.185] [Frame] [INFO] frame=3205 begin
[2026-06-11T08:54:26.189] [Frame] [INFO] frame=3206 begin
[2026-06-11T08:54:26.193] [Frame] [INFO] frame=3207 begin
[2026-06-11T08:54:26.197] [Frame] [INFO] frame=3208 begin
[2026-06-11T08:54:26.201] [Frame] [INFO] frame=3209 begin
[2026-06-11T08:54:26.205] [Frame] [INFO] frame=3210 begin
[2026-06-11T08:54:26.209] [Frame] [INFO] frame=3211 begin
[2026-06-11T08:54:26.214] [Frame] [INFO] frame=3212 begin
[2026-06-11T08:54:26.218] [Frame] [INFO] frame=3213 begin
[2026-06-11T08:54:26.222] [Frame] [INFO] frame=3214 begin
[2026-06-11T08:54:26.226] [Frame] [INFO] frame=3215 begin
[2026-06-11T08:54:26.230] [Frame] [INFO] frame=3216 begin
[2026-06-11T08:54:26.234] [Frame] [INFO] frame=3217 begin
[2026-06-11T08:54:26.239] [Frame] [INFO] frame=3218 begin
[2026-06-11T08:54:26.243] [Frame] [INFO] frame=3219 begin
[2026-06-11T08:54:26.247] [Frame] [INFO] frame=3220 begin
[2026-06-11T08:54:26.251] [Frame] [INFO] frame=3221 begin
[2026-06-11T08:54:26.255] [Frame] [INFO] frame=3222 begin
[2026-06-11T08:54:26.259] [Frame] [INFO] frame=3223 begin
[2026-06-11T08:54:26.264] [Frame] [INFO] frame=3224 begin
[2026-06-11T08:54:26.268] [Frame] [INFO] frame=3225 begin
[2026-06-11T08:54:26.272] [Frame] [INFO] frame=3226 begin
[2026-06-11T08:54:26.276] [Frame] [INFO] frame=3227 begin
[2026-06-11T08:54:26.280] [Frame] [INFO] frame=3228 begin
[2026-06-11T08:54:26.285] [Frame] [INFO] frame=3229 begin
[2026-06-11T08:54:26.289] [Frame] [INFO] frame=3230 begin
[2026-06-11T08:54:26.293] [Frame] [INFO] frame=3231 begin
[2026-06-11T08:54:26.297] [Frame] [INFO] frame=3232 begin
[2026-06-11T08:54:26.301] [Frame] [INFO] frame=3233 begin
[2026-06-11T08:54:26.305] [Frame] [INFO] frame=3234 begin
[2026-06-11T08:54:26.310] [Frame] [INFO] frame=3235 begin
[2026-06-11T08:54:26.314] [Frame] [INFO] frame=3236 begin
[2026-06-11T08:54:26.318] [Frame] [INFO] frame=3237 begin
[2026-06-11T08:54:26.322] [Frame] [INFO] frame=3238 begin
[2026-06-11T08:54:26.326] [Frame] [INFO] frame=3239 begin
[2026-06-11T08:54:26.330] [Frame] [INFO] frame=3240 begin
[2026-06-11T08:54:26.335] [Frame] [INFO] frame=3241 begin
[2026-06-11T08:54:26.339] [Frame] [INFO] frame=3242 begin
[2026-06-11T08:54:26.343] [Frame] [INFO] frame=3243 begin
[2026-06-11T08:54:26.347] [Frame] [INFO] frame=3244 begin
[2026-06-11T08:54:26.351] [Frame] [INFO] frame=3245 begin
[2026-06-11T08:54:26.355] [Frame] [INFO] frame=3246 begin
[2026-06-11T08:54:26.360] [Frame] [INFO] frame=3247 begin
[2026-06-11T08:54:26.364] [Frame] [INFO] frame=3248 begin
[2026-06-11T08:54:26.368] [Frame] [INFO] frame=3249 begin
[2026-06-11T08:54:26.372] [Frame] [INFO] frame=3250 begin
[2026-06-11T08:54:26.376] [Frame] [INFO] frame=3251 begin
[2026-06-11T08:54:26.380] [Frame] [INFO] frame=3252 begin
[2026-06-11T08:54:26.384] [Frame] [INFO] frame=3253 begin
[2026-06-11T08:54:26.389] [Frame] [INFO] frame=3254 begin
[2026-06-11T08:54:26.393] [Frame] [INFO] frame=3255 begin
[2026-06-11T08:54:26.397] [Frame] [INFO] frame=3256 begin
[2026-06-11T08:54:26.401] [Frame] [INFO] frame=3257 begin
[2026-06-11T08:54:26.405] [Frame] [INFO] frame=3258 begin
[2026-06-11T08:54:26.409] [Frame] [INFO] frame=3259 begin
[2026-06-11T08:54:26.414] [Frame] [INFO] frame=3260 begin
[2026-06-11T08:54:26.418] [Frame] [INFO] frame=3261 begin
[2026-06-11T08:54:26.422] [Frame] [INFO] frame=3262 begin
[2026-06-11T08:54:26.426] [Frame] [INFO] frame=3263 begin
[2026-06-11T08:54:26.430] [Frame] [INFO] frame=3264 begin
[2026-06-11T08:54:26.434] [Frame] [INFO] frame=3265 begin
[2026-06-11T08:54:26.439] [Frame] [INFO] frame=3266 begin
[2026-06-11T08:54:26.443] [Frame] [INFO] frame=3267 begin
[2026-06-11T08:54:26.447] [Frame] [INFO] frame=3268 begin
[2026-06-11T08:54:26.451] [Frame] [INFO] frame=3269 begin
[2026-06-11T08:54:26.455] [Frame] [INFO] frame=3270 begin
[2026-06-11T08:54:26.460] [Frame] [INFO] frame=3271 begin
[2026-06-11T08:54:26.464] [Frame] [INFO] frame=3272 begin
[2026-06-11T08:54:26.468] [Frame] [INFO] frame=3273 begin
[2026-06-11T08:54:26.472] [Frame] [INFO] frame=3274 begin
[2026-06-11T08:54:26.476] [Frame] [INFO] frame=3275 begin
[2026-06-11T08:54:26.480] [Frame] [INFO] frame=3276 begin
[2026-06-11T08:54:26.484] [Frame] [INFO] frame=3277 begin
[2026-06-11T08:54:26.489] [Frame] [INFO] frame=3278 begin
[2026-06-11T08:54:26.493] [Frame] [INFO] frame=3279 begin
[2026-06-11T08:54:26.497] [Frame] [INFO] frame=3280 begin
[2026-06-11T08:54:26.501] [Frame] [INFO] frame=3281 begin
[2026-06-11T08:54:26.505] [Frame] [INFO] frame=3282 begin
[2026-06-11T08:54:26.509] [Frame] [INFO] frame=3283 begin
[2026-06-11T08:54:26.514] [Frame] [INFO] frame=3284 begin
[2026-06-11T08:54:26.518] [Frame] [INFO] frame=3285 begin
[2026-06-11T08:54:26.522] [Frame] [INFO] frame=3286 begin
[2026-06-11T08:54:26.526] [Frame] [INFO] frame=3287 begin
[2026-06-11T08:54:26.530] [Frame] [INFO] frame=3288 begin
[2026-06-11T08:54:26.534] [Frame] [INFO] frame=3289 begin
[2026-06-11T08:54:26.539] [Frame] [INFO] frame=3290 begin
[2026-06-11T08:54:26.543] [Frame] [INFO] frame=3291 begin
[2026-06-11T08:54:26.547] [Frame] [INFO] frame=3292 begin
[2026-06-11T08:54:26.551] [Frame] [INFO] frame=3293 begin
[2026-06-11T08:54:26.555] [Frame] [INFO] frame=3294 begin
[2026-06-11T08:54:26.560] [Frame] [INFO] frame=3295 begin
[2026-06-11T08:54:26.564] [Frame] [INFO] frame=3296 begin
[2026-06-11T08:54:26.568] [Frame] [INFO] frame=3297 begin
[2026-06-11T08:54:26.572] [Frame] [INFO] frame=3298 begin
[2026-06-11T08:54:26.576] [Frame] [INFO] frame=3299 begin
[2026-06-11T08:54:26.580] [Frame] [INFO] frame=3300 begin
[2026-06-11T08:54:26.584] [Frame] [INFO] frame=3301 begin
[2026-06-11T08:54:26.589] [Frame] [INFO] frame=3302 begin
[2026-06-11T08:54:26.593] [Frame] [INFO] frame=3303 begin
[2026-06-11T08:54:26.597] [Frame] [INFO] frame=3304 begin
[2026-06-11T08:54:26.601] [Frame] [INFO] frame=3305 begin
[2026-06-11T08:54:26.605] [Frame] [INFO] frame=3306 begin
[2026-06-11T08:54:26.609] [Frame] [INFO] frame=3307 begin
[2026-06-11T08:54:26.614] [Frame] [INFO] frame=3308 begin
[2026-06-11T08:54:26.618] [Frame] [INFO] frame=3309 begin
[2026-06-11T08:54:26.622] [Frame] [INFO] frame=3310 begin
[2026-06-11T08:54:26.626] [Frame] [INFO] frame=3311 begin
[2026-06-11T08:54:26.630] [Frame] [INFO] frame=3312 begin
[2026-06-11T08:54:26.634] [Frame] [INFO] frame=3313 begin
[2026-06-11T08:54:26.639] [Frame] [INFO] frame=3314 begin
[2026-06-11T08:54:26.643] [Frame] [INFO] frame=3315 begin
[2026-06-11T08:54:26.647] [Frame] [INFO] frame=3316 begin
[2026-06-11T08:54:26.651] [Frame] [INFO] frame=3317 begin
[2026-06-11T08:54:26.655] [Frame] [INFO] frame=3318 begin
[2026-06-11T08:54:26.659] [Frame] [INFO] frame=3319 begin
[2026-06-11T08:54:26.664] [Frame] [INFO] frame=3320 begin
[2026-06-11T08:54:26.668] [Frame] [INFO] frame=3321 begin
[2026-06-11T08:54:26.672] [Frame] [INFO] frame=3322 begin
[2026-06-11T08:54:26.676] [Frame] [INFO] frame=3323 begin
[2026-06-11T08:54:26.680] [Frame] [INFO] frame=3324 begin
[2026-06-11T08:54:26.684] [Frame] [INFO] frame=3325 begin
[2026-06-11T08:54:26.689] [Frame] [INFO] frame=3326 begin
[2026-06-11T08:54:26.693] [Frame] [INFO] frame=3327 begin
[2026-06-11T08:54:26.697] [Frame] [INFO] frame=3328 begin
[2026-06-11T08:54:26.701] [Frame] [INFO] frame=3329 begin
[2026-06-11T08:54:26.705] [Frame] [INFO] frame=3330 begin
[2026-06-11T08:54:26.709] [Frame] [INFO] frame=3331 begin
[2026-06-11T08:54:26.714] [Frame] [INFO] frame=3332 begin
[2026-06-11T08:54:26.718] [Frame] [INFO] frame=3333 begin
[2026-06-11T08:54:26.722] [Frame] [INFO] frame=3334 begin
[2026-06-11T08:54:26.726] [Frame] [INFO] frame=3335 begin
[2026-06-11T08:54:26.730] [Frame] [INFO] frame=3336 begin
[2026-06-11T08:54:26.734] [Frame] [INFO] frame=3337 begin
[2026-06-11T08:54:26.739] [Frame] [INFO] frame=3338 begin
[2026-06-11T08:54:26.743] [Frame] [INFO] frame=3339 begin
[2026-06-11T08:54:26.747] [Frame] [INFO] frame=3340 begin
[2026-06-11T08:54:26.751] [Frame] [INFO] frame=3341 begin
[2026-06-11T08:54:26.755] [Frame] [INFO] frame=3342 begin
[2026-06-11T08:54:26.759] [Frame] [INFO] frame=3343 begin
[2026-06-11T08:54:26.764] [Frame] [INFO] frame=3344 begin
[2026-06-11T08:54:26.768] [Frame] [INFO] frame=3345 begin
[2026-06-11T08:54:26.772] [Frame] [INFO] frame=3346 begin
[2026-06-11T08:54:26.776] [Frame] [INFO] frame=3347 begin
[2026-06-11T08:54:26.780] [Frame] [INFO] frame=3348 begin
[2026-06-11T08:54:26.784] [Frame] [INFO] frame=3349 begin
[2026-06-11T08:54:26.789] [Frame] [INFO] frame=3350 begin
[2026-06-11T08:54:26.793] [Frame] [INFO] frame=3351 begin
[2026-06-11T08:54:26.797] [Frame] [INFO] frame=3352 begin
[2026-06-11T08:54:26.801] [Frame] [INFO] frame=3353 begin
[2026-06-11T08:54:26.805] [Frame] [INFO] frame=3354 begin
[2026-06-11T08:54:26.810] [Frame] [INFO] frame=3355 begin
[2026-06-11T08:54:26.814] [Frame] [INFO] frame=3356 begin
[2026-06-11T08:54:26.818] [Frame] [INFO] frame=3357 begin
[2026-06-11T08:54:26.822] [Frame] [INFO] frame=3358 begin
[2026-06-11T08:54:26.826] [Frame] [INFO] frame=3359 begin
[2026-06-11T08:54:26.830] [Frame] [INFO] frame=3360 begin
[2026-06-11T08:54:26.835] [Frame] [INFO] frame=3361 begin
[2026-06-11T08:54:26.839] [Frame] [INFO] frame=3362 begin
[2026-06-11T08:54:26.843] [Frame] [INFO] frame=3363 begin
[2026-06-11T08:54:26.847] [Frame] [INFO] frame=3364 begin
[2026-06-11T08:54:26.851] [Frame] [INFO] frame=3365 begin
[2026-06-11T08:54:26.855] [Frame] [INFO] frame=3366 begin
[2026-06-11T08:54:26.860] [Frame] [INFO] frame=3367 begin
[2026-06-11T08:54:26.864] [Frame] [INFO] frame=3368 begin
[2026-06-11T08:54:26.868] [Frame] [INFO] frame=3369 begin
[2026-06-11T08:54:26.872] [Frame] [INFO] frame=3370 begin
[2026-06-11T08:54:26.876] [Frame] [INFO] frame=3371 begin
[2026-06-11T08:54:26.880] [Frame] [INFO] frame=3372 begin
[2026-06-11T08:54:26.884] [Frame] [INFO] frame=3373 begin
[2026-06-11T08:54:26.889] [Frame] [INFO] frame=3374 begin
[2026-06-11T08:54:26.893] [Frame] [INFO] frame=3375 begin
[2026-06-11T08:54:26.897] [Frame] [INFO] frame=3376 begin
[2026-06-11T08:54:26.901] [Frame] [INFO] frame=3377 begin
[2026-06-11T08:54:26.905] [Frame] [INFO] frame=3378 begin
[2026-06-11T08:54:26.909] [Frame] [INFO] frame=3379 begin
[2026-06-11T08:54:26.914] [Frame] [INFO] frame=3380 begin
[2026-06-11T08:54:26.918] [Frame] [INFO] frame=3381 begin
[2026-06-11T08:54:26.922] [Frame] [INFO] frame=3382 begin
[2026-06-11T08:54:26.926] [Frame] [INFO] frame=3383 begin
[2026-06-11T08:54:26.930] [Frame] [INFO] frame=3384 begin
[2026-06-11T08:54:26.935] [Frame] [INFO] frame=3385 begin
[2026-06-11T08:54:26.939] [Frame] [INFO] frame=3386 begin
[2026-06-11T08:54:26.943] [Frame] [INFO] frame=3387 begin
[2026-06-11T08:54:26.947] [Frame] [INFO] frame=3388 begin
[2026-06-11T08:54:26.951] [Frame] [INFO] frame=3389 begin
[2026-06-11T08:54:26.955] [Frame] [INFO] frame=3390 begin
[2026-06-11T08:54:26.959] [Frame] [INFO] frame=3391 begin
[2026-06-11T08:54:26.964] [Frame] [INFO] frame=3392 begin
[2026-06-11T08:54:26.968] [Frame] [INFO] frame=3393 begin
[2026-06-11T08:54:26.972] [Frame] [INFO] frame=3394 begin
[2026-06-11T08:54:26.976] [Frame] [INFO] frame=3395 begin
[2026-06-11T08:54:26.980] [Frame] [INFO] frame=3396 begin
[2026-06-11T08:54:26.984] [Frame] [INFO] frame=3397 begin
[2026-06-11T08:54:26.989] [Frame] [INFO] frame=3398 begin
[2026-06-11T08:54:26.993] [Frame] [INFO] frame=3399 begin
[2026-06-11T08:54:26.997] [Frame] [INFO] frame=3400 begin
[2026-06-11T08:54:27.001] [Frame] [INFO] frame=3401 begin
[2026-06-11T08:54:27.005] [Frame] [INFO] frame=3402 begin
[2026-06-11T08:54:27.010] [Frame] [INFO] frame=3403 begin
[2026-06-11T08:54:27.014] [Frame] [INFO] frame=3404 begin
[2026-06-11T08:54:27.018] [Frame] [INFO] frame=3405 begin
[2026-06-11T08:54:27.022] [Frame] [INFO] frame=3406 begin
[2026-06-11T08:54:27.026] [Frame] [INFO] frame=3407 begin
[2026-06-11T08:54:27.030] [Frame] [INFO] frame=3408 begin
[2026-06-11T08:54:27.035] [Frame] [INFO] frame=3409 begin
[2026-06-11T08:54:27.039] [Frame] [INFO] frame=3410 begin
[2026-06-11T08:54:27.043] [Frame] [INFO] frame=3411 begin
[2026-06-11T08:54:27.047] [Frame] [INFO] frame=3412 begin
[2026-06-11T08:54:27.051] [Frame] [INFO] frame=3413 begin
[2026-06-11T08:54:27.055] [Frame] [INFO] frame=3414 begin
[2026-06-11T08:54:27.059] [Frame] [INFO] frame=3415 begin
[2026-06-11T08:54:27.064] [Frame] [INFO] frame=3416 begin
[2026-06-11T08:54:27.068] [Frame] [INFO] frame=3417 begin
[2026-06-11T08:54:27.072] [Frame] [INFO] frame=3418 begin
[2026-06-11T08:54:27.076] [Frame] [INFO] frame=3419 begin
[2026-06-11T08:54:27.080] [Frame] [INFO] frame=3420 begin
[2026-06-11T08:54:27.084] [Frame] [INFO] frame=3421 begin
[2026-06-11T08:54:27.089] [Frame] [INFO] frame=3422 begin
[2026-06-11T08:54:27.093] [Frame] [INFO] frame=3423 begin
[2026-06-11T08:54:27.097] [Frame] [INFO] frame=3424 begin
[2026-06-11T08:54:27.101] [Frame] [INFO] frame=3425 begin
[2026-06-11T08:54:27.105] [Frame] [INFO] frame=3426 begin
[2026-06-11T08:54:27.109] [Frame] [INFO] frame=3427 begin
[2026-06-11T08:54:27.114] [Frame] [INFO] frame=3428 begin
[2026-06-11T08:54:27.118] [Frame] [INFO] frame=3429 begin
[2026-06-11T08:54:27.122] [Frame] [INFO] frame=3430 begin
[2026-06-11T08:54:27.126] [Frame] [INFO] frame=3431 begin
[2026-06-11T08:54:27.130] [Frame] [INFO] frame=3432 begin
[2026-06-11T08:54:27.134] [Frame] [INFO] frame=3433 begin
[2026-06-11T08:54:27.139] [Frame] [INFO] frame=3434 begin
[2026-06-11T08:54:27.143] [Frame] [INFO] frame=3435 begin
[2026-06-11T08:54:27.147] [Frame] [INFO] frame=3436 begin
[2026-06-11T08:54:27.151] [Frame] [INFO] frame=3437 begin
[2026-06-11T08:54:27.155] [Frame] [INFO] frame=3438 begin
[2026-06-11T08:54:27.159] [Frame] [INFO] frame=3439 begin
[2026-06-11T08:54:27.164] [Frame] [INFO] frame=3440 begin
[2026-06-11T08:54:27.168] [Frame] [INFO] frame=3441 begin
[2026-06-11T08:54:27.172] [Frame] [INFO] frame=3442 begin
[2026-06-11T08:54:27.176] [Frame] [INFO] frame=3443 begin
[2026-06-11T08:54:27.180] [Frame] [INFO] frame=3444 begin
[2026-06-11T08:54:27.184] [Frame] [INFO] frame=3445 begin
[2026-06-11T08:54:27.189] [Frame] [INFO] frame=3446 begin
[2026-06-11T08:54:27.193] [Frame] [INFO] frame=3447 begin
[2026-06-11T08:54:27.197] [Frame] [INFO] frame=3448 begin
[2026-06-11T08:54:27.201] [Frame] [INFO] frame=3449 begin
[2026-06-11T08:54:27.205] [Frame] [INFO] frame=3450 begin
[2026-06-11T08:54:27.210] [Frame] [INFO] frame=3451 begin
[2026-06-11T08:54:27.214] [Frame] [INFO] frame=3452 begin
[2026-06-11T08:54:27.218] [Frame] [INFO] frame=3453 begin
[2026-06-11T08:54:27.222] [Frame] [INFO] frame=3454 begin
[2026-06-11T08:54:27.226] [Frame] [INFO] frame=3455 begin
[2026-06-11T08:54:27.230] [Frame] [INFO] frame=3456 begin
[2026-06-11T08:54:27.235] [Frame] [INFO] frame=3457 begin
[2026-06-11T08:54:27.239] [Frame] [INFO] frame=3458 begin
[2026-06-11T08:54:27.243] [Frame] [INFO] frame=3459 begin
[2026-06-11T08:54:27.247] [Frame] [INFO] frame=3460 begin
[2026-06-11T08:54:27.251] [Frame] [INFO] frame=3461 begin
[2026-06-11T08:54:27.255] [Frame] [INFO] frame=3462 begin
[2026-06-11T08:54:27.259] [Frame] [INFO] frame=3463 begin
[2026-06-11T08:54:27.264] [Frame] [INFO] frame=3464 begin
[2026-06-11T08:54:27.268] [Frame] [INFO] frame=3465 begin
[2026-06-11T08:54:27.272] [Frame] [INFO] frame=3466 begin
[2026-06-11T08:54:27.276] [Frame] [INFO] frame=3467 begin
[2026-06-11T08:54:27.280] [Frame] [INFO] frame=3468 begin
[2026-06-11T08:54:27.284] [Frame] [INFO] frame=3469 begin
[2026-06-11T08:54:27.289] [Frame] [INFO] frame=3470 begin
[2026-06-11T08:54:27.293] [Frame] [INFO] frame=3471 begin
[2026-06-11T08:54:27.297] [Frame] [INFO] frame=3472 begin
[2026-06-11T08:54:27.301] [Frame] [INFO] frame=3473 begin
[2026-06-11T08:54:27.305] [Frame] [INFO] frame=3474 begin
[2026-06-11T08:54:27.309] [Frame] [INFO] frame=3475 begin
[2026-06-11T08:54:27.314] [Frame] [INFO] frame=3476 begin
[2026-06-11T08:54:27.318] [Frame] [INFO] frame=3477 begin
[2026-06-11T08:54:27.322] [Frame] [INFO] frame=3478 begin
[2026-06-11T08:54:27.326] [Frame] [INFO] frame=3479 begin
[2026-06-11T08:54:27.330] [Frame] [INFO] frame=3480 begin
[2026-06-11T08:54:27.335] [Frame] [INFO] frame=3481 begin
[2026-06-11T08:54:27.339] [Frame] [INFO] frame=3482 begin
[2026-06-11T08:54:27.343] [Frame] [INFO] frame=3483 begin
[2026-06-11T08:54:27.347] [Frame] [INFO] frame=3484 begin
[2026-06-11T08:54:27.351] [Frame] [INFO] frame=3485 begin
[2026-06-11T08:54:27.355] [Frame] [INFO] frame=3486 begin
[2026-06-11T08:54:27.360] [Frame] [INFO] frame=3487 begin
[2026-06-11T08:54:27.364] [Frame] [INFO] frame=3488 begin
[2026-06-11T08:54:27.368] [Frame] [INFO] frame=3489 begin
[2026-06-11T08:54:27.372] [Frame] [INFO] frame=3490 begin
[2026-06-11T08:54:27.376] [Frame] [INFO] frame=3491 begin
[2026-06-11T08:54:27.380] [Frame] [INFO] frame=3492 begin
[2026-06-11T08:54:27.385] [Frame] [INFO] frame=3493 begin
[2026-06-11T08:54:27.389] [Frame] [INFO] frame=3494 begin
[2026-06-11T08:54:27.393] [Frame] [INFO] frame=3495 begin
[2026-06-11T08:54:27.397] [Frame] [INFO] frame=3496 begin
[2026-06-11T08:54:27.401] [Frame] [INFO] frame=3497 begin
[2026-06-11T08:54:27.405] [Frame] [INFO] frame=3498 begin
[2026-06-11T08:54:27.410] [Frame] [INFO] frame=3499 begin
[2026-06-11T08:54:27.414] [Frame] [INFO] frame=3500 begin
[2026-06-11T08:54:27.418] [Frame] [INFO] frame=3501 begin
[2026-06-11T08:54:27.422] [Frame] [INFO] frame=3502 begin
[2026-06-11T08:54:27.426] [Frame] [INFO] frame=3503 begin
[2026-06-11T08:54:27.430] [Frame] [INFO] frame=3504 begin
[2026-06-11T08:54:27.434] [Frame] [INFO] frame=3505 begin
[2026-06-11T08:54:27.439] [Frame] [INFO] frame=3506 begin
[2026-06-11T08:54:27.443] [Frame] [INFO] frame=3507 begin
[2026-06-11T08:54:27.447] [Frame] [INFO] frame=3508 begin
[2026-06-11T08:54:27.451] [Frame] [INFO] frame=3509 begin
[2026-06-11T08:54:27.455] [Frame] [INFO] frame=3510 begin
[2026-06-11T08:54:27.459] [Frame] [INFO] frame=3511 begin
[2026-06-11T08:54:27.464] [Frame] [INFO] frame=3512 begin
[2026-06-11T08:54:27.468] [Frame] [INFO] frame=3513 begin
[2026-06-11T08:54:27.472] [Frame] [INFO] frame=3514 begin
[2026-06-11T08:54:27.476] [Frame] [INFO] frame=3515 begin
[2026-06-11T08:54:27.480] [Frame] [INFO] frame=3516 begin
[2026-06-11T08:54:27.484] [Frame] [INFO] frame=3517 begin
[2026-06-11T08:54:27.489] [Frame] [INFO] frame=3518 begin
[2026-06-11T08:54:27.493] [Frame] [INFO] frame=3519 begin
[2026-06-11T08:54:27.497] [Frame] [INFO] frame=3520 begin
[2026-06-11T08:54:27.501] [Frame] [INFO] frame=3521 begin
[2026-06-11T08:54:27.505] [Frame] [INFO] frame=3522 begin
[2026-06-11T08:54:27.510] [Frame] [INFO] frame=3523 begin
[2026-06-11T08:54:27.514] [Frame] [INFO] frame=3524 begin
[2026-06-11T08:54:27.518] [Frame] [INFO] frame=3525 begin
[2026-06-11T08:54:27.522] [Frame] [INFO] frame=3526 begin
[2026-06-11T08:54:27.526] [Frame] [INFO] frame=3527 begin
[2026-06-11T08:54:27.530] [Frame] [INFO] frame=3528 begin
[2026-06-11T08:54:27.534] [Frame] [INFO] frame=3529 begin
[2026-06-11T08:54:27.539] [Frame] [INFO] frame=3530 begin
[2026-06-11T08:54:27.543] [Frame] [INFO] frame=3531 begin
[2026-06-11T08:54:27.547] [Frame] [INFO] frame=3532 begin
[2026-06-11T08:54:27.551] [Frame] [INFO] frame=3533 begin
[2026-06-11T08:54:27.555] [Frame] [INFO] frame=3534 begin
[2026-06-11T08:54:27.559] [Frame] [INFO] frame=3535 begin
[2026-06-11T08:54:27.564] [Frame] [INFO] frame=3536 begin
[2026-06-11T08:54:27.568] [Frame] [INFO] frame=3537 begin
[2026-06-11T08:54:27.572] [Frame] [INFO] frame=3538 begin
[2026-06-11T08:54:27.576] [Frame] [INFO] frame=3539 begin
[2026-06-11T08:54:27.580] [Frame] [INFO] frame=3540 begin
[2026-06-11T08:54:27.584] [Frame] [INFO] frame=3541 begin
[2026-06-11T08:54:27.589] [Frame] [INFO] frame=3542 begin
[2026-06-11T08:54:27.593] [Frame] [INFO] frame=3543 begin
[2026-06-11T08:54:27.597] [Frame] [INFO] frame=3544 begin
[2026-06-11T08:54:27.601] [Frame] [INFO] frame=3545 begin
[2026-06-11T08:54:27.605] [Frame] [INFO] frame=3546 begin
[2026-06-11T08:54:27.610] [Frame] [INFO] frame=3547 begin
[2026-06-11T08:54:27.614] [Frame] [INFO] frame=3548 begin
[2026-06-11T08:54:27.618] [Frame] [INFO] frame=3549 begin
[2026-06-11T08:54:27.622] [Frame] [INFO] frame=3550 begin
[2026-06-11T08:54:27.626] [Frame] [INFO] frame=3551 begin
[2026-06-11T08:54:27.630] [Frame] [INFO] frame=3552 begin
[2026-06-11T08:54:27.635] [Frame] [INFO] frame=3553 begin
[2026-06-11T08:54:27.639] [Frame] [INFO] frame=3554 begin
[2026-06-11T08:54:27.643] [Frame] [INFO] frame=3555 begin
[2026-06-11T08:54:27.647] [Frame] [INFO] frame=3556 begin
[2026-06-11T08:54:27.651] [Frame] [INFO] frame=3557 begin
[2026-06-11T08:54:27.655] [Frame] [INFO] frame=3558 begin
[2026-06-11T08:54:27.660] [Frame] [INFO] frame=3559 begin
[2026-06-11T08:54:27.664] [Frame] [INFO] frame=3560 begin
[2026-06-11T08:54:27.668] [Frame] [INFO] frame=3561 begin
[2026-06-11T08:54:27.672] [Frame] [INFO] frame=3562 begin
[2026-06-11T08:54:27.676] [Frame] [INFO] frame=3563 begin
[2026-06-11T08:54:27.680] [Frame] [INFO] frame=3564 begin
[2026-06-11T08:54:27.685] [Frame] [INFO] frame=3565 begin
[2026-06-11T08:54:27.689] [Frame] [INFO] frame=3566 begin
[2026-06-11T08:54:27.693] [Frame] [INFO] frame=3567 begin
[2026-06-11T08:54:27.697] [Frame] [INFO] frame=3568 begin
[2026-06-11T08:54:27.701] [Frame] [INFO] frame=3569 begin
[2026-06-11T08:54:27.705] [Frame] [INFO] frame=3570 begin
[2026-06-11T08:54:27.709] [Frame] [INFO] frame=3571 begin
[2026-06-11T08:54:27.714] [Frame] [INFO] frame=3572 begin
[2026-06-11T08:54:27.718] [Frame] [INFO] frame=3573 begin
[2026-06-11T08:54:27.722] [Frame] [INFO] frame=3574 begin
[2026-06-11T08:54:27.726] [Frame] [INFO] frame=3575 begin
[2026-06-11T08:54:27.730] [Frame] [INFO] frame=3576 begin
[2026-06-11T08:54:27.734] [Frame] [INFO] frame=3577 begin
[2026-06-11T08:54:27.739] [Frame] [INFO] frame=3578 begin
[2026-06-11T08:54:27.743] [Frame] [INFO] frame=3579 begin
[2026-06-11T08:54:27.747] [Frame] [INFO] frame=3580 begin
[2026-06-11T08:54:27.751] [Frame] [INFO] frame=3581 begin
[2026-06-11T08:54:27.755] [Frame] [INFO] frame=3582 begin
[2026-06-11T08:54:27.760] [Frame] [INFO] frame=3583 begin
[2026-06-11T08:54:27.764] [Frame] [INFO] frame=3584 begin
[2026-06-11T08:54:27.768] [Frame] [INFO] frame=3585 begin
[2026-06-11T08:54:27.772] [Frame] [INFO] frame=3586 begin
[2026-06-11T08:54:27.776] [Frame] [INFO] frame=3587 begin
[2026-06-11T08:54:27.780] [Frame] [INFO] frame=3588 begin
[2026-06-11T08:54:27.785] [Frame] [INFO] frame=3589 begin
[2026-06-11T08:54:27.789] [Frame] [INFO] frame=3590 begin
[2026-06-11T08:54:27.793] [Frame] [INFO] frame=3591 begin
[2026-06-11T08:54:27.797] [Frame] [INFO] frame=3592 begin
[2026-06-11T08:54:27.801] [Frame] [INFO] frame=3593 begin
[2026-06-11T08:54:27.805] [Frame] [INFO] frame=3594 begin
[2026-06-11T08:54:27.810] [Frame] [INFO] frame=3595 begin
[2026-06-11T08:54:27.814] [Frame] [INFO] frame=3596 begin
[2026-06-11T08:54:27.818] [Frame] [INFO] frame=3597 begin
[2026-06-11T08:54:27.822] [Frame] [INFO] frame=3598 begin
[2026-06-11T08:54:27.826] [Frame] [INFO] frame=3599 begin
[2026-06-11T08:54:27.830] [Frame] [INFO] frame=3600 begin
[2026-06-11T08:54:27.835] [Frame] [INFO] frame=3601 begin
[2026-06-11T08:54:27.839] [Frame] [INFO] frame=3602 begin
[2026-06-11T08:54:27.843] [Frame] [INFO] frame=3603 begin
[2026-06-11T08:54:27.847] [Frame] [INFO] frame=3604 begin
[2026-06-11T08:54:27.851] [Frame] [INFO] frame=3605 begin
[2026-06-11T08:54:27.855] [Frame] [INFO] frame=3606 begin
[2026-06-11T08:54:27.859] [Frame] [INFO] frame=3607 begin
[2026-06-11T08:54:27.864] [Frame] [INFO] frame=3608 begin
[2026-06-11T08:54:27.868] [Frame] [INFO] frame=3609 begin
[2026-06-11T08:54:27.872] [Frame] [INFO] frame=3610 begin
[2026-06-11T08:54:27.876] [Frame] [INFO] frame=3611 begin
[2026-06-11T08:54:27.880] [Frame] [INFO] frame=3612 begin
[2026-06-11T08:54:27.885] [Frame] [INFO] frame=3613 begin
[2026-06-11T08:54:27.889] [Frame] [INFO] frame=3614 begin
[2026-06-11T08:54:27.893] [Frame] [INFO] frame=3615 begin
[2026-06-11T08:54:27.897] [Frame] [INFO] frame=3616 begin
[2026-06-11T08:54:27.901] [Frame] [INFO] frame=3617 begin
[2026-06-11T08:54:27.905] [Frame] [INFO] frame=3618 begin
[2026-06-11T08:54:27.910] [Frame] [INFO] frame=3619 begin
[2026-06-11T08:54:27.914] [Frame] [INFO] frame=3620 begin
[2026-06-11T08:54:27.918] [Frame] [INFO] frame=3621 begin
[2026-06-11T08:54:27.922] [Frame] [INFO] frame=3622 begin
[2026-06-11T08:54:27.926] [Frame] [INFO] frame=3623 begin
[2026-06-11T08:54:27.930] [Frame] [INFO] frame=3624 begin
[2026-06-11T08:54:27.934] [Frame] [INFO] frame=3625 begin
[2026-06-11T08:54:27.939] [Frame] [INFO] frame=3626 begin
[2026-06-11T08:54:27.943] [Frame] [INFO] frame=3627 begin
[2026-06-11T08:54:27.947] [Frame] [INFO] frame=3628 begin
[2026-06-11T08:54:27.951] [Frame] [INFO] frame=3629 begin
[2026-06-11T08:54:27.955] [Frame] [INFO] frame=3630 begin
[2026-06-11T08:54:27.959] [Frame] [INFO] frame=3631 begin
[2026-06-11T08:54:27.964] [Frame] [INFO] frame=3632 begin
[2026-06-11T08:54:27.968] [Frame] [INFO] frame=3633 begin
[2026-06-11T08:54:27.972] [Frame] [INFO] frame=3634 begin
[2026-06-11T08:54:27.976] [Frame] [INFO] frame=3635 begin
[2026-06-11T08:54:27.980] [Frame] [INFO] frame=3636 begin
[2026-06-11T08:54:27.985] [Frame] [INFO] frame=3637 begin
[2026-06-11T08:54:27.989] [Frame] [INFO] frame=3638 begin
[2026-06-11T08:54:27.993] [Frame] [INFO] frame=3639 begin
[2026-06-11T08:54:27.997] [Frame] [INFO] frame=3640 begin
[2026-06-11T08:54:28.001] [Frame] [INFO] frame=3641 begin
[2026-06-11T08:54:28.005] [Frame] [INFO] frame=3642 begin
[2026-06-11T08:54:28.009] [Frame] [INFO] frame=3643 begin
[2026-06-11T08:54:28.014] [Frame] [INFO] frame=3644 begin
[2026-06-11T08:54:28.018] [Frame] [INFO] frame=3645 begin
[2026-06-11T08:54:28.022] [Frame] [INFO] frame=3646 begin
[2026-06-11T08:54:28.026] [Frame] [INFO] frame=3647 begin
[2026-06-11T08:54:28.030] [Frame] [INFO] frame=3648 begin
[2026-06-11T08:54:28.034] [Frame] [INFO] frame=3649 begin
[2026-06-11T08:54:28.039] [Frame] [INFO] frame=3650 begin
[2026-06-11T08:54:28.043] [Frame] [INFO] frame=3651 begin
[2026-06-11T08:54:28.047] [Frame] [INFO] frame=3652 begin
[2026-06-11T08:54:28.051] [Frame] [INFO] frame=3653 begin
[2026-06-11T08:54:28.055] [Frame] [INFO] frame=3654 begin
[2026-06-11T08:54:28.060] [Frame] [INFO] frame=3655 begin
[2026-06-11T08:54:28.064] [Frame] [INFO] frame=3656 begin
[2026-06-11T08:54:28.068] [Frame] [INFO] frame=3657 begin
[2026-06-11T08:54:28.072] [Frame] [INFO] frame=3658 begin
[2026-06-11T08:54:28.076] [Frame] [INFO] frame=3659 begin
[2026-06-11T08:54:28.080] [Frame] [INFO] frame=3660 begin
[2026-06-11T08:54:28.085] [Frame] [INFO] frame=3661 begin
[2026-06-11T08:54:28.089] [Frame] [INFO] frame=3662 begin
[2026-06-11T08:54:28.093] [Frame] [INFO] frame=3663 begin
[2026-06-11T08:54:28.097] [Frame] [INFO] frame=3664 begin
[2026-06-11T08:54:28.101] [Frame] [INFO] frame=3665 begin
[2026-06-11T08:54:28.105] [Frame] [INFO] frame=3666 begin
[2026-06-11T08:54:28.110] [Frame] [INFO] frame=3667 begin
[2026-06-11T08:54:28.114] [Frame] [INFO] frame=3668 begin
[2026-06-11T08:54:28.118] [Frame] [INFO] frame=3669 begin
[2026-06-11T08:54:28.122] [Frame] [INFO] frame=3670 begin
[2026-06-11T08:54:28.126] [Frame] [INFO] frame=3671 begin
[2026-06-11T08:54:28.130] [Frame] [INFO] frame=3672 begin
[2026-06-11T08:54:28.134] [Frame] [INFO] frame=3673 begin
[2026-06-11T08:54:28.139] [Frame] [INFO] frame=3674 begin
[2026-06-11T08:54:28.143] [Frame] [INFO] frame=3675 begin
[2026-06-11T08:54:28.147] [Frame] [INFO] frame=3676 begin
[2026-06-11T08:54:28.151] [Frame] [INFO] frame=3677 begin
[2026-06-11T08:54:28.155] [Frame] [INFO] frame=3678 begin
[2026-06-11T08:54:28.160] [Frame] [INFO] frame=3679 begin
[2026-06-11T08:54:28.164] [Frame] [INFO] frame=3680 begin
[2026-06-11T08:54:28.168] [Frame] [INFO] frame=3681 begin
[2026-06-11T08:54:28.172] [Frame] [INFO] frame=3682 begin
[2026-06-11T08:54:28.176] [Frame] [INFO] frame=3683 begin
[2026-06-11T08:54:28.180] [Frame] [INFO] frame=3684 begin
[2026-06-11T08:54:28.185] [Frame] [INFO] frame=3685 begin
[2026-06-11T08:54:28.189] [Frame] [INFO] frame=3686 begin
[2026-06-11T08:54:28.193] [Frame] [INFO] frame=3687 begin
[2026-06-11T08:54:28.197] [Frame] [INFO] frame=3688 begin
[2026-06-11T08:54:28.201] [Frame] [INFO] frame=3689 begin
[2026-06-11T08:54:28.205] [Frame] [INFO] frame=3690 begin
[2026-06-11T08:54:28.209] [Frame] [INFO] frame=3691 begin
[2026-06-11T08:54:28.214] [Frame] [INFO] frame=3692 begin
[2026-06-11T08:54:28.218] [Frame] [INFO] frame=3693 begin
[2026-06-11T08:54:28.222] [Frame] [INFO] frame=3694 begin
[2026-06-11T08:54:28.226] [Frame] [INFO] frame=3695 begin
[2026-06-11T08:54:28.230] [Frame] [INFO] frame=3696 begin
[2026-06-11T08:54:28.235] [Frame] [INFO] frame=3697 begin
[2026-06-11T08:54:28.239] [Frame] [INFO] frame=3698 begin
[2026-06-11T08:54:28.243] [Frame] [INFO] frame=3699 begin
[2026-06-11T08:54:28.247] [Frame] [INFO] frame=3700 begin
[2026-06-11T08:54:28.251] [Frame] [INFO] frame=3701 begin
[2026-06-11T08:54:28.255] [Frame] [INFO] frame=3702 begin
[2026-06-11T08:54:28.260] [Frame] [INFO] frame=3703 begin
[2026-06-11T08:54:28.264] [Frame] [INFO] frame=3704 begin
[2026-06-11T08:54:28.268] [Frame] [INFO] frame=3705 begin
[2026-06-11T08:54:28.272] [Frame] [INFO] frame=3706 begin
[2026-06-11T08:54:28.276] [Frame] [INFO] frame=3707 begin
[2026-06-11T08:54:28.280] [Frame] [INFO] frame=3708 begin
[2026-06-11T08:54:28.284] [Frame] [INFO] frame=3709 begin
[2026-06-11T08:54:28.289] [Frame] [INFO] frame=3710 begin
[2026-06-11T08:54:28.293] [Frame] [INFO] frame=3711 begin
[2026-06-11T08:54:28.297] [Frame] [INFO] frame=3712 begin
[2026-06-11T08:54:28.301] [Frame] [INFO] frame=3713 begin
[2026-06-11T08:54:28.305] [Frame] [INFO] frame=3714 begin
[2026-06-11T08:54:28.309] [Frame] [INFO] frame=3715 begin
[2026-06-11T08:54:28.314] [Frame] [INFO] frame=3716 begin
[2026-06-11T08:54:28.318] [Frame] [INFO] frame=3717 begin
[2026-06-11T08:54:28.322] [Frame] [INFO] frame=3718 begin
[2026-06-11T08:54:28.326] [Frame] [INFO] frame=3719 begin
[2026-06-11T08:54:28.330] [Frame] [INFO] frame=3720 begin
[2026-06-11T08:54:28.335] [Frame] [INFO] frame=3721 begin
[2026-06-11T08:54:28.339] [Frame] [INFO] frame=3722 begin
[2026-06-11T08:54:28.343] [Frame] [INFO] frame=3723 begin
[2026-06-11T08:54:28.347] [Frame] [INFO] frame=3724 begin
[2026-06-11T08:54:28.351] [Frame] [INFO] frame=3725 begin
[2026-06-11T08:54:28.355] [Frame] [INFO] frame=3726 begin
[2026-06-11T08:54:28.360] [Frame] [INFO] frame=3727 begin
[2026-06-11T08:54:28.364] [Frame] [INFO] frame=3728 begin
[2026-06-11T08:54:28.368] [Frame] [INFO] frame=3729 begin
[2026-06-11T08:54:28.372] [Frame] [INFO] frame=3730 begin
[2026-06-11T08:54:28.376] [Frame] [INFO] frame=3731 begin
[2026-06-11T08:54:28.380] [Frame] [INFO] frame=3732 begin
[2026-06-11T08:54:28.385] [Frame] [INFO] frame=3733 begin
[2026-06-11T08:54:28.389] [Frame] [INFO] frame=3734 begin
[2026-06-11T08:54:28.393] [Frame] [INFO] frame=3735 begin
[2026-06-11T08:54:28.397] [Frame] [INFO] frame=3736 begin
[2026-06-11T08:54:28.401] [Frame] [INFO] frame=3737 begin
[2026-06-11T08:54:28.405] [Frame] [INFO] frame=3738 begin
[2026-06-11T08:54:28.410] [Frame] [INFO] frame=3739 begin
[2026-06-11T08:54:28.414] [Frame] [INFO] frame=3740 begin
[2026-06-11T08:54:28.418] [Frame] [INFO] frame=3741 begin
[2026-06-11T08:54:28.422] [Frame] [INFO] frame=3742 begin
[2026-06-11T08:54:28.426] [Frame] [INFO] frame=3743 begin
[2026-06-11T08:54:28.430] [Frame] [INFO] frame=3744 begin
[2026-06-11T08:54:28.435] [Frame] [INFO] frame=3745 begin
[2026-06-11T08:54:28.439] [Frame] [INFO] frame=3746 begin
[2026-06-11T08:54:28.443] [Frame] [INFO] frame=3747 begin
[2026-06-11T08:54:28.447] [Frame] [INFO] frame=3748 begin
[2026-06-11T08:54:28.451] [Frame] [INFO] frame=3749 begin
[2026-06-11T08:54:28.455] [Frame] [INFO] frame=3750 begin
[2026-06-11T08:54:28.460] [Frame] [INFO] frame=3751 begin
[2026-06-11T08:54:28.464] [Frame] [INFO] frame=3752 begin
[2026-06-11T08:54:28.468] [Frame] [INFO] frame=3753 begin
[2026-06-11T08:54:28.472] [Frame] [INFO] frame=3754 begin
[2026-06-11T08:54:28.476] [Frame] [INFO] frame=3755 begin
[2026-06-11T08:54:28.480] [Frame] [INFO] frame=3756 begin
[2026-06-11T08:54:28.485] [Frame] [INFO] frame=3757 begin
[2026-06-11T08:54:28.489] [Frame] [INFO] frame=3758 begin
[2026-06-11T08:54:28.493] [Frame] [INFO] frame=3759 begin
[2026-06-11T08:54:28.497] [Frame] [INFO] frame=3760 begin
[2026-06-11T08:54:28.501] [Frame] [INFO] frame=3761 begin
[2026-06-11T08:54:28.505] [Frame] [INFO] frame=3762 begin
[2026-06-11T08:54:28.510] [Frame] [INFO] frame=3763 begin
[2026-06-11T08:54:28.514] [Frame] [INFO] frame=3764 begin
[2026-06-11T08:54:28.518] [Frame] [INFO] frame=3765 begin
[2026-06-11T08:54:28.522] [Frame] [INFO] frame=3766 begin
[2026-06-11T08:54:28.526] [Frame] [INFO] frame=3767 begin
[2026-06-11T08:54:28.530] [Frame] [INFO] frame=3768 begin
[2026-06-11T08:54:28.535] [Frame] [INFO] frame=3769 begin
[2026-06-11T08:54:28.539] [Frame] [INFO] frame=3770 begin
[2026-06-11T08:54:28.543] [Frame] [INFO] frame=3771 begin
[2026-06-11T08:54:28.547] [Frame] [INFO] frame=3772 begin
[2026-06-11T08:54:28.551] [Frame] [INFO] frame=3773 begin
[2026-06-11T08:54:28.555] [Frame] [INFO] frame=3774 begin
[2026-06-11T08:54:28.560] [Frame] [INFO] frame=3775 begin
[2026-06-11T08:54:28.564] [Frame] [INFO] frame=3776 begin
[2026-06-11T08:54:28.568] [Frame] [INFO] frame=3777 begin
[2026-06-11T08:54:28.572] [Frame] [INFO] frame=3778 begin
[2026-06-11T08:54:28.576] [Frame] [INFO] frame=3779 begin
[2026-06-11T08:54:28.580] [Frame] [INFO] frame=3780 begin
[2026-06-11T08:54:28.585] [Frame] [INFO] frame=3781 begin
[2026-06-11T08:54:28.589] [Frame] [INFO] frame=3782 begin
[2026-06-11T08:54:28.593] [Frame] [INFO] frame=3783 begin
[2026-06-11T08:54:28.597] [Frame] [INFO] frame=3784 begin
[2026-06-11T08:54:28.601] [Frame] [INFO] frame=3785 begin
[2026-06-11T08:54:28.605] [Frame] [INFO] frame=3786 begin
[2026-06-11T08:54:28.610] [Frame] [INFO] frame=3787 begin
[2026-06-11T08:54:28.614] [Frame] [INFO] frame=3788 begin
[2026-06-11T08:54:28.618] [Frame] [INFO] frame=3789 begin
[2026-06-11T08:54:28.622] [Frame] [INFO] frame=3790 begin
[2026-06-11T08:54:28.626] [Frame] [INFO] frame=3791 begin
[2026-06-11T08:54:28.630] [Frame] [INFO] frame=3792 begin
[2026-06-11T08:54:28.635] [Frame] [INFO] frame=3793 begin
[2026-06-11T08:54:28.639] [Frame] [INFO] frame=3794 begin
[2026-06-11T08:54:28.643] [Frame] [INFO] frame=3795 begin
[2026-06-11T08:54:28.647] [Frame] [INFO] frame=3796 begin
[2026-06-11T08:54:28.651] [Frame] [INFO] frame=3797 begin
[2026-06-11T08:54:28.655] [Frame] [INFO] frame=3798 begin
[2026-06-11T08:54:28.660] [Frame] [INFO] frame=3799 begin
[2026-06-11T08:54:28.664] [Frame] [INFO] frame=3800 begin
[2026-06-11T08:54:28.668] [Frame] [INFO] frame=3801 begin
[2026-06-11T08:54:28.672] [Frame] [INFO] frame=3802 begin
[2026-06-11T08:54:28.676] [Frame] [INFO] frame=3803 begin
[2026-06-11T08:54:28.680] [Frame] [INFO] frame=3804 begin
[2026-06-11T08:54:28.685] [Frame] [INFO] frame=3805 begin
[2026-06-11T08:54:28.689] [Frame] [INFO] frame=3806 begin
[2026-06-11T08:54:28.693] [Frame] [INFO] frame=3807 begin
[2026-06-11T08:54:28.697] [Frame] [INFO] frame=3808 begin
[2026-06-11T08:54:28.701] [Frame] [INFO] frame=3809 begin
[2026-06-11T08:54:28.705] [Frame] [INFO] frame=3810 begin
[2026-06-11T08:54:28.710] [Frame] [INFO] frame=3811 begin
[2026-06-11T08:54:28.714] [Frame] [INFO] frame=3812 begin
[2026-06-11T08:54:28.718] [Frame] [INFO] frame=3813 begin
[2026-06-11T08:54:28.722] [Frame] [INFO] frame=3814 begin
[2026-06-11T08:54:28.726] [Frame] [INFO] frame=3815 begin
[2026-06-11T08:54:28.730] [Frame] [INFO] frame=3816 begin
[2026-06-11T08:54:28.735] [Frame] [INFO] frame=3817 begin
[2026-06-11T08:54:28.739] [Frame] [INFO] frame=3818 begin
[2026-06-11T08:54:28.743] [Frame] [INFO] frame=3819 begin
[2026-06-11T08:54:28.747] [Frame] [INFO] frame=3820 begin
[2026-06-11T08:54:28.751] [Frame] [INFO] frame=3821 begin
[2026-06-11T08:54:28.755] [Frame] [INFO] frame=3822 begin
[2026-06-11T08:54:28.760] [Frame] [INFO] frame=3823 begin
[2026-06-11T08:54:28.764] [Frame] [INFO] frame=3824 begin
[2026-06-11T08:54:28.768] [Frame] [INFO] frame=3825 begin
[2026-06-11T08:54:28.772] [Frame] [INFO] frame=3826 begin
[2026-06-11T08:54:28.776] [Frame] [INFO] frame=3827 begin
[2026-06-11T08:54:28.780] [Frame] [INFO] frame=3828 begin
[2026-06-11T08:54:28.785] [Frame] [INFO] frame=3829 begin
[2026-06-11T08:54:28.789] [Frame] [INFO] frame=3830 begin
[2026-06-11T08:54:28.793] [Frame] [INFO] frame=3831 begin
[2026-06-11T08:54:28.797] [Frame] [INFO] frame=3832 begin
[2026-06-11T08:54:28.801] [Frame] [INFO] frame=3833 begin
[2026-06-11T08:54:28.805] [Frame] [INFO] frame=3834 begin
[2026-06-11T08:54:28.809] [Frame] [INFO] frame=3835 begin
[2026-06-11T08:54:28.814] [Frame] [INFO] frame=3836 begin
[2026-06-11T08:54:28.818] [Frame] [INFO] frame=3837 begin
[2026-06-11T08:54:28.822] [Frame] [INFO] frame=3838 begin
[2026-06-11T08:54:28.826] [Frame] [INFO] frame=3839 begin
[2026-06-11T08:54:28.830] [Frame] [INFO] frame=3840 begin
[2026-06-11T08:54:28.835] [Frame] [INFO] frame=3841 begin
[2026-06-11T08:54:28.839] [Frame] [INFO] frame=3842 begin
[2026-06-11T08:54:28.843] [Frame] [INFO] frame=3843 begin
[2026-06-11T08:54:28.847] [Frame] [INFO] frame=3844 begin
[2026-06-11T08:54:28.851] [Frame] [INFO] frame=3845 begin
[2026-06-11T08:54:28.855] [Frame] [INFO] frame=3846 begin
[2026-06-11T08:54:28.859] [Frame] [INFO] frame=3847 begin
[2026-06-11T08:54:28.864] [Frame] [INFO] frame=3848 begin
[2026-06-11T08:54:28.868] [Frame] [INFO] frame=3849 begin
[2026-06-11T08:54:28.872] [Frame] [INFO] frame=3850 begin
[2026-06-11T08:54:28.876] [Frame] [INFO] frame=3851 begin
[2026-06-11T08:54:28.880] [Frame] [INFO] frame=3852 begin
[2026-06-11T08:54:28.885] [Frame] [INFO] frame=3853 begin
[2026-06-11T08:54:28.889] [Frame] [INFO] frame=3854 begin
[2026-06-11T08:54:28.893] [Frame] [INFO] frame=3855 begin
[2026-06-11T08:54:28.897] [Frame] [INFO] frame=3856 begin
[2026-06-11T08:54:28.901] [Frame] [INFO] frame=3857 begin
[2026-06-11T08:54:28.905] [Frame] [INFO] frame=3858 begin
[2026-06-11T08:54:28.909] [Frame] [INFO] frame=3859 begin
[2026-06-11T08:54:28.914] [Frame] [INFO] frame=3860 begin
[2026-06-11T08:54:28.918] [Frame] [INFO] frame=3861 begin
[2026-06-11T08:54:28.922] [Frame] [INFO] frame=3862 begin
[2026-06-11T08:54:28.926] [Frame] [INFO] frame=3863 begin
[2026-06-11T08:54:28.930] [Frame] [INFO] frame=3864 begin
[2026-06-11T08:54:28.935] [Frame] [INFO] frame=3865 begin
[2026-06-11T08:54:28.939] [Frame] [INFO] frame=3866 begin
[2026-06-11T08:54:28.943] [Frame] [INFO] frame=3867 begin
[2026-06-11T08:54:28.947] [Frame] [INFO] frame=3868 begin
[2026-06-11T08:54:28.951] [Frame] [INFO] frame=3869 begin
[2026-06-11T08:54:28.955] [Frame] [INFO] frame=3870 begin
[2026-06-11T08:54:28.960] [Frame] [INFO] frame=3871 begin
[2026-06-11T08:54:28.964] [Frame] [INFO] frame=3872 begin
[2026-06-11T08:54:28.968] [Frame] [INFO] frame=3873 begin
[2026-06-11T08:54:28.972] [Frame] [INFO] frame=3874 begin
[2026-06-11T08:54:28.976] [Frame] [INFO] frame=3875 begin
[2026-06-11T08:54:28.980] [Frame] [INFO] frame=3876 begin
[2026-06-11T08:54:28.985] [Frame] [INFO] frame=3877 begin
[2026-06-11T08:54:28.989] [Frame] [INFO] frame=3878 begin
[2026-06-11T08:54:28.993] [Frame] [INFO] frame=3879 begin
[2026-06-11T08:54:28.997] [Frame] [INFO] frame=3880 begin
[2026-06-11T08:54:29.001] [Frame] [INFO] frame=3881 begin
[2026-06-11T08:54:29.005] [Frame] [INFO] frame=3882 begin
[2026-06-11T08:54:29.010] [Frame] [INFO] frame=3883 begin
[2026-06-11T08:54:29.014] [Frame] [INFO] frame=3884 begin
[2026-06-11T08:54:29.018] [Frame] [INFO] frame=3885 begin
[2026-06-11T08:54:29.022] [Frame] [INFO] frame=3886 begin
[2026-06-11T08:54:29.026] [Frame] [INFO] frame=3887 begin
[2026-06-11T08:54:29.030] [Frame] [INFO] frame=3888 begin
[2026-06-11T08:54:29.035] [Frame] [INFO] frame=3889 begin
[2026-06-11T08:54:29.039] [Frame] [INFO] frame=3890 begin
[2026-06-11T08:54:29.043] [Frame] [INFO] frame=3891 begin
[2026-06-11T08:54:29.047] [Frame] [INFO] frame=3892 begin
[2026-06-11T08:54:29.051] [Frame] [INFO] frame=3893 begin
[2026-06-11T08:54:29.055] [Frame] [INFO] frame=3894 begin
[2026-06-11T08:54:29.060] [Frame] [INFO] frame=3895 begin
[2026-06-11T08:54:29.064] [Frame] [INFO] frame=3896 begin
[2026-06-11T08:54:29.068] [Frame] [INFO] frame=3897 begin
[2026-06-11T08:54:29.072] [Frame] [INFO] frame=3898 begin
[2026-06-11T08:54:29.076] [Frame] [INFO] frame=3899 begin
[2026-06-11T08:54:29.080] [Frame] [INFO] frame=3900 begin
[2026-06-11T08:54:29.085] [Frame] [INFO] frame=3901 begin
[2026-06-11T08:54:29.089] [Frame] [INFO] frame=3902 begin
[2026-06-11T08:54:29.093] [Frame] [INFO] frame=3903 begin
[2026-06-11T08:54:29.097] [Frame] [INFO] frame=3904 begin
[2026-06-11T08:54:29.101] [Frame] [INFO] frame=3905 begin
[2026-06-11T08:54:29.105] [Frame] [INFO] frame=3906 begin
[2026-06-11T08:54:29.110] [Frame] [INFO] frame=3907 begin
[2026-06-11T08:54:29.114] [Frame] [INFO] frame=3908 begin
[2026-06-11T08:54:29.118] [Frame] [INFO] frame=3909 begin
[2026-06-11T08:54:29.122] [Frame] [INFO] frame=3910 begin
[2026-06-11T08:54:29.126] [Frame] [INFO] frame=3911 begin
[2026-06-11T08:54:29.130] [Frame] [INFO] frame=3912 begin
[2026-06-11T08:54:29.134] [Frame] [INFO] frame=3913 begin
[2026-06-11T08:54:29.139] [Frame] [INFO] frame=3914 begin
[2026-06-11T08:54:29.143] [Frame] [INFO] frame=3915 begin
[2026-06-11T08:54:29.147] [Frame] [INFO] frame=3916 begin
[2026-06-11T08:54:29.151] [Frame] [INFO] frame=3917 begin
[2026-06-11T08:54:29.155] [Frame] [INFO] frame=3918 begin
[2026-06-11T08:54:29.160] [Frame] [INFO] frame=3919 begin
[2026-06-11T08:54:29.164] [Frame] [INFO] frame=3920 begin
[2026-06-11T08:54:29.168] [Frame] [INFO] frame=3921 begin
[2026-06-11T08:54:29.172] [Frame] [INFO] frame=3922 begin
[2026-06-11T08:54:29.176] [Frame] [INFO] frame=3923 begin
[2026-06-11T08:54:29.180] [Frame] [INFO] frame=3924 begin
[2026-06-11T08:54:29.184] [Frame] [INFO] frame=3925 begin
[2026-06-11T08:54:29.189] [Frame] [INFO] frame=3926 begin
[2026-06-11T08:54:29.193] [Frame] [INFO] frame=3927 begin
[2026-06-11T08:54:29.197] [Frame] [INFO] frame=3928 begin
[2026-06-11T08:54:29.201] [Frame] [INFO] frame=3929 begin
[2026-06-11T08:54:29.205] [Frame] [INFO] frame=3930 begin
[2026-06-11T08:54:29.210] [Frame] [INFO] frame=3931 begin
[2026-06-11T08:54:29.214] [Frame] [INFO] frame=3932 begin
[2026-06-11T08:54:29.218] [Frame] [INFO] frame=3933 begin
[2026-06-11T08:54:29.222] [Frame] [INFO] frame=3934 begin
[2026-06-11T08:54:29.226] [Frame] [INFO] frame=3935 begin
[2026-06-11T08:54:29.230] [Frame] [INFO] frame=3936 begin
[2026-06-11T08:54:29.235] [Frame] [INFO] frame=3937 begin
[2026-06-11T08:54:29.239] [Frame] [INFO] frame=3938 begin
[2026-06-11T08:54:29.243] [Frame] [INFO] frame=3939 begin
[2026-06-11T08:54:29.247] [Frame] [INFO] frame=3940 begin
[2026-06-11T08:54:29.251] [Frame] [INFO] frame=3941 begin
[2026-06-11T08:54:29.255] [Frame] [INFO] frame=3942 begin
[2026-06-11T08:54:29.260] [Frame] [INFO] frame=3943 begin
[2026-06-11T08:54:29.264] [Frame] [INFO] frame=3944 begin
[2026-06-11T08:54:29.268] [Frame] [INFO] frame=3945 begin
[2026-06-11T08:54:29.272] [Frame] [INFO] frame=3946 begin
[2026-06-11T08:54:29.276] [Frame] [INFO] frame=3947 begin
[2026-06-11T08:54:29.280] [Frame] [INFO] frame=3948 begin
[2026-06-11T08:54:29.285] [Frame] [INFO] frame=3949 begin
[2026-06-11T08:54:29.289] [Frame] [INFO] frame=3950 begin
[2026-06-11T08:54:29.293] [Frame] [INFO] frame=3951 begin
[2026-06-11T08:54:29.297] [Frame] [INFO] frame=3952 begin
[2026-06-11T08:54:29.301] [Frame] [INFO] frame=3953 begin
[2026-06-11T08:54:29.305] [Frame] [INFO] frame=3954 begin
[2026-06-11T08:54:29.310] [Frame] [INFO] frame=3955 begin
[2026-06-11T08:54:29.314] [Frame] [INFO] frame=3956 begin
[2026-06-11T08:54:29.318] [Frame] [INFO] frame=3957 begin
[2026-06-11T08:54:29.322] [Frame] [INFO] frame=3958 begin
[2026-06-11T08:54:29.326] [Frame] [INFO] frame=3959 begin
[2026-06-11T08:54:29.330] [Frame] [INFO] frame=3960 begin
[2026-06-11T08:54:29.335] [Frame] [INFO] frame=3961 begin
[2026-06-11T08:54:29.339] [Frame] [INFO] frame=3962 begin
[2026-06-11T08:54:29.343] [Frame] [INFO] frame=3963 begin
[2026-06-11T08:54:29.347] [Frame] [INFO] frame=3964 begin
[2026-06-11T08:54:29.351] [Frame] [INFO] frame=3965 begin
[2026-06-11T08:54:29.355] [Frame] [INFO] frame=3966 begin
[2026-06-11T08:54:29.360] [Frame] [INFO] frame=3967 begin
[2026-06-11T08:54:29.364] [Frame] [INFO] frame=3968 begin
[2026-06-11T08:54:29.368] [Frame] [INFO] frame=3969 begin
[2026-06-11T08:54:29.372] [Frame] [INFO] frame=3970 begin
[2026-06-11T08:54:29.376] [Frame] [INFO] frame=3971 begin
[2026-06-11T08:54:29.380] [Frame] [INFO] frame=3972 begin
[2026-06-11T08:54:29.385] [Frame] [INFO] frame=3973 begin
[2026-06-11T08:54:29.389] [Frame] [INFO] frame=3974 begin
[2026-06-11T08:54:29.393] [Frame] [INFO] frame=3975 begin
[2026-06-11T08:54:29.397] [Frame] [INFO] frame=3976 begin
[2026-06-11T08:54:29.401] [Frame] [INFO] frame=3977 begin
[2026-06-11T08:54:29.405] [Frame] [INFO] frame=3978 begin
[2026-06-11T08:54:29.410] [Frame] [INFO] frame=3979 begin
[2026-06-11T08:54:29.414] [Frame] [INFO] frame=3980 begin
[2026-06-11T08:54:29.418] [Frame] [INFO] frame=3981 begin
[2026-06-11T08:54:29.422] [Frame] [INFO] frame=3982 begin
[2026-06-11T08:54:29.426] [Frame] [INFO] frame=3983 begin
[2026-06-11T08:54:29.430] [Frame] [INFO] frame=3984 begin
[2026-06-11T08:54:29.434] [Frame] [INFO] frame=3985 begin
[2026-06-11T08:54:29.439] [Frame] [INFO] frame=3986 begin
[2026-06-11T08:54:29.443] [Frame] [INFO] frame=3987 begin
[2026-06-11T08:54:29.447] [Frame] [INFO] frame=3988 begin
[2026-06-11T08:54:29.451] [Frame] [INFO] frame=3989 begin
[2026-06-11T08:54:29.455] [Frame] [INFO] frame=3990 begin
[2026-06-11T08:54:29.459] [Frame] [INFO] frame=3991 begin
[2026-06-11T08:54:29.464] [Frame] [INFO] frame=3992 begin
[2026-06-11T08:54:29.468] [Frame] [INFO] frame=3993 begin
[2026-06-11T08:54:29.472] [Frame] [INFO] frame=3994 begin
[2026-06-11T08:54:29.476] [Frame] [INFO] frame=3995 begin
[2026-06-11T08:54:29.480] [Frame] [INFO] frame=3996 begin
[2026-06-11T08:54:29.485] [Frame] [INFO] frame=3997 begin
[2026-06-11T08:54:29.489] [Frame] [INFO] frame=3998 begin
[2026-06-11T08:54:29.493] [Frame] [INFO] frame=3999 begin
[2026-06-11T08:54:29.497] [Frame] [INFO] frame=4000 begin
[2026-06-11T08:54:29.501] [Frame] [INFO] frame=4001 begin
[2026-06-11T08:54:29.505] [Frame] [INFO] frame=4002 begin
[2026-06-11T08:54:29.510] [Frame] [INFO] frame=4003 begin
[2026-06-11T08:54:29.514] [Frame] [INFO] frame=4004 begin
[2026-06-11T08:54:29.518] [Frame] [INFO] frame=4005 begin
[2026-06-11T08:54:29.522] [Frame] [INFO] frame=4006 begin
[2026-06-11T08:54:29.526] [Frame] [INFO] frame=4007 begin
[2026-06-11T08:54:29.530] [Frame] [INFO] frame=4008 begin
[2026-06-11T08:54:29.534] [Frame] [INFO] frame=4009 begin
[2026-06-11T08:54:29.539] [Frame] [INFO] frame=4010 begin
[2026-06-11T08:54:29.543] [Frame] [INFO] frame=4011 begin
[2026-06-11T08:54:29.547] [Frame] [INFO] frame=4012 begin
[2026-06-11T08:54:29.551] [Frame] [INFO] frame=4013 begin
[2026-06-11T08:54:29.555] [Frame] [INFO] frame=4014 begin
[2026-06-11T08:54:29.560] [Frame] [INFO] frame=4015 begin
[2026-06-11T08:54:29.564] [Frame] [INFO] frame=4016 begin
[2026-06-11T08:54:29.568] [Frame] [INFO] frame=4017 begin
[2026-06-11T08:54:29.572] [Frame] [INFO] frame=4018 begin
[2026-06-11T08:54:29.576] [Frame] [INFO] frame=4019 begin
[2026-06-11T08:54:29.580] [Frame] [INFO] frame=4020 begin
[2026-06-11T08:54:29.585] [Frame] [INFO] frame=4021 begin
[2026-06-11T08:54:29.589] [Frame] [INFO] frame=4022 begin
[2026-06-11T08:54:29.593] [Frame] [INFO] frame=4023 begin
[2026-06-11T08:54:29.597] [Frame] [INFO] frame=4024 begin
[2026-06-11T08:54:29.601] [Frame] [INFO] frame=4025 begin
[2026-06-11T08:54:29.605] [Frame] [INFO] frame=4026 begin
[2026-06-11T08:54:29.610] [Frame] [INFO] frame=4027 begin
[2026-06-11T08:54:29.614] [Frame] [INFO] frame=4028 begin
[2026-06-11T08:54:29.618] [Frame] [INFO] frame=4029 begin
[2026-06-11T08:54:29.622] [Frame] [INFO] frame=4030 begin
[2026-06-11T08:54:29.626] [Frame] [INFO] frame=4031 begin
[2026-06-11T08:54:29.630] [Frame] [INFO] frame=4032 begin
[2026-06-11T08:54:29.635] [Frame] [INFO] frame=4033 begin
[2026-06-11T08:54:29.639] [Frame] [INFO] frame=4034 begin
[2026-06-11T08:54:29.643] [Frame] [INFO] frame=4035 begin
[2026-06-11T08:54:29.647] [Frame] [INFO] frame=4036 begin
[2026-06-11T08:54:29.651] [Frame] [INFO] frame=4037 begin
[2026-06-11T08:54:29.655] [Frame] [INFO] frame=4038 begin
[2026-06-11T08:54:29.660] [Frame] [INFO] frame=4039 begin
[2026-06-11T08:54:29.664] [Frame] [INFO] frame=4040 begin
[2026-06-11T08:54:29.668] [Frame] [INFO] frame=4041 begin
[2026-06-11T08:54:29.672] [Frame] [INFO] frame=4042 begin
[2026-06-11T08:54:29.676] [Frame] [INFO] frame=4043 begin
[2026-06-11T08:54:29.680] [Frame] [INFO] frame=4044 begin
[2026-06-11T08:54:29.685] [Frame] [INFO] frame=4045 begin
[2026-06-11T08:54:29.689] [Frame] [INFO] frame=4046 begin
[2026-06-11T08:54:29.693] [Frame] [INFO] frame=4047 begin
[2026-06-11T08:54:29.697] [Frame] [INFO] frame=4048 begin
[2026-06-11T08:54:29.701] [Frame] [INFO] frame=4049 begin
[2026-06-11T08:54:29.705] [Frame] [INFO] frame=4050 begin
[2026-06-11T08:54:29.710] [Frame] [INFO] frame=4051 begin
[2026-06-11T08:54:29.714] [Frame] [INFO] frame=4052 begin
[2026-06-11T08:54:29.718] [Frame] [INFO] frame=4053 begin
[2026-06-11T08:54:29.722] [Frame] [INFO] frame=4054 begin
[2026-06-11T08:54:29.726] [Frame] [INFO] frame=4055 begin
[2026-06-11T08:54:29.730] [Frame] [INFO] frame=4056 begin
[2026-06-11T08:54:29.735] [Frame] [INFO] frame=4057 begin
[2026-06-11T08:54:29.739] [Frame] [INFO] frame=4058 begin
[2026-06-11T08:54:29.743] [Frame] [INFO] frame=4059 begin
[2026-06-11T08:54:29.747] [Frame] [INFO] frame=4060 begin
[2026-06-11T08:54:29.751] [Frame] [INFO] frame=4061 begin
[2026-06-11T08:54:29.755] [Frame] [INFO] frame=4062 begin
[2026-06-11T08:54:29.760] [Frame] [INFO] frame=4063 begin
[2026-06-11T08:54:29.764] [Frame] [INFO] frame=4064 begin
[2026-06-11T08:54:29.768] [Frame] [INFO] frame=4065 begin
[2026-06-11T08:54:29.772] [Frame] [INFO] frame=4066 begin
[2026-06-11T08:54:29.776] [Frame] [INFO] frame=4067 begin
[2026-06-11T08:54:29.780] [Frame] [INFO] frame=4068 begin
[2026-06-11T08:54:29.785] [Frame] [INFO] frame=4069 begin
[2026-06-11T08:54:29.789] [Frame] [INFO] frame=4070 begin
[2026-06-11T08:54:29.793] [Frame] [INFO] frame=4071 begin
[2026-06-11T08:54:29.797] [Frame] [INFO] frame=4072 begin
[2026-06-11T08:54:29.801] [Frame] [INFO] frame=4073 begin
[2026-06-11T08:54:29.805] [Frame] [INFO] frame=4074 begin
[2026-06-11T08:54:29.810] [Frame] [INFO] frame=4075 begin
[2026-06-11T08:54:29.814] [Frame] [INFO] frame=4076 begin
[2026-06-11T08:54:29.818] [Frame] [INFO] frame=4077 begin
[2026-06-11T08:54:29.822] [Frame] [INFO] frame=4078 begin
[2026-06-11T08:54:29.826] [Frame] [INFO] frame=4079 begin
[2026-06-11T08:54:29.830] [Frame] [INFO] frame=4080 begin
[2026-06-11T08:54:29.835] [Frame] [INFO] frame=4081 begin
[2026-06-11T08:54:29.839] [Frame] [INFO] frame=4082 begin
[2026-06-11T08:54:29.843] [Frame] [INFO] frame=4083 begin
[2026-06-11T08:54:29.847] [Frame] [INFO] frame=4084 begin
[2026-06-11T08:54:29.851] [Frame] [INFO] frame=4085 begin
[2026-06-11T08:54:29.855] [Frame] [INFO] frame=4086 begin
[2026-06-11T08:54:29.860] [Frame] [INFO] frame=4087 begin
[2026-06-11T08:54:29.864] [Frame] [INFO] frame=4088 begin
[2026-06-11T08:54:29.868] [Frame] [INFO] frame=4089 begin
[2026-06-11T08:54:29.872] [Frame] [INFO] frame=4090 begin
[2026-06-11T08:54:29.876] [Frame] [INFO] frame=4091 begin
[2026-06-11T08:54:29.880] [Frame] [INFO] frame=4092 begin
[2026-06-11T08:54:29.885] [Frame] [INFO] frame=4093 begin
[2026-06-11T08:54:29.889] [Frame] [INFO] frame=4094 begin
[2026-06-11T08:54:29.893] [Frame] [INFO] frame=4095 begin
[2026-06-11T08:54:29.897] [Frame] [INFO] frame=4096 begin
[2026-06-11T08:54:29.901] [Frame] [INFO] frame=4097 begin
[2026-06-11T08:54:29.905] [Frame] [INFO] frame=4098 begin
[2026-06-11T08:54:29.910] [Frame] [INFO] frame=4099 begin
[2026-06-11T08:54:29.914] [Frame] [INFO] frame=4100 begin
[2026-06-11T08:54:29.918] [Frame] [INFO] frame=4101 begin
[2026-06-11T08:54:29.922] [Frame] [INFO] frame=4102 begin
[2026-06-11T08:54:29.926] [Frame] [INFO] frame=4103 begin
[2026-06-11T08:54:29.930] [Frame] [INFO] frame=4104 begin
[2026-06-11T08:54:29.935] [Frame] [INFO] frame=4105 begin
[2026-06-11T08:54:29.939] [Frame] [INFO] frame=4106 begin
[2026-06-11T08:54:29.943] [Frame] [INFO] frame=4107 begin
[2026-06-11T08:54:29.947] [Frame] [INFO] frame=4108 begin
[2026-06-11T08:54:29.951] [Frame] [INFO] frame=4109 begin
[2026-06-11T08:54:29.955] [Frame] [INFO] frame=4110 begin
[2026-06-11T08:54:29.960] [Frame] [INFO] frame=4111 begin
[2026-06-11T08:54:29.964] [Frame] [INFO] frame=4112 begin
[2026-06-11T08:54:29.968] [Frame] [INFO] frame=4113 begin
[2026-06-11T08:54:29.972] [Frame] [INFO] frame=4114 begin
[2026-06-11T08:54:29.976] [Frame] [INFO] frame=4115 begin
[2026-06-11T08:54:29.980] [Frame] [INFO] frame=4116 begin
[2026-06-11T08:54:29.985] [Frame] [INFO] frame=4117 begin
[2026-06-11T08:54:29.989] [Frame] [INFO] frame=4118 begin
[2026-06-11T08:54:29.993] [Frame] [INFO] frame=4119 begin
[2026-06-11T08:54:29.997] [Frame] [INFO] frame=4120 begin
[2026-06-11T08:54:30.001] [Frame] [INFO] frame=4121 begin
[2026-06-11T08:54:30.005] [Frame] [INFO] frame=4122 begin
[2026-06-11T08:54:30.010] [Frame] [INFO] frame=4123 begin
[2026-06-11T08:54:30.014] [Frame] [INFO] frame=4124 begin
[2026-06-11T08:54:30.018] [Frame] [INFO] frame=4125 begin
[2026-06-11T08:54:30.022] [Frame] [INFO] frame=4126 begin
[2026-06-11T08:54:30.026] [Frame] [INFO] frame=4127 begin
[2026-06-11T08:54:30.030] [Frame] [INFO] frame=4128 begin
[2026-06-11T08:54:30.035] [Frame] [INFO] frame=4129 begin
[2026-06-11T08:54:30.039] [Frame] [INFO] frame=4130 begin
[2026-06-11T08:54:30.043] [Frame] [INFO] frame=4131 begin
[2026-06-11T08:54:30.047] [Frame] [INFO] frame=4132 begin
[2026-06-11T08:54:30.051] [Frame] [INFO] frame=4133 begin
[2026-06-11T08:54:30.055] [Frame] [INFO] frame=4134 begin
[2026-06-11T08:54:30.060] [Frame] [INFO] frame=4135 begin
[2026-06-11T08:54:30.064] [Frame] [INFO] frame=4136 begin
[2026-06-11T08:54:30.068] [Frame] [INFO] frame=4137 begin
[2026-06-11T08:54:30.072] [Frame] [INFO] frame=4138 begin
[2026-06-11T08:54:30.076] [Frame] [INFO] frame=4139 begin
[2026-06-11T08:54:30.080] [Frame] [INFO] frame=4140 begin
[2026-06-11T08:54:30.085] [Frame] [INFO] frame=4141 begin
[2026-06-11T08:54:30.089] [Frame] [INFO] frame=4142 begin
[2026-06-11T08:54:30.093] [Frame] [INFO] frame=4143 begin
[2026-06-11T08:54:30.097] [Frame] [INFO] frame=4144 begin
[2026-06-11T08:54:30.101] [Frame] [INFO] frame=4145 begin
[2026-06-11T08:54:30.105] [Frame] [INFO] frame=4146 begin
[2026-06-11T08:54:30.110] [Frame] [INFO] frame=4147 begin
[2026-06-11T08:54:30.114] [Frame] [INFO] frame=4148 begin
[2026-06-11T08:54:30.118] [Frame] [INFO] frame=4149 begin
[2026-06-11T08:54:30.122] [Frame] [INFO] frame=4150 begin
[2026-06-11T08:54:30.126] [Frame] [INFO] frame=4151 begin
[2026-06-11T08:54:30.130] [Frame] [INFO] frame=4152 begin
[2026-06-11T08:54:30.135] [Frame] [INFO] frame=4153 begin
[2026-06-11T08:54:30.139] [Frame] [INFO] frame=4154 begin
[2026-06-11T08:54:30.143] [Frame] [INFO] frame=4155 begin
[2026-06-11T08:54:30.147] [Frame] [INFO] frame=4156 begin
[2026-06-11T08:54:30.151] [Frame] [INFO] frame=4157 begin
[2026-06-11T08:54:30.155] [Frame] [INFO] frame=4158 begin
[2026-06-11T08:54:30.160] [Frame] [INFO] frame=4159 begin
[2026-06-11T08:54:30.164] [Frame] [INFO] frame=4160 begin
[2026-06-11T08:54:30.168] [Frame] [INFO] frame=4161 begin
[2026-06-11T08:54:30.172] [Frame] [INFO] frame=4162 begin
[2026-06-11T08:54:30.176] [Frame] [INFO] frame=4163 begin
[2026-06-11T08:54:30.180] [Frame] [INFO] frame=4164 begin
[2026-06-11T08:54:30.185] [Frame] [INFO] frame=4165 begin
[2026-06-11T08:54:30.189] [Frame] [INFO] frame=4166 begin
[2026-06-11T08:54:30.193] [Frame] [INFO] frame=4167 begin
[2026-06-11T08:54:30.197] [Frame] [INFO] frame=4168 begin
[2026-06-11T08:54:30.201] [Frame] [INFO] frame=4169 begin
[2026-06-11T08:54:30.205] [Frame] [INFO] frame=4170 begin
[2026-06-11T08:54:30.210] [Frame] [INFO] frame=4171 begin
[2026-06-11T08:54:30.214] [Frame] [INFO] frame=4172 begin
[2026-06-11T08:54:30.218] [Frame] [INFO] frame=4173 begin
[2026-06-11T08:54:30.222] [Frame] [INFO] frame=4174 begin
[2026-06-11T08:54:30.226] [Frame] [INFO] frame=4175 begin
[2026-06-11T08:54:30.230] [Frame] [INFO] frame=4176 begin
[2026-06-11T08:54:30.235] [Frame] [INFO] frame=4177 begin
[2026-06-11T08:54:30.239] [Frame] [INFO] frame=4178 begin
[2026-06-11T08:54:30.243] [Frame] [INFO] frame=4179 begin
[2026-06-11T08:54:30.247] [Frame] [INFO] frame=4180 begin
[2026-06-11T08:54:30.251] [Frame] [INFO] frame=4181 begin
[2026-06-11T08:54:30.255] [Frame] [INFO] frame=4182 begin
[2026-06-11T08:54:30.260] [Frame] [INFO] frame=4183 begin
[2026-06-11T08:54:30.264] [Frame] [INFO] frame=4184 begin
[2026-06-11T08:54:30.268] [Frame] [INFO] frame=4185 begin
[2026-06-11T08:54:30.272] [Frame] [INFO] frame=4186 begin
[2026-06-11T08:54:30.276] [Frame] [INFO] frame=4187 begin
[2026-06-11T08:54:30.280] [Frame] [INFO] frame=4188 begin
[2026-06-11T08:54:30.285] [Frame] [INFO] frame=4189 begin
[2026-06-11T08:54:30.289] [Frame] [INFO] frame=4190 begin
[2026-06-11T08:54:30.293] [Frame] [INFO] frame=4191 begin
[2026-06-11T08:54:30.297] [Frame] [INFO] frame=4192 begin
[2026-06-11T08:54:30.301] [Frame] [INFO] frame=4193 begin
[2026-06-11T08:54:30.305] [Frame] [INFO] frame=4194 begin
[2026-06-11T08:54:30.310] [Frame] [INFO] frame=4195 begin
[2026-06-11T08:54:30.314] [Frame] [INFO] frame=4196 begin
[2026-06-11T08:54:30.318] [Frame] [INFO] frame=4197 begin
[2026-06-11T08:54:30.322] [Frame] [INFO] frame=4198 begin
[2026-06-11T08:54:30.326] [Frame] [INFO] frame=4199 begin
[2026-06-11T08:54:30.330] [Frame] [INFO] frame=4200 begin
[2026-06-11T08:54:30.335] [Frame] [INFO] frame=4201 begin
[2026-06-11T08:54:30.339] [Frame] [INFO] frame=4202 begin
[2026-06-11T08:54:30.343] [Frame] [INFO] frame=4203 begin
[2026-06-11T08:54:30.347] [Frame] [INFO] frame=4204 begin
[2026-06-11T08:54:30.351] [Frame] [INFO] frame=4205 begin
[2026-06-11T08:54:30.355] [Frame] [INFO] frame=4206 begin
[2026-06-11T08:54:30.360] [Frame] [INFO] frame=4207 begin
[2026-06-11T08:54:30.364] [Frame] [INFO] frame=4208 begin
[2026-06-11T08:54:30.368] [Frame] [INFO] frame=4209 begin
[2026-06-11T08:54:30.372] [Frame] [INFO] frame=4210 begin
[2026-06-11T08:54:30.376] [Frame] [INFO] frame=4211 begin
[2026-06-11T08:54:30.380] [Frame] [INFO] frame=4212 begin
[2026-06-11T08:54:30.384] [Frame] [INFO] frame=4213 begin
[2026-06-11T08:54:30.389] [Frame] [INFO] frame=4214 begin
[2026-06-11T08:54:30.393] [Frame] [INFO] frame=4215 begin
[2026-06-11T08:54:30.397] [Frame] [INFO] frame=4216 begin
[2026-06-11T08:54:30.401] [Frame] [INFO] frame=4217 begin
[2026-06-11T08:54:30.405] [Frame] [INFO] frame=4218 begin
[2026-06-11T08:54:30.410] [Frame] [INFO] frame=4219 begin
[2026-06-11T08:54:30.414] [Frame] [INFO] frame=4220 begin
[2026-06-11T08:54:30.418] [Frame] [INFO] frame=4221 begin
[2026-06-11T08:54:30.422] [Frame] [INFO] frame=4222 begin
[2026-06-11T08:54:30.426] [Frame] [INFO] frame=4223 begin
[2026-06-11T08:54:30.430] [Frame] [INFO] frame=4224 begin
[2026-06-11T08:54:30.435] [Frame] [INFO] frame=4225 begin
[2026-06-11T08:54:30.439] [Frame] [INFO] frame=4226 begin
[2026-06-11T08:54:30.443] [Frame] [INFO] frame=4227 begin
[2026-06-11T08:54:30.447] [Frame] [INFO] frame=4228 begin
[2026-06-11T08:54:30.451] [Frame] [INFO] frame=4229 begin
[2026-06-11T08:54:30.455] [Frame] [INFO] frame=4230 begin
[2026-06-11T08:54:30.460] [Frame] [INFO] frame=4231 begin
[2026-06-11T08:54:30.464] [Frame] [INFO] frame=4232 begin
[2026-06-11T08:54:30.468] [Frame] [INFO] frame=4233 begin
[2026-06-11T08:54:30.472] [Frame] [INFO] frame=4234 begin
[2026-06-11T08:54:30.476] [Frame] [INFO] frame=4235 begin
[2026-06-11T08:54:30.480] [Frame] [INFO] frame=4236 begin
[2026-06-11T08:54:30.485] [Frame] [INFO] frame=4237 begin
[2026-06-11T08:54:30.489] [Frame] [INFO] frame=4238 begin
[2026-06-11T08:54:30.493] [Frame] [INFO] frame=4239 begin
[2026-06-11T08:54:30.497] [Frame] [INFO] frame=4240 begin
[2026-06-11T08:54:30.501] [Frame] [INFO] frame=4241 begin
[2026-06-11T08:54:30.505] [Frame] [INFO] frame=4242 begin
[2026-06-11T08:54:30.510] [Frame] [INFO] frame=4243 begin
[2026-06-11T08:54:30.514] [Frame] [INFO] frame=4244 begin
[2026-06-11T08:54:30.518] [Frame] [INFO] frame=4245 begin
[2026-06-11T08:54:30.522] [Frame] [INFO] frame=4246 begin
[2026-06-11T08:54:30.526] [Frame] [INFO] frame=4247 begin
[2026-06-11T08:54:30.530] [Frame] [INFO] frame=4248 begin
[2026-06-11T08:54:30.535] [Frame] [INFO] frame=4249 begin
[2026-06-11T08:54:30.539] [Frame] [INFO] frame=4250 begin
[2026-06-11T08:54:30.543] [Frame] [INFO] frame=4251 begin
[2026-06-11T08:54:30.547] [Frame] [INFO] frame=4252 begin
[2026-06-11T08:54:30.551] [Frame] [INFO] frame=4253 begin
[2026-06-11T08:54:30.555] [Frame] [INFO] frame=4254 begin
[2026-06-11T08:54:30.560] [Frame] [INFO] frame=4255 begin
[2026-06-11T08:54:30.564] [Frame] [INFO] frame=4256 begin
[2026-06-11T08:54:30.568] [Frame] [INFO] frame=4257 begin
[2026-06-11T08:54:30.572] [Frame] [INFO] frame=4258 begin
[2026-06-11T08:54:30.576] [Frame] [INFO] frame=4259 begin
[2026-06-11T08:54:30.580] [Frame] [INFO] frame=4260 begin
[2026-06-11T08:54:30.585] [Frame] [INFO] frame=4261 begin
[2026-06-11T08:54:30.589] [Frame] [INFO] frame=4262 begin
[2026-06-11T08:54:30.593] [Frame] [INFO] frame=4263 begin
[2026-06-11T08:54:30.597] [Frame] [INFO] frame=4264 begin
[2026-06-11T08:54:30.601] [Frame] [INFO] frame=4265 begin
[2026-06-11T08:54:30.605] [Frame] [INFO] frame=4266 begin
[2026-06-11T08:54:30.610] [Frame] [INFO] frame=4267 begin
[2026-06-11T08:54:30.614] [Frame] [INFO] frame=4268 begin
[2026-06-11T08:54:30.618] [Frame] [INFO] frame=4269 begin
[2026-06-11T08:54:30.622] [Frame] [INFO] frame=4270 begin
[2026-06-11T08:54:30.626] [Frame] [INFO] frame=4271 begin
[2026-06-11T08:54:30.630] [Frame] [INFO] frame=4272 begin
[2026-06-11T08:54:30.635] [Frame] [INFO] frame=4273 begin
[2026-06-11T08:54:30.639] [Frame] [INFO] frame=4274 begin
[2026-06-11T08:54:30.643] [Frame] [INFO] frame=4275 begin
[2026-06-11T08:54:30.647] [Frame] [INFO] frame=4276 begin
[2026-06-11T08:54:30.651] [Frame] [INFO] frame=4277 begin
[2026-06-11T08:54:30.655] [Frame] [INFO] frame=4278 begin
[2026-06-11T08:54:30.660] [Frame] [INFO] frame=4279 begin
[2026-06-11T08:54:30.664] [Frame] [INFO] frame=4280 begin
[2026-06-11T08:54:30.668] [Frame] [INFO] frame=4281 begin
[2026-06-11T08:54:30.672] [Frame] [INFO] frame=4282 begin
[2026-06-11T08:54:30.676] [Frame] [INFO] frame=4283 begin
[2026-06-11T08:54:30.680] [Frame] [INFO] frame=4284 begin
[2026-06-11T08:54:30.685] [Frame] [INFO] frame=4285 begin
[2026-06-11T08:54:30.689] [Frame] [INFO] frame=4286 begin
[2026-06-11T08:54:30.693] [Frame] [INFO] frame=4287 begin
[2026-06-11T08:54:30.697] [Frame] [INFO] frame=4288 begin
[2026-06-11T08:54:30.701] [Frame] [INFO] frame=4289 begin
[2026-06-11T08:54:30.705] [Frame] [INFO] frame=4290 begin
[2026-06-11T08:54:30.710] [Frame] [INFO] frame=4291 begin
[2026-06-11T08:54:30.714] [Frame] [INFO] frame=4292 begin
[2026-06-11T08:54:30.718] [Frame] [INFO] frame=4293 begin
[2026-06-11T08:54:30.722] [Frame] [INFO] frame=4294 begin
[2026-06-11T08:54:30.726] [Frame] [INFO] frame=4295 begin
[2026-06-11T08:54:30.730] [Frame] [INFO] frame=4296 begin
[2026-06-11T08:54:30.735] [Frame] [INFO] frame=4297 begin
[2026-06-11T08:54:30.739] [Frame] [INFO] frame=4298 begin
[2026-06-11T08:54:30.743] [Frame] [INFO] frame=4299 begin
[2026-06-11T08:54:30.747] [Frame] [INFO] frame=4300 begin
[2026-06-11T08:54:30.751] [Frame] [INFO] frame=4301 begin
[2026-06-11T08:54:30.755] [Frame] [INFO] frame=4302 begin
[2026-06-11T08:54:30.760] [Frame] [INFO] frame=4303 begin
[2026-06-11T08:54:30.764] [Frame] [INFO] frame=4304 begin
[2026-06-11T08:54:30.768] [Frame] [INFO] frame=4305 begin
[2026-06-11T08:54:30.772] [Frame] [INFO] frame=4306 begin
[2026-06-11T08:54:30.776] [Frame] [INFO] frame=4307 begin
[2026-06-11T08:54:30.780] [Frame] [INFO] frame=4308 begin
[2026-06-11T08:54:30.785] [Frame] [INFO] frame=4309 begin
[2026-06-11T08:54:30.789] [Frame] [INFO] frame=4310 begin
[2026-06-11T08:54:30.793] [Frame] [INFO] frame=4311 begin
[2026-06-11T08:54:30.797] [Frame] [INFO] frame=4312 begin
[2026-06-11T08:54:30.801] [Frame] [INFO] frame=4313 begin
[2026-06-11T08:54:30.805] [Frame] [INFO] frame=4314 begin
[2026-06-11T08:54:30.810] [Frame] [INFO] frame=4315 begin
[2026-06-11T08:54:30.814] [Frame] [INFO] frame=4316 begin
[2026-06-11T08:54:30.818] [Frame] [INFO] frame=4317 begin
[2026-06-11T08:54:30.822] [Frame] [INFO] frame=4318 begin
[2026-06-11T08:54:30.826] [Frame] [INFO] frame=4319 begin
[2026-06-11T08:54:30.830] [Frame] [INFO] frame=4320 begin
[2026-06-11T08:54:30.835] [Frame] [INFO] frame=4321 begin
[2026-06-11T08:54:30.839] [Frame] [INFO] frame=4322 begin
[2026-06-11T08:54:30.843] [Frame] [INFO] frame=4323 begin
[2026-06-11T08:54:30.847] [Frame] [INFO] frame=4324 begin
[2026-06-11T08:54:30.851] [Frame] [INFO] frame=4325 begin
[2026-06-11T08:54:30.855] [Frame] [INFO] frame=4326 begin
[2026-06-11T08:54:30.860] [Frame] [INFO] frame=4327 begin
[2026-06-11T08:54:30.864] [Frame] [INFO] frame=4328 begin
[2026-06-11T08:54:30.868] [Frame] [INFO] frame=4329 begin
[2026-06-11T08:54:30.872] [Frame] [INFO] frame=4330 begin
[2026-06-11T08:54:30.876] [Frame] [INFO] frame=4331 begin
[2026-06-11T08:54:30.880] [Frame] [INFO] frame=4332 begin
[2026-06-11T08:54:30.885] [Frame] [INFO] frame=4333 begin
[2026-06-11T08:54:30.889] [Frame] [INFO] frame=4334 begin
[2026-06-11T08:54:30.893] [Frame] [INFO] frame=4335 begin
[2026-06-11T08:54:30.897] [Frame] [INFO] frame=4336 begin
[2026-06-11T08:54:30.901] [Frame] [INFO] frame=4337 begin
[2026-06-11T08:54:30.905] [Frame] [INFO] frame=4338 begin
[2026-06-11T08:54:30.910] [Frame] [INFO] frame=4339 begin
[2026-06-11T08:54:30.914] [Frame] [INFO] frame=4340 begin
[2026-06-11T08:54:30.918] [Frame] [INFO] frame=4341 begin
[2026-06-11T08:54:30.922] [Frame] [INFO] frame=4342 begin
[2026-06-11T08:54:30.926] [Frame] [INFO] frame=4343 begin
[2026-06-11T08:54:30.930] [Frame] [INFO] frame=4344 begin
[2026-06-11T08:54:30.935] [Frame] [INFO] frame=4345 begin
[2026-06-11T08:54:30.939] [Frame] [INFO] frame=4346 begin
[2026-06-11T08:54:30.943] [Frame] [INFO] frame=4347 begin
[2026-06-11T08:54:30.947] [Frame] [INFO] frame=4348 begin
[2026-06-11T08:54:30.951] [Frame] [INFO] frame=4349 begin
[2026-06-11T08:54:30.955] [Frame] [INFO] frame=4350 begin
[2026-06-11T08:54:30.960] [Frame] [INFO] frame=4351 begin
[2026-06-11T08:54:30.964] [Frame] [INFO] frame=4352 begin
[2026-06-11T08:54:30.968] [Frame] [INFO] frame=4353 begin
[2026-06-11T08:54:30.972] [Frame] [INFO] frame=4354 begin
[2026-06-11T08:54:30.976] [Frame] [INFO] frame=4355 begin
[2026-06-11T08:54:30.980] [Frame] [INFO] frame=4356 begin
[2026-06-11T08:54:30.985] [Frame] [INFO] frame=4357 begin
[2026-06-11T08:54:30.989] [Frame] [INFO] frame=4358 begin
[2026-06-11T08:54:30.993] [Frame] [INFO] frame=4359 begin
[2026-06-11T08:54:30.997] [Frame] [INFO] frame=4360 begin
[2026-06-11T08:54:31.001] [Frame] [INFO] frame=4361 begin
[2026-06-11T08:54:31.005] [Frame] [INFO] frame=4362 begin
[2026-06-11T08:54:31.010] [Frame] [INFO] frame=4363 begin
[2026-06-11T08:54:31.014] [Frame] [INFO] frame=4364 begin
[2026-06-11T08:54:31.018] [Frame] [INFO] frame=4365 begin
[2026-06-11T08:54:31.022] [Frame] [INFO] frame=4366 begin
[2026-06-11T08:54:31.026] [Frame] [INFO] frame=4367 begin
[2026-06-11T08:54:31.030] [Frame] [INFO] frame=4368 begin
[2026-06-11T08:54:31.035] [Frame] [INFO] frame=4369 begin
[2026-06-11T08:54:31.039] [Frame] [INFO] frame=4370 begin
[2026-06-11T08:54:31.043] [Frame] [INFO] frame=4371 begin
[2026-06-11T08:54:31.047] [Frame] [INFO] frame=4372 begin
[2026-06-11T08:54:31.051] [Frame] [INFO] frame=4373 begin
[2026-06-11T08:54:31.055] [Frame] [INFO] frame=4374 begin
[2026-06-11T08:54:31.060] [Frame] [INFO] frame=4375 begin
[2026-06-11T08:54:31.064] [Frame] [INFO] frame=4376 begin
[2026-06-11T08:54:31.068] [Frame] [INFO] frame=4377 begin
[2026-06-11T08:54:31.072] [Frame] [INFO] frame=4378 begin
[2026-06-11T08:54:31.076] [Frame] [INFO] frame=4379 begin
[2026-06-11T08:54:31.080] [Frame] [INFO] frame=4380 begin
[2026-06-11T08:54:31.085] [Frame] [INFO] frame=4381 begin
[2026-06-11T08:54:31.089] [Frame] [INFO] frame=4382 begin
[2026-06-11T08:54:31.093] [Frame] [INFO] frame=4383 begin
[2026-06-11T08:54:31.097] [Frame] [INFO] frame=4384 begin
[2026-06-11T08:54:31.101] [Frame] [INFO] frame=4385 begin
[2026-06-11T08:54:31.105] [Frame] [INFO] frame=4386 begin
[2026-06-11T08:54:31.110] [Frame] [INFO] frame=4387 begin
[2026-06-11T08:54:31.114] [Frame] [INFO] frame=4388 begin
[2026-06-11T08:54:31.118] [Frame] [INFO] frame=4389 begin
[2026-06-11T08:54:31.122] [Frame] [INFO] frame=4390 begin
[2026-06-11T08:54:31.126] [Frame] [INFO] frame=4391 begin
[2026-06-11T08:54:31.130] [Frame] [INFO] frame=4392 begin
[2026-06-11T08:54:31.135] [Frame] [INFO] frame=4393 begin
[2026-06-11T08:54:31.139] [Frame] [INFO] frame=4394 begin
[2026-06-11T08:54:31.143] [Frame] [INFO] frame=4395 begin
[2026-06-11T08:54:31.147] [Frame] [INFO] frame=4396 begin
[2026-06-11T08:54:31.151] [Frame] [INFO] frame=4397 begin
[2026-06-11T08:54:31.155] [Frame] [INFO] frame=4398 begin
[2026-06-11T08:54:31.160] [Frame] [INFO] frame=4399 begin
[2026-06-11T08:54:31.164] [Frame] [INFO] frame=4400 begin
[2026-06-11T08:54:31.168] [Frame] [INFO] frame=4401 begin
[2026-06-11T08:54:31.172] [Frame] [INFO] frame=4402 begin
[2026-06-11T08:54:31.176] [Frame] [INFO] frame=4403 begin
[2026-06-11T08:54:31.180] [Frame] [INFO] frame=4404 begin
[2026-06-11T08:54:31.185] [Frame] [INFO] frame=4405 begin
[2026-06-11T08:54:31.189] [Frame] [INFO] frame=4406 begin
[2026-06-11T08:54:31.193] [Frame] [INFO] frame=4407 begin
[2026-06-11T08:54:31.197] [Frame] [INFO] frame=4408 begin
[2026-06-11T08:54:31.201] [Frame] [INFO] frame=4409 begin
[2026-06-11T08:54:31.205] [Frame] [INFO] frame=4410 begin
[2026-06-11T08:54:31.210] [Frame] [INFO] frame=4411 begin
[2026-06-11T08:54:31.214] [Frame] [INFO] frame=4412 begin
[2026-06-11T08:54:31.218] [Frame] [INFO] frame=4413 begin
[2026-06-11T08:54:31.222] [Frame] [INFO] frame=4414 begin
[2026-06-11T08:54:31.226] [Frame] [INFO] frame=4415 begin
[2026-06-11T08:54:31.230] [Frame] [INFO] frame=4416 begin
[2026-06-11T08:54:31.235] [Frame] [INFO] frame=4417 begin
[2026-06-11T08:54:31.239] [Frame] [INFO] frame=4418 begin
[2026-06-11T08:54:31.243] [Frame] [INFO] frame=4419 begin
[2026-06-11T08:54:31.247] [Frame] [INFO] frame=4420 begin
[2026-06-11T08:54:31.251] [Frame] [INFO] frame=4421 begin
[2026-06-11T08:54:31.255] [Frame] [INFO] frame=4422 begin
[2026-06-11T08:54:31.260] [Frame] [INFO] frame=4423 begin
[2026-06-11T08:54:31.264] [Frame] [INFO] frame=4424 begin
[2026-06-11T08:54:31.268] [Frame] [INFO] frame=4425 begin
[2026-06-11T08:54:31.272] [Frame] [INFO] frame=4426 begin
[2026-06-11T08:54:31.276] [Frame] [INFO] frame=4427 begin
[2026-06-11T08:54:31.280] [Frame] [INFO] frame=4428 begin
[2026-06-11T08:54:31.285] [Frame] [INFO] frame=4429 begin
[2026-06-11T08:54:31.289] [Frame] [INFO] frame=4430 begin
[2026-06-11T08:54:31.293] [Frame] [INFO] frame=4431 begin
[2026-06-11T08:54:31.297] [Frame] [INFO] frame=4432 begin
[2026-06-11T08:54:31.301] [Frame] [INFO] frame=4433 begin
[2026-06-11T08:54:31.305] [Frame] [INFO] frame=4434 begin
[2026-06-11T08:54:31.310] [Frame] [INFO] frame=4435 begin
[2026-06-11T08:54:31.314] [Frame] [INFO] frame=4436 begin
[2026-06-11T08:54:31.318] [Frame] [INFO] frame=4437 begin
[2026-06-11T08:54:31.322] [Frame] [INFO] frame=4438 begin
[2026-06-11T08:54:31.326] [Frame] [INFO] frame=4439 begin
[2026-06-11T08:54:31.330] [Frame] [INFO] frame=4440 begin
[2026-06-11T08:54:31.335] [Frame] [INFO] frame=4441 begin
[2026-06-11T08:54:31.339] [Frame] [INFO] frame=4442 begin
[2026-06-11T08:54:31.343] [Frame] [INFO] frame=4443 begin
[2026-06-11T08:54:31.347] [Frame] [INFO] frame=4444 begin
[2026-06-11T08:54:31.351] [Frame] [INFO] frame=4445 begin
[2026-06-11T08:54:31.355] [Frame] [INFO] frame=4446 begin
[2026-06-11T08:54:31.360] [Frame] [INFO] frame=4447 begin
[2026-06-11T08:54:31.364] [Frame] [INFO] frame=4448 begin
[2026-06-11T08:54:31.368] [Frame] [INFO] frame=4449 begin
[2026-06-11T08:54:31.372] [Frame] [INFO] frame=4450 begin
[2026-06-11T08:54:31.376] [Frame] [INFO] frame=4451 begin
[2026-06-11T08:54:31.380] [Frame] [INFO] frame=4452 begin
[2026-06-11T08:54:31.385] [Frame] [INFO] frame=4453 begin
[2026-06-11T08:54:31.389] [Frame] [INFO] frame=4454 begin
[2026-06-11T08:54:31.393] [Frame] [INFO] frame=4455 begin
[2026-06-11T08:54:31.397] [Frame] [INFO] frame=4456 begin
[2026-06-11T08:54:31.401] [Frame] [INFO] frame=4457 begin
[2026-06-11T08:54:31.405] [Frame] [INFO] frame=4458 begin
[2026-06-11T08:54:31.410] [Frame] [INFO] frame=4459 begin
[2026-06-11T08:54:31.414] [Frame] [INFO] frame=4460 begin
[2026-06-11T08:54:31.418] [Frame] [INFO] frame=4461 begin
[2026-06-11T08:54:31.422] [Frame] [INFO] frame=4462 begin
[2026-06-11T08:54:31.426] [Frame] [INFO] frame=4463 begin
[2026-06-11T08:54:31.430] [Frame] [INFO] frame=4464 begin
[2026-06-11T08:54:31.435] [Frame] [INFO] frame=4465 begin
[2026-06-11T08:54:31.439] [Frame] [INFO] frame=4466 begin
[2026-06-11T08:54:31.443] [Frame] [INFO] frame=4467 begin
[2026-06-11T08:54:31.447] [Frame] [INFO] frame=4468 begin
[2026-06-11T08:54:31.451] [Frame] [INFO] frame=4469 begin
[2026-06-11T08:54:31.455] [Frame] [INFO] frame=4470 begin
[2026-06-11T08:54:31.460] [Frame] [INFO] frame=4471 begin
[2026-06-11T08:54:31.464] [Frame] [INFO] frame=4472 begin
[2026-06-11T08:54:31.468] [Frame] [INFO] frame=4473 begin
[2026-06-11T08:54:31.472] [Frame] [INFO] frame=4474 begin
[2026-06-11T08:54:31.476] [Frame] [INFO] frame=4475 begin
[2026-06-11T08:54:31.480] [Frame] [INFO] frame=4476 begin
[2026-06-11T08:54:31.485] [Frame] [INFO] frame=4477 begin
[2026-06-11T08:54:31.489] [Frame] [INFO] frame=4478 begin
[2026-06-11T08:54:31.493] [Frame] [INFO] frame=4479 begin
[2026-06-11T08:54:31.497] [Frame] [INFO] frame=4480 begin
[2026-06-11T08:54:31.501] [Frame] [INFO] frame=4481 begin
[2026-06-11T08:54:31.505] [Frame] [INFO] frame=4482 begin
[2026-06-11T08:54:31.510] [Frame] [INFO] frame=4483 begin
[2026-06-11T08:54:31.514] [Frame] [INFO] frame=4484 begin
[2026-06-11T08:54:31.518] [Frame] [INFO] frame=4485 begin
[2026-06-11T08:54:31.522] [Frame] [INFO] frame=4486 begin
[2026-06-11T08:54:31.526] [Frame] [INFO] frame=4487 begin
[2026-06-11T08:54:31.530] [Frame] [INFO] frame=4488 begin
[2026-06-11T08:54:31.535] [Frame] [INFO] frame=4489 begin
[2026-06-11T08:54:31.539] [Frame] [INFO] frame=4490 begin
[2026-06-11T08:54:31.543] [Frame] [INFO] frame=4491 begin
[2026-06-11T08:54:31.547] [Frame] [INFO] frame=4492 begin
[2026-06-11T08:54:31.551] [Frame] [INFO] frame=4493 begin
[2026-06-11T08:54:31.555] [Frame] [INFO] frame=4494 begin
[2026-06-11T08:54:31.560] [Frame] [INFO] frame=4495 begin
[2026-06-11T08:54:31.564] [Frame] [INFO] frame=4496 begin
[2026-06-11T08:54:31.568] [Frame] [INFO] frame=4497 begin
[2026-06-11T08:54:31.572] [Frame] [INFO] frame=4498 begin
[2026-06-11T08:54:31.576] [Frame] [INFO] frame=4499 begin
[2026-06-11T08:54:31.580] [Frame] [INFO] frame=4500 begin
[2026-06-11T08:54:31.585] [Frame] [INFO] frame=4501 begin
[2026-06-11T08:54:31.589] [Frame] [INFO] frame=4502 begin
[2026-06-11T08:54:31.593] [Frame] [INFO] frame=4503 begin
[2026-06-11T08:54:31.597] [Frame] [INFO] frame=4504 begin
[2026-06-11T08:54:31.601] [Frame] [INFO] frame=4505 begin
[2026-06-11T08:54:31.605] [Frame] [INFO] frame=4506 begin
[2026-06-11T08:54:31.610] [Frame] [INFO] frame=4507 begin
[2026-06-11T08:54:31.614] [Frame] [INFO] frame=4508 begin
[2026-06-11T08:54:31.618] [Frame] [INFO] frame=4509 begin
[2026-06-11T08:54:31.622] [Frame] [INFO] frame=4510 begin
[2026-06-11T08:54:31.626] [Frame] [INFO] frame=4511 begin
[2026-06-11T08:54:31.630] [Frame] [INFO] frame=4512 begin
[2026-06-11T08:54:31.635] [Frame] [INFO] frame=4513 begin
[2026-06-11T08:54:31.639] [Frame] [INFO] frame=4514 begin
[2026-06-11T08:54:31.643] [Frame] [INFO] frame=4515 begin
[2026-06-11T08:54:31.647] [Frame] [INFO] frame=4516 begin
[2026-06-11T08:54:31.651] [Frame] [INFO] frame=4517 begin
[2026-06-11T08:54:31.655] [Frame] [INFO] frame=4518 begin
[2026-06-11T08:54:31.660] [Frame] [INFO] frame=4519 begin
[2026-06-11T08:54:31.664] [Frame] [INFO] frame=4520 begin
[2026-06-11T08:54:31.668] [Frame] [INFO] frame=4521 begin
[2026-06-11T08:54:31.672] [Frame] [INFO] frame=4522 begin
[2026-06-11T08:54:31.676] [Frame] [INFO] frame=4523 begin
[2026-06-11T08:54:31.680] [Frame] [INFO] frame=4524 begin
[2026-06-11T08:54:31.685] [Frame] [INFO] frame=4525 begin
[2026-06-11T08:54:31.689] [Frame] [INFO] frame=4526 begin
[2026-06-11T08:54:31.693] [Frame] [INFO] frame=4527 begin
[2026-06-11T08:54:31.697] [Frame] [INFO] frame=4528 begin
[2026-06-11T08:54:31.701] [Frame] [INFO] frame=4529 begin
[2026-06-11T08:54:31.705] [Frame] [INFO] frame=4530 begin
[2026-06-11T08:54:31.710] [Frame] [INFO] frame=4531 begin
[2026-06-11T08:54:31.714] [Frame] [INFO] frame=4532 begin
[2026-06-11T08:54:31.718] [Frame] [INFO] frame=4533 begin
[2026-06-11T08:54:31.722] [Frame] [INFO] frame=4534 begin
[2026-06-11T08:54:31.726] [Frame] [INFO] frame=4535 begin
[2026-06-11T08:54:31.730] [Frame] [INFO] frame=4536 begin
[2026-06-11T08:54:31.735] [Frame] [INFO] frame=4537 begin
[2026-06-11T08:54:31.739] [Frame] [INFO] frame=4538 begin
[2026-06-11T08:54:31.743] [Frame] [INFO] frame=4539 begin
[2026-06-11T08:54:31.747] [Frame] [INFO] frame=4540 begin
[2026-06-11T08:54:31.751] [Frame] [INFO] frame=4541 begin
[2026-06-11T08:54:31.755] [Frame] [INFO] frame=4542 begin
[2026-06-11T08:54:31.760] [Frame] [INFO] frame=4543 begin
[2026-06-11T08:54:31.764] [Frame] [INFO] frame=4544 begin
[2026-06-11T08:54:31.768] [Frame] [INFO] frame=4545 begin
[2026-06-11T08:54:31.772] [Frame] [INFO] frame=4546 begin
[2026-06-11T08:54:31.776] [Frame] [INFO] frame=4547 begin
[2026-06-11T08:54:31.780] [Frame] [INFO] frame=4548 begin
[2026-06-11T08:54:31.785] [Frame] [INFO] frame=4549 begin
[2026-06-11T08:54:31.789] [Frame] [INFO] frame=4550 begin
[2026-06-11T08:54:31.793] [Frame] [INFO] frame=4551 begin
[2026-06-11T08:54:31.797] [Frame] [INFO] frame=4552 begin
[2026-06-11T08:54:31.801] [Frame] [INFO] frame=4553 begin
[2026-06-11T08:54:31.805] [Frame] [INFO] frame=4554 begin
[2026-06-11T08:54:31.810] [Frame] [INFO] frame=4555 begin
[2026-06-11T08:54:31.814] [Frame] [INFO] frame=4556 begin
[2026-06-11T08:54:31.818] [Frame] [INFO] frame=4557 begin
[2026-06-11T08:54:31.822] [Frame] [INFO] frame=4558 begin
[2026-06-11T08:54:31.826] [Frame] [INFO] frame=4559 begin
[2026-06-11T08:54:31.830] [Frame] [INFO] frame=4560 begin
[2026-06-11T08:54:31.835] [Frame] [INFO] frame=4561 begin
[2026-06-11T08:54:31.839] [Frame] [INFO] frame=4562 begin
[2026-06-11T08:54:31.843] [Frame] [INFO] frame=4563 begin
[2026-06-11T08:54:31.847] [Frame] [INFO] frame=4564 begin
[2026-06-11T08:54:31.851] [Frame] [INFO] frame=4565 begin
[2026-06-11T08:54:31.855] [Frame] [INFO] frame=4566 begin
[2026-06-11T08:54:31.860] [Frame] [INFO] frame=4567 begin
[2026-06-11T08:54:31.864] [Frame] [INFO] frame=4568 begin
[2026-06-11T08:54:31.868] [Frame] [INFO] frame=4569 begin
[2026-06-11T08:54:31.872] [Frame] [INFO] frame=4570 begin
[2026-06-11T08:54:31.876] [Frame] [INFO] frame=4571 begin
[2026-06-11T08:54:31.880] [Frame] [INFO] frame=4572 begin
[2026-06-11T08:54:31.885] [Frame] [INFO] frame=4573 begin
[2026-06-11T08:54:31.889] [Frame] [INFO] frame=4574 begin
[2026-06-11T08:54:31.893] [Frame] [INFO] frame=4575 begin
[2026-06-11T08:54:31.897] [Frame] [INFO] frame=4576 begin
[2026-06-11T08:54:31.901] [Frame] [INFO] frame=4577 begin
[2026-06-11T08:54:31.905] [Frame] [INFO] frame=4578 begin
[2026-06-11T08:54:31.910] [Frame] [INFO] frame=4579 begin
[2026-06-11T08:54:31.914] [Frame] [INFO] frame=4580 begin
[2026-06-11T08:54:31.918] [Frame] [INFO] frame=4581 begin
[2026-06-11T08:54:31.922] [Frame] [INFO] frame=4582 begin
[2026-06-11T08:54:31.926] [Frame] [INFO] frame=4583 begin
[2026-06-11T08:54:31.930] [Frame] [INFO] frame=4584 begin
[2026-06-11T08:54:31.935] [Frame] [INFO] frame=4585 begin
[2026-06-11T08:54:31.939] [Frame] [INFO] frame=4586 begin
[2026-06-11T08:54:31.943] [Frame] [INFO] frame=4587 begin
[2026-06-11T08:54:31.947] [Frame] [INFO] frame=4588 begin
[2026-06-11T08:54:31.951] [Frame] [INFO] frame=4589 begin
[2026-06-11T08:54:31.955] [Frame] [INFO] frame=4590 begin
[2026-06-11T08:54:31.960] [Frame] [INFO] frame=4591 begin
[2026-06-11T08:54:31.964] [Frame] [INFO] frame=4592 begin
[2026-06-11T08:54:31.968] [Frame] [INFO] frame=4593 begin
[2026-06-11T08:54:31.972] [Frame] [INFO] frame=4594 begin
[2026-06-11T08:54:31.976] [Frame] [INFO] frame=4595 begin
[2026-06-11T08:54:31.980] [Frame] [INFO] frame=4596 begin
[2026-06-11T08:54:31.985] [Frame] [INFO] frame=4597 begin
[2026-06-11T08:54:31.989] [Frame] [INFO] frame=4598 begin
[2026-06-11T08:54:31.993] [Frame] [INFO] frame=4599 begin
[2026-06-11T08:54:31.997] [Frame] [INFO] frame=4600 begin
[2026-06-11T08:54:32.001] [Frame] [INFO] frame=4601 begin
[2026-06-11T08:54:32.005] [Frame] [INFO] frame=4602 begin
[2026-06-11T08:54:32.010] [Frame] [INFO] frame=4603 begin
[2026-06-11T08:54:32.014] [Frame] [INFO] frame=4604 begin
[2026-06-11T08:54:32.018] [Frame] [INFO] frame=4605 begin
[2026-06-11T08:54:32.022] [Frame] [INFO] frame=4606 begin
[2026-06-11T08:54:32.026] [Frame] [INFO] frame=4607 begin
[2026-06-11T08:54:32.030] [Frame] [INFO] frame=4608 begin
[2026-06-11T08:54:32.035] [Frame] [INFO] frame=4609 begin
[2026-06-11T08:54:32.039] [Frame] [INFO] frame=4610 begin
[2026-06-11T08:54:32.043] [Frame] [INFO] frame=4611 begin
[2026-06-11T08:54:32.047] [Frame] [INFO] frame=4612 begin
[2026-06-11T08:54:32.051] [Frame] [INFO] frame=4613 begin
[2026-06-11T08:54:32.055] [Frame] [INFO] frame=4614 begin
[2026-06-11T08:54:32.060] [Frame] [INFO] frame=4615 begin
[2026-06-11T08:54:32.064] [Frame] [INFO] frame=4616 begin
[2026-06-11T08:54:32.068] [Frame] [INFO] frame=4617 begin
[2026-06-11T08:54:32.072] [Frame] [INFO] frame=4618 begin
[2026-06-11T08:54:32.076] [Frame] [INFO] frame=4619 begin
[2026-06-11T08:54:32.080] [Frame] [INFO] frame=4620 begin
[2026-06-11T08:54:32.085] [Frame] [INFO] frame=4621 begin
[2026-06-11T08:54:32.089] [Frame] [INFO] frame=4622 begin
[2026-06-11T08:54:32.093] [Frame] [INFO] frame=4623 begin
[2026-06-11T08:54:32.097] [Frame] [INFO] frame=4624 begin
[2026-06-11T08:54:32.101] [Frame] [INFO] frame=4625 begin
[2026-06-11T08:54:32.105] [Frame] [INFO] frame=4626 begin
[2026-06-11T08:54:32.110] [Frame] [INFO] frame=4627 begin
[2026-06-11T08:54:32.114] [Frame] [INFO] frame=4628 begin
[2026-06-11T08:54:32.118] [Frame] [INFO] frame=4629 begin
[2026-06-11T08:54:32.122] [Frame] [INFO] frame=4630 begin
[2026-06-11T08:54:32.126] [Frame] [INFO] frame=4631 begin
[2026-06-11T08:54:32.130] [Frame] [INFO] frame=4632 begin
[2026-06-11T08:54:32.135] [Frame] [INFO] frame=4633 begin
[2026-06-11T08:54:32.139] [Frame] [INFO] frame=4634 begin
[2026-06-11T08:54:32.143] [Frame] [INFO] frame=4635 begin
[2026-06-11T08:54:32.147] [Frame] [INFO] frame=4636 begin
[2026-06-11T08:54:32.151] [Frame] [INFO] frame=4637 begin
[2026-06-11T08:54:32.155] [Frame] [INFO] frame=4638 begin
[2026-06-11T08:54:32.160] [Frame] [INFO] frame=4639 begin
[2026-06-11T08:54:32.164] [Frame] [INFO] frame=4640 begin
[2026-06-11T08:54:32.168] [Frame] [INFO] frame=4641 begin
[2026-06-11T08:54:32.172] [Frame] [INFO] frame=4642 begin
[2026-06-11T08:54:32.176] [Frame] [INFO] frame=4643 begin
[2026-06-11T08:54:32.180] [Frame] [INFO] frame=4644 begin
[2026-06-11T08:54:32.185] [Frame] [INFO] frame=4645 begin
[2026-06-11T08:54:32.189] [Frame] [INFO] frame=4646 begin
[2026-06-11T08:54:32.193] [Frame] [INFO] frame=4647 begin
[2026-06-11T08:54:32.197] [Frame] [INFO] frame=4648 begin
[2026-06-11T08:54:32.201] [Frame] [INFO] frame=4649 begin
[2026-06-11T08:54:32.205] [Frame] [INFO] frame=4650 begin
[2026-06-11T08:54:32.210] [Frame] [INFO] frame=4651 begin
[2026-06-11T08:54:32.214] [Frame] [INFO] frame=4652 begin
[2026-06-11T08:54:32.218] [Frame] [INFO] frame=4653 begin
[2026-06-11T08:54:32.222] [Frame] [INFO] frame=4654 begin
[2026-06-11T08:54:32.226] [Frame] [INFO] frame=4655 begin
[2026-06-11T08:54:32.230] [Frame] [INFO] frame=4656 begin
[2026-06-11T08:54:32.235] [Frame] [INFO] frame=4657 begin
[2026-06-11T08:54:32.239] [Frame] [INFO] frame=4658 begin
[2026-06-11T08:54:32.243] [Frame] [INFO] frame=4659 begin
[2026-06-11T08:54:32.247] [Frame] [INFO] frame=4660 begin
[2026-06-11T08:54:32.251] [Frame] [INFO] frame=4661 begin
[2026-06-11T08:54:32.255] [Frame] [INFO] frame=4662 begin
[2026-06-11T08:54:32.260] [Frame] [INFO] frame=4663 begin
[2026-06-11T08:54:32.264] [Frame] [INFO] frame=4664 begin
[2026-06-11T08:54:32.268] [Frame] [INFO] frame=4665 begin
[2026-06-11T08:54:32.272] [Frame] [INFO] frame=4666 begin
[2026-06-11T08:54:32.276] [Frame] [INFO] frame=4667 begin
[2026-06-11T08:54:32.280] [Frame] [INFO] frame=4668 begin
[2026-06-11T08:54:32.285] [Frame] [INFO] frame=4669 begin
[2026-06-11T08:54:32.289] [Frame] [INFO] frame=4670 begin
[2026-06-11T08:54:32.293] [Frame] [INFO] frame=4671 begin
[2026-06-11T08:54:32.297] [Frame] [INFO] frame=4672 begin
[2026-06-11T08:54:32.301] [Frame] [INFO] frame=4673 begin
[2026-06-11T08:54:32.305] [Frame] [INFO] frame=4674 begin
[2026-06-11T08:54:32.310] [Frame] [INFO] frame=4675 begin
[2026-06-11T08:54:32.314] [Frame] [INFO] frame=4676 begin
[2026-06-11T08:54:32.318] [Frame] [INFO] frame=4677 begin
[2026-06-11T08:54:32.322] [Frame] [INFO] frame=4678 begin
[2026-06-11T08:54:32.326] [Frame] [INFO] frame=4679 begin
[2026-06-11T08:54:32.330] [Frame] [INFO] frame=4680 begin
[2026-06-11T08:54:32.335] [Frame] [INFO] frame=4681 begin
[2026-06-11T08:54:32.339] [Frame] [INFO] frame=4682 begin
[2026-06-11T08:54:32.343] [Frame] [INFO] frame=4683 begin
[2026-06-11T08:54:32.347] [Frame] [INFO] frame=4684 begin
[2026-06-11T08:54:32.351] [Frame] [INFO] frame=4685 begin
[2026-06-11T08:54:32.355] [Frame] [INFO] frame=4686 begin
[2026-06-11T08:54:32.360] [Frame] [INFO] frame=4687 begin
[2026-06-11T08:54:32.364] [Frame] [INFO] frame=4688 begin
[2026-06-11T08:54:32.368] [Frame] [INFO] frame=4689 begin
[2026-06-11T08:54:32.372] [Frame] [INFO] frame=4690 begin
[2026-06-11T08:54:32.376] [Frame] [INFO] frame=4691 begin
[2026-06-11T08:54:32.380] [Frame] [INFO] frame=4692 begin
[2026-06-11T08:54:32.385] [Frame] [INFO] frame=4693 begin
[2026-06-11T08:54:32.389] [Frame] [INFO] frame=4694 begin
[2026-06-11T08:54:32.393] [Frame] [INFO] frame=4695 begin
[2026-06-11T08:54:32.397] [Frame] [INFO] frame=4696 begin
[2026-06-11T08:54:32.401] [Frame] [INFO] frame=4697 begin
[2026-06-11T08:54:32.405] [Frame] [INFO] frame=4698 begin
[2026-06-11T08:54:32.410] [Frame] [INFO] frame=4699 begin
[2026-06-11T08:54:32.414] [Frame] [INFO] frame=4700 begin
[2026-06-11T08:54:32.418] [Frame] [INFO] frame=4701 begin
[2026-06-11T08:54:32.422] [Frame] [INFO] frame=4702 begin
[2026-06-11T08:54:32.426] [Frame] [INFO] frame=4703 begin
[2026-06-11T08:54:32.430] [Frame] [INFO] frame=4704 begin
[2026-06-11T08:54:32.435] [Frame] [INFO] frame=4705 begin
[2026-06-11T08:54:32.439] [Frame] [INFO] frame=4706 begin
[2026-06-11T08:54:32.443] [Frame] [INFO] frame=4707 begin
[2026-06-11T08:54:32.447] [Frame] [INFO] frame=4708 begin
[2026-06-11T08:54:32.451] [Frame] [INFO] frame=4709 begin
[2026-06-11T08:54:32.455] [Frame] [INFO] frame=4710 begin
[2026-06-11T08:54:32.460] [Frame] [INFO] frame=4711 begin
[2026-06-11T08:54:32.464] [Frame] [INFO] frame=4712 begin
[2026-06-11T08:54:32.468] [Frame] [INFO] frame=4713 begin
[2026-06-11T08:54:32.472] [Frame] [INFO] frame=4714 begin
[2026-06-11T08:54:32.476] [Frame] [INFO] frame=4715 begin
[2026-06-11T08:54:32.480] [Frame] [INFO] frame=4716 begin
[2026-06-11T08:54:32.485] [Frame] [INFO] frame=4717 begin
[2026-06-11T08:54:32.489] [Frame] [INFO] frame=4718 begin
[2026-06-11T08:54:32.493] [Frame] [INFO] frame=4719 begin
[2026-06-11T08:54:32.497] [Frame] [INFO] frame=4720 begin
[2026-06-11T08:54:32.501] [Frame] [INFO] frame=4721 begin
[2026-06-11T08:54:32.505] [Frame] [INFO] frame=4722 begin
[2026-06-11T08:54:32.510] [Frame] [INFO] frame=4723 begin
[2026-06-11T08:54:32.514] [Frame] [INFO] frame=4724 begin
[2026-06-11T08:54:32.518] [Frame] [INFO] frame=4725 begin
[2026-06-11T08:54:32.522] [Frame] [INFO] frame=4726 begin
[2026-06-11T08:54:32.526] [Frame] [INFO] frame=4727 begin
[2026-06-11T08:54:32.530] [Frame] [INFO] frame=4728 begin
[2026-06-11T08:54:32.535] [Frame] [INFO] frame=4729 begin
[2026-06-11T08:54:32.539] [Frame] [INFO] frame=4730 begin
[2026-06-11T08:54:32.543] [Frame] [INFO] frame=4731 begin
[2026-06-11T08:54:32.547] [Frame] [INFO] frame=4732 begin
[2026-06-11T08:54:32.551] [Frame] [INFO] frame=4733 begin
[2026-06-11T08:54:32.555] [Frame] [INFO] frame=4734 begin
[2026-06-11T08:54:32.560] [Frame] [INFO] frame=4735 begin
[2026-06-11T08:54:32.564] [Frame] [INFO] frame=4736 begin
[2026-06-11T08:54:32.568] [Frame] [INFO] frame=4737 begin
[2026-06-11T08:54:32.572] [Frame] [INFO] frame=4738 begin
[2026-06-11T08:54:32.576] [Frame] [INFO] frame=4739 begin
[2026-06-11T08:54:32.580] [Frame] [INFO] frame=4740 begin
[2026-06-11T08:54:32.585] [Frame] [INFO] frame=4741 begin
[2026-06-11T08:54:32.589] [Frame] [INFO] frame=4742 begin
[2026-06-11T08:54:32.593] [Frame] [INFO] frame=4743 begin
[2026-06-11T08:54:32.597] [Frame] [INFO] frame=4744 begin
[2026-06-11T08:54:32.601] [Frame] [INFO] frame=4745 begin
[2026-06-11T08:54:32.605] [Frame] [INFO] frame=4746 begin
[2026-06-11T08:54:32.610] [Frame] [INFO] frame=4747 begin
[2026-06-11T08:54:32.614] [Frame] [INFO] frame=4748 begin
[2026-06-11T08:54:32.618] [Frame] [INFO] frame=4749 begin
[2026-06-11T08:54:32.622] [Frame] [INFO] frame=4750 begin
[2026-06-11T08:54:32.626] [Frame] [INFO] frame=4751 begin
[2026-06-11T08:54:32.630] [Frame] [INFO] frame=4752 begin
[2026-06-11T08:54:32.635] [Frame] [INFO] frame=4753 begin
[2026-06-11T08:54:32.639] [Frame] [INFO] frame=4754 begin
[2026-06-11T08:54:32.643] [Frame] [INFO] frame=4755 begin
[2026-06-11T08:54:32.647] [Frame] [INFO] frame=4756 begin
[2026-06-11T08:54:32.651] [Frame] [INFO] frame=4757 begin
[2026-06-11T08:54:32.655] [Frame] [INFO] frame=4758 begin
[2026-06-11T08:54:32.660] [Frame] [INFO] frame=4759 begin
[2026-06-11T08:54:32.664] [Frame] [INFO] frame=4760 begin
[2026-06-11T08:54:32.668] [Frame] [INFO] frame=4761 begin
[2026-06-11T08:54:32.672] [Frame] [INFO] frame=4762 begin
[2026-06-11T08:54:32.676] [Frame] [INFO] frame=4763 begin
[2026-06-11T08:54:32.680] [Frame] [INFO] frame=4764 begin
[2026-06-11T08:54:32.685] [Frame] [INFO] frame=4765 begin
[2026-06-11T08:54:32.689] [Frame] [INFO] frame=4766 begin
[2026-06-11T08:54:32.693] [Frame] [INFO] frame=4767 begin
[2026-06-11T08:54:32.697] [Frame] [INFO] frame=4768 begin
[2026-06-11T08:54:32.701] [Frame] [INFO] frame=4769 begin
[2026-06-11T08:54:32.705] [Frame] [INFO] frame=4770 begin
[2026-06-11T08:54:32.710] [Frame] [INFO] frame=4771 begin
[2026-06-11T08:54:32.714] [Frame] [INFO] frame=4772 begin
[2026-06-11T08:54:32.718] [Frame] [INFO] frame=4773 begin
[2026-06-11T08:54:32.722] [Frame] [INFO] frame=4774 begin
[2026-06-11T08:54:32.726] [Frame] [INFO] frame=4775 begin
[2026-06-11T08:54:32.730] [Frame] [INFO] frame=4776 begin
[2026-06-11T08:54:32.735] [Frame] [INFO] frame=4777 begin
[2026-06-11T08:54:32.739] [Frame] [INFO] frame=4778 begin
[2026-06-11T08:54:32.743] [Frame] [INFO] frame=4779 begin
[2026-06-11T08:54:32.747] [Frame] [INFO] frame=4780 begin
[2026-06-11T08:54:32.751] [Frame] [INFO] frame=4781 begin
[2026-06-11T08:54:32.755] [Frame] [INFO] frame=4782 begin
[2026-06-11T08:54:32.760] [Frame] [INFO] frame=4783 begin
[2026-06-11T08:54:32.764] [Frame] [INFO] frame=4784 begin
[2026-06-11T08:54:32.768] [Frame] [INFO] frame=4785 begin
[2026-06-11T08:54:32.772] [Frame] [INFO] frame=4786 begin
[2026-06-11T08:54:32.776] [Frame] [INFO] frame=4787 begin
[2026-06-11T08:54:32.780] [Frame] [INFO] frame=4788 begin
[2026-06-11T08:54:32.785] [Frame] [INFO] frame=4789 begin
[2026-06-11T08:54:32.789] [Frame] [INFO] frame=4790 begin
[2026-06-11T08:54:32.793] [Frame] [INFO] frame=4791 begin
[2026-06-11T08:54:32.797] [Frame] [INFO] frame=4792 begin
[2026-06-11T08:54:32.801] [Frame] [INFO] frame=4793 begin
[2026-06-11T08:54:32.805] [Frame] [INFO] frame=4794 begin
[2026-06-11T08:54:32.810] [Frame] [INFO] frame=4795 begin
[2026-06-11T08:54:32.814] [Frame] [INFO] frame=4796 begin
[2026-06-11T08:54:32.818] [Frame] [INFO] frame=4797 begin
[2026-06-11T08:54:32.822] [Frame] [INFO] frame=4798 begin
[2026-06-11T08:54:32.826] [Frame] [INFO] frame=4799 begin
[2026-06-11T08:54:32.830] [Frame] [INFO] frame=4800 begin
[2026-06-11T08:54:32.835] [Frame] [INFO] frame=4801 begin
[2026-06-11T08:54:32.839] [Frame] [INFO] frame=4802 begin
[2026-06-11T08:54:32.843] [Frame] [INFO] frame=4803 begin
[2026-06-11T08:54:32.847] [Frame] [INFO] frame=4804 begin
[2026-06-11T08:54:32.851] [Frame] [INFO] frame=4805 begin
[2026-06-11T08:54:32.855] [Frame] [INFO] frame=4806 begin
[2026-06-11T08:54:32.860] [Frame] [INFO] frame=4807 begin
[2026-06-11T08:54:32.864] [Frame] [INFO] frame=4808 begin
[2026-06-11T08:54:32.868] [Frame] [INFO] frame=4809 begin
[2026-06-11T08:54:32.872] [Frame] [INFO] frame=4810 begin
[2026-06-11T08:54:32.876] [Frame] [INFO] frame=4811 begin
[2026-06-11T08:54:32.880] [Frame] [INFO] frame=4812 begin
[2026-06-11T08:54:32.885] [Frame] [INFO] frame=4813 begin
[2026-06-11T08:54:32.889] [Frame] [INFO] frame=4814 begin
[2026-06-11T08:54:32.893] [Frame] [INFO] frame=4815 begin
[2026-06-11T08:54:32.897] [Frame] [INFO] frame=4816 begin
[2026-06-11T08:54:32.901] [Frame] [INFO] frame=4817 begin
[2026-06-11T08:54:32.905] [Frame] [INFO] frame=4818 begin
[2026-06-11T08:54:32.910] [Frame] [INFO] frame=4819 begin
[2026-06-11T08:54:32.914] [Frame] [INFO] frame=4820 begin
[2026-06-11T08:54:32.918] [Frame] [INFO] frame=4821 begin
[2026-06-11T08:54:32.922] [Frame] [INFO] frame=4822 begin
[2026-06-11T08:54:32.926] [Frame] [INFO] frame=4823 begin
[2026-06-11T08:54:32.930] [Frame] [INFO] frame=4824 begin
[2026-06-11T08:54:32.935] [Frame] [INFO] frame=4825 begin
[2026-06-11T08:54:32.939] [Frame] [INFO] frame=4826 begin
[2026-06-11T08:54:32.943] [Frame] [INFO] frame=4827 begin
[2026-06-11T08:54:32.947] [Frame] [INFO] frame=4828 begin
[2026-06-11T08:54:32.951] [Frame] [INFO] frame=4829 begin
[2026-06-11T08:54:32.955] [Frame] [INFO] frame=4830 begin
[2026-06-11T08:54:32.960] [Frame] [INFO] frame=4831 begin
[2026-06-11T08:54:32.964] [Frame] [INFO] frame=4832 begin
[2026-06-11T08:54:32.968] [Frame] [INFO] frame=4833 begin
[2026-06-11T08:54:32.972] [Frame] [INFO] frame=4834 begin
[2026-06-11T08:54:32.976] [Frame] [INFO] frame=4835 begin
[2026-06-11T08:54:32.980] [Frame] [INFO] frame=4836 begin
[2026-06-11T08:54:32.985] [Frame] [INFO] frame=4837 begin
[2026-06-11T08:54:32.989] [Frame] [INFO] frame=4838 begin
[2026-06-11T08:54:32.993] [Frame] [INFO] frame=4839 begin
[2026-06-11T08:54:32.997] [Frame] [INFO] frame=4840 begin
[2026-06-11T08:54:33.001] [Frame] [INFO] frame=4841 begin
[2026-06-11T08:54:33.005] [Frame] [INFO] frame=4842 begin
[2026-06-11T08:54:33.010] [Frame] [INFO] frame=4843 begin
[2026-06-11T08:54:33.014] [Frame] [INFO] frame=4844 begin
[2026-06-11T08:54:33.018] [Frame] [INFO] frame=4845 begin
[2026-06-11T08:54:33.022] [Frame] [INFO] frame=4846 begin
[2026-06-11T08:54:33.026] [Frame] [INFO] frame=4847 begin
[2026-06-11T08:54:33.030] [Frame] [INFO] frame=4848 begin
[2026-06-11T08:54:33.035] [Frame] [INFO] frame=4849 begin
[2026-06-11T08:54:33.039] [Frame] [INFO] frame=4850 begin
[2026-06-11T08:54:33.043] [Frame] [INFO] frame=4851 begin
[2026-06-11T08:54:33.047] [Frame] [INFO] frame=4852 begin
[2026-06-11T08:54:33.051] [Frame] [INFO] frame=4853 begin
[2026-06-11T08:54:33.055] [Frame] [INFO] frame=4854 begin
[2026-06-11T08:54:33.060] [Frame] [INFO] frame=4855 begin
[2026-06-11T08:54:33.064] [Frame] [INFO] frame=4856 begin
[2026-06-11T08:54:33.068] [Frame] [INFO] frame=4857 begin
[2026-06-11T08:54:33.072] [Frame] [INFO] frame=4858 begin
[2026-06-11T08:54:33.076] [Frame] [INFO] frame=4859 begin
[2026-06-11T08:54:33.080] [Frame] [INFO] frame=4860 begin
[2026-06-11T08:54:33.085] [Frame] [INFO] frame=4861 begin
[2026-06-11T08:54:33.089] [Frame] [INFO] frame=4862 begin
[2026-06-11T08:54:33.093] [Frame] [INFO] frame=4863 begin
[2026-06-11T08:54:33.097] [Frame] [INFO] frame=4864 begin
[2026-06-11T08:54:33.101] [Frame] [INFO] frame=4865 begin
[2026-06-11T08:54:33.105] [Frame] [INFO] frame=4866 begin
[2026-06-11T08:54:33.110] [Frame] [INFO] frame=4867 begin
[2026-06-11T08:54:33.114] [Frame] [INFO] frame=4868 begin
[2026-06-11T08:54:33.118] [Frame] [INFO] frame=4869 begin
[2026-06-11T08:54:33.122] [Frame] [INFO] frame=4870 begin
[2026-06-11T08:54:33.126] [Frame] [INFO] frame=4871 begin
[2026-06-11T08:54:33.130] [Frame] [INFO] frame=4872 begin
[2026-06-11T08:54:33.135] [Frame] [INFO] frame=4873 begin
[2026-06-11T08:54:33.139] [Frame] [INFO] frame=4874 begin
[2026-06-11T08:54:33.143] [Frame] [INFO] frame=4875 begin
[2026-06-11T08:54:33.147] [Frame] [INFO] frame=4876 begin
[2026-06-11T08:54:33.151] [Frame] [INFO] frame=4877 begin
[2026-06-11T08:54:33.155] [Frame] [INFO] frame=4878 begin
[2026-06-11T08:54:33.160] [Frame] [INFO] frame=4879 begin
[2026-06-11T08:54:33.164] [Frame] [INFO] frame=4880 begin
[2026-06-11T08:54:33.168] [Frame] [INFO] frame=4881 begin
[2026-06-11T08:54:33.172] [Frame] [INFO] frame=4882 begin
[2026-06-11T08:54:33.176] [Frame] [INFO] frame=4883 begin
[2026-06-11T08:54:33.180] [Frame] [INFO] frame=4884 begin
[2026-06-11T08:54:33.185] [Frame] [INFO] frame=4885 begin
[2026-06-11T08:54:33.189] [Frame] [INFO] frame=4886 begin
[2026-06-11T08:54:33.193] [Frame] [INFO] frame=4887 begin
[2026-06-11T08:54:33.197] [Frame] [INFO] frame=4888 begin
[2026-06-11T08:54:33.201] [Frame] [INFO] frame=4889 begin
[2026-06-11T08:54:33.205] [Frame] [INFO] frame=4890 begin
[2026-06-11T08:54:33.210] [Frame] [INFO] frame=4891 begin
[2026-06-11T08:54:33.214] [Frame] [INFO] frame=4892 begin
[2026-06-11T08:54:33.218] [Frame] [INFO] frame=4893 begin
[2026-06-11T08:54:33.222] [Frame] [INFO] frame=4894 begin
[2026-06-11T08:54:33.226] [Frame] [INFO] frame=4895 begin
[2026-06-11T08:54:33.230] [Frame] [INFO] frame=4896 begin
[2026-06-11T08:54:33.235] [Frame] [INFO] frame=4897 begin
[2026-06-11T08:54:33.239] [Frame] [INFO] frame=4898 begin
[2026-06-11T08:54:33.243] [Frame] [INFO] frame=4899 begin
[2026-06-11T08:54:33.247] [Frame] [INFO] frame=4900 begin
[2026-06-11T08:54:33.251] [Frame] [INFO] frame=4901 begin
[2026-06-11T08:54:33.255] [Frame] [INFO] frame=4902 begin
[2026-06-11T08:54:33.260] [Frame] [INFO] frame=4903 begin
[2026-06-11T08:54:33.264] [Frame] [INFO] frame=4904 begin
[2026-06-11T08:54:33.268] [Frame] [INFO] frame=4905 begin
[2026-06-11T08:54:33.272] [Frame] [INFO] frame=4906 begin
[2026-06-11T08:54:33.276] [Frame] [INFO] frame=4907 begin
[2026-06-11T08:54:33.280] [Frame] [INFO] frame=4908 begin
[2026-06-11T08:54:33.285] [Frame] [INFO] frame=4909 begin
[2026-06-11T08:54:33.289] [Frame] [INFO] frame=4910 begin
[2026-06-11T08:54:33.293] [Frame] [INFO] frame=4911 begin
[2026-06-11T08:54:33.297] [Frame] [INFO] frame=4912 begin
[2026-06-11T08:54:33.301] [Frame] [INFO] frame=4913 begin
[2026-06-11T08:54:33.305] [Frame] [INFO] frame=4914 begin
[2026-06-11T08:54:33.310] [Frame] [INFO] frame=4915 begin
[2026-06-11T08:54:33.314] [Frame] [INFO] frame=4916 begin
[2026-06-11T08:54:33.318] [Frame] [INFO] frame=4917 begin
[2026-06-11T08:54:33.322] [Frame] [INFO] frame=4918 begin
[2026-06-11T08:54:33.326] [Frame] [INFO] frame=4919 begin
[2026-06-11T08:54:33.330] [Frame] [INFO] frame=4920 begin
[2026-06-11T08:54:33.335] [Frame] [INFO] frame=4921 begin
[2026-06-11T08:54:33.339] [Frame] [INFO] frame=4922 begin
[2026-06-11T08:54:33.343] [Frame] [INFO] frame=4923 begin
[2026-06-11T08:54:33.347] [Frame] [INFO] frame=4924 begin
[2026-06-11T08:54:33.351] [Frame] [INFO] frame=4925 begin
[2026-06-11T08:54:33.355] [Frame] [INFO] frame=4926 begin
[2026-06-11T08:54:33.360] [Frame] [INFO] frame=4927 begin
[2026-06-11T08:54:33.364] [Frame] [INFO] frame=4928 begin
[2026-06-11T08:54:33.368] [Frame] [INFO] frame=4929 begin
[2026-06-11T08:54:33.372] [Frame] [INFO] frame=4930 begin
[2026-06-11T08:54:33.376] [Frame] [INFO] frame=4931 begin
[2026-06-11T08:54:33.380] [Frame] [INFO] frame=4932 begin
[2026-06-11T08:54:33.385] [Frame] [INFO] frame=4933 begin
[2026-06-11T08:54:33.389] [Frame] [INFO] frame=4934 begin
[2026-06-11T08:54:33.393] [Frame] [INFO] frame=4935 begin
[2026-06-11T08:54:33.397] [Frame] [INFO] frame=4936 begin
[2026-06-11T08:54:33.401] [Frame] [INFO] frame=4937 begin
[2026-06-11T08:54:33.405] [Frame] [INFO] frame=4938 begin
[2026-06-11T08:54:33.410] [Frame] [INFO] frame=4939 begin
[2026-06-11T08:54:33.414] [Frame] [INFO] frame=4940 begin
[2026-06-11T08:54:33.418] [Frame] [INFO] frame=4941 begin
[2026-06-11T08:54:33.422] [Frame] [INFO] frame=4942 begin
[2026-06-11T08:54:33.426] [Frame] [INFO] frame=4943 begin
[2026-06-11T08:54:33.430] [Frame] [INFO] frame=4944 begin
[2026-06-11T08:54:33.435] [Frame] [INFO] frame=4945 begin
[2026-06-11T08:54:33.439] [Frame] [INFO] frame=4946 begin
[2026-06-11T08:54:33.443] [Frame] [INFO] frame=4947 begin
[2026-06-11T08:54:33.447] [Frame] [INFO] frame=4948 begin
[2026-06-11T08:54:33.451] [Frame] [INFO] frame=4949 begin
[2026-06-11T08:54:33.455] [Frame] [INFO] frame=4950 begin
[2026-06-11T08:54:33.460] [Frame] [INFO] frame=4951 begin
[2026-06-11T08:54:33.464] [Frame] [INFO] frame=4952 begin
[2026-06-11T08:54:33.468] [Frame] [INFO] frame=4953 begin
[2026-06-11T08:54:33.472] [Frame] [INFO] frame=4954 begin
[2026-06-11T08:54:33.476] [Frame] [INFO] frame=4955 begin
[2026-06-11T08:54:33.480] [Frame] [INFO] frame=4956 begin
[2026-06-11T08:54:33.485] [Frame] [INFO] frame=4957 begin
[2026-06-11T08:54:33.489] [Frame] [INFO] frame=4958 begin
[2026-06-11T08:54:33.493] [Frame] [INFO] frame=4959 begin
[2026-06-11T08:54:33.497] [Frame] [INFO] frame=4960 begin
[2026-06-11T08:54:33.501] [Frame] [INFO] frame=4961 begin
[2026-06-11T08:54:33.505] [Frame] [INFO] frame=4962 begin
[2026-06-11T08:54:33.510] [Frame] [INFO] frame=4963 begin
[2026-06-11T08:54:33.514] [Frame] [INFO] frame=4964 begin
[2026-06-11T08:54:33.518] [Frame] [INFO] frame=4965 begin
[2026-06-11T08:54:33.522] [Frame] [INFO] frame=4966 begin
[2026-06-11T08:54:33.526] [Frame] [INFO] frame=4967 begin
[2026-06-11T08:54:33.530] [Frame] [INFO] frame=4968 begin
[2026-06-11T08:54:33.535] [Frame] [INFO] frame=4969 begin
[2026-06-11T08:54:33.539] [Frame] [INFO] frame=4970 begin
[2026-06-11T08:54:33.543] [Frame] [INFO] frame=4971 begin
[2026-06-11T08:54:33.547] [Frame] [INFO] frame=4972 begin
[2026-06-11T08:54:33.551] [Frame] [INFO] frame=4973 begin
[2026-06-11T08:54:33.555] [Frame] [INFO] frame=4974 begin
[2026-06-11T08:54:33.560] [Frame] [INFO] frame=4975 begin
[2026-06-11T08:54:33.564] [Frame] [INFO] frame=4976 begin
[2026-06-11T08:54:33.568] [Frame] [INFO] frame=4977 begin
[2026-06-11T08:54:33.572] [Frame] [INFO] frame=4978 begin
[2026-06-11T08:54:33.576] [Frame] [INFO] frame=4979 begin
[2026-06-11T08:54:33.580] [Frame] [INFO] frame=4980 begin
[2026-06-11T08:54:33.585] [Frame] [INFO] frame=4981 begin
[2026-06-11T08:54:33.589] [Frame] [INFO] frame=4982 begin
[2026-06-11T08:54:33.593] [Frame] [INFO] frame=4983 begin
[2026-06-11T08:54:33.597] [Frame] [INFO] frame=4984 begin
[2026-06-11T08:54:33.601] [Frame] [INFO] frame=4985 begin
[2026-06-11T08:54:33.605] [Frame] [INFO] frame=4986 begin
[2026-06-11T08:54:33.610] [Frame] [INFO] frame=4987 begin
[2026-06-11T08:54:33.614] [Frame] [INFO] frame=4988 begin
[2026-06-11T08:54:33.618] [Frame] [INFO] frame=4989 begin
[2026-06-11T08:54:33.622] [Frame] [INFO] frame=4990 begin
[2026-06-11T08:54:33.626] [Frame] [INFO] frame=4991 begin
[2026-06-11T08:54:33.630] [Frame] [INFO] frame=4992 begin
[2026-06-11T08:54:33.635] [Frame] [INFO] frame=4993 begin
[2026-06-11T08:54:33.639] [Frame] [INFO] frame=4994 begin
[2026-06-11T08:54:33.643] [Frame] [INFO] frame=4995 begin
[2026-06-11T08:54:33.647] [Frame] [INFO] frame=4996 begin
[2026-06-11T08:54:33.651] [Frame] [INFO] frame=4997 begin
[2026-06-11T08:54:33.655] [Frame] [INFO] frame=4998 begin
[2026-06-11T08:54:33.660] [Frame] [INFO] frame=4999 begin
[2026-06-11T08:54:33.664] [Frame] [INFO] frame=5000 begin
[2026-06-11T08:54:33.668] [Frame] [INFO] frame=5001 begin
[2026-06-11T08:54:33.672] [Frame] [INFO] frame=5002 begin
[2026-06-11T08:54:33.676] [Frame] [INFO] frame=5003 begin
[2026-06-11T08:54:33.680] [Frame] [INFO] frame=5004 begin
[2026-06-11T08:54:33.685] [Frame] [INFO] frame=5005 begin
[2026-06-11T08:54:33.689] [Frame] [INFO] frame=5006 begin
[2026-06-11T08:54:33.693] [Frame] [INFO] frame=5007 begin
[2026-06-11T08:54:33.697] [Frame] [INFO] frame=5008 begin
[2026-06-11T08:54:33.701] [Frame] [INFO] frame=5009 begin
[2026-06-11T08:54:33.705] [Frame] [INFO] frame=5010 begin
[2026-06-11T08:54:33.710] [Frame] [INFO] frame=5011 begin
[2026-06-11T08:54:33.714] [Frame] [INFO] frame=5012 begin
[2026-06-11T08:54:33.718] [Frame] [INFO] frame=5013 begin
[2026-06-11T08:54:33.722] [Frame] [INFO] frame=5014 begin
[2026-06-11T08:54:33.726] [Frame] [INFO] frame=5015 begin
[2026-06-11T08:54:33.730] [Frame] [INFO] frame=5016 begin
[2026-06-11T08:54:33.735] [Frame] [INFO] frame=5017 begin
[2026-06-11T08:54:33.739] [Frame] [INFO] frame=5018 begin
[2026-06-11T08:54:33.743] [Frame] [INFO] frame=5019 begin
[2026-06-11T08:54:33.747] [Frame] [INFO] frame=5020 begin
[2026-06-11T08:54:33.751] [Frame] [INFO] frame=5021 begin
[2026-06-11T08:54:33.755] [Frame] [INFO] frame=5022 begin
[2026-06-11T08:54:33.760] [Frame] [INFO] frame=5023 begin
[2026-06-11T08:54:33.764] [Frame] [INFO] frame=5024 begin
[2026-06-11T08:54:33.768] [Frame] [INFO] frame=5025 begin
[2026-06-11T08:54:33.772] [Frame] [INFO] frame=5026 begin
[2026-06-11T08:54:33.776] [Frame] [INFO] frame=5027 begin
[2026-06-11T08:54:33.780] [Frame] [INFO] frame=5028 begin
[2026-06-11T08:54:33.785] [Frame] [INFO] frame=5029 begin
[2026-06-11T08:54:33.789] [Frame] [INFO] frame=5030 begin
[2026-06-11T08:54:33.793] [Frame] [INFO] frame=5031 begin
[2026-06-11T08:54:33.797] [Frame] [INFO] frame=5032 begin
[2026-06-11T08:54:33.801] [Frame] [INFO] frame=5033 begin
[2026-06-11T08:54:33.805] [Frame] [INFO] frame=5034 begin
[2026-06-11T08:54:33.810] [Frame] [INFO] frame=5035 begin
[2026-06-11T08:54:33.814] [Frame] [INFO] frame=5036 begin
[2026-06-11T08:54:33.818] [Frame] [INFO] frame=5037 begin
[2026-06-11T08:54:33.822] [Frame] [INFO] frame=5038 begin
[2026-06-11T08:54:33.826] [Frame] [INFO] frame=5039 begin
[2026-06-11T08:54:33.830] [Frame] [INFO] frame=5040 begin
[2026-06-11T08:54:33.835] [Frame] [INFO] frame=5041 begin
[2026-06-11T08:54:33.839] [Frame] [INFO] frame=5042 begin
[2026-06-11T08:54:33.843] [Frame] [INFO] frame=5043 begin
[2026-06-11T08:54:33.847] [Frame] [INFO] frame=5044 begin
[2026-06-11T08:54:33.851] [Frame] [INFO] frame=5045 begin
[2026-06-11T08:54:33.855] [Frame] [INFO] frame=5046 begin
[2026-06-11T08:54:33.860] [Frame] [INFO] frame=5047 begin
[2026-06-11T08:54:33.864] [Frame] [INFO] frame=5048 begin
[2026-06-11T08:54:33.868] [Frame] [INFO] frame=5049 begin
[2026-06-11T08:54:33.872] [Frame] [INFO] frame=5050 begin
[2026-06-11T08:54:33.876] [Frame] [INFO] frame=5051 begin
[2026-06-11T08:54:33.880] [Frame] [INFO] frame=5052 begin
[2026-06-11T08:54:33.885] [Frame] [INFO] frame=5053 begin
[2026-06-11T08:54:33.889] [Frame] [INFO] frame=5054 begin
[2026-06-11T08:54:33.893] [Frame] [INFO] frame=5055 begin
[2026-06-11T08:54:33.897] [Frame] [INFO] frame=5056 begin
[2026-06-11T08:54:33.901] [Frame] [INFO] frame=5057 begin
[2026-06-11T08:54:33.905] [Frame] [INFO] frame=5058 begin
[2026-06-11T08:54:33.910] [Frame] [INFO] frame=5059 begin
[2026-06-11T08:54:33.914] [Frame] [INFO] frame=5060 begin
[2026-06-11T08:54:33.918] [Frame] [INFO] frame=5061 begin
[2026-06-11T08:54:33.922] [Frame] [INFO] frame=5062 begin
[2026-06-11T08:54:33.926] [Frame] [INFO] frame=5063 begin
[2026-06-11T08:54:33.930] [Frame] [INFO] frame=5064 begin
[2026-06-11T08:54:33.935] [Frame] [INFO] frame=5065 begin
[2026-06-11T08:54:33.939] [Frame] [INFO] frame=5066 begin
[2026-06-11T08:54:33.943] [Frame] [INFO] frame=5067 begin
[2026-06-11T08:54:33.947] [Frame] [INFO] frame=5068 begin
[2026-06-11T08:54:33.951] [Frame] [INFO] frame=5069 begin
[2026-06-11T08:54:33.955] [Frame] [INFO] frame=5070 begin
[2026-06-11T08:54:33.960] [Frame] [INFO] frame=5071 begin
[2026-06-11T08:54:33.964] [Frame] [INFO] frame=5072 begin
[2026-06-11T08:54:33.968] [Frame] [INFO] frame=5073 begin
[2026-06-11T08:54:33.972] [Frame] [INFO] frame=5074 begin
[2026-06-11T08:54:33.976] [Frame] [INFO] frame=5075 begin
[2026-06-11T08:54:33.980] [Frame] [INFO] frame=5076 begin
[2026-06-11T08:54:33.985] [Frame] [INFO] frame=5077 begin
[2026-06-11T08:54:33.989] [Frame] [INFO] frame=5078 begin
[2026-06-11T08:54:33.993] [Frame] [INFO] frame=5079 begin
[2026-06-11T08:54:33.997] [Frame] [INFO] frame=5080 begin
[2026-06-11T08:54:34.001] [Frame] [INFO] frame=5081 begin
[2026-06-11T08:54:34.005] [Frame] [INFO] frame=5082 begin
[2026-06-11T08:54:34.010] [Frame] [INFO] frame=5083 begin
[2026-06-11T08:54:34.014] [Frame] [INFO] frame=5084 begin
[2026-06-11T08:54:34.018] [Frame] [INFO] frame=5085 begin
[2026-06-11T08:54:34.022] [Frame] [INFO] frame=5086 begin
[2026-06-11T08:54:34.026] [Frame] [INFO] frame=5087 begin
[2026-06-11T08:54:34.030] [Frame] [INFO] frame=5088 begin
[2026-06-11T08:54:34.035] [Frame] [INFO] frame=5089 begin
[2026-06-11T08:54:34.039] [Frame] [INFO] frame=5090 begin
[2026-06-11T08:54:34.043] [Frame] [INFO] frame=5091 begin
[2026-06-11T08:54:34.047] [Frame] [INFO] frame=5092 begin
[2026-06-11T08:54:34.051] [Frame] [INFO] frame=5093 begin
[2026-06-11T08:54:34.055] [Frame] [INFO] frame=5094 begin
[2026-06-11T08:54:34.060] [Frame] [INFO] frame=5095 begin
[2026-06-11T08:54:34.064] [Frame] [INFO] frame=5096 begin
[2026-06-11T08:54:34.068] [Frame] [INFO] frame=5097 begin
[2026-06-11T08:54:34.072] [Frame] [INFO] frame=5098 begin
[2026-06-11T08:54:34.076] [Frame] [INFO] frame=5099 begin
[2026-06-11T08:54:34.080] [Frame] [INFO] frame=5100 begin
[2026-06-11T08:54:34.085] [Frame] [INFO] frame=5101 begin
[2026-06-11T08:54:34.089] [Frame] [INFO] frame=5102 begin
[2026-06-11T08:54:34.093] [Frame] [INFO] frame=5103 begin
[2026-06-11T08:54:34.097] [Frame] [INFO] frame=5104 begin
[2026-06-11T08:54:34.101] [Frame] [INFO] frame=5105 begin
[2026-06-11T08:54:34.105] [Frame] [INFO] frame=5106 begin
[2026-06-11T08:54:34.110] [Frame] [INFO] frame=5107 begin
[2026-06-11T08:54:34.114] [Frame] [INFO] frame=5108 begin
[2026-06-11T08:54:34.118] [Frame] [INFO] frame=5109 begin
[2026-06-11T08:54:34.122] [Frame] [INFO] frame=5110 begin
[2026-06-11T08:54:34.126] [Frame] [INFO] frame=5111 begin
[2026-06-11T08:54:34.130] [Frame] [INFO] frame=5112 begin
[2026-06-11T08:54:34.135] [Frame] [INFO] frame=5113 begin
[2026-06-11T08:54:34.139] [Frame] [INFO] frame=5114 begin
[2026-06-11T08:54:34.143] [Frame] [INFO] frame=5115 begin
[2026-06-11T08:54:34.147] [Frame] [INFO] frame=5116 begin
[2026-06-11T08:54:34.151] [Frame] [INFO] frame=5117 begin
[2026-06-11T08:54:34.155] [Frame] [INFO] frame=5118 begin
[2026-06-11T08:54:34.160] [Frame] [INFO] frame=5119 begin
[2026-06-11T08:54:34.164] [Frame] [INFO] frame=5120 begin
[2026-06-11T08:54:34.168] [Frame] [INFO] frame=5121 begin
[2026-06-11T08:54:34.172] [Frame] [INFO] frame=5122 begin
[2026-06-11T08:54:34.176] [Frame] [INFO] frame=5123 begin
[2026-06-11T08:54:34.180] [Frame] [INFO] frame=5124 begin
[2026-06-11T08:54:34.185] [Frame] [INFO] frame=5125 begin
[2026-06-11T08:54:34.189] [Frame] [INFO] frame=5126 begin
[2026-06-11T08:54:34.193] [Frame] [INFO] frame=5127 begin
[2026-06-11T08:54:34.197] [Frame] [INFO] frame=5128 begin
[2026-06-11T08:54:34.201] [Frame] [INFO] frame=5129 begin
[2026-06-11T08:54:34.205] [Frame] [INFO] frame=5130 begin
[2026-06-11T08:54:34.210] [Frame] [INFO] frame=5131 begin
[2026-06-11T08:54:34.214] [Frame] [INFO] frame=5132 begin
[2026-06-11T08:54:34.218] [Frame] [INFO] frame=5133 begin
[2026-06-11T08:54:34.222] [Frame] [INFO] frame=5134 begin
[2026-06-11T08:54:34.226] [Frame] [INFO] frame=5135 begin
[2026-06-11T08:54:34.230] [Frame] [INFO] frame=5136 begin
[2026-06-11T08:54:34.235] [Frame] [INFO] frame=5137 begin
[2026-06-11T08:54:34.239] [Frame] [INFO] frame=5138 begin
[2026-06-11T08:54:34.243] [Frame] [INFO] frame=5139 begin
[2026-06-11T08:54:34.247] [Frame] [INFO] frame=5140 begin
[2026-06-11T08:54:34.251] [Frame] [INFO] frame=5141 begin
[2026-06-11T08:54:34.255] [Frame] [INFO] frame=5142 begin
[2026-06-11T08:54:34.260] [Frame] [INFO] frame=5143 begin
[2026-06-11T08:54:34.264] [Frame] [INFO] frame=5144 begin
[2026-06-11T08:54:34.268] [Frame] [INFO] frame=5145 begin
[2026-06-11T08:54:34.272] [Frame] [INFO] frame=5146 begin
[2026-06-11T08:54:34.276] [Frame] [INFO] frame=5147 begin
[2026-06-11T08:54:34.280] [Frame] [INFO] frame=5148 begin
[2026-06-11T08:54:34.285] [Frame] [INFO] frame=5149 begin
[2026-06-11T08:54:34.289] [Frame] [INFO] frame=5150 begin
[2026-06-11T08:54:34.293] [Frame] [INFO] frame=5151 begin
[2026-06-11T08:54:34.297] [Frame] [INFO] frame=5152 begin
[2026-06-11T08:54:34.301] [Frame] [INFO] frame=5153 begin
[2026-06-11T08:54:34.305] [Frame] [INFO] frame=5154 begin
[2026-06-11T08:54:34.310] [Frame] [INFO] frame=5155 begin
[2026-06-11T08:54:34.314] [Frame] [INFO] frame=5156 begin
[2026-06-11T08:54:34.318] [Frame] [INFO] frame=5157 begin
[2026-06-11T08:54:34.322] [Frame] [INFO] frame=5158 begin
[2026-06-11T08:54:34.326] [Frame] [INFO] frame=5159 begin
[2026-06-11T08:54:34.330] [Frame] [INFO] frame=5160 begin
[2026-06-11T08:54:34.335] [Frame] [INFO] frame=5161 begin
[2026-06-11T08:54:34.339] [Frame] [INFO] frame=5162 begin
[2026-06-11T08:54:34.343] [Frame] [INFO] frame=5163 begin
[2026-06-11T08:54:34.347] [Frame] [INFO] frame=5164 begin
[2026-06-11T08:54:34.351] [Frame] [INFO] frame=5165 begin
[2026-06-11T08:54:34.355] [Frame] [INFO] frame=5166 begin
[2026-06-11T08:54:34.360] [Frame] [INFO] frame=5167 begin
[2026-06-11T08:54:34.364] [Frame] [INFO] frame=5168 begin
[2026-06-11T08:54:34.368] [Frame] [INFO] frame=5169 begin
[2026-06-11T08:54:34.372] [Frame] [INFO] frame=5170 begin
[2026-06-11T08:54:34.376] [Frame] [INFO] frame=5171 begin
[2026-06-11T08:54:34.380] [Frame] [INFO] frame=5172 begin
[2026-06-11T08:54:34.385] [Frame] [INFO] frame=5173 begin
[2026-06-11T08:54:34.389] [Frame] [INFO] frame=5174 begin
[2026-06-11T08:54:34.393] [Frame] [INFO] frame=5175 begin
[2026-06-11T08:54:34.397] [Frame] [INFO] frame=5176 begin
[2026-06-11T08:54:34.401] [Frame] [INFO] frame=5177 begin
[2026-06-11T08:54:34.405] [Frame] [INFO] frame=5178 begin
[2026-06-11T08:54:34.410] [Frame] [INFO] frame=5179 begin
[2026-06-11T08:54:34.414] [Frame] [INFO] frame=5180 begin
[2026-06-11T08:54:34.418] [Frame] [INFO] frame=5181 begin
[2026-06-11T08:54:34.422] [Frame] [INFO] frame=5182 begin
[2026-06-11T08:54:34.426] [Frame] [INFO] frame=5183 begin
[2026-06-11T08:54:34.430] [Frame] [INFO] frame=5184 begin
[2026-06-11T08:54:34.435] [Frame] [INFO] frame=5185 begin
[2026-06-11T08:54:34.439] [Frame] [INFO] frame=5186 begin
[2026-06-11T08:54:34.443] [Frame] [INFO] frame=5187 begin
[2026-06-11T08:54:34.447] [Frame] [INFO] frame=5188 begin
[2026-06-11T08:54:34.451] [Frame] [INFO] frame=5189 begin
[2026-06-11T08:54:34.455] [Frame] [INFO] frame=5190 begin
[2026-06-11T08:54:34.460] [Frame] [INFO] frame=5191 begin
[2026-06-11T08:54:34.464] [Frame] [INFO] frame=5192 begin
[2026-06-11T08:54:34.468] [Frame] [INFO] frame=5193 begin
[2026-06-11T08:54:34.472] [Frame] [INFO] frame=5194 begin
[2026-06-11T08:54:34.476] [Frame] [INFO] frame=5195 begin
[2026-06-11T08:54:34.480] [Frame] [INFO] frame=5196 begin
[2026-06-11T08:54:34.485] [Frame] [INFO] frame=5197 begin
[2026-06-11T08:54:34.489] [Frame] [INFO] frame=5198 begin
[2026-06-11T08:54:34.493] [Frame] [INFO] frame=5199 begin
[2026-06-11T08:54:34.497] [Frame] [INFO] frame=5200 begin
[2026-06-11T08:54:34.501] [Frame] [INFO] frame=5201 begin
[2026-06-11T08:54:34.505] [Frame] [INFO] frame=5202 begin
[2026-06-11T08:54:34.510] [Frame] [INFO] frame=5203 begin
[2026-06-11T08:54:34.514] [Frame] [INFO] frame=5204 begin
[2026-06-11T08:54:34.518] [Frame] [INFO] frame=5205 begin
[2026-06-11T08:54:34.522] [Frame] [INFO] frame=5206 begin
[2026-06-11T08:54:34.526] [Frame] [INFO] frame=5207 begin
[2026-06-11T08:54:34.530] [Frame] [INFO] frame=5208 begin
[2026-06-11T08:54:34.535] [Frame] [INFO] frame=5209 begin
[2026-06-11T08:54:34.539] [Frame] [INFO] frame=5210 begin
[2026-06-11T08:54:34.543] [Frame] [INFO] frame=5211 begin
[2026-06-11T08:54:34.547] [Frame] [INFO] frame=5212 begin
[2026-06-11T08:54:34.551] [Frame] [INFO] frame=5213 begin
[2026-06-11T08:54:34.555] [Frame] [INFO] frame=5214 begin
[2026-06-11T08:54:34.560] [Frame] [INFO] frame=5215 begin
[2026-06-11T08:54:34.564] [Frame] [INFO] frame=5216 begin
[2026-06-11T08:54:34.568] [Frame] [INFO] frame=5217 begin
[2026-06-11T08:54:34.572] [Frame] [INFO] frame=5218 begin
[2026-06-11T08:54:34.576] [Frame] [INFO] frame=5219 begin
[2026-06-11T08:54:34.580] [Frame] [INFO] frame=5220 begin
[2026-06-11T08:54:34.585] [Frame] [INFO] frame=5221 begin
[2026-06-11T08:54:34.589] [Frame] [INFO] frame=5222 begin
[2026-06-11T08:54:34.593] [Frame] [INFO] frame=5223 begin
[2026-06-11T08:54:34.597] [Frame] [INFO] frame=5224 begin
[2026-06-11T08:54:34.601] [Frame] [INFO] frame=5225 begin
[2026-06-11T08:54:34.605] [Frame] [INFO] frame=5226 begin
[2026-06-11T08:54:34.610] [Frame] [INFO] frame=5227 begin
[2026-06-11T08:54:34.614] [Frame] [INFO] frame=5228 begin
[2026-06-11T08:54:34.618] [Frame] [INFO] frame=5229 begin
[2026-06-11T08:54:34.622] [Frame] [INFO] frame=5230 begin
[2026-06-11T08:54:34.626] [Frame] [INFO] frame=5231 begin
[2026-06-11T08:54:34.630] [Frame] [INFO] frame=5232 begin
[2026-06-11T08:54:34.635] [Frame] [INFO] frame=5233 begin
[2026-06-11T08:54:34.639] [Frame] [INFO] frame=5234 begin
[2026-06-11T08:54:34.643] [Frame] [INFO] frame=5235 begin
[2026-06-11T08:54:34.647] [Frame] [INFO] frame=5236 begin
[2026-06-11T08:54:34.651] [Frame] [INFO] frame=5237 begin
[2026-06-11T08:54:34.655] [Frame] [INFO] frame=5238 begin
[2026-06-11T08:54:34.660] [Frame] [INFO] frame=5239 begin
[2026-06-11T08:54:34.664] [Frame] [INFO] frame=5240 begin
[2026-06-11T08:54:34.668] [Frame] [INFO] frame=5241 begin
[2026-06-11T08:54:34.672] [Frame] [INFO] frame=5242 begin
[2026-06-11T08:54:34.676] [Frame] [INFO] frame=5243 begin
[2026-06-11T08:54:34.680] [Frame] [INFO] frame=5244 begin
[2026-06-11T08:54:34.685] [Frame] [INFO] frame=5245 begin
[2026-06-11T08:54:34.689] [Frame] [INFO] frame=5246 begin
[2026-06-11T08:54:34.693] [Frame] [INFO] frame=5247 begin
[2026-06-11T08:54:34.697] [Frame] [INFO] frame=5248 begin
[2026-06-11T08:54:34.701] [Frame] [INFO] frame=5249 begin
[2026-06-11T08:54:34.705] [Frame] [INFO] frame=5250 begin
[2026-06-11T08:54:34.710] [Frame] [INFO] frame=5251 begin
[2026-06-11T08:54:34.714] [Frame] [INFO] frame=5252 begin
[2026-06-11T08:54:34.718] [Frame] [INFO] frame=5253 begin
[2026-06-11T08:54:34.722] [Frame] [INFO] frame=5254 begin
[2026-06-11T08:54:34.726] [Frame] [INFO] frame=5255 begin
[2026-06-11T08:54:34.730] [Frame] [INFO] frame=5256 begin
[2026-06-11T08:54:34.735] [Frame] [INFO] frame=5257 begin
[2026-06-11T08:54:34.739] [Frame] [INFO] frame=5258 begin
[2026-06-11T08:54:34.743] [Frame] [INFO] frame=5259 begin
[2026-06-11T08:54:34.747] [Frame] [INFO] frame=5260 begin
[2026-06-11T08:54:34.751] [Frame] [INFO] frame=5261 begin
[2026-06-11T08:54:34.755] [Frame] [INFO] frame=5262 begin
[2026-06-11T08:54:34.760] [Frame] [INFO] frame=5263 begin
[2026-06-11T08:54:34.764] [Frame] [INFO] frame=5264 begin
[2026-06-11T08:54:34.768] [Frame] [INFO] frame=5265 begin
[2026-06-11T08:54:34.772] [Frame] [INFO] frame=5266 begin
[2026-06-11T08:54:34.776] [Frame] [INFO] frame=5267 begin
[2026-06-11T08:54:34.780] [Frame] [INFO] frame=5268 begin
[2026-06-11T08:54:34.785] [Frame] [INFO] frame=5269 begin
[2026-06-11T08:54:34.789] [Frame] [INFO] frame=5270 begin
[2026-06-11T08:54:34.793] [Frame] [INFO] frame=5271 begin
[2026-06-11T08:54:34.797] [Frame] [INFO] frame=5272 begin
[2026-06-11T08:54:34.801] [Frame] [INFO] frame=5273 begin
[2026-06-11T08:54:34.805] [Frame] [INFO] frame=5274 begin
[2026-06-11T08:54:34.810] [Frame] [INFO] frame=5275 begin
[2026-06-11T08:54:34.814] [Frame] [INFO] frame=5276 begin
[2026-06-11T08:54:34.818] [Frame] [INFO] frame=5277 begin
[2026-06-11T08:54:34.822] [Frame] [INFO] frame=5278 begin
[2026-06-11T08:54:34.826] [Frame] [INFO] frame=5279 begin
[2026-06-11T08:54:34.830] [Frame] [INFO] frame=5280 begin
[2026-06-11T08:54:34.835] [Frame] [INFO] frame=5281 begin
[2026-06-11T08:54:34.839] [Frame] [INFO] frame=5282 begin
[2026-06-11T08:54:34.843] [Frame] [INFO] frame=5283 begin
[2026-06-11T08:54:34.847] [Frame] [INFO] frame=5284 begin
[2026-06-11T08:54:34.851] [Frame] [INFO] frame=5285 begin
[2026-06-11T08:54:34.855] [Frame] [INFO] frame=5286 begin
[2026-06-11T08:54:34.860] [Frame] [INFO] frame=5287 begin
[2026-06-11T08:54:34.864] [Frame] [INFO] frame=5288 begin
[2026-06-11T08:54:34.868] [Frame] [INFO] frame=5289 begin
[2026-06-11T08:54:34.872] [Frame] [INFO] frame=5290 begin
[2026-06-11T08:54:34.876] [Frame] [INFO] frame=5291 begin
[2026-06-11T08:54:34.880] [Frame] [INFO] frame=5292 begin
[2026-06-11T08:54:34.885] [Frame] [INFO] frame=5293 begin
[2026-06-11T08:54:34.889] [Frame] [INFO] frame=5294 begin
[2026-06-11T08:54:34.893] [Frame] [INFO] frame=5295 begin
[2026-06-11T08:54:34.897] [Frame] [INFO] frame=5296 begin
[2026-06-11T08:54:34.901] [Frame] [INFO] frame=5297 begin
[2026-06-11T08:54:34.905] [Frame] [INFO] frame=5298 begin
[2026-06-11T08:54:34.910] [Frame] [INFO] frame=5299 begin
[2026-06-11T08:54:34.914] [Frame] [INFO] frame=5300 begin
[2026-06-11T08:54:34.918] [Frame] [INFO] frame=5301 begin
[2026-06-11T08:54:34.922] [Frame] [INFO] frame=5302 begin
[2026-06-11T08:54:34.926] [Frame] [INFO] frame=5303 begin
[2026-06-11T08:54:34.930] [Frame] [INFO] frame=5304 begin
[2026-06-11T08:54:34.935] [Frame] [INFO] frame=5305 begin
[2026-06-11T08:54:34.939] [Frame] [INFO] frame=5306 begin
[2026-06-11T08:54:34.943] [Frame] [INFO] frame=5307 begin
[2026-06-11T08:54:34.947] [Frame] [INFO] frame=5308 begin
[2026-06-11T08:54:34.951] [Frame] [INFO] frame=5309 begin
[2026-06-11T08:54:34.955] [Frame] [INFO] frame=5310 begin
[2026-06-11T08:54:34.960] [Frame] [INFO] frame=5311 begin
[2026-06-11T08:54:34.964] [Frame] [INFO] frame=5312 begin
[2026-06-11T08:54:34.968] [Frame] [INFO] frame=5313 begin
[2026-06-11T08:54:34.972] [Frame] [INFO] frame=5314 begin
[2026-06-11T08:54:34.976] [Frame] [INFO] frame=5315 begin
[2026-06-11T08:54:34.980] [Frame] [INFO] frame=5316 begin
[2026-06-11T08:54:34.985] [Frame] [INFO] frame=5317 begin
[2026-06-11T08:54:34.989] [Frame] [INFO] frame=5318 begin
[2026-06-11T08:54:34.993] [Frame] [INFO] frame=5319 begin
[2026-06-11T08:54:34.997] [Frame] [INFO] frame=5320 begin
[2026-06-11T08:54:35.001] [Frame] [INFO] frame=5321 begin
[2026-06-11T08:54:35.005] [Frame] [INFO] frame=5322 begin
[2026-06-11T08:54:35.010] [Frame] [INFO] frame=5323 begin
[2026-06-11T08:54:35.014] [Frame] [INFO] frame=5324 begin
[2026-06-11T08:54:35.018] [Frame] [INFO] frame=5325 begin
[2026-06-11T08:54:35.022] [Frame] [INFO] frame=5326 begin
[2026-06-11T08:54:35.026] [Frame] [INFO] frame=5327 begin
[2026-06-11T08:54:35.030] [Frame] [INFO] frame=5328 begin
[2026-06-11T08:54:35.035] [Frame] [INFO] frame=5329 begin
[2026-06-11T08:54:35.039] [Frame] [INFO] frame=5330 begin
[2026-06-11T08:54:35.043] [Frame] [INFO] frame=5331 begin
[2026-06-11T08:54:35.047] [Frame] [INFO] frame=5332 begin
[2026-06-11T08:54:35.051] [Frame] [INFO] frame=5333 begin
[2026-06-11T08:54:35.055] [Frame] [INFO] frame=5334 begin
[2026-06-11T08:54:35.060] [Frame] [INFO] frame=5335 begin
[2026-06-11T08:54:35.064] [Frame] [INFO] frame=5336 begin
[2026-06-11T08:54:35.068] [Frame] [INFO] frame=5337 begin
[2026-06-11T08:54:35.072] [Frame] [INFO] frame=5338 begin
[2026-06-11T08:54:35.076] [Frame] [INFO] frame=5339 begin
[2026-06-11T08:54:35.080] [Frame] [INFO] frame=5340 begin
[2026-06-11T08:54:35.085] [Frame] [INFO] frame=5341 begin
[2026-06-11T08:54:35.089] [Frame] [INFO] frame=5342 begin
[2026-06-11T08:54:35.093] [Frame] [INFO] frame=5343 begin
[2026-06-11T08:54:35.097] [Frame] [INFO] frame=5344 begin
[2026-06-11T08:54:35.101] [Frame] [INFO] frame=5345 begin
[2026-06-11T08:54:35.105] [Frame] [INFO] frame=5346 begin
[2026-06-11T08:54:35.110] [Frame] [INFO] frame=5347 begin
[2026-06-11T08:54:35.114] [Frame] [INFO] frame=5348 begin
[2026-06-11T08:54:35.118] [Frame] [INFO] frame=5349 begin
[2026-06-11T08:54:35.122] [Frame] [INFO] frame=5350 begin
[2026-06-11T08:54:35.126] [Frame] [INFO] frame=5351 begin
[2026-06-11T08:54:35.130] [Frame] [INFO] frame=5352 begin
[2026-06-11T08:54:35.135] [Frame] [INFO] frame=5353 begin
[2026-06-11T08:54:35.139] [Frame] [INFO] frame=5354 begin
[2026-06-11T08:54:35.143] [Frame] [INFO] frame=5355 begin
[2026-06-11T08:54:35.147] [Frame] [INFO] frame=5356 begin
[2026-06-11T08:54:35.151] [Frame] [INFO] frame=5357 begin
[2026-06-11T08:54:35.155] [Frame] [INFO] frame=5358 begin
[2026-06-11T08:54:35.160] [Frame] [INFO] frame=5359 begin
[2026-06-11T08:54:35.164] [Frame] [INFO] frame=5360 begin
[2026-06-11T08:54:35.168] [Frame] [INFO] frame=5361 begin
[2026-06-11T08:54:35.172] [Frame] [INFO] frame=5362 begin
[2026-06-11T08:54:35.176] [Frame] [INFO] frame=5363 begin
[2026-06-11T08:54:35.180] [Frame] [INFO] frame=5364 begin
[2026-06-11T08:54:35.185] [Frame] [INFO] frame=5365 begin
[2026-06-11T08:54:35.189] [Frame] [INFO] frame=5366 begin
[2026-06-11T08:54:35.193] [Frame] [INFO] frame=5367 begin
[2026-06-11T08:54:35.197] [Frame] [INFO] frame=5368 begin
[2026-06-11T08:54:35.201] [Frame] [INFO] frame=5369 begin
[2026-06-11T08:54:35.205] [Frame] [INFO] frame=5370 begin
[2026-06-11T08:54:35.210] [Frame] [INFO] frame=5371 begin
[2026-06-11T08:54:35.214] [Frame] [INFO] frame=5372 begin
[2026-06-11T08:54:35.218] [Frame] [INFO] frame=5373 begin
[2026-06-11T08:54:35.222] [Frame] [INFO] frame=5374 begin
[2026-06-11T08:54:35.226] [Frame] [INFO] frame=5375 begin
[2026-06-11T08:54:35.230] [Frame] [INFO] frame=5376 begin
[2026-06-11T08:54:35.235] [Frame] [INFO] frame=5377 begin
[2026-06-11T08:54:35.239] [Frame] [INFO] frame=5378 begin
[2026-06-11T08:54:35.243] [Frame] [INFO] frame=5379 begin
[2026-06-11T08:54:35.247] [Frame] [INFO] frame=5380 begin
[2026-06-11T08:54:35.251] [Frame] [INFO] frame=5381 begin
[2026-06-11T08:54:35.255] [Frame] [INFO] frame=5382 begin
[2026-06-11T08:54:35.260] [Frame] [INFO] frame=5383 begin
[2026-06-11T08:54:35.264] [Frame] [INFO] frame=5384 begin
[2026-06-11T08:54:35.268] [Frame] [INFO] frame=5385 begin
[2026-06-11T08:54:35.272] [Frame] [INFO] frame=5386 begin
[2026-06-11T08:54:35.276] [Frame] [INFO] frame=5387 begin
[2026-06-11T08:54:35.280] [Frame] [INFO] frame=5388 begin
[2026-06-11T08:54:35.285] [Frame] [INFO] frame=5389 begin
[2026-06-11T08:54:35.289] [Frame] [INFO] frame=5390 begin
[2026-06-11T08:54:35.293] [Frame] [INFO] frame=5391 begin
[2026-06-11T08:54:35.297] [Frame] [INFO] frame=5392 begin
[2026-06-11T08:54:35.301] [Frame] [INFO] frame=5393 begin
[2026-06-11T08:54:35.305] [Frame] [INFO] frame=5394 begin
[2026-06-11T08:54:35.310] [Frame] [INFO] frame=5395 begin
[2026-06-11T08:54:35.314] [Frame] [INFO] frame=5396 begin
[2026-06-11T08:54:35.318] [Frame] [INFO] frame=5397 begin
[2026-06-11T08:54:35.322] [Frame] [INFO] frame=5398 begin
[2026-06-11T08:54:35.326] [Frame] [INFO] frame=5399 begin
[2026-06-11T08:54:35.330] [Frame] [INFO] frame=5400 begin
[2026-06-11T08:54:35.335] [Frame] [INFO] frame=5401 begin
[2026-06-11T08:54:35.339] [Frame] [INFO] frame=5402 begin
[2026-06-11T08:54:35.343] [Frame] [INFO] frame=5403 begin
[2026-06-11T08:54:35.347] [Frame] [INFO] frame=5404 begin
[2026-06-11T08:54:35.351] [Frame] [INFO] frame=5405 begin
[2026-06-11T08:54:35.356] [Frame] [INFO] frame=5406 begin
[2026-06-11T08:54:35.360] [Frame] [INFO] frame=5407 begin
[2026-06-11T08:54:35.364] [Frame] [INFO] frame=5408 begin
[2026-06-11T08:54:35.368] [Frame] [INFO] frame=5409 begin
[2026-06-11T08:54:35.372] [Frame] [INFO] frame=5410 begin
[2026-06-11T08:54:35.376] [Frame] [INFO] frame=5411 begin
[2026-06-11T08:54:35.380] [Frame] [INFO] frame=5412 begin
[2026-06-11T08:54:35.385] [Frame] [INFO] frame=5413 begin
[2026-06-11T08:54:35.389] [Frame] [INFO] frame=5414 begin
[2026-06-11T08:54:35.393] [Frame] [INFO] frame=5415 begin
[2026-06-11T08:54:35.397] [Frame] [INFO] frame=5416 begin
[2026-06-11T08:54:35.401] [Frame] [INFO] frame=5417 begin
[2026-06-11T08:54:35.405] [Frame] [INFO] frame=5418 begin
[2026-06-11T08:54:35.410] [Frame] [INFO] frame=5419 begin
[2026-06-11T08:54:35.414] [Frame] [INFO] frame=5420 begin
[2026-06-11T08:54:35.418] [Frame] [INFO] frame=5421 begin
[2026-06-11T08:54:35.422] [Frame] [INFO] frame=5422 begin
[2026-06-11T08:54:35.426] [Frame] [INFO] frame=5423 begin
[2026-06-11T08:54:35.431] [Frame] [INFO] frame=5424 begin
[2026-06-11T08:54:35.435] [Frame] [INFO] frame=5425 begin
[2026-06-11T08:54:35.439] [Frame] [INFO] frame=5426 begin
[2026-06-11T08:54:35.443] [Frame] [INFO] frame=5427 begin
[2026-06-11T08:54:35.447] [Frame] [INFO] frame=5428 begin
[2026-06-11T08:54:35.451] [Frame] [INFO] frame=5429 begin
[2026-06-11T08:54:35.455] [Frame] [INFO] frame=5430 begin
[2026-06-11T08:54:35.460] [Frame] [INFO] frame=5431 begin
[2026-06-11T08:54:35.464] [Frame] [INFO] frame=5432 begin
[2026-06-11T08:54:35.468] [Frame] [INFO] frame=5433 begin
[2026-06-11T08:54:35.472] [Frame] [INFO] frame=5434 begin
[2026-06-11T08:54:35.476] [Frame] [INFO] frame=5435 begin
[2026-06-11T08:54:35.480] [Frame] [INFO] frame=5436 begin
[2026-06-11T08:54:35.485] [Frame] [INFO] frame=5437 begin
[2026-06-11T08:54:35.489] [Frame] [INFO] frame=5438 begin
[2026-06-11T08:54:35.493] [Frame] [INFO] frame=5439 begin
[2026-06-11T08:54:35.497] [Frame] [INFO] frame=5440 begin
[2026-06-11T08:54:35.501] [Frame] [INFO] frame=5441 begin
[2026-06-11T08:54:35.505] [Frame] [INFO] frame=5442 begin
[2026-06-11T08:54:35.510] [Frame] [INFO] frame=5443 begin
[2026-06-11T08:54:35.514] [Frame] [INFO] frame=5444 begin
[2026-06-11T08:54:35.518] [Frame] [INFO] frame=5445 begin
[2026-06-11T08:54:35.522] [Frame] [INFO] frame=5446 begin
[2026-06-11T08:54:35.526] [Frame] [INFO] frame=5447 begin
[2026-06-11T08:54:35.530] [Frame] [INFO] frame=5448 begin
[2026-06-11T08:54:35.535] [Frame] [INFO] frame=5449 begin
[2026-06-11T08:54:35.539] [Frame] [INFO] frame=5450 begin
[2026-06-11T08:54:35.543] [Frame] [INFO] frame=5451 begin
[2026-06-11T08:54:35.547] [Frame] [INFO] frame=5452 begin
[2026-06-11T08:54:35.551] [Frame] [INFO] frame=5453 begin
[2026-06-11T08:54:35.555] [Frame] [INFO] frame=5454 begin
[2026-06-11T08:54:35.560] [Frame] [INFO] frame=5455 begin
[2026-06-11T08:54:35.564] [Frame] [INFO] frame=5456 begin
[2026-06-11T08:54:35.568] [Frame] [INFO] frame=5457 begin
[2026-06-11T08:54:35.572] [Frame] [INFO] frame=5458 begin
[2026-06-11T08:54:35.576] [Frame] [INFO] frame=5459 begin
[2026-06-11T08:54:35.580] [Frame] [INFO] frame=5460 begin
[2026-06-11T08:54:35.585] [Frame] [INFO] frame=5461 begin
[2026-06-11T08:54:35.589] [Frame] [INFO] frame=5462 begin
[2026-06-11T08:54:35.593] [Frame] [INFO] frame=5463 begin
[2026-06-11T08:54:35.597] [Frame] [INFO] frame=5464 begin
[2026-06-11T08:54:35.601] [Frame] [INFO] frame=5465 begin
[2026-06-11T08:54:35.605] [Frame] [INFO] frame=5466 begin
[2026-06-11T08:54:35.610] [Frame] [INFO] frame=5467 begin
[2026-06-11T08:54:35.614] [Frame] [INFO] frame=5468 begin
[2026-06-11T08:54:35.618] [Frame] [INFO] frame=5469 begin
[2026-06-11T08:54:35.622] [Frame] [INFO] frame=5470 begin
[2026-06-11T08:54:35.626] [Frame] [INFO] frame=5471 begin
[2026-06-11T08:54:35.630] [Frame] [INFO] frame=5472 begin
[2026-06-11T08:54:35.635] [Frame] [INFO] frame=5473 begin
[2026-06-11T08:54:35.639] [Frame] [INFO] frame=5474 begin
[2026-06-11T08:54:35.643] [Frame] [INFO] frame=5475 begin
[2026-06-11T08:54:35.647] [Frame] [INFO] frame=5476 begin
[2026-06-11T08:54:35.651] [Frame] [INFO] frame=5477 begin
[2026-06-11T08:54:35.655] [Frame] [INFO] frame=5478 begin
[2026-06-11T08:54:35.660] [Frame] [INFO] frame=5479 begin
[2026-06-11T08:54:35.664] [Frame] [INFO] frame=5480 begin
[2026-06-11T08:54:35.668] [Frame] [INFO] frame=5481 begin
[2026-06-11T08:54:35.672] [Frame] [INFO] frame=5482 begin
[2026-06-11T08:54:35.676] [Frame] [INFO] frame=5483 begin
[2026-06-11T08:54:35.680] [Frame] [INFO] frame=5484 begin
[2026-06-11T08:54:35.685] [Frame] [INFO] frame=5485 begin
[2026-06-11T08:54:35.689] [Frame] [INFO] frame=5486 begin
[2026-06-11T08:54:35.693] [Frame] [INFO] frame=5487 begin
[2026-06-11T08:54:35.697] [Frame] [INFO] frame=5488 begin
[2026-06-11T08:54:35.701] [Frame] [INFO] frame=5489 begin
[2026-06-11T08:54:35.705] [Frame] [INFO] frame=5490 begin
[2026-06-11T08:54:35.710] [Frame] [INFO] frame=5491 begin
[2026-06-11T08:54:35.714] [Frame] [INFO] frame=5492 begin
[2026-06-11T08:54:35.718] [Frame] [INFO] frame=5493 begin
[2026-06-11T08:54:35.722] [Frame] [INFO] frame=5494 begin
[2026-06-11T08:54:35.726] [Frame] [INFO] frame=5495 begin
[2026-06-11T08:54:35.730] [Frame] [INFO] frame=5496 begin
[2026-06-11T08:54:35.735] [Frame] [INFO] frame=5497 begin
[2026-06-11T08:54:35.739] [Frame] [INFO] frame=5498 begin
[2026-06-11T08:54:35.743] [Frame] [INFO] frame=5499 begin
[2026-06-11T08:54:35.747] [Frame] [INFO] frame=5500 begin
[2026-06-11T08:54:35.751] [Frame] [INFO] frame=5501 begin
[2026-06-11T08:54:35.755] [Frame] [INFO] frame=5502 begin
[2026-06-11T08:54:35.760] [Frame] [INFO] frame=5503 begin
[2026-06-11T08:54:35.764] [Frame] [INFO] frame=5504 begin
[2026-06-11T08:54:35.768] [Frame] [INFO] frame=5505 begin
[2026-06-11T08:54:35.772] [Frame] [INFO] frame=5506 begin
[2026-06-11T08:54:35.776] [Frame] [INFO] frame=5507 begin
[2026-06-11T08:54:35.780] [Frame] [INFO] frame=5508 begin
[2026-06-11T08:54:35.785] [Frame] [INFO] frame=5509 begin
[2026-06-11T08:54:35.789] [Frame] [INFO] frame=5510 begin
[2026-06-11T08:54:35.793] [Frame] [INFO] frame=5511 begin
[2026-06-11T08:54:35.797] [Frame] [INFO] frame=5512 begin
[2026-06-11T08:54:35.801] [Frame] [INFO] frame=5513 begin
[2026-06-11T08:54:35.805] [Frame] [INFO] frame=5514 begin
[2026-06-11T08:54:35.810] [Frame] [INFO] frame=5515 begin
[2026-06-11T08:54:35.814] [Frame] [INFO] frame=5516 begin
[2026-06-11T08:54:35.818] [Frame] [INFO] frame=5517 begin
[2026-06-11T08:54:35.822] [Frame] [INFO] frame=5518 begin
[2026-06-11T08:54:35.826] [Frame] [INFO] frame=5519 begin
[2026-06-11T08:54:35.830] [Frame] [INFO] frame=5520 begin
[2026-06-11T08:54:35.835] [Frame] [INFO] frame=5521 begin
[2026-06-11T08:54:35.839] [Frame] [INFO] frame=5522 begin
[2026-06-11T08:54:35.843] [Frame] [INFO] frame=5523 begin
[2026-06-11T08:54:35.847] [Frame] [INFO] frame=5524 begin
[2026-06-11T08:54:35.851] [Frame] [INFO] frame=5525 begin
[2026-06-11T08:54:35.856] [Frame] [INFO] frame=5526 begin
[2026-06-11T08:54:35.860] [Frame] [INFO] frame=5527 begin
[2026-06-11T08:54:35.864] [Frame] [INFO] frame=5528 begin
[2026-06-11T08:54:35.868] [Frame] [INFO] frame=5529 begin
[2026-06-11T08:54:35.872] [Frame] [INFO] frame=5530 begin
[2026-06-11T08:54:35.876] [Frame] [INFO] frame=5531 begin
[2026-06-11T08:54:35.880] [Frame] [INFO] frame=5532 begin
[2026-06-11T08:54:35.885] [Frame] [INFO] frame=5533 begin
[2026-06-11T08:54:35.889] [Frame] [INFO] frame=5534 begin
[2026-06-11T08:54:35.893] [Frame] [INFO] frame=5535 begin
[2026-06-11T08:54:35.897] [Frame] [INFO] frame=5536 begin
[2026-06-11T08:54:35.901] [Frame] [INFO] frame=5537 begin
[2026-06-11T08:54:35.905] [Frame] [INFO] frame=5538 begin
[2026-06-11T08:54:35.910] [Frame] [INFO] frame=5539 begin
[2026-06-11T08:54:35.914] [Frame] [INFO] frame=5540 begin
[2026-06-11T08:54:35.918] [Frame] [INFO] frame=5541 begin
[2026-06-11T08:54:35.922] [Frame] [INFO] frame=5542 begin
[2026-06-11T08:54:35.926] [Frame] [INFO] frame=5543 begin
[2026-06-11T08:54:35.930] [Frame] [INFO] frame=5544 begin
[2026-06-11T08:54:35.935] [Frame] [INFO] frame=5545 begin
[2026-06-11T08:54:35.939] [Frame] [INFO] frame=5546 begin
[2026-06-11T08:54:35.943] [Frame] [INFO] frame=5547 begin
[2026-06-11T08:54:35.947] [Frame] [INFO] frame=5548 begin
[2026-06-11T08:54:35.951] [Frame] [INFO] frame=5549 begin
[2026-06-11T08:54:35.955] [Frame] [INFO] frame=5550 begin
[2026-06-11T08:54:35.960] [Frame] [INFO] frame=5551 begin
[2026-06-11T08:54:35.964] [Frame] [INFO] frame=5552 begin
[2026-06-11T08:54:35.968] [Frame] [INFO] frame=5553 begin
[2026-06-11T08:54:35.972] [Frame] [INFO] frame=5554 begin
[2026-06-11T08:54:35.976] [Frame] [INFO] frame=5555 begin
[2026-06-11T08:54:35.980] [Frame] [INFO] frame=5556 begin
[2026-06-11T08:54:35.985] [Frame] [INFO] frame=5557 begin
[2026-06-11T08:54:35.989] [Frame] [INFO] frame=5558 begin
[2026-06-11T08:54:35.993] [Frame] [INFO] frame=5559 begin
[2026-06-11T08:54:35.997] [Frame] [INFO] frame=5560 begin
[2026-06-11T08:54:36.001] [Frame] [INFO] frame=5561 begin
[2026-06-11T08:54:36.005] [Frame] [INFO] frame=5562 begin
[2026-06-11T08:54:36.010] [Frame] [INFO] frame=5563 begin
[2026-06-11T08:54:36.014] [Frame] [INFO] frame=5564 begin
[2026-06-11T08:54:36.018] [Frame] [INFO] frame=5565 begin
[2026-06-11T08:54:36.022] [Frame] [INFO] frame=5566 begin
[2026-06-11T08:54:36.026] [Frame] [INFO] frame=5567 begin
[2026-06-11T08:54:36.030] [Frame] [INFO] frame=5568 begin
[2026-06-11T08:54:36.035] [Frame] [INFO] frame=5569 begin
[2026-06-11T08:54:36.039] [Frame] [INFO] frame=5570 begin
[2026-06-11T08:54:36.043] [Frame] [INFO] frame=5571 begin
[2026-06-11T08:54:36.047] [Frame] [INFO] frame=5572 begin
[2026-06-11T08:54:36.051] [Frame] [INFO] frame=5573 begin
[2026-06-11T08:54:36.055] [Frame] [INFO] frame=5574 begin
[2026-06-11T08:54:36.060] [Frame] [INFO] frame=5575 begin
[2026-06-11T08:54:36.064] [Frame] [INFO] frame=5576 begin
[2026-06-11T08:54:36.068] [Frame] [INFO] frame=5577 begin
[2026-06-11T08:54:36.072] [Frame] [INFO] frame=5578 begin
[2026-06-11T08:54:36.076] [Frame] [INFO] frame=5579 begin
[2026-06-11T08:54:36.080] [Frame] [INFO] frame=5580 begin
[2026-06-11T08:54:36.085] [Frame] [INFO] frame=5581 begin
[2026-06-11T08:54:36.089] [Frame] [INFO] frame=5582 begin
[2026-06-11T08:54:36.093] [Frame] [INFO] frame=5583 begin
[2026-06-11T08:54:36.097] [Frame] [INFO] frame=5584 begin
[2026-06-11T08:54:36.101] [Frame] [INFO] frame=5585 begin
[2026-06-11T08:54:36.105] [Frame] [INFO] frame=5586 begin
[2026-06-11T08:54:36.110] [Frame] [INFO] frame=5587 begin
[2026-06-11T08:54:36.114] [Frame] [INFO] frame=5588 begin
[2026-06-11T08:54:36.118] [Frame] [INFO] frame=5589 begin
[2026-06-11T08:54:36.122] [Frame] [INFO] frame=5590 begin
[2026-06-11T08:54:36.126] [Frame] [INFO] frame=5591 begin
[2026-06-11T08:54:36.131] [Frame] [INFO] frame=5592 begin
[2026-06-11T08:54:36.135] [Frame] [INFO] frame=5593 begin
[2026-06-11T08:54:36.139] [Frame] [INFO] frame=5594 begin
[2026-06-11T08:54:36.143] [Frame] [INFO] frame=5595 begin
[2026-06-11T08:54:36.147] [Frame] [INFO] frame=5596 begin
[2026-06-11T08:54:36.151] [Frame] [INFO] frame=5597 begin
[2026-06-11T08:54:36.155] [Frame] [INFO] frame=5598 begin
[2026-06-11T08:54:36.160] [Frame] [INFO] frame=5599 begin
[2026-06-11T08:54:36.164] [Frame] [INFO] frame=5600 begin
[2026-06-11T08:54:36.168] [Frame] [INFO] frame=5601 begin
[2026-06-11T08:54:36.172] [Frame] [INFO] frame=5602 begin
[2026-06-11T08:54:36.176] [Frame] [INFO] frame=5603 begin
[2026-06-11T08:54:36.181] [Frame] [INFO] frame=5604 begin
[2026-06-11T08:54:36.185] [Frame] [INFO] frame=5605 begin
[2026-06-11T08:54:36.189] [Frame] [INFO] frame=5606 begin
[2026-06-11T08:54:36.193] [Frame] [INFO] frame=5607 begin
[2026-06-11T08:54:36.197] [Frame] [INFO] frame=5608 begin
[2026-06-11T08:54:36.201] [Frame] [INFO] frame=5609 begin
[2026-06-11T08:54:36.206] [Frame] [INFO] frame=5610 begin
[2026-06-11T08:54:36.210] [Frame] [INFO] frame=5611 begin
[2026-06-11T08:54:36.214] [Frame] [INFO] frame=5612 begin
[2026-06-11T08:54:36.218] [Frame] [INFO] frame=5613 begin
[2026-06-11T08:54:36.222] [Frame] [INFO] frame=5614 begin
[2026-06-11T08:54:36.226] [Frame] [INFO] frame=5615 begin
[2026-06-11T08:54:36.231] [Frame] [INFO] frame=5616 begin
[2026-06-11T08:54:36.235] [Frame] [INFO] frame=5617 begin
[2026-06-11T08:54:36.239] [Frame] [INFO] frame=5618 begin
[2026-06-11T08:54:36.243] [Frame] [INFO] frame=5619 begin
[2026-06-11T08:54:36.247] [Frame] [INFO] frame=5620 begin
[2026-06-11T08:54:36.251] [Frame] [INFO] frame=5621 begin
[2026-06-11T08:54:36.256] [Frame] [INFO] frame=5622 begin
[2026-06-11T08:54:36.260] [Frame] [INFO] frame=5623 begin
[2026-06-11T08:54:36.264] [Frame] [INFO] frame=5624 begin
[2026-06-11T08:54:36.268] [Frame] [INFO] frame=5625 begin
[2026-06-11T08:54:36.272] [Frame] [INFO] frame=5626 begin
[2026-06-11T08:54:36.276] [Frame] [INFO] frame=5627 begin
[2026-06-11T08:54:36.281] [Frame] [INFO] frame=5628 begin
[2026-06-11T08:54:36.285] [Frame] [INFO] frame=5629 begin
[2026-06-11T08:54:36.289] [Frame] [INFO] frame=5630 begin
[2026-06-11T08:54:36.293] [Frame] [INFO] frame=5631 begin
[2026-06-11T08:54:36.297] [Frame] [INFO] frame=5632 begin
[2026-06-11T08:54:36.301] [Frame] [INFO] frame=5633 begin
[2026-06-11T08:54:36.306] [Frame] [INFO] frame=5634 begin
[2026-06-11T08:54:36.310] [Frame] [INFO] frame=5635 begin
[2026-06-11T08:54:36.314] [Frame] [INFO] frame=5636 begin
[2026-06-11T08:54:36.318] [Frame] [INFO] frame=5637 begin
[2026-06-11T08:54:36.322] [Frame] [INFO] frame=5638 begin
[2026-06-11T08:54:36.326] [Frame] [INFO] frame=5639 begin
[2026-06-11T08:54:36.331] [Frame] [INFO] frame=5640 begin
[2026-06-11T08:54:36.335] [Frame] [INFO] frame=5641 begin
[2026-06-11T08:54:36.339] [Frame] [INFO] frame=5642 begin
[2026-06-11T08:54:36.343] [Frame] [INFO] frame=5643 begin
[2026-06-11T08:54:36.347] [Frame] [INFO] frame=5644 begin
[2026-06-11T08:54:36.351] [Frame] [INFO] frame=5645 begin
[2026-06-11T08:54:36.355] [Frame] [INFO] frame=5646 begin
[2026-06-11T08:54:36.360] [Frame] [INFO] frame=5647 begin
[2026-06-11T08:54:36.364] [Frame] [INFO] frame=5648 begin
[2026-06-11T08:54:36.368] [Frame] [INFO] frame=5649 begin
[2026-06-11T08:54:36.372] [Frame] [INFO] frame=5650 begin
[2026-06-11T08:54:36.376] [Frame] [INFO] frame=5651 begin
[2026-06-11T08:54:36.380] [Frame] [INFO] frame=5652 begin
[2026-06-11T08:54:36.385] [Frame] [INFO] frame=5653 begin
[2026-06-11T08:54:36.389] [Frame] [INFO] frame=5654 begin
[2026-06-11T08:54:36.393] [Frame] [INFO] frame=5655 begin
[2026-06-11T08:54:36.397] [Frame] [INFO] frame=5656 begin
[2026-06-11T08:54:36.401] [Frame] [INFO] frame=5657 begin
[2026-06-11T08:54:36.405] [Frame] [INFO] frame=5658 begin
[2026-06-11T08:54:36.410] [Frame] [INFO] frame=5659 begin
[2026-06-11T08:54:36.414] [Frame] [INFO] frame=5660 begin
[2026-06-11T08:54:36.418] [Frame] [INFO] frame=5661 begin
[2026-06-11T08:54:36.422] [Frame] [INFO] frame=5662 begin
[2026-06-11T08:54:36.426] [Frame] [INFO] frame=5663 begin
[2026-06-11T08:54:36.430] [Frame] [INFO] frame=5664 begin
[2026-06-11T08:54:36.435] [Frame] [INFO] frame=5665 begin
[2026-06-11T08:54:36.439] [Frame] [INFO] frame=5666 begin
[2026-06-11T08:54:36.443] [Frame] [INFO] frame=5667 begin
[2026-06-11T08:54:36.447] [Frame] [INFO] frame=5668 begin
[2026-06-11T08:54:36.451] [Frame] [INFO] frame=5669 begin
[2026-06-11T08:54:36.456] [Frame] [INFO] frame=5670 begin
[2026-06-11T08:54:36.460] [Frame] [INFO] frame=5671 begin
[2026-06-11T08:54:36.464] [Frame] [INFO] frame=5672 begin
[2026-06-11T08:54:36.468] [Frame] [INFO] frame=5673 begin
[2026-06-11T08:54:36.472] [Frame] [INFO] frame=5674 begin
[2026-06-11T08:54:36.476] [Frame] [INFO] frame=5675 begin
[2026-06-11T08:54:36.480] [Frame] [INFO] frame=5676 begin
[2026-06-11T08:54:36.485] [Frame] [INFO] frame=5677 begin
[2026-06-11T08:54:36.489] [Frame] [INFO] frame=5678 begin
[2026-06-11T08:54:36.493] [Frame] [INFO] frame=5679 begin
[2026-06-11T08:54:36.497] [Frame] [INFO] frame=5680 begin
[2026-06-11T08:54:36.501] [Frame] [INFO] frame=5681 begin
[2026-06-11T08:54:36.505] [Frame] [INFO] frame=5682 begin
[2026-06-11T08:54:36.510] [Frame] [INFO] frame=5683 begin
[2026-06-11T08:54:36.514] [Frame] [INFO] frame=5684 begin
[2026-06-11T08:54:36.518] [Frame] [INFO] frame=5685 begin
[2026-06-11T08:54:36.522] [Frame] [INFO] frame=5686 begin
[2026-06-11T08:54:36.526] [Frame] [INFO] frame=5687 begin
[2026-06-11T08:54:36.530] [Frame] [INFO] frame=5688 begin
[2026-06-11T08:54:36.535] [Frame] [INFO] frame=5689 begin
[2026-06-11T08:54:36.539] [Frame] [INFO] frame=5690 begin
[2026-06-11T08:54:36.543] [Frame] [INFO] frame=5691 begin
[2026-06-11T08:54:36.547] [Frame] [INFO] frame=5692 begin
[2026-06-11T08:54:36.551] [Frame] [INFO] frame=5693 begin
[2026-06-11T08:54:36.555] [Frame] [INFO] frame=5694 begin
[2026-06-11T08:54:36.560] [Frame] [INFO] frame=5695 begin
[2026-06-11T08:54:36.564] [Frame] [INFO] frame=5696 begin
[2026-06-11T08:54:36.568] [Frame] [INFO] frame=5697 begin
[2026-06-11T08:54:36.572] [Frame] [INFO] frame=5698 begin
[2026-06-11T08:54:36.576] [Frame] [INFO] frame=5699 begin
[2026-06-11T08:54:36.580] [Frame] [INFO] frame=5700 begin
[2026-06-11T08:54:51.943] [Frame] [INFO] frame=5701 begin
[2026-06-11T08:54:52.050] [Frame] [INFO] frame=5702 begin
[2026-06-11T08:54:52.051] [Frame] [INFO] frame=5703 begin
[2026-06-11T08:54:52.052] [Frame] [INFO] frame=5704 begin
[2026-06-11T08:54:52.053] [Frame] [INFO] frame=5705 begin
[2026-06-11T08:54:52.054] [Frame] [INFO] frame=5706 begin
[2026-06-11T08:54:52.054] [Frame] [INFO] frame=5707 begin
[2026-06-11T08:54:52.055] [Frame] [INFO] frame=5708 begin
[2026-06-11T08:54:52.057] [Frame] [INFO] frame=5709 begin
[2026-06-11T08:54:52.058] [Frame] [INFO] frame=5710 begin
[2026-06-11T08:54:52.142] [Frame] [INFO] frame=5711 begin
[2026-06-11T08:54:52.147] [Frame] [INFO] frame=5712 begin
[2026-06-11T08:54:52.221] [Frame] [INFO] frame=5713 begin
[2026-06-11T08:54:52.225] [Frame] [INFO] frame=5714 begin
[2026-06-11T08:54:52.289] [Frame] [INFO] frame=5715 begin
[2026-06-11T08:54:52.293] [Frame] [INFO] frame=5716 begin
[2026-06-11T08:54:52.346] [Frame] [INFO] frame=5717 begin
[2026-06-11T08:54:52.350] [Frame] [INFO] frame=5718 begin
[2026-06-11T08:54:52.393] [Frame] [INFO] frame=5719 begin
[2026-06-11T08:54:52.397] [Frame] [INFO] frame=5720 begin
[2026-06-11T08:54:52.430] [Frame] [INFO] frame=5721 begin
[2026-06-11T08:54:52.434] [Frame] [INFO] frame=5722 begin
[2026-06-11T08:54:52.456] [Frame] [INFO] frame=5723 begin
[2026-06-11T08:54:52.460] [Frame] [INFO] frame=5724 begin
[2026-06-11T08:54:52.471] [Frame] [INFO] frame=5725 begin
[2026-06-11T08:54:52.473] [Frame] [INFO] frame=5726 begin
[2026-06-11T08:54:52.477] [Frame] [INFO] frame=5727 begin
[2026-06-11T08:54:52.481] [Frame] [INFO] frame=5728 begin
[2026-06-11T08:54:52.485] [Frame] [INFO] frame=5729 begin
[2026-06-11T08:54:52.489] [Frame] [INFO] frame=5730 begin
[2026-06-11T08:54:52.493] [Frame] [INFO] frame=5731 begin
[2026-06-11T08:54:52.497] [Frame] [INFO] frame=5732 begin
[2026-06-11T08:54:52.502] [Frame] [INFO] frame=5733 begin
[2026-06-11T08:54:52.506] [Frame] [INFO] frame=5734 begin
[2026-06-11T08:54:52.510] [Frame] [INFO] frame=5735 begin
[2026-06-11T08:54:52.514] [Frame] [INFO] frame=5736 begin
[2026-06-11T08:54:52.518] [Frame] [INFO] frame=5737 begin
[2026-06-11T08:54:52.522] [Frame] [INFO] frame=5738 begin
[2026-06-11T08:54:52.527] [Frame] [INFO] frame=5739 begin
[2026-06-11T08:54:52.531] [Frame] [INFO] frame=5740 begin
[2026-06-11T08:54:52.535] [Frame] [INFO] frame=5741 begin
[2026-06-11T08:54:52.539] [Frame] [INFO] frame=5742 begin
[2026-06-11T08:54:52.543] [Frame] [INFO] frame=5743 begin
[2026-06-11T08:54:52.547] [Frame] [INFO] frame=5744 begin
[2026-06-11T08:54:52.552] [Frame] [INFO] frame=5745 begin
[2026-06-11T08:54:52.556] [Frame] [INFO] frame=5746 begin
[2026-06-11T08:54:52.560] [Frame] [INFO] frame=5747 begin
[2026-06-11T08:54:52.564] [Frame] [INFO] frame=5748 begin
[2026-06-11T08:54:52.568] [Frame] [INFO] frame=5749 begin
[2026-06-11T08:54:52.572] [Frame] [INFO] frame=5750 begin
[2026-06-11T08:54:52.577] [Frame] [INFO] frame=5751 begin
[2026-06-11T08:54:52.581] [Frame] [INFO] frame=5752 begin
[2026-06-11T08:54:52.585] [Frame] [INFO] frame=5753 begin
[2026-06-11T08:54:52.589] [Frame] [INFO] frame=5754 begin
[2026-06-11T08:54:52.593] [Frame] [INFO] frame=5755 begin
[2026-06-11T08:54:52.597] [Frame] [INFO] frame=5756 begin
[2026-06-11T08:54:52.602] [Frame] [INFO] frame=5757 begin
[2026-06-11T08:54:52.606] [Frame] [INFO] frame=5758 begin
[2026-06-11T08:54:52.610] [Frame] [INFO] frame=5759 begin
[2026-06-11T08:54:52.614] [Frame] [INFO] frame=5760 begin
[2026-06-11T08:54:52.618] [Frame] [INFO] frame=5761 begin
[2026-06-11T08:54:52.623] [Frame] [INFO] frame=5762 begin
[2026-06-11T08:54:52.627] [Frame] [INFO] frame=5763 begin
[2026-06-11T08:54:52.632] [Frame] [INFO] frame=5764 begin
[2026-06-11T08:54:52.635] [Frame] [INFO] frame=5765 begin
[2026-06-11T08:54:52.639] [Frame] [INFO] frame=5766 begin
[2026-06-11T08:54:52.643] [Frame] [INFO] frame=5767 begin
[2026-06-11T08:54:52.647] [Frame] [INFO] frame=5768 begin
[2026-06-11T08:54:52.652] [Frame] [INFO] frame=5769 begin
[2026-06-11T08:54:52.656] [Frame] [INFO] frame=5770 begin
[2026-06-11T08:54:52.660] [Frame] [INFO] frame=5771 begin
[2026-06-11T08:54:52.664] [Frame] [INFO] frame=5772 begin
[2026-06-11T08:54:52.668] [Frame] [INFO] frame=5773 begin
[2026-06-11T08:54:52.672] [Frame] [INFO] frame=5774 begin
[2026-06-11T08:54:52.677] [Frame] [INFO] frame=5775 begin
[2026-06-11T08:54:52.681] [Frame] [INFO] frame=5776 begin
[2026-06-11T08:54:52.685] [Frame] [INFO] frame=5777 begin
[2026-06-11T08:54:52.689] [Frame] [INFO] frame=5778 begin
[2026-06-11T08:54:52.693] [Frame] [INFO] frame=5779 begin
[2026-06-11T08:54:52.697] [Frame] [INFO] frame=5780 begin
[2026-06-11T08:54:52.701] [Frame] [INFO] frame=5781 begin
[2026-06-11T08:54:52.706] [Frame] [INFO] frame=5782 begin
[2026-06-11T08:54:52.710] [Frame] [INFO] frame=5783 begin
[2026-06-11T08:54:52.714] [Frame] [INFO] frame=5784 begin
[2026-06-11T08:54:52.718] [Frame] [INFO] frame=5785 begin
[2026-06-11T08:54:52.722] [Frame] [INFO] frame=5786 begin
[2026-06-11T08:54:52.726] [Frame] [INFO] frame=5787 begin
[2026-06-11T08:54:52.731] [Frame] [INFO] frame=5788 begin
[2026-06-11T08:54:52.735] [Frame] [INFO] frame=5789 begin
[2026-06-11T08:54:52.739] [Frame] [INFO] frame=5790 begin
[2026-06-11T08:54:52.743] [Frame] [INFO] frame=5791 begin
[2026-06-11T08:54:52.747] [Frame] [INFO] frame=5792 begin
[2026-06-11T08:54:52.751] [Frame] [INFO] frame=5793 begin
[2026-06-11T08:54:52.756] [Frame] [INFO] frame=5794 begin
[2026-06-11T08:54:52.760] [Frame] [INFO] frame=5795 begin
[2026-06-11T08:54:52.764] [Frame] [INFO] frame=5796 begin
[2026-06-11T08:54:52.768] [Frame] [INFO] frame=5797 begin
[2026-06-11T08:54:52.772] [Frame] [INFO] frame=5798 begin
[2026-06-11T08:54:52.776] [Frame] [INFO] frame=5799 begin
[2026-06-11T08:54:52.781] [Frame] [INFO] frame=5800 begin
[2026-06-11T08:54:52.785] [Frame] [INFO] frame=5801 begin
[2026-06-11T08:54:52.789] [Frame] [INFO] frame=5802 begin
[2026-06-11T08:54:52.793] [Frame] [INFO] frame=5803 begin
[2026-06-11T08:54:52.797] [Frame] [INFO] frame=5804 begin
[2026-06-11T08:54:52.801] [Frame] [INFO] frame=5805 begin
[2026-06-11T08:54:52.806] [Frame] [INFO] frame=5806 begin
[2026-06-11T08:54:52.810] [Frame] [INFO] frame=5807 begin
[2026-06-11T08:54:52.814] [Frame] [INFO] frame=5808 begin
[2026-06-11T08:54:52.818] [Frame] [INFO] frame=5809 begin
[2026-06-11T08:54:52.822] [Frame] [INFO] frame=5810 begin
[2026-06-11T08:54:52.826] [Frame] [INFO] frame=5811 begin
[2026-06-11T08:54:52.831] [Frame] [INFO] frame=5812 begin
[2026-06-11T08:54:52.835] [Frame] [INFO] frame=5813 begin
[2026-06-11T08:54:52.839] [Frame] [INFO] frame=5814 begin
[2026-06-11T08:54:52.843] [Frame] [INFO] frame=5815 begin
[2026-06-11T08:54:52.847] [Frame] [INFO] frame=5816 begin
[2026-06-11T08:54:52.851] [Frame] [INFO] frame=5817 begin
[2026-06-11T08:54:52.856] [Frame] [INFO] frame=5818 begin
[2026-06-11T08:54:52.860] [Frame] [INFO] frame=5819 begin
[2026-06-11T08:54:52.864] [Frame] [INFO] frame=5820 begin
[2026-06-11T08:54:52.868] [Frame] [INFO] frame=5821 begin
[2026-06-11T08:54:52.872] [Frame] [INFO] frame=5822 begin
[2026-06-11T08:54:52.876] [Frame] [INFO] frame=5823 begin
[2026-06-11T08:54:52.881] [Frame] [INFO] frame=5824 begin
[2026-06-11T08:54:52.885] [Frame] [INFO] frame=5825 begin
[2026-06-11T08:54:52.889] [Frame] [INFO] frame=5826 begin
[2026-06-11T08:54:52.893] [Frame] [INFO] frame=5827 begin
[2026-06-11T08:54:52.897] [Frame] [INFO] frame=5828 begin
[2026-06-11T08:54:52.901] [Frame] [INFO] frame=5829 begin
[2026-06-11T08:54:52.906] [Frame] [INFO] frame=5830 begin
[2026-06-11T08:54:52.910] [Frame] [INFO] frame=5831 begin
[2026-06-11T08:54:52.914] [Frame] [INFO] frame=5832 begin
[2026-06-11T08:54:52.918] [Frame] [INFO] frame=5833 begin
[2026-06-11T08:54:52.922] [Frame] [INFO] frame=5834 begin
[2026-06-11T08:54:52.926] [Frame] [INFO] frame=5835 begin
[2026-06-11T08:54:52.931] [Frame] [INFO] frame=5836 begin
[2026-06-11T08:54:52.935] [Frame] [INFO] frame=5837 begin
[2026-06-11T08:54:52.939] [Frame] [INFO] frame=5838 begin
[2026-06-11T08:54:52.943] [Frame] [INFO] frame=5839 begin
[2026-06-11T08:54:52.947] [Frame] [INFO] frame=5840 begin
[2026-06-11T08:54:52.951] [Frame] [INFO] frame=5841 begin
[2026-06-11T08:54:52.956] [Frame] [INFO] frame=5842 begin
[2026-06-11T08:54:52.960] [Frame] [INFO] frame=5843 begin
[2026-06-11T08:54:52.964] [Frame] [INFO] frame=5844 begin
[2026-06-11T08:54:52.968] [Frame] [INFO] frame=5845 begin
[2026-06-11T08:54:52.972] [Frame] [INFO] frame=5846 begin
[2026-06-11T08:54:52.976] [Frame] [INFO] frame=5847 begin
[2026-06-11T08:54:52.981] [Frame] [INFO] frame=5848 begin
[2026-06-11T08:54:52.985] [Frame] [INFO] frame=5849 begin
[2026-06-11T08:54:52.989] [Frame] [INFO] frame=5850 begin
[2026-06-11T08:54:52.993] [Frame] [INFO] frame=5851 begin
[2026-06-11T08:54:52.997] [Frame] [INFO] frame=5852 begin
[2026-06-11T08:54:53.001] [Frame] [INFO] frame=5853 begin
[2026-06-11T08:54:53.006] [Frame] [INFO] frame=5854 begin
[2026-06-11T08:54:53.010] [Frame] [INFO] frame=5855 begin
[2026-06-11T08:54:53.014] [Frame] [INFO] frame=5856 begin
[2026-06-11T08:54:53.018] [Frame] [INFO] frame=5857 begin
[2026-06-11T08:54:53.022] [Frame] [INFO] frame=5858 begin
[2026-06-11T08:54:53.026] [Frame] [INFO] frame=5859 begin
[2026-06-11T08:54:53.031] [Frame] [INFO] frame=5860 begin
[2026-06-11T08:54:53.035] [Frame] [INFO] frame=5861 begin
[2026-06-11T08:54:53.039] [Frame] [INFO] frame=5862 begin
[2026-06-11T08:54:53.043] [Frame] [INFO] frame=5863 begin
[2026-06-11T08:54:53.047] [Frame] [INFO] frame=5864 begin
[2026-06-11T08:54:53.051] [Frame] [INFO] frame=5865 begin
[2026-06-11T08:54:53.056] [Frame] [INFO] frame=5866 begin
[2026-06-11T08:54:53.060] [Frame] [INFO] frame=5867 begin
[2026-06-11T08:54:53.064] [Frame] [INFO] frame=5868 begin
[2026-06-11T08:54:53.068] [Frame] [INFO] frame=5869 begin
[2026-06-11T08:54:53.072] [Frame] [INFO] frame=5870 begin
[2026-06-11T08:54:53.076] [Frame] [INFO] frame=5871 begin
[2026-06-11T08:54:53.081] [Frame] [INFO] frame=5872 begin
[2026-06-11T08:54:53.085] [Frame] [INFO] frame=5873 begin
[2026-06-11T08:54:53.089] [Frame] [INFO] frame=5874 begin
[2026-06-11T08:54:53.093] [Frame] [INFO] frame=5875 begin
[2026-06-11T08:54:53.097] [Frame] [INFO] frame=5876 begin
[2026-06-11T08:54:53.101] [Frame] [INFO] frame=5877 begin
[2026-06-11T08:54:53.106] [Frame] [INFO] frame=5878 begin
[2026-06-11T08:54:53.110] [Frame] [INFO] frame=5879 begin
[2026-06-11T08:54:53.114] [Frame] [INFO] frame=5880 begin
[2026-06-11T08:54:53.118] [Frame] [INFO] frame=5881 begin
[2026-06-11T08:54:53.122] [Frame] [INFO] frame=5882 begin
[2026-06-11T08:54:53.126] [Frame] [INFO] frame=5883 begin
[2026-06-11T08:54:53.131] [Frame] [INFO] frame=5884 begin
[2026-06-11T08:54:53.135] [Frame] [INFO] frame=5885 begin
[2026-06-11T08:54:53.139] [Frame] [INFO] frame=5886 begin
[2026-06-11T08:54:53.143] [Frame] [INFO] frame=5887 begin
[2026-06-11T08:54:53.147] [Frame] [INFO] frame=5888 begin
[2026-06-11T08:54:53.151] [Frame] [INFO] frame=5889 begin
[2026-06-11T08:54:53.156] [Frame] [INFO] frame=5890 begin
[2026-06-11T08:54:53.160] [Frame] [INFO] frame=5891 begin
[2026-06-11T08:54:53.164] [Frame] [INFO] frame=5892 begin
[2026-06-11T08:54:53.168] [Frame] [INFO] frame=5893 begin
[2026-06-11T08:54:53.172] [Frame] [INFO] frame=5894 begin
[2026-06-11T08:54:53.176] [Frame] [INFO] frame=5895 begin
[2026-06-11T08:54:53.181] [Frame] [INFO] frame=5896 begin
[2026-06-11T08:54:53.185] [Frame] [INFO] frame=5897 begin
[2026-06-11T08:54:53.189] [Frame] [INFO] frame=5898 begin
[2026-06-11T08:54:53.193] [Frame] [INFO] frame=5899 begin
[2026-06-11T08:54:53.197] [Frame] [INFO] frame=5900 begin
[2026-06-11T08:54:53.201] [Frame] [INFO] frame=5901 begin
[2026-06-11T08:54:53.206] [Frame] [INFO] frame=5902 begin
[2026-06-11T08:54:53.210] [Frame] [INFO] frame=5903 begin
[2026-06-11T08:54:53.214] [Frame] [INFO] frame=5904 begin
[2026-06-11T08:54:53.218] [Frame] [INFO] frame=5905 begin
[2026-06-11T08:54:53.222] [Frame] [INFO] frame=5906 begin
[2026-06-11T08:54:53.227] [Frame] [INFO] frame=5907 begin
[2026-06-11T08:54:53.231] [Frame] [INFO] frame=5908 begin
[2026-06-11T08:54:53.235] [Frame] [INFO] frame=5909 begin
[2026-06-11T08:54:53.239] [Frame] [INFO] frame=5910 begin
[2026-06-11T08:54:53.243] [Frame] [INFO] frame=5911 begin
[2026-06-11T08:54:53.247] [Frame] [INFO] frame=5912 begin
[2026-06-11T08:54:53.252] [Frame] [INFO] frame=5913 begin
[2026-06-11T08:54:53.256] [Frame] [INFO] frame=5914 begin
[2026-06-11T08:54:53.260] [Frame] [INFO] frame=5915 begin
[2026-06-11T08:54:53.264] [Frame] [INFO] frame=5916 begin
[2026-06-11T08:54:53.269] [Frame] [INFO] frame=5917 begin
[2026-06-11T08:54:53.273] [Frame] [INFO] frame=5918 begin
[2026-06-11T08:54:53.277] [Frame] [INFO] frame=5919 begin
[2026-06-11T08:54:53.281] [Frame] [INFO] frame=5920 begin
[2026-06-11T08:54:53.285] [Frame] [INFO] frame=5921 begin
[2026-06-11T08:54:53.289] [Frame] [INFO] frame=5922 begin
[2026-06-11T08:54:53.294] [Frame] [INFO] frame=5923 begin
[2026-06-11T08:54:53.298] [Frame] [INFO] frame=5924 begin
[2026-06-11T08:54:53.302] [Frame] [INFO] frame=5925 begin
[2026-06-11T08:54:53.306] [Frame] [INFO] frame=5926 begin
[2026-06-11T08:54:53.310] [Frame] [INFO] frame=5927 begin
[2026-06-11T08:54:53.314] [Frame] [INFO] frame=5928 begin
[2026-06-11T08:54:53.319] [Frame] [INFO] frame=5929 begin
[2026-06-11T08:54:53.323] [Frame] [INFO] frame=5930 begin
[2026-06-11T08:54:53.327] [Frame] [INFO] frame=5931 begin
[2026-06-11T08:54:53.331] [Frame] [INFO] frame=5932 begin
[2026-06-11T08:54:53.335] [Frame] [INFO] frame=5933 begin
[2026-06-11T08:54:53.340] [Frame] [INFO] frame=5934 begin
[2026-06-11T08:54:53.344] [Frame] [INFO] frame=5935 begin
[2026-06-11T08:54:53.348] [Frame] [INFO] frame=5936 begin
[2026-06-11T08:54:53.352] [Frame] [INFO] frame=5937 begin
[2026-06-11T08:54:53.356] [Frame] [INFO] frame=5938 begin
[2026-06-11T08:54:53.361] [Frame] [INFO] frame=5939 begin
[2026-06-11T08:54:53.365] [Frame] [INFO] frame=5940 begin
[2026-06-11T08:54:53.369] [Frame] [INFO] frame=5941 begin
[2026-06-11T08:54:53.373] [Frame] [INFO] frame=5942 begin
[2026-06-11T08:54:53.377] [Frame] [INFO] frame=5943 begin
[2026-06-11T08:54:53.381] [Frame] [INFO] frame=5944 begin
[2026-06-11T08:54:53.386] [Frame] [INFO] frame=5945 begin
[2026-06-11T08:54:53.390] [Frame] [INFO] frame=5946 begin
[2026-06-11T08:54:53.394] [Frame] [INFO] frame=5947 begin
[2026-06-11T08:54:53.398] [Frame] [INFO] frame=5948 begin
[2026-06-11T08:54:53.402] [Frame] [INFO] frame=5949 begin
[2026-06-11T08:54:53.406] [Frame] [INFO] frame=5950 begin
[2026-06-11T08:54:53.411] [Frame] [INFO] frame=5951 begin
[2026-06-11T08:54:53.415] [Frame] [INFO] frame=5952 begin
[2026-06-11T08:54:53.419] [Frame] [INFO] frame=5953 begin
[2026-06-11T08:54:53.423] [Frame] [INFO] frame=5954 begin
[2026-06-11T08:54:53.427] [Frame] [INFO] frame=5955 begin
[2026-06-11T08:54:53.431] [Frame] [INFO] frame=5956 begin
[2026-06-11T08:54:53.436] [Frame] [INFO] frame=5957 begin
[2026-06-11T08:54:53.440] [Frame] [INFO] frame=5958 begin
[2026-06-11T08:54:53.444] [Frame] [INFO] frame=5959 begin
[2026-06-11T08:54:53.448] [Frame] [INFO] frame=5960 begin
[2026-06-11T08:54:53.452] [Frame] [INFO] frame=5961 begin
[2026-06-11T08:54:53.457] [Frame] [INFO] frame=5962 begin
[2026-06-11T08:54:53.461] [Frame] [INFO] frame=5963 begin
[2026-06-11T08:54:53.465] [Frame] [INFO] frame=5964 begin
[2026-06-11T08:54:53.469] [Frame] [INFO] frame=5965 begin
[2026-06-11T08:54:53.473] [Frame] [INFO] frame=5966 begin
[2026-06-11T08:54:53.477] [Frame] [INFO] frame=5967 begin
[2026-06-11T08:54:53.482] [Frame] [INFO] frame=5968 begin
[2026-06-11T08:54:53.486] [Frame] [INFO] frame=5969 begin
[2026-06-11T08:54:53.490] [Frame] [INFO] frame=5970 begin
[2026-06-11T08:54:53.494] [Frame] [INFO] frame=5971 begin
[2026-06-11T08:54:53.498] [Frame] [INFO] frame=5972 begin
[2026-06-11T08:54:53.502] [Frame] [INFO] frame=5973 begin
[2026-06-11T08:54:53.507] [Frame] [INFO] frame=5974 begin
[2026-06-11T08:54:53.511] [Frame] [INFO] frame=5975 begin
[2026-06-11T08:54:53.515] [Frame] [INFO] frame=5976 begin
[2026-06-11T08:54:53.519] [Frame] [INFO] frame=5977 begin
[2026-06-11T08:54:53.523] [Frame] [INFO] frame=5978 begin
[2026-06-11T08:54:53.527] [Frame] [INFO] frame=5979 begin
[2026-06-11T08:54:53.532] [Frame] [INFO] frame=5980 begin
[2026-06-11T08:54:53.536] [Frame] [INFO] frame=5981 begin
[2026-06-11T08:54:53.540] [Frame] [INFO] frame=5982 begin
[2026-06-11T08:54:53.544] [Frame] [INFO] frame=5983 begin
[2026-06-11T08:54:53.548] [Frame] [INFO] frame=5984 begin
[2026-06-11T08:54:53.552] [Frame] [INFO] frame=5985 begin
[2026-06-11T08:54:53.557] [Frame] [INFO] frame=5986 begin
[2026-06-11T08:54:53.561] [Frame] [INFO] frame=5987 begin
[2026-06-11T08:54:53.565] [Frame] [INFO] frame=5988 begin
[2026-06-11T08:54:53.569] [Frame] [INFO] frame=5989 begin
[2026-06-11T08:54:53.573] [Frame] [INFO] frame=5990 begin
[2026-06-11T08:54:53.577] [Frame] [INFO] frame=5991 begin
[2026-06-11T08:54:53.582] [Frame] [INFO] frame=5992 begin
[2026-06-11T08:54:53.586] [Frame] [INFO] frame=5993 begin
[2026-06-11T08:54:53.590] [Frame] [INFO] frame=5994 begin
[2026-06-11T08:54:53.594] [Frame] [INFO] frame=5995 begin
[2026-06-11T08:54:53.598] [Frame] [INFO] frame=5996 begin
[2026-06-11T08:54:53.603] [Frame] [INFO] frame=5997 begin
[2026-06-11T08:54:53.607] [Frame] [INFO] frame=5998 begin
[2026-06-11T08:54:53.611] [Frame] [INFO] frame=5999 begin
[2026-06-11T08:54:53.615] [Frame] [INFO] frame=6000 begin
[2026-06-11T08:54:53.619] [Frame] [INFO] frame=6001 begin
[2026-06-11T08:54:53.623] [Frame] [INFO] frame=6002 begin
[2026-06-11T08:54:53.628] [Frame] [INFO] frame=6003 begin
[2026-06-11T08:54:53.632] [Frame] [INFO] frame=6004 begin
[2026-06-11T08:54:53.636] [Frame] [INFO] frame=6005 begin
[2026-06-11T08:54:53.640] [Frame] [INFO] frame=6006 begin
[2026-06-11T08:54:53.644] [Frame] [INFO] frame=6007 begin
[2026-06-11T08:54:53.648] [Frame] [INFO] frame=6008 begin
[2026-06-11T08:54:53.653] [Frame] [INFO] frame=6009 begin
[2026-06-11T08:54:53.657] [Frame] [INFO] frame=6010 begin
[2026-06-11T08:54:53.661] [Frame] [INFO] frame=6011 begin
[2026-06-11T08:54:53.665] [Frame] [INFO] frame=6012 begin
[2026-06-11T08:54:53.669] [Frame] [INFO] frame=6013 begin
[2026-06-11T08:54:53.673] [Frame] [INFO] frame=6014 begin
[2026-06-11T08:54:53.678] [Frame] [INFO] frame=6015 begin
[2026-06-11T08:54:53.682] [Frame] [INFO] frame=6016 begin
[2026-06-11T08:54:53.686] [Frame] [INFO] frame=6017 begin
[2026-06-11T08:54:53.690] [Frame] [INFO] frame=6018 begin
[2026-06-11T08:54:53.694] [Frame] [INFO] frame=6019 begin
[2026-06-11T08:54:53.698] [Frame] [INFO] frame=6020 begin
[2026-06-11T08:54:53.703] [Frame] [INFO] frame=6021 begin
[2026-06-11T08:54:53.707] [Frame] [INFO] frame=6022 begin
[2026-06-11T08:54:53.711] [Frame] [INFO] frame=6023 begin
[2026-06-11T08:54:53.715] [Frame] [INFO] frame=6024 begin
[2026-06-11T08:54:53.719] [Frame] [INFO] frame=6025 begin
[2026-06-11T08:54:53.723] [Frame] [INFO] frame=6026 begin
[2026-06-11T08:54:53.728] [Frame] [INFO] frame=6027 begin
[2026-06-11T08:54:53.732] [Frame] [INFO] frame=6028 begin
[2026-06-11T08:54:53.736] [Frame] [INFO] frame=6029 begin
[2026-06-11T08:54:53.740] [Frame] [INFO] frame=6030 begin
[2026-06-11T08:54:53.744] [Frame] [INFO] frame=6031 begin
[2026-06-11T08:54:53.748] [Frame] [INFO] frame=6032 begin
[2026-06-11T08:54:53.753] [Frame] [INFO] frame=6033 begin
[2026-06-11T08:54:53.757] [Frame] [INFO] frame=6034 begin
[2026-06-11T08:54:53.761] [Frame] [INFO] frame=6035 begin
[2026-06-11T08:54:53.765] [Frame] [INFO] frame=6036 begin
[2026-06-11T08:54:53.769] [Frame] [INFO] frame=6037 begin
[2026-06-11T08:54:53.773] [Frame] [INFO] frame=6038 begin
[2026-06-11T08:54:53.778] [Frame] [INFO] frame=6039 begin
[2026-06-11T08:54:53.782] [Frame] [INFO] frame=6040 begin
[2026-06-11T08:54:53.786] [Frame] [INFO] frame=6041 begin
[2026-06-11T08:54:53.790] [Frame] [INFO] frame=6042 begin
[2026-06-11T08:54:53.794] [Frame] [INFO] frame=6043 begin
[2026-06-11T08:54:53.798] [Frame] [INFO] frame=6044 begin
[2026-06-11T08:54:53.803] [Frame] [INFO] frame=6045 begin
[2026-06-11T08:54:53.807] [Frame] [INFO] frame=6046 begin
[2026-06-11T08:54:53.811] [Frame] [INFO] frame=6047 begin
[2026-06-11T08:54:53.815] [Frame] [INFO] frame=6048 begin
[2026-06-11T08:54:53.819] [Frame] [INFO] frame=6049 begin
[2026-06-11T08:54:53.824] [Frame] [INFO] frame=6050 begin
[2026-06-11T08:54:53.828] [Frame] [INFO] frame=6051 begin
[2026-06-11T08:54:53.832] [Frame] [INFO] frame=6052 begin
[2026-06-11T08:54:53.836] [Frame] [INFO] frame=6053 begin
[2026-06-11T08:54:53.840] [Frame] [INFO] frame=6054 begin
[2026-06-11T08:54:53.844] [Frame] [INFO] frame=6055 begin
[2026-06-11T08:54:53.849] [Frame] [INFO] frame=6056 begin
[2026-06-11T08:54:53.853] [Frame] [INFO] frame=6057 begin
[2026-06-11T08:54:53.857] [Frame] [INFO] frame=6058 begin
[2026-06-11T08:54:53.861] [Frame] [INFO] frame=6059 begin
[2026-06-11T08:54:53.865] [Frame] [INFO] frame=6060 begin
[2026-06-11T08:54:53.869] [Frame] [INFO] frame=6061 begin
[2026-06-11T08:54:53.874] [Frame] [INFO] frame=6062 begin
[2026-06-11T08:54:53.878] [Frame] [INFO] frame=6063 begin
[2026-06-11T08:54:53.882] [Frame] [INFO] frame=6064 begin
[2026-06-11T08:54:53.886] [Frame] [INFO] frame=6065 begin
[2026-06-11T08:54:53.890] [Frame] [INFO] frame=6066 begin
[2026-06-11T08:54:53.894] [Frame] [INFO] frame=6067 begin
[2026-06-11T08:54:53.899] [Frame] [INFO] frame=6068 begin
[2026-06-11T08:54:53.903] [Frame] [INFO] frame=6069 begin
[2026-06-11T08:54:53.907] [Frame] [INFO] frame=6070 begin
[2026-06-11T08:54:53.911] [Frame] [INFO] frame=6071 begin
[2026-06-11T08:54:53.915] [Frame] [INFO] frame=6072 begin
[2026-06-11T08:54:53.919] [Frame] [INFO] frame=6073 begin
[2026-06-11T08:54:53.924] [Frame] [INFO] frame=6074 begin
[2026-06-11T08:54:53.928] [Frame] [INFO] frame=6075 begin
[2026-06-11T08:54:53.932] [Frame] [INFO] frame=6076 begin
[2026-06-11T08:54:53.936] [Frame] [INFO] frame=6077 begin
[2026-06-11T08:54:53.940] [Frame] [INFO] frame=6078 begin
[2026-06-11T08:54:53.944] [Frame] [INFO] frame=6079 begin
[2026-06-11T08:54:53.949] [Frame] [INFO] frame=6080 begin
[2026-06-11T08:54:53.953] [Frame] [INFO] frame=6081 begin
[2026-06-11T08:54:53.957] [Frame] [INFO] frame=6082 begin
[2026-06-11T08:54:53.961] [Frame] [INFO] frame=6083 begin
[2026-06-11T08:54:53.965] [Frame] [INFO] frame=6084 begin
[2026-06-11T08:54:53.969] [Frame] [INFO] frame=6085 begin
[2026-06-11T08:54:53.974] [Frame] [INFO] frame=6086 begin
[2026-06-11T08:54:53.978] [Frame] [INFO] frame=6087 begin
[2026-06-11T08:54:53.982] [Frame] [INFO] frame=6088 begin
[2026-06-11T08:54:53.986] [Frame] [INFO] frame=6089 begin
[2026-06-11T08:54:53.990] [Frame] [INFO] frame=6090 begin
[2026-06-11T08:54:53.995] [Frame] [INFO] frame=6091 begin
[2026-06-11T08:54:53.999] [Frame] [INFO] frame=6092 begin
[2026-06-11T08:54:54.003] [Frame] [INFO] frame=6093 begin
[2026-06-11T08:54:54.007] [Frame] [INFO] frame=6094 begin
[2026-06-11T08:54:54.011] [Frame] [INFO] frame=6095 begin
[2026-06-11T08:54:54.015] [Frame] [INFO] frame=6096 begin
[2026-06-11T08:54:54.020] [Frame] [INFO] frame=6097 begin
[2026-06-11T08:54:54.024] [Frame] [INFO] frame=6098 begin
[2026-06-11T08:54:54.028] [Frame] [INFO] frame=6099 begin
[2026-06-11T08:54:54.032] [Frame] [INFO] frame=6100 begin
[2026-06-11T08:54:54.036] [Frame] [INFO] frame=6101 begin
[2026-06-11T08:54:54.040] [Frame] [INFO] frame=6102 begin
[2026-06-11T08:54:54.044] [Frame] [INFO] frame=6103 begin
[2026-06-11T08:54:54.049] [Frame] [INFO] frame=6104 begin
[2026-06-11T08:54:54.053] [Frame] [INFO] frame=6105 begin
[2026-06-11T08:54:54.057] [Frame] [INFO] frame=6106 begin
[2026-06-11T08:54:54.061] [Frame] [INFO] frame=6107 begin
[2026-06-11T08:54:54.065] [Frame] [INFO] frame=6108 begin
[2026-06-11T08:54:54.087] [Frame] [INFO] frame=6109 begin
[2026-06-11T08:54:54.089] [Frame] [INFO] frame=6110 begin
[2026-06-11T08:54:54.090] [Frame] [INFO] frame=6111 begin
[2026-06-11T08:54:54.091] [Frame] [INFO] frame=6112 begin
[2026-06-11T08:54:54.092] [Frame] [INFO] frame=6113 begin
[2026-06-11T08:54:54.093] [Frame] [INFO] frame=6114 begin
[2026-06-11T08:54:54.094] [Frame] [INFO] frame=6115 begin
[2026-06-11T08:54:54.099] [Frame] [INFO] frame=6116 begin
[2026-06-11T08:54:54.103] [Frame] [INFO] frame=6117 begin
[2026-06-11T08:54:54.107] [Frame] [INFO] frame=6118 begin
[2026-06-11T08:54:54.111] [Frame] [INFO] frame=6119 begin
[2026-06-11T08:54:54.115] [Frame] [INFO] frame=6120 begin
[2026-06-11T08:54:54.120] [Frame] [INFO] frame=6121 begin
[2026-06-11T08:54:54.124] [Frame] [INFO] frame=6122 begin
[2026-06-11T08:54:54.128] [Frame] [INFO] frame=6123 begin
[2026-06-11T08:54:54.132] [Frame] [INFO] frame=6124 begin
[2026-06-11T08:54:54.136] [Frame] [INFO] frame=6125 begin
[2026-06-11T08:54:54.140] [Frame] [INFO] frame=6126 begin
[2026-06-11T08:54:54.145] [Frame] [INFO] frame=6127 begin
[2026-06-11T08:54:54.149] [Frame] [INFO] frame=6128 begin
[2026-06-11T08:54:54.153] [Frame] [INFO] frame=6129 begin
[2026-06-11T08:54:54.157] [Frame] [INFO] frame=6130 begin
[2026-06-11T08:54:54.161] [Frame] [INFO] frame=6131 begin
[2026-06-11T08:54:54.165] [Frame] [INFO] frame=6132 begin
[2026-06-11T08:54:54.170] [Frame] [INFO] frame=6133 begin
[2026-06-11T08:54:54.174] [Frame] [INFO] frame=6134 begin
[2026-06-11T08:54:54.178] [Frame] [INFO] frame=6135 begin
[2026-06-11T08:54:54.182] [Frame] [INFO] frame=6136 begin
[2026-06-11T08:54:54.186] [Frame] [INFO] frame=6137 begin
[2026-06-11T08:54:54.190] [Frame] [INFO] frame=6138 begin
[2026-06-11T08:54:54.194] [Frame] [INFO] frame=6139 begin
[2026-06-11T08:54:54.199] [Frame] [INFO] frame=6140 begin
[2026-06-11T08:54:54.203] [Frame] [INFO] frame=6141 begin
[2026-06-11T08:54:54.207] [Frame] [INFO] frame=6142 begin
[2026-06-11T08:54:54.211] [Frame] [INFO] frame=6143 begin
[2026-06-11T08:54:54.215] [Frame] [INFO] frame=6144 begin
[2026-06-11T08:54:54.220] [Frame] [INFO] frame=6145 begin
[2026-06-11T08:54:54.224] [Frame] [INFO] frame=6146 begin
[2026-06-11T08:54:54.228] [Frame] [INFO] frame=6147 begin
[2026-06-11T08:54:54.232] [Frame] [INFO] frame=6148 begin
[2026-06-11T08:54:54.236] [Frame] [INFO] frame=6149 begin
[2026-06-11T08:54:54.240] [Frame] [INFO] frame=6150 begin
[2026-06-11T08:54:54.245] [Frame] [INFO] frame=6151 begin
[2026-06-11T08:54:54.249] [Frame] [INFO] frame=6152 begin
[2026-06-11T08:54:54.253] [Frame] [INFO] frame=6153 begin
[2026-06-11T08:54:54.257] [Frame] [INFO] frame=6154 begin
[2026-06-11T08:54:54.261] [Frame] [INFO] frame=6155 begin
[2026-06-11T08:54:54.265] [Frame] [INFO] frame=6156 begin
[2026-06-11T08:54:54.270] [Frame] [INFO] frame=6157 begin
[2026-06-11T08:54:54.274] [Frame] [INFO] frame=6158 begin
[2026-06-11T08:54:54.278] [Frame] [INFO] frame=6159 begin
[2026-06-11T08:54:54.282] [Frame] [INFO] frame=6160 begin
[2026-06-11T08:54:54.286] [Frame] [INFO] frame=6161 begin
[2026-06-11T08:54:54.290] [Frame] [INFO] frame=6162 begin
[2026-06-11T08:54:54.294] [Frame] [INFO] frame=6163 begin
[2026-06-11T08:54:54.299] [Frame] [INFO] frame=6164 begin
[2026-06-11T08:54:54.303] [Frame] [INFO] frame=6165 begin
[2026-06-11T08:54:54.307] [Frame] [INFO] frame=6166 begin
[2026-06-11T08:54:54.311] [Frame] [INFO] frame=6167 begin
[2026-06-11T08:54:54.315] [Frame] [INFO] frame=6168 begin
[2026-06-11T08:54:54.319] [Frame] [INFO] frame=6169 begin
[2026-06-11T08:54:54.324] [Frame] [INFO] frame=6170 begin
[2026-06-11T08:54:54.328] [Frame] [INFO] frame=6171 begin
[2026-06-11T08:54:54.332] [Frame] [INFO] frame=6172 begin
[2026-06-11T08:54:54.336] [Frame] [INFO] frame=6173 begin
[2026-06-11T08:54:54.340] [Frame] [INFO] frame=6174 begin
[2026-06-11T08:54:54.345] [Frame] [INFO] frame=6175 begin
[2026-06-11T08:54:54.349] [Frame] [INFO] frame=6176 begin
[2026-06-11T08:54:54.353] [Frame] [INFO] frame=6177 begin
[2026-06-11T08:54:54.357] [Frame] [INFO] frame=6178 begin
[2026-06-11T08:54:54.361] [Frame] [INFO] frame=6179 begin
[2026-06-11T08:54:54.365] [Frame] [INFO] frame=6180 begin
[2026-06-11T08:54:54.370] [Frame] [INFO] frame=6181 begin
[2026-06-11T08:54:54.374] [Frame] [INFO] frame=6182 begin
[2026-06-11T08:54:54.378] [Frame] [INFO] frame=6183 begin
[2026-06-11T08:54:54.382] [Frame] [INFO] frame=6184 begin
[2026-06-11T08:54:54.386] [Frame] [INFO] frame=6185 begin
[2026-06-11T08:54:54.390] [Frame] [INFO] frame=6186 begin
[2026-06-11T08:54:54.395] [Frame] [INFO] frame=6187 begin
[2026-06-11T08:54:54.399] [Frame] [INFO] frame=6188 begin
[2026-06-11T08:54:54.403] [Frame] [INFO] frame=6189 begin
[2026-06-11T08:54:54.407] [Frame] [INFO] frame=6190 begin
[2026-06-11T08:54:54.411] [Frame] [INFO] frame=6191 begin
[2026-06-11T08:54:54.415] [Frame] [INFO] frame=6192 begin
[2026-06-11T08:54:54.420] [Frame] [INFO] frame=6193 begin
[2026-06-11T08:54:54.424] [Frame] [INFO] frame=6194 begin
[2026-06-11T08:54:54.428] [Frame] [INFO] frame=6195 begin
[2026-06-11T08:54:54.432] [Frame] [INFO] frame=6196 begin
[2026-06-11T08:54:54.436] [Frame] [INFO] frame=6197 begin
[2026-06-11T08:54:54.440] [Frame] [INFO] frame=6198 begin
[2026-06-11T08:54:54.445] [Frame] [INFO] frame=6199 begin
[2026-06-11T08:54:54.449] [Frame] [INFO] frame=6200 begin
[2026-06-11T08:54:54.453] [Frame] [INFO] frame=6201 begin
[2026-06-11T08:54:54.457] [Frame] [INFO] frame=6202 begin
[2026-06-11T08:54:54.461] [Frame] [INFO] frame=6203 begin
[2026-06-11T08:54:54.465] [Frame] [INFO] frame=6204 begin
[2026-06-11T08:54:54.470] [Frame] [INFO] frame=6205 begin
[2026-06-11T08:54:54.474] [Frame] [INFO] frame=6206 begin
[2026-06-11T08:54:54.478] [Frame] [INFO] frame=6207 begin
[2026-06-11T08:54:54.482] [Frame] [INFO] frame=6208 begin
[2026-06-11T08:54:54.486] [Frame] [INFO] frame=6209 begin
[2026-06-11T08:54:54.490] [Frame] [INFO] frame=6210 begin
[2026-06-11T08:54:54.495] [Frame] [INFO] frame=6211 begin
[2026-06-11T08:54:54.499] [Frame] [INFO] frame=6212 begin
[2026-06-11T08:54:54.503] [Frame] [INFO] frame=6213 begin
[2026-06-11T08:54:54.507] [Frame] [INFO] frame=6214 begin
[2026-06-11T08:54:54.511] [Frame] [INFO] frame=6215 begin
[2026-06-11T08:54:54.515] [Frame] [INFO] frame=6216 begin
[2026-06-11T08:54:54.519] [Frame] [INFO] frame=6217 begin
[2026-06-11T08:54:54.524] [Frame] [INFO] frame=6218 begin
[2026-06-11T08:54:54.528] [Frame] [INFO] frame=6219 begin
[2026-06-11T08:54:54.532] [Frame] [INFO] frame=6220 begin
[2026-06-11T08:54:54.536] [Frame] [INFO] frame=6221 begin
[2026-06-11T08:54:54.540] [Frame] [INFO] frame=6222 begin
[2026-06-11T08:54:54.545] [Frame] [INFO] frame=6223 begin
[2026-06-11T08:54:54.549] [Frame] [INFO] frame=6224 begin
[2026-06-11T08:54:54.553] [Frame] [INFO] frame=6225 begin
[2026-06-11T08:54:54.557] [Frame] [INFO] frame=6226 begin
[2026-06-11T08:54:54.561] [Frame] [INFO] frame=6227 begin
[2026-06-11T08:54:54.565] [Frame] [INFO] frame=6228 begin
[2026-06-11T08:54:54.570] [Frame] [INFO] frame=6229 begin
[2026-06-11T08:54:54.574] [Frame] [INFO] frame=6230 begin
[2026-06-11T08:54:54.578] [Frame] [INFO] frame=6231 begin
[2026-06-11T08:54:54.582] [Frame] [INFO] frame=6232 begin
[2026-06-11T08:54:54.586] [Frame] [INFO] frame=6233 begin
[2026-06-11T08:54:54.590] [Frame] [INFO] frame=6234 begin
[2026-06-11T08:54:54.595] [Frame] [INFO] frame=6235 begin
[2026-06-11T08:54:54.599] [Frame] [INFO] frame=6236 begin
[2026-06-11T08:54:54.603] [Frame] [INFO] frame=6237 begin
[2026-06-11T08:54:54.607] [Frame] [INFO] frame=6238 begin
[2026-06-11T08:54:54.611] [Frame] [INFO] frame=6239 begin
[2026-06-11T08:54:54.615] [Frame] [INFO] frame=6240 begin
[2026-06-11T08:54:54.620] [Frame] [INFO] frame=6241 begin
[2026-06-11T08:54:54.624] [Frame] [INFO] frame=6242 begin
[2026-06-11T08:54:54.628] [Frame] [INFO] frame=6243 begin
[2026-06-11T08:54:54.632] [Frame] [INFO] frame=6244 begin
[2026-06-11T08:54:54.636] [Frame] [INFO] frame=6245 begin
[2026-06-11T08:54:54.640] [Frame] [INFO] frame=6246 begin
[2026-06-11T08:54:54.645] [Frame] [INFO] frame=6247 begin
[2026-06-11T08:54:54.649] [Frame] [INFO] frame=6248 begin
[2026-06-11T08:54:54.653] [Frame] [INFO] frame=6249 begin
[2026-06-11T08:54:54.657] [Frame] [INFO] frame=6250 begin
[2026-06-11T08:54:54.661] [Frame] [INFO] frame=6251 begin
[2026-06-11T08:54:54.665] [Frame] [INFO] frame=6252 begin
[2026-06-11T08:54:54.670] [Frame] [INFO] frame=6253 begin
[2026-06-11T08:54:54.674] [Frame] [INFO] frame=6254 begin
[2026-06-11T08:54:54.678] [Frame] [INFO] frame=6255 begin
[2026-06-11T08:54:54.682] [Frame] [INFO] frame=6256 begin
[2026-06-11T08:54:54.686] [Frame] [INFO] frame=6257 begin
[2026-06-11T08:54:54.690] [Frame] [INFO] frame=6258 begin
[2026-06-11T08:54:54.695] [Frame] [INFO] frame=6259 begin
[2026-06-11T08:54:54.699] [Frame] [INFO] frame=6260 begin
[2026-06-11T08:54:54.703] [Frame] [INFO] frame=6261 begin
[2026-06-11T08:54:54.707] [Frame] [INFO] frame=6262 begin
[2026-06-11T08:54:54.711] [Frame] [INFO] frame=6263 begin
[2026-06-11T08:54:54.715] [Frame] [INFO] frame=6264 begin
[2026-06-11T08:54:54.720] [Frame] [INFO] frame=6265 begin
[2026-06-11T08:54:54.724] [Frame] [INFO] frame=6266 begin
[2026-06-11T08:54:54.728] [Frame] [INFO] frame=6267 begin
[2026-06-11T08:54:54.732] [Frame] [INFO] frame=6268 begin
[2026-06-11T08:54:54.736] [Frame] [INFO] frame=6269 begin
[2026-06-11T08:54:54.740] [Frame] [INFO] frame=6270 begin
[2026-06-11T08:54:54.744] [Frame] [INFO] frame=6271 begin
[2026-06-11T08:54:54.749] [Frame] [INFO] frame=6272 begin
[2026-06-11T08:54:54.753] [Frame] [INFO] frame=6273 begin
[2026-06-11T08:54:54.757] [Frame] [INFO] frame=6274 begin
[2026-06-11T08:54:54.761] [Frame] [INFO] frame=6275 begin
[2026-06-11T08:54:54.765] [Frame] [INFO] frame=6276 begin
[2026-06-11T08:54:54.770] [Frame] [INFO] frame=6277 begin
[2026-06-11T08:54:54.774] [Frame] [INFO] frame=6278 begin
[2026-06-11T08:54:54.778] [Frame] [INFO] frame=6279 begin
[2026-06-11T08:54:54.782] [Frame] [INFO] frame=6280 begin
[2026-06-11T08:54:54.786] [Frame] [INFO] frame=6281 begin
[2026-06-11T08:54:54.790] [Frame] [INFO] frame=6282 begin
[2026-06-11T08:54:54.795] [Frame] [INFO] frame=6283 begin
[2026-06-11T08:54:54.799] [Frame] [INFO] frame=6284 begin
[2026-06-11T08:54:54.803] [Frame] [INFO] frame=6285 begin
[2026-06-11T08:54:54.807] [Frame] [INFO] frame=6286 begin
[2026-06-11T08:54:54.811] [Frame] [INFO] frame=6287 begin
[2026-06-11T08:54:54.815] [Frame] [INFO] frame=6288 begin
[2026-06-11T08:54:54.820] [Frame] [INFO] frame=6289 begin
[2026-06-11T08:54:54.824] [Frame] [INFO] frame=6290 begin
[2026-06-11T08:54:54.828] [Frame] [INFO] frame=6291 begin
[2026-06-11T08:54:54.832] [Frame] [INFO] frame=6292 begin
[2026-06-11T08:54:54.836] [Frame] [INFO] frame=6293 begin
[2026-06-11T08:54:54.840] [Frame] [INFO] frame=6294 begin
[2026-06-11T08:54:54.845] [Frame] [INFO] frame=6295 begin
[2026-06-11T08:54:54.849] [Frame] [INFO] frame=6296 begin
[2026-06-11T08:54:54.853] [Frame] [INFO] frame=6297 begin
[2026-06-11T08:54:54.857] [Frame] [INFO] frame=6298 begin
[2026-06-11T08:54:54.861] [Frame] [INFO] frame=6299 begin
[2026-06-11T08:54:54.865] [Frame] [INFO] frame=6300 begin
[2026-06-11T08:54:54.870] [Frame] [INFO] frame=6301 begin
[2026-06-11T08:54:54.874] [Frame] [INFO] frame=6302 begin
[2026-06-11T08:54:54.878] [Frame] [INFO] frame=6303 begin
[2026-06-11T08:54:54.882] [Frame] [INFO] frame=6304 begin
[2026-06-11T08:54:54.886] [Frame] [INFO] frame=6305 begin
[2026-06-11T08:54:54.890] [Frame] [INFO] frame=6306 begin
[2026-06-11T08:54:54.895] [Frame] [INFO] frame=6307 begin
[2026-06-11T08:54:54.899] [Frame] [INFO] frame=6308 begin
[2026-06-11T08:54:54.903] [Frame] [INFO] frame=6309 begin
[2026-06-11T08:54:54.907] [Frame] [INFO] frame=6310 begin
[2026-06-11T08:54:54.911] [Frame] [INFO] frame=6311 begin
[2026-06-11T08:54:54.915] [Frame] [INFO] frame=6312 begin
[2026-06-11T08:54:54.920] [Frame] [INFO] frame=6313 begin
[2026-06-11T08:54:54.924] [Frame] [INFO] frame=6314 begin
[2026-06-11T08:54:54.928] [Frame] [INFO] frame=6315 begin
[2026-06-11T08:54:54.932] [Frame] [INFO] frame=6316 begin
[2026-06-11T08:54:54.936] [Frame] [INFO] frame=6317 begin
[2026-06-11T08:54:54.940] [Frame] [INFO] frame=6318 begin
[2026-06-11T08:54:54.945] [Frame] [INFO] frame=6319 begin
[2026-06-11T08:54:54.949] [Frame] [INFO] frame=6320 begin
[2026-06-11T08:54:54.953] [Frame] [INFO] frame=6321 begin
[2026-06-11T08:54:54.957] [Frame] [INFO] frame=6322 begin
[2026-06-11T08:54:54.961] [Frame] [INFO] frame=6323 begin
[2026-06-11T08:54:54.965] [Frame] [INFO] frame=6324 begin
[2026-06-11T08:54:54.970] [Frame] [INFO] frame=6325 begin
[2026-06-11T08:54:54.974] [Frame] [INFO] frame=6326 begin
[2026-06-11T08:54:54.978] [Frame] [INFO] frame=6327 begin
[2026-06-11T08:54:54.982] [Frame] [INFO] frame=6328 begin
[2026-06-11T08:54:54.986] [Frame] [INFO] frame=6329 begin
[2026-06-11T08:54:54.990] [Frame] [INFO] frame=6330 begin
[2026-06-11T08:54:54.995] [Frame] [INFO] frame=6331 begin
[2026-06-11T08:54:54.999] [Frame] [INFO] frame=6332 begin
[2026-06-11T08:54:55.003] [Frame] [INFO] frame=6333 begin
[2026-06-11T08:54:55.007] [Frame] [INFO] frame=6334 begin
[2026-06-11T08:54:55.011] [Frame] [INFO] frame=6335 begin
[2026-06-11T08:54:55.015] [Frame] [INFO] frame=6336 begin
[2026-06-11T08:54:55.020] [Frame] [INFO] frame=6337 begin
[2026-06-11T08:54:55.024] [Frame] [INFO] frame=6338 begin
[2026-06-11T08:54:55.028] [Frame] [INFO] frame=6339 begin
[2026-06-11T08:54:55.032] [Frame] [INFO] frame=6340 begin
[2026-06-11T08:54:55.036] [Frame] [INFO] frame=6341 begin
[2026-06-11T08:54:55.040] [Frame] [INFO] frame=6342 begin
[2026-06-11T08:54:55.045] [Frame] [INFO] frame=6343 begin
[2026-06-11T08:54:55.049] [Frame] [INFO] frame=6344 begin
[2026-06-11T08:54:55.053] [Frame] [INFO] frame=6345 begin
[2026-06-11T08:54:55.057] [Frame] [INFO] frame=6346 begin
[2026-06-11T08:54:55.061] [Frame] [INFO] frame=6347 begin
[2026-06-11T08:54:55.065] [Frame] [INFO] frame=6348 begin
[2026-06-11T08:54:55.070] [Frame] [INFO] frame=6349 begin
[2026-06-11T08:54:55.074] [Frame] [INFO] frame=6350 begin
[2026-06-11T08:54:55.078] [Frame] [INFO] frame=6351 begin
[2026-06-11T08:54:55.082] [Frame] [INFO] frame=6352 begin
[2026-06-11T08:54:55.086] [Frame] [INFO] frame=6353 begin
[2026-06-11T08:54:55.090] [Frame] [INFO] frame=6354 begin
[2026-06-11T08:54:55.095] [Frame] [INFO] frame=6355 begin
[2026-06-11T08:54:55.099] [Frame] [INFO] frame=6356 begin
[2026-06-11T08:54:55.103] [Frame] [INFO] frame=6357 begin
[2026-06-11T08:54:55.107] [Frame] [INFO] frame=6358 begin
[2026-06-11T08:54:55.111] [Frame] [INFO] frame=6359 begin
[2026-06-11T08:54:55.115] [Frame] [INFO] frame=6360 begin
[2026-06-11T08:54:55.120] [Frame] [INFO] frame=6361 begin
[2026-06-11T08:54:55.124] [Frame] [INFO] frame=6362 begin
[2026-06-11T08:54:55.128] [Frame] [INFO] frame=6363 begin
[2026-06-11T08:54:55.132] [Frame] [INFO] frame=6364 begin
[2026-06-11T08:54:55.136] [Frame] [INFO] frame=6365 begin
[2026-06-11T08:54:55.140] [Frame] [INFO] frame=6366 begin
[2026-06-11T08:54:55.145] [Frame] [INFO] frame=6367 begin
[2026-06-11T08:54:55.149] [Frame] [INFO] frame=6368 begin
[2026-06-11T08:54:55.153] [Frame] [INFO] frame=6369 begin
[2026-06-11T08:54:55.157] [Frame] [INFO] frame=6370 begin
[2026-06-11T08:54:55.161] [Frame] [INFO] frame=6371 begin
[2026-06-11T08:54:55.165] [Frame] [INFO] frame=6372 begin
[2026-06-11T08:54:55.170] [Frame] [INFO] frame=6373 begin
[2026-06-11T08:54:55.174] [Frame] [INFO] frame=6374 begin
[2026-06-11T08:54:55.178] [Frame] [INFO] frame=6375 begin
[2026-06-11T08:54:55.182] [Frame] [INFO] frame=6376 begin
[2026-06-11T08:54:55.186] [Frame] [INFO] frame=6377 begin
[2026-06-11T08:54:55.190] [Frame] [INFO] frame=6378 begin
[2026-06-11T08:54:55.195] [Frame] [INFO] frame=6379 begin
[2026-06-11T08:54:55.199] [Frame] [INFO] frame=6380 begin
[2026-06-11T08:54:55.203] [Frame] [INFO] frame=6381 begin
[2026-06-11T08:54:55.207] [Frame] [INFO] frame=6382 begin
[2026-06-11T08:54:55.211] [Frame] [INFO] frame=6383 begin
[2026-06-11T08:54:55.216] [Frame] [INFO] frame=6384 begin
[2026-06-11T08:54:55.220] [Frame] [INFO] frame=6385 begin
[2026-06-11T08:54:55.224] [Frame] [INFO] frame=6386 begin
[2026-06-11T08:54:55.228] [Frame] [INFO] frame=6387 begin
[2026-06-11T08:54:55.232] [Frame] [INFO] frame=6388 begin
[2026-06-11T08:54:55.236] [Frame] [INFO] frame=6389 begin
[2026-06-11T08:54:55.240] [Frame] [INFO] frame=6390 begin
[2026-06-11T08:54:55.245] [Frame] [INFO] frame=6391 begin
[2026-06-11T08:54:55.249] [Frame] [INFO] frame=6392 begin
[2026-06-11T08:54:55.253] [Frame] [INFO] frame=6393 begin
[2026-06-11T08:54:55.257] [Frame] [INFO] frame=6394 begin
[2026-06-11T08:54:55.261] [Frame] [INFO] frame=6395 begin
[2026-06-11T08:54:55.265] [Frame] [INFO] frame=6396 begin
[2026-06-11T08:54:55.270] [Frame] [INFO] frame=6397 begin
[2026-06-11T08:54:55.274] [Frame] [INFO] frame=6398 begin
[2026-06-11T08:54:55.278] [Frame] [INFO] frame=6399 begin
[2026-06-11T08:54:55.282] [Frame] [INFO] frame=6400 begin
[2026-06-11T08:54:55.286] [Frame] [INFO] frame=6401 begin
[2026-06-11T08:54:55.290] [Frame] [INFO] frame=6402 begin
[2026-06-11T08:54:55.295] [Frame] [INFO] frame=6403 begin
[2026-06-11T08:54:55.299] [Frame] [INFO] frame=6404 begin
[2026-06-11T08:54:55.303] [Frame] [INFO] frame=6405 begin
[2026-06-11T08:54:55.307] [Frame] [INFO] frame=6406 begin
[2026-06-11T08:54:55.311] [Frame] [INFO] frame=6407 begin
[2026-06-11T08:54:55.315] [Frame] [INFO] frame=6408 begin
[2026-06-11T08:54:55.320] [Frame] [INFO] frame=6409 begin
[2026-06-11T08:54:55.324] [Frame] [INFO] frame=6410 begin
[2026-06-11T08:54:55.328] [Frame] [INFO] frame=6411 begin
[2026-06-11T08:54:55.332] [Frame] [INFO] frame=6412 begin
[2026-06-11T08:54:55.336] [Frame] [INFO] frame=6413 begin
[2026-06-11T08:54:55.340] [Frame] [INFO] frame=6414 begin
[2026-06-11T08:54:55.345] [Frame] [INFO] frame=6415 begin
[2026-06-11T08:54:55.349] [Frame] [INFO] frame=6416 begin
[2026-06-11T08:54:55.353] [Frame] [INFO] frame=6417 begin
[2026-06-11T08:54:55.357] [Frame] [INFO] frame=6418 begin
[2026-06-11T08:54:55.361] [Frame] [INFO] frame=6419 begin
[2026-06-11T08:54:55.365] [Frame] [INFO] frame=6420 begin
[2026-06-11T08:54:55.370] [Frame] [INFO] frame=6421 begin
[2026-06-11T08:54:55.374] [Frame] [INFO] frame=6422 begin
[2026-06-11T08:54:55.378] [Frame] [INFO] frame=6423 begin
[2026-06-11T08:54:55.382] [Frame] [INFO] frame=6424 begin
[2026-06-11T08:54:55.386] [Frame] [INFO] frame=6425 begin
[2026-06-11T08:54:55.390] [Frame] [INFO] frame=6426 begin
[2026-06-11T08:54:55.395] [Frame] [INFO] frame=6427 begin
[2026-06-11T08:54:55.399] [Frame] [INFO] frame=6428 begin
[2026-06-11T08:54:55.403] [Frame] [INFO] frame=6429 begin
[2026-06-11T08:54:55.407] [Frame] [INFO] frame=6430 begin
[2026-06-11T08:54:55.411] [Frame] [INFO] frame=6431 begin
[2026-06-11T08:54:55.415] [Frame] [INFO] frame=6432 begin
[2026-06-11T08:54:55.420] [Frame] [INFO] frame=6433 begin
[2026-06-11T08:54:55.424] [Frame] [INFO] frame=6434 begin
[2026-06-11T08:54:55.428] [Frame] [INFO] frame=6435 begin
[2026-06-11T08:54:55.432] [Frame] [INFO] frame=6436 begin
[2026-06-11T08:54:55.436] [Frame] [INFO] frame=6437 begin
[2026-06-11T08:54:55.440] [Frame] [INFO] frame=6438 begin
[2026-06-11T08:54:55.445] [Frame] [INFO] frame=6439 begin
[2026-06-11T08:54:55.449] [Frame] [INFO] frame=6440 begin
[2026-06-11T08:54:55.453] [Frame] [INFO] frame=6441 begin
[2026-06-11T08:54:55.457] [Frame] [INFO] frame=6442 begin
[2026-06-11T08:54:55.461] [Frame] [INFO] frame=6443 begin
[2026-06-11T08:54:55.465] [Frame] [INFO] frame=6444 begin
[2026-06-11T08:54:55.470] [Frame] [INFO] frame=6445 begin
[2026-06-11T08:54:55.474] [Frame] [INFO] frame=6446 begin
[2026-06-11T08:54:55.478] [Frame] [INFO] frame=6447 begin
[2026-06-11T08:54:55.482] [Frame] [INFO] frame=6448 begin
[2026-06-11T08:54:55.486] [Frame] [INFO] frame=6449 begin
[2026-06-11T08:54:55.490] [Frame] [INFO] frame=6450 begin
[2026-06-11T08:54:55.495] [Frame] [INFO] frame=6451 begin
[2026-06-11T08:54:55.499] [Frame] [INFO] frame=6452 begin
[2026-06-11T08:54:55.503] [Frame] [INFO] frame=6453 begin
[2026-06-11T08:54:55.507] [Frame] [INFO] frame=6454 begin
[2026-06-11T08:54:55.511] [Frame] [INFO] frame=6455 begin
[2026-06-11T08:54:55.515] [Frame] [INFO] frame=6456 begin
[2026-06-11T08:54:55.520] [Frame] [INFO] frame=6457 begin
[2026-06-11T08:54:55.524] [Frame] [INFO] frame=6458 begin
[2026-06-11T08:54:55.528] [Frame] [INFO] frame=6459 begin
[2026-06-11T08:54:55.532] [Frame] [INFO] frame=6460 begin
[2026-06-11T08:54:55.536] [Frame] [INFO] frame=6461 begin
[2026-06-11T08:54:55.540] [Frame] [INFO] frame=6462 begin
[2026-06-11T08:54:55.545] [Frame] [INFO] frame=6463 begin
[2026-06-11T08:54:55.549] [Frame] [INFO] frame=6464 begin
[2026-06-11T08:54:55.553] [Frame] [INFO] frame=6465 begin
[2026-06-11T08:54:55.557] [Frame] [INFO] frame=6466 begin
[2026-06-11T08:54:55.561] [Frame] [INFO] frame=6467 begin
[2026-06-11T08:54:55.565] [Frame] [INFO] frame=6468 begin
[2026-06-11T08:54:55.570] [Frame] [INFO] frame=6469 begin
[2026-06-11T08:54:55.574] [Frame] [INFO] frame=6470 begin
[2026-06-11T08:54:55.578] [Frame] [INFO] frame=6471 begin
[2026-06-11T08:54:55.582] [Frame] [INFO] frame=6472 begin
[2026-06-11T08:54:55.586] [Frame] [INFO] frame=6473 begin
[2026-06-11T08:54:55.590] [Frame] [INFO] frame=6474 begin
[2026-06-11T08:54:55.595] [Frame] [INFO] frame=6475 begin
[2026-06-11T08:54:55.599] [Frame] [INFO] frame=6476 begin
[2026-06-11T08:54:55.603] [Frame] [INFO] frame=6477 begin
[2026-06-11T08:54:55.607] [Frame] [INFO] frame=6478 begin
[2026-06-11T08:54:55.611] [Frame] [INFO] frame=6479 begin
[2026-06-11T08:54:55.615] [Frame] [INFO] frame=6480 begin
[2026-06-11T08:54:55.620] [Frame] [INFO] frame=6481 begin
[2026-06-11T08:54:55.624] [Frame] [INFO] frame=6482 begin
[2026-06-11T08:54:55.628] [Frame] [INFO] frame=6483 begin
[2026-06-11T08:54:55.632] [Frame] [INFO] frame=6484 begin
[2026-06-11T08:54:55.636] [Frame] [INFO] frame=6485 begin
[2026-06-11T08:54:55.640] [Frame] [INFO] frame=6486 begin
[2026-06-11T08:54:55.645] [Frame] [INFO] frame=6487 begin
[2026-06-11T08:54:55.649] [Frame] [INFO] frame=6488 begin
[2026-06-11T08:54:55.653] [Frame] [INFO] frame=6489 begin
[2026-06-11T08:54:55.657] [Frame] [INFO] frame=6490 begin
[2026-06-11T08:54:55.661] [Frame] [INFO] frame=6491 begin
[2026-06-11T08:54:55.665] [Frame] [INFO] frame=6492 begin
[2026-06-11T08:54:55.670] [Frame] [INFO] frame=6493 begin
[2026-06-11T08:54:55.674] [Frame] [INFO] frame=6494 begin
[2026-06-11T08:54:55.678] [Frame] [INFO] frame=6495 begin
[2026-06-11T08:54:55.682] [Frame] [INFO] frame=6496 begin
[2026-06-11T08:54:55.686] [Frame] [INFO] frame=6497 begin
[2026-06-11T08:54:55.690] [Frame] [INFO] frame=6498 begin
[2026-06-11T08:54:55.695] [Frame] [INFO] frame=6499 begin
[2026-06-11T08:54:55.699] [Frame] [INFO] frame=6500 begin
[2026-06-11T08:54:55.703] [Frame] [INFO] frame=6501 begin
[2026-06-11T08:54:55.707] [Frame] [INFO] frame=6502 begin
[2026-06-11T08:54:55.711] [Frame] [INFO] frame=6503 begin
[2026-06-11T08:54:55.715] [Frame] [INFO] frame=6504 begin
[2026-06-11T08:54:55.720] [Frame] [INFO] frame=6505 begin
[2026-06-11T08:54:55.724] [Frame] [INFO] frame=6506 begin
[2026-06-11T08:54:55.728] [Frame] [INFO] frame=6507 begin
[2026-06-11T08:54:55.732] [Frame] [INFO] frame=6508 begin
[2026-06-11T08:54:55.736] [Frame] [INFO] frame=6509 begin
[2026-06-11T08:54:55.740] [Frame] [INFO] frame=6510 begin
[2026-06-11T08:54:55.745] [Frame] [INFO] frame=6511 begin
[2026-06-11T08:54:55.749] [Frame] [INFO] frame=6512 begin
[2026-06-11T08:54:55.753] [Frame] [INFO] frame=6513 begin
[2026-06-11T08:54:55.757] [Frame] [INFO] frame=6514 begin
[2026-06-11T08:54:55.761] [Frame] [INFO] frame=6515 begin
[2026-06-11T08:54:55.765] [Frame] [INFO] frame=6516 begin
[2026-06-11T08:54:55.770] [Frame] [INFO] frame=6517 begin
[2026-06-11T08:54:55.774] [Frame] [INFO] frame=6518 begin
[2026-06-11T08:54:55.778] [Frame] [INFO] frame=6519 begin
[2026-06-11T08:54:55.782] [Frame] [INFO] frame=6520 begin
[2026-06-11T08:54:55.786] [Frame] [INFO] frame=6521 begin
[2026-06-11T08:54:55.790] [Frame] [INFO] frame=6522 begin
[2026-06-11T08:54:55.795] [Frame] [INFO] frame=6523 begin
[2026-06-11T08:54:55.799] [Frame] [INFO] frame=6524 begin
[2026-06-11T08:54:55.803] [Frame] [INFO] frame=6525 begin
[2026-06-11T08:54:55.807] [Frame] [INFO] frame=6526 begin
[2026-06-11T08:54:55.811] [Frame] [INFO] frame=6527 begin
[2026-06-11T08:54:55.815] [Frame] [INFO] frame=6528 begin
[2026-06-11T08:54:55.820] [Frame] [INFO] frame=6529 begin
[2026-06-11T08:54:55.824] [Frame] [INFO] frame=6530 begin
[2026-06-11T08:54:55.828] [Frame] [INFO] frame=6531 begin
[2026-06-11T08:54:55.832] [Frame] [INFO] frame=6532 begin
[2026-06-11T08:54:55.836] [Frame] [INFO] frame=6533 begin
[2026-06-11T08:54:55.840] [Frame] [INFO] frame=6534 begin
[2026-06-11T08:54:55.845] [Frame] [INFO] frame=6535 begin
[2026-06-11T08:54:55.849] [Frame] [INFO] frame=6536 begin
[2026-06-11T08:54:55.853] [Frame] [INFO] frame=6537 begin
[2026-06-11T08:54:55.857] [Frame] [INFO] frame=6538 begin
[2026-06-11T08:54:55.861] [Frame] [INFO] frame=6539 begin
[2026-06-11T08:54:55.865] [Frame] [INFO] frame=6540 begin
[2026-06-11T08:54:55.870] [Frame] [INFO] frame=6541 begin
[2026-06-11T08:54:55.874] [Frame] [INFO] frame=6542 begin
[2026-06-11T08:54:55.878] [Frame] [INFO] frame=6543 begin
[2026-06-11T08:54:55.882] [Frame] [INFO] frame=6544 begin
[2026-06-11T08:54:55.886] [Frame] [INFO] frame=6545 begin
[2026-06-11T08:54:55.890] [Frame] [INFO] frame=6546 begin
[2026-06-11T08:54:55.895] [Frame] [INFO] frame=6547 begin
[2026-06-11T08:54:55.899] [Frame] [INFO] frame=6548 begin
[2026-06-11T08:54:55.903] [Frame] [INFO] frame=6549 begin
[2026-06-11T08:54:55.907] [Frame] [INFO] frame=6550 begin
[2026-06-11T08:54:55.911] [Frame] [INFO] frame=6551 begin
[2026-06-11T08:54:55.915] [Frame] [INFO] frame=6552 begin
[2026-06-11T08:54:55.920] [Frame] [INFO] frame=6553 begin
[2026-06-11T08:54:55.924] [Frame] [INFO] frame=6554 begin
[2026-06-11T08:54:55.928] [Frame] [INFO] frame=6555 begin
[2026-06-11T08:54:55.932] [Frame] [INFO] frame=6556 begin
[2026-06-11T08:54:55.936] [Frame] [INFO] frame=6557 begin
[2026-06-11T08:54:55.940] [Frame] [INFO] frame=6558 begin
[2026-06-11T08:54:55.945] [Frame] [INFO] frame=6559 begin
[2026-06-11T08:54:55.949] [Frame] [INFO] frame=6560 begin
[2026-06-11T08:54:55.953] [Frame] [INFO] frame=6561 begin
[2026-06-11T08:54:55.957] [Frame] [INFO] frame=6562 begin
[2026-06-11T08:54:55.961] [Frame] [INFO] frame=6563 begin
[2026-06-11T08:54:55.965] [Frame] [INFO] frame=6564 begin
[2026-06-11T08:54:55.970] [Frame] [INFO] frame=6565 begin
[2026-06-11T08:54:55.974] [Frame] [INFO] frame=6566 begin
[2026-06-11T08:54:55.978] [Frame] [INFO] frame=6567 begin
[2026-06-11T08:54:55.982] [Frame] [INFO] frame=6568 begin
[2026-06-11T08:54:55.986] [Frame] [INFO] frame=6569 begin
[2026-06-11T08:54:55.990] [Frame] [INFO] frame=6570 begin
[2026-06-11T08:54:55.995] [Frame] [INFO] frame=6571 begin
[2026-06-11T08:54:55.999] [Frame] [INFO] frame=6572 begin
[2026-06-11T08:54:56.003] [Frame] [INFO] frame=6573 begin
[2026-06-11T08:54:56.007] [Frame] [INFO] frame=6574 begin
[2026-06-11T08:54:56.011] [Frame] [INFO] frame=6575 begin
[2026-06-11T08:54:56.015] [Frame] [INFO] frame=6576 begin
[2026-06-11T08:54:56.020] [Frame] [INFO] frame=6577 begin
[2026-06-11T08:54:56.024] [Frame] [INFO] frame=6578 begin
[2026-06-11T08:54:56.028] [Frame] [INFO] frame=6579 begin
[2026-06-11T08:54:56.032] [Frame] [INFO] frame=6580 begin
[2026-06-11T08:54:56.036] [Frame] [INFO] frame=6581 begin
[2026-06-11T08:54:56.040] [Frame] [INFO] frame=6582 begin
[2026-06-11T08:54:56.045] [Frame] [INFO] frame=6583 begin
[2026-06-11T08:54:56.049] [Frame] [INFO] frame=6584 begin
[2026-06-11T08:54:56.053] [Frame] [INFO] frame=6585 begin
[2026-06-11T08:54:56.057] [Frame] [INFO] frame=6586 begin
[2026-06-11T08:54:56.061] [Frame] [INFO] frame=6587 begin
[2026-06-11T08:54:56.065] [Frame] [INFO] frame=6588 begin
[2026-06-11T08:54:56.070] [Frame] [INFO] frame=6589 begin
[2026-06-11T08:54:56.074] [Frame] [INFO] frame=6590 begin
[2026-06-11T08:54:56.078] [Frame] [INFO] frame=6591 begin
[2026-06-11T08:54:56.082] [Frame] [INFO] frame=6592 begin
[2026-06-11T08:54:56.086] [Frame] [INFO] frame=6593 begin
[2026-06-11T08:54:56.090] [Frame] [INFO] frame=6594 begin
[2026-06-11T08:54:56.095] [Frame] [INFO] frame=6595 begin
[2026-06-11T08:54:56.099] [Frame] [INFO] frame=6596 begin
[2026-06-11T08:54:56.103] [Frame] [INFO] frame=6597 begin
[2026-06-11T08:54:56.107] [Frame] [INFO] frame=6598 begin
[2026-06-11T08:54:56.111] [Frame] [INFO] frame=6599 begin
[2026-06-11T08:54:56.115] [Frame] [INFO] frame=6600 begin
[2026-06-11T08:54:56.120] [Frame] [INFO] frame=6601 begin
[2026-06-11T08:54:56.124] [Frame] [INFO] frame=6602 begin
[2026-06-11T08:54:56.128] [Frame] [INFO] frame=6603 begin
[2026-06-11T08:54:56.132] [Frame] [INFO] frame=6604 begin
[2026-06-11T08:54:56.136] [Frame] [INFO] frame=6605 begin
[2026-06-11T08:54:56.140] [Frame] [INFO] frame=6606 begin
[2026-06-11T08:54:56.145] [Frame] [INFO] frame=6607 begin
[2026-06-11T08:54:56.149] [Frame] [INFO] frame=6608 begin
[2026-06-11T08:54:56.153] [Frame] [INFO] frame=6609 begin
[2026-06-11T08:54:56.157] [Frame] [INFO] frame=6610 begin
[2026-06-11T08:54:56.161] [Frame] [INFO] frame=6611 begin
[2026-06-11T08:54:56.165] [Frame] [INFO] frame=6612 begin
[2026-06-11T08:54:56.170] [Frame] [INFO] frame=6613 begin
[2026-06-11T08:54:56.174] [Frame] [INFO] frame=6614 begin
[2026-06-11T08:54:56.178] [Frame] [INFO] frame=6615 begin
[2026-06-11T08:54:56.182] [Frame] [INFO] frame=6616 begin
[2026-06-11T08:54:56.186] [Frame] [INFO] frame=6617 begin
[2026-06-11T08:54:56.190] [Frame] [INFO] frame=6618 begin
[2026-06-11T08:54:56.195] [Frame] [INFO] frame=6619 begin
[2026-06-11T08:54:56.199] [Frame] [INFO] frame=6620 begin
[2026-06-11T08:54:56.203] [Frame] [INFO] frame=6621 begin
[2026-06-11T08:54:56.207] [Frame] [INFO] frame=6622 begin
[2026-06-11T08:54:56.211] [Frame] [INFO] frame=6623 begin
[2026-06-11T08:54:56.215] [Frame] [INFO] frame=6624 begin
[2026-06-11T08:54:56.220] [Frame] [INFO] frame=6625 begin
[2026-06-11T08:54:56.224] [Frame] [INFO] frame=6626 begin
[2026-06-11T08:54:56.228] [Frame] [INFO] frame=6627 begin
[2026-06-11T08:54:56.232] [Frame] [INFO] frame=6628 begin
[2026-06-11T08:54:56.236] [Frame] [INFO] frame=6629 begin
[2026-06-11T08:54:56.240] [Frame] [INFO] frame=6630 begin
[2026-06-11T08:54:56.245] [Frame] [INFO] frame=6631 begin
[2026-06-11T08:54:56.249] [Frame] [INFO] frame=6632 begin
[2026-06-11T08:54:56.253] [Frame] [INFO] frame=6633 begin
[2026-06-11T08:54:56.257] [Frame] [INFO] frame=6634 begin
[2026-06-11T08:54:56.261] [Frame] [INFO] frame=6635 begin
[2026-06-11T08:54:56.266] [Frame] [INFO] frame=6636 begin
[2026-06-11T08:54:56.270] [Frame] [INFO] frame=6637 begin
[2026-06-11T08:54:56.274] [Frame] [INFO] frame=6638 begin
[2026-06-11T08:54:56.278] [Frame] [INFO] frame=6639 begin
[2026-06-11T08:54:56.282] [Frame] [INFO] frame=6640 begin
[2026-06-11T08:54:56.286] [Frame] [INFO] frame=6641 begin
[2026-06-11T08:54:56.290] [Frame] [INFO] frame=6642 begin
[2026-06-11T08:54:56.295] [Frame] [INFO] frame=6643 begin
[2026-06-11T08:54:56.299] [Frame] [INFO] frame=6644 begin
[2026-06-11T08:54:56.303] [Frame] [INFO] frame=6645 begin
[2026-06-11T08:54:56.307] [Frame] [INFO] frame=6646 begin
[2026-06-11T08:54:56.311] [Frame] [INFO] frame=6647 begin
[2026-06-11T08:54:56.315] [Frame] [INFO] frame=6648 begin
[2026-06-11T08:54:56.320] [Frame] [INFO] frame=6649 begin
[2026-06-11T08:54:56.324] [Frame] [INFO] frame=6650 begin
[2026-06-11T08:54:56.328] [Frame] [INFO] frame=6651 begin
[2026-06-11T08:54:56.332] [Frame] [INFO] frame=6652 begin
[2026-06-11T08:54:56.336] [Frame] [INFO] frame=6653 begin
[2026-06-11T08:54:56.340] [Frame] [INFO] frame=6654 begin
[2026-06-11T08:54:56.345] [Frame] [INFO] frame=6655 begin
[2026-06-11T08:54:56.349] [Frame] [INFO] frame=6656 begin
[2026-06-11T08:54:56.353] [Frame] [INFO] frame=6657 begin
[2026-06-11T08:54:56.357] [Frame] [INFO] frame=6658 begin
[2026-06-11T08:54:56.361] [Frame] [INFO] frame=6659 begin
[2026-06-11T08:54:56.365] [Frame] [INFO] frame=6660 begin
[2026-06-11T08:54:56.370] [Frame] [INFO] frame=6661 begin
[2026-06-11T08:54:56.374] [Frame] [INFO] frame=6662 begin
[2026-06-11T08:54:56.378] [Frame] [INFO] frame=6663 begin
[2026-06-11T08:54:56.382] [Frame] [INFO] frame=6664 begin
[2026-06-11T08:54:56.386] [Frame] [INFO] frame=6665 begin
[2026-06-11T08:54:56.390] [Frame] [INFO] frame=6666 begin
[2026-06-11T08:54:56.395] [Frame] [INFO] frame=6667 begin
[2026-06-11T08:54:56.399] [Frame] [INFO] frame=6668 begin
[2026-06-11T08:54:56.403] [Frame] [INFO] frame=6669 begin
[2026-06-11T08:54:56.407] [Frame] [INFO] frame=6670 begin
[2026-06-11T08:54:56.411] [Frame] [INFO] frame=6671 begin
[2026-06-11T08:54:56.415] [Frame] [INFO] frame=6672 begin
[2026-06-11T08:54:56.420] [Frame] [INFO] frame=6673 begin
[2026-06-11T08:54:56.424] [Frame] [INFO] frame=6674 begin
[2026-06-11T08:54:56.428] [Frame] [INFO] frame=6675 begin
[2026-06-11T08:54:56.432] [Frame] [INFO] frame=6676 begin
[2026-06-11T08:54:56.436] [Frame] [INFO] frame=6677 begin
[2026-06-11T08:54:56.440] [Frame] [INFO] frame=6678 begin
[2026-06-11T08:54:56.445] [Frame] [INFO] frame=6679 begin
[2026-06-11T08:54:56.449] [Frame] [INFO] frame=6680 begin
[2026-06-11T08:54:56.453] [Frame] [INFO] frame=6681 begin
[2026-06-11T08:54:56.457] [Frame] [INFO] frame=6682 begin
[2026-06-11T08:54:56.461] [Frame] [INFO] frame=6683 begin
[2026-06-11T08:54:56.465] [Frame] [INFO] frame=6684 begin
[2026-06-11T08:54:56.470] [Frame] [INFO] frame=6685 begin
[2026-06-11T08:54:56.474] [Frame] [INFO] frame=6686 begin
[2026-06-11T08:54:56.478] [Frame] [INFO] frame=6687 begin
[2026-06-11T08:54:56.482] [Frame] [INFO] frame=6688 begin
[2026-06-11T08:54:56.486] [Frame] [INFO] frame=6689 begin
[2026-06-11T08:54:56.490] [Frame] [INFO] frame=6690 begin
[2026-06-11T08:54:56.495] [Frame] [INFO] frame=6691 begin
[2026-06-11T08:54:56.499] [Frame] [INFO] frame=6692 begin
[2026-06-11T08:54:56.503] [Frame] [INFO] frame=6693 begin
[2026-06-11T08:54:56.507] [Frame] [INFO] frame=6694 begin
[2026-06-11T08:54:56.511] [Frame] [INFO] frame=6695 begin
[2026-06-11T08:54:56.515] [Frame] [INFO] frame=6696 begin
[2026-06-11T08:54:56.520] [Frame] [INFO] frame=6697 begin
[2026-06-11T08:54:56.524] [Frame] [INFO] frame=6698 begin
[2026-06-11T08:54:56.528] [Frame] [INFO] frame=6699 begin
[2026-06-11T08:54:56.532] [Frame] [INFO] frame=6700 begin
[2026-06-11T08:54:56.536] [Frame] [INFO] frame=6701 begin
[2026-06-11T08:54:56.540] [Frame] [INFO] frame=6702 begin
[2026-06-11T08:54:56.545] [Frame] [INFO] frame=6703 begin
[2026-06-11T08:54:56.549] [Frame] [INFO] frame=6704 begin
[2026-06-11T08:54:56.553] [Frame] [INFO] frame=6705 begin
[2026-06-11T08:54:56.557] [Frame] [INFO] frame=6706 begin
[2026-06-11T08:54:56.561] [Frame] [INFO] frame=6707 begin
[2026-06-11T08:54:56.565] [Frame] [INFO] frame=6708 begin
[2026-06-11T08:54:56.570] [Frame] [INFO] frame=6709 begin
[2026-06-11T08:54:56.574] [Frame] [INFO] frame=6710 begin
[2026-06-11T08:54:56.578] [Frame] [INFO] frame=6711 begin
[2026-06-11T08:54:56.582] [Frame] [INFO] frame=6712 begin
[2026-06-11T08:54:56.586] [Frame] [INFO] frame=6713 begin
[2026-06-11T08:54:56.590] [Frame] [INFO] frame=6714 begin
[2026-06-11T08:54:56.595] [Frame] [INFO] frame=6715 begin
[2026-06-11T08:54:56.599] [Frame] [INFO] frame=6716 begin
[2026-06-11T08:54:56.603] [Frame] [INFO] frame=6717 begin
[2026-06-11T08:54:56.607] [Frame] [INFO] frame=6718 begin
[2026-06-11T08:54:56.611] [Frame] [INFO] frame=6719 begin
[2026-06-11T08:54:56.615] [Frame] [INFO] frame=6720 begin
[2026-06-11T08:54:56.620] [Frame] [INFO] frame=6721 begin
[2026-06-11T08:54:56.624] [Frame] [INFO] frame=6722 begin
[2026-06-11T08:54:56.628] [Frame] [INFO] frame=6723 begin
[2026-06-11T08:54:56.632] [Frame] [INFO] frame=6724 begin
[2026-06-11T08:54:56.636] [Frame] [INFO] frame=6725 begin
[2026-06-11T08:54:56.640] [Frame] [INFO] frame=6726 begin
[2026-06-11T08:54:56.645] [Frame] [INFO] frame=6727 begin
[2026-06-11T08:54:56.649] [Frame] [INFO] frame=6728 begin
[2026-06-11T08:54:56.653] [Frame] [INFO] frame=6729 begin
[2026-06-11T08:54:56.657] [Frame] [INFO] frame=6730 begin
[2026-06-11T08:54:56.661] [Frame] [INFO] frame=6731 begin
[2026-06-11T08:54:56.665] [Frame] [INFO] frame=6732 begin
[2026-06-11T08:54:56.670] [Frame] [INFO] frame=6733 begin
[2026-06-11T08:54:56.674] [Frame] [INFO] frame=6734 begin
[2026-06-11T08:54:56.678] [Frame] [INFO] frame=6735 begin
[2026-06-11T08:54:56.682] [Frame] [INFO] frame=6736 begin
[2026-06-11T08:54:56.686] [Frame] [INFO] frame=6737 begin
[2026-06-11T08:54:56.690] [Frame] [INFO] frame=6738 begin
[2026-06-11T08:54:56.695] [Frame] [INFO] frame=6739 begin
[2026-06-11T08:54:56.699] [Frame] [INFO] frame=6740 begin
[2026-06-11T08:54:56.703] [Frame] [INFO] frame=6741 begin
[2026-06-11T08:54:56.707] [Frame] [INFO] frame=6742 begin
[2026-06-11T08:54:56.711] [Frame] [INFO] frame=6743 begin
[2026-06-11T08:54:56.715] [Frame] [INFO] frame=6744 begin
[2026-06-11T08:54:56.720] [Frame] [INFO] frame=6745 begin
[2026-06-11T08:54:56.724] [Frame] [INFO] frame=6746 begin
[2026-06-11T08:54:56.728] [Frame] [INFO] frame=6747 begin
[2026-06-11T08:54:56.732] [Frame] [INFO] frame=6748 begin
[2026-06-11T08:54:56.736] [Frame] [INFO] frame=6749 begin
[2026-06-11T08:54:56.740] [Frame] [INFO] frame=6750 begin
[2026-06-11T08:54:56.745] [Frame] [INFO] frame=6751 begin
[2026-06-11T08:54:56.749] [Frame] [INFO] frame=6752 begin
[2026-06-11T08:54:56.753] [Frame] [INFO] frame=6753 begin
[2026-06-11T08:54:56.757] [Frame] [INFO] frame=6754 begin
[2026-06-11T08:54:56.761] [Frame] [INFO] frame=6755 begin
[2026-06-11T08:54:56.765] [Frame] [INFO] frame=6756 begin
[2026-06-11T08:54:56.770] [Frame] [INFO] frame=6757 begin
[2026-06-11T08:54:56.774] [Frame] [INFO] frame=6758 begin
[2026-06-11T08:54:56.778] [Frame] [INFO] frame=6759 begin
[2026-06-11T08:54:56.782] [Frame] [INFO] frame=6760 begin
[2026-06-11T08:54:56.786] [Frame] [INFO] frame=6761 begin
[2026-06-11T08:54:56.790] [Frame] [INFO] frame=6762 begin
[2026-06-11T08:54:56.795] [Frame] [INFO] frame=6763 begin
[2026-06-11T08:54:56.799] [Frame] [INFO] frame=6764 begin
[2026-06-11T08:54:56.803] [Frame] [INFO] frame=6765 begin
[2026-06-11T08:54:56.807] [Frame] [INFO] frame=6766 begin
[2026-06-11T08:54:56.811] [Frame] [INFO] frame=6767 begin
[2026-06-11T08:54:56.815] [Frame] [INFO] frame=6768 begin
[2026-06-11T08:54:56.820] [Frame] [INFO] frame=6769 begin
[2026-06-11T08:54:56.824] [Frame] [INFO] frame=6770 begin
[2026-06-11T08:54:56.828] [Frame] [INFO] frame=6771 begin
[2026-06-11T08:54:56.832] [Frame] [INFO] frame=6772 begin
[2026-06-11T08:54:56.836] [Frame] [INFO] frame=6773 begin
[2026-06-11T08:54:56.840] [Frame] [INFO] frame=6774 begin
[2026-06-11T08:54:56.845] [Frame] [INFO] frame=6775 begin
[2026-06-11T08:54:56.849] [Frame] [INFO] frame=6776 begin
[2026-06-11T08:54:56.853] [Frame] [INFO] frame=6777 begin
[2026-06-11T08:54:56.857] [Frame] [INFO] frame=6778 begin
[2026-06-11T08:54:56.861] [Frame] [INFO] frame=6779 begin
[2026-06-11T08:54:56.865] [Frame] [INFO] frame=6780 begin
[2026-06-11T08:54:56.870] [Frame] [INFO] frame=6781 begin
[2026-06-11T08:54:56.874] [Frame] [INFO] frame=6782 begin
[2026-06-11T08:54:56.878] [Frame] [INFO] frame=6783 begin
[2026-06-11T08:54:56.882] [Frame] [INFO] frame=6784 begin
[2026-06-11T08:54:56.886] [Frame] [INFO] frame=6785 begin
[2026-06-11T08:54:56.890] [Frame] [INFO] frame=6786 begin
[2026-06-11T08:54:56.894] [Frame] [INFO] frame=6787 begin
[2026-06-11T08:54:56.899] [Frame] [INFO] frame=6788 begin
[2026-06-11T08:54:56.903] [Frame] [INFO] frame=6789 begin
[2026-06-11T08:54:56.907] [Frame] [INFO] frame=6790 begin
[2026-06-11T08:54:56.911] [Frame] [INFO] frame=6791 begin
[2026-06-11T08:54:56.915] [Frame] [INFO] frame=6792 begin
[2026-06-11T08:54:56.920] [Frame] [INFO] frame=6793 begin
[2026-06-11T08:54:56.924] [Frame] [INFO] frame=6794 begin
[2026-06-11T08:54:56.928] [Frame] [INFO] frame=6795 begin
[2026-06-11T08:54:56.932] [Frame] [INFO] frame=6796 begin
[2026-06-11T08:54:56.936] [Frame] [INFO] frame=6797 begin
[2026-06-11T08:54:56.940] [Frame] [INFO] frame=6798 begin
[2026-06-11T08:54:56.945] [Frame] [INFO] frame=6799 begin
[2026-06-11T08:54:56.949] [Frame] [INFO] frame=6800 begin
[2026-06-11T08:54:56.953] [Frame] [INFO] frame=6801 begin
[2026-06-11T08:54:56.957] [Frame] [INFO] frame=6802 begin
[2026-06-11T08:54:56.961] [Frame] [INFO] frame=6803 begin
[2026-06-11T08:54:56.966] [Frame] [INFO] frame=6804 begin
[2026-06-11T08:54:56.970] [Frame] [INFO] frame=6805 begin
[2026-06-11T08:54:56.974] [Frame] [INFO] frame=6806 begin
[2026-06-11T08:54:56.978] [Frame] [INFO] frame=6807 begin
[2026-06-11T08:54:56.982] [Frame] [INFO] frame=6808 begin
[2026-06-11T08:54:56.986] [Frame] [INFO] frame=6809 begin
[2026-06-11T08:54:56.990] [Frame] [INFO] frame=6810 begin
[2026-06-11T08:54:56.995] [Frame] [INFO] frame=6811 begin
[2026-06-11T08:54:56.999] [Frame] [INFO] frame=6812 begin
[2026-06-11T08:54:57.003] [Frame] [INFO] frame=6813 begin
[2026-06-11T08:54:57.007] [Frame] [INFO] frame=6814 begin
[2026-06-11T08:54:57.011] [Frame] [INFO] frame=6815 begin
[2026-06-11T08:54:57.015] [Frame] [INFO] frame=6816 begin
[2026-06-11T08:54:57.020] [Frame] [INFO] frame=6817 begin
[2026-06-11T08:54:57.024] [Frame] [INFO] frame=6818 begin
[2026-06-11T08:54:57.028] [Frame] [INFO] frame=6819 begin
[2026-06-11T08:54:57.032] [Frame] [INFO] frame=6820 begin
[2026-06-11T08:54:57.036] [Frame] [INFO] frame=6821 begin
[2026-06-11T08:54:57.040] [Frame] [INFO] frame=6822 begin
[2026-06-11T08:54:57.045] [Frame] [INFO] frame=6823 begin
[2026-06-11T08:54:57.049] [Frame] [INFO] frame=6824 begin
[2026-06-11T08:54:57.053] [Frame] [INFO] frame=6825 begin
[2026-06-11T08:54:57.057] [Frame] [INFO] frame=6826 begin
[2026-06-11T08:54:57.061] [Frame] [INFO] frame=6827 begin
[2026-06-11T08:54:57.065] [Frame] [INFO] frame=6828 begin
[2026-06-11T08:54:57.070] [Frame] [INFO] frame=6829 begin
[2026-06-11T08:54:57.074] [Frame] [INFO] frame=6830 begin
[2026-06-11T08:54:57.078] [Frame] [INFO] frame=6831 begin
[2026-06-11T08:54:57.082] [Frame] [INFO] frame=6832 begin
[2026-06-11T08:54:57.086] [Frame] [INFO] frame=6833 begin
[2026-06-11T08:54:57.090] [Frame] [INFO] frame=6834 begin
[2026-06-11T08:54:57.095] [Frame] [INFO] frame=6835 begin
[2026-06-11T08:54:57.099] [Frame] [INFO] frame=6836 begin
[2026-06-11T08:54:57.103] [Frame] [INFO] frame=6837 begin
[2026-06-11T08:54:57.107] [Frame] [INFO] frame=6838 begin
[2026-06-11T08:54:57.111] [Frame] [INFO] frame=6839 begin
[2026-06-11T08:54:57.115] [Frame] [INFO] frame=6840 begin
[2026-06-11T08:54:57.120] [Frame] [INFO] frame=6841 begin
[2026-06-11T08:54:57.124] [Frame] [INFO] frame=6842 begin
[2026-06-11T08:54:57.128] [Frame] [INFO] frame=6843 begin
[2026-06-11T08:54:57.132] [Frame] [INFO] frame=6844 begin
[2026-06-11T08:54:57.136] [Frame] [INFO] frame=6845 begin
[2026-06-11T08:54:57.140] [Frame] [INFO] frame=6846 begin
[2026-06-11T08:54:57.145] [Frame] [INFO] frame=6847 begin
[2026-06-11T08:54:57.149] [Frame] [INFO] frame=6848 begin
[2026-06-11T08:54:57.153] [Frame] [INFO] frame=6849 begin
[2026-06-11T08:54:57.157] [Frame] [INFO] frame=6850 begin
[2026-06-11T08:54:57.161] [Frame] [INFO] frame=6851 begin
[2026-06-11T08:54:57.165] [Frame] [INFO] frame=6852 begin
[2026-06-11T08:54:57.170] [Frame] [INFO] frame=6853 begin
[2026-06-11T08:54:57.174] [Frame] [INFO] frame=6854 begin
[2026-06-11T08:54:57.178] [Frame] [INFO] frame=6855 begin
[2026-06-11T08:54:57.182] [Frame] [INFO] frame=6856 begin
[2026-06-11T08:54:57.186] [Frame] [INFO] frame=6857 begin
[2026-06-11T08:54:57.190] [Frame] [INFO] frame=6858 begin
[2026-06-11T08:54:57.195] [Frame] [INFO] frame=6859 begin
[2026-06-11T08:54:57.199] [Frame] [INFO] frame=6860 begin
[2026-06-11T08:54:57.203] [Frame] [INFO] frame=6861 begin
[2026-06-11T08:54:57.207] [Frame] [INFO] frame=6862 begin
[2026-06-11T08:54:57.211] [Frame] [INFO] frame=6863 begin
[2026-06-11T08:54:57.215] [Frame] [INFO] frame=6864 begin
[2026-06-11T08:54:57.220] [Frame] [INFO] frame=6865 begin
[2026-06-11T08:54:57.224] [Frame] [INFO] frame=6866 begin
[2026-06-11T08:54:57.228] [Frame] [INFO] frame=6867 begin
[2026-06-11T08:54:57.232] [Frame] [INFO] frame=6868 begin
[2026-06-11T08:54:57.236] [Frame] [INFO] frame=6869 begin
[2026-06-11T08:54:57.240] [Frame] [INFO] frame=6870 begin
[2026-06-11T08:54:57.245] [Frame] [INFO] frame=6871 begin
[2026-06-11T08:54:57.249] [Frame] [INFO] frame=6872 begin
[2026-06-11T08:54:57.253] [Frame] [INFO] frame=6873 begin
[2026-06-11T08:54:57.257] [Frame] [INFO] frame=6874 begin
[2026-06-11T08:54:57.261] [Frame] [INFO] frame=6875 begin
[2026-06-11T08:54:57.265] [Frame] [INFO] frame=6876 begin
[2026-06-11T08:54:57.270] [Frame] [INFO] frame=6877 begin
[2026-06-11T08:54:57.274] [Frame] [INFO] frame=6878 begin
[2026-06-11T08:54:57.278] [Frame] [INFO] frame=6879 begin
[2026-06-11T08:54:57.282] [Frame] [INFO] frame=6880 begin
[2026-06-11T08:54:57.286] [Frame] [INFO] frame=6881 begin
[2026-06-11T08:54:57.290] [Frame] [INFO] frame=6882 begin
[2026-06-11T08:54:57.295] [Frame] [INFO] frame=6883 begin
[2026-06-11T08:54:57.299] [Frame] [INFO] frame=6884 begin
[2026-06-11T08:54:57.303] [Frame] [INFO] frame=6885 begin
[2026-06-11T08:54:57.307] [Frame] [INFO] frame=6886 begin
[2026-06-11T08:54:57.311] [Frame] [INFO] frame=6887 begin
[2026-06-11T08:54:57.315] [Frame] [INFO] frame=6888 begin
[2026-06-11T08:54:57.320] [Frame] [INFO] frame=6889 begin
[2026-06-11T08:54:57.324] [Frame] [INFO] frame=6890 begin
[2026-06-11T08:54:57.328] [Frame] [INFO] frame=6891 begin
[2026-06-11T08:54:57.332] [Frame] [INFO] frame=6892 begin
[2026-06-11T08:54:57.336] [Frame] [INFO] frame=6893 begin
[2026-06-11T08:54:57.340] [Frame] [INFO] frame=6894 begin
[2026-06-11T08:54:57.345] [Frame] [INFO] frame=6895 begin
[2026-06-11T08:54:57.349] [Frame] [INFO] frame=6896 begin
[2026-06-11T08:54:57.353] [Frame] [INFO] frame=6897 begin
[2026-06-11T08:54:57.357] [Frame] [INFO] frame=6898 begin
[2026-06-11T08:54:57.361] [Frame] [INFO] frame=6899 begin
[2026-06-11T08:54:57.365] [Frame] [INFO] frame=6900 begin
[2026-06-11T08:54:57.370] [Frame] [INFO] frame=6901 begin
[2026-06-11T08:54:57.374] [Frame] [INFO] frame=6902 begin
[2026-06-11T08:54:57.378] [Frame] [INFO] frame=6903 begin
[2026-06-11T08:54:57.382] [Frame] [INFO] frame=6904 begin
[2026-06-11T08:54:57.386] [Frame] [INFO] frame=6905 begin
[2026-06-11T08:54:57.390] [Frame] [INFO] frame=6906 begin
[2026-06-11T08:54:57.395] [Frame] [INFO] frame=6907 begin
[2026-06-11T08:54:57.399] [Frame] [INFO] frame=6908 begin
[2026-06-11T08:54:57.403] [Frame] [INFO] frame=6909 begin
[2026-06-11T08:54:57.407] [Frame] [INFO] frame=6910 begin
[2026-06-11T08:54:57.411] [Frame] [INFO] frame=6911 begin
[2026-06-11T08:54:57.415] [Frame] [INFO] frame=6912 begin
[2026-06-11T08:54:57.420] [Frame] [INFO] frame=6913 begin
[2026-06-11T08:54:57.424] [Frame] [INFO] frame=6914 begin
[2026-06-11T08:54:57.428] [Frame] [INFO] frame=6915 begin
[2026-06-11T08:54:57.432] [Frame] [INFO] frame=6916 begin
[2026-06-11T08:54:57.436] [Frame] [INFO] frame=6917 begin
[2026-06-11T08:54:57.440] [Frame] [INFO] frame=6918 begin
[2026-06-11T08:54:57.445] [Frame] [INFO] frame=6919 begin
[2026-06-11T08:54:57.449] [Frame] [INFO] frame=6920 begin
[2026-06-11T08:54:57.453] [Frame] [INFO] frame=6921 begin
[2026-06-11T08:54:57.457] [Frame] [INFO] frame=6922 begin
[2026-06-11T08:54:57.461] [Frame] [INFO] frame=6923 begin
[2026-06-11T08:54:57.465] [Frame] [INFO] frame=6924 begin
[2026-06-11T08:54:57.470] [Frame] [INFO] frame=6925 begin
[2026-06-11T08:54:57.474] [Frame] [INFO] frame=6926 begin
[2026-06-11T08:54:57.478] [Frame] [INFO] frame=6927 begin
[2026-06-11T08:54:57.482] [Frame] [INFO] frame=6928 begin
[2026-06-11T08:54:57.486] [Frame] [INFO] frame=6929 begin
[2026-06-11T08:54:57.490] [Frame] [INFO] frame=6930 begin
[2026-06-11T08:54:57.495] [Frame] [INFO] frame=6931 begin
[2026-06-11T08:54:57.499] [Frame] [INFO] frame=6932 begin
[2026-06-11T08:54:57.503] [Frame] [INFO] frame=6933 begin
[2026-06-11T08:54:57.507] [Frame] [INFO] frame=6934 begin
[2026-06-11T08:54:57.511] [Frame] [INFO] frame=6935 begin
[2026-06-11T08:54:57.515] [Frame] [INFO] frame=6936 begin
[2026-06-11T08:54:57.520] [Frame] [INFO] frame=6937 begin
[2026-06-11T08:54:57.524] [Frame] [INFO] frame=6938 begin
[2026-06-11T08:54:57.528] [Frame] [INFO] frame=6939 begin
[2026-06-11T08:54:57.532] [Frame] [INFO] frame=6940 begin
[2026-06-11T08:54:57.536] [Frame] [INFO] frame=6941 begin
[2026-06-11T08:54:57.540] [Frame] [INFO] frame=6942 begin
[2026-06-11T08:54:57.545] [Frame] [INFO] frame=6943 begin
[2026-06-11T08:54:57.549] [Frame] [INFO] frame=6944 begin
[2026-06-11T08:54:57.553] [Frame] [INFO] frame=6945 begin
[2026-06-11T08:54:57.557] [Frame] [INFO] frame=6946 begin
[2026-06-11T08:54:57.561] [Frame] [INFO] frame=6947 begin
[2026-06-11T08:54:57.565] [Frame] [INFO] frame=6948 begin
[2026-06-11T08:54:57.570] [Frame] [INFO] frame=6949 begin
[2026-06-11T08:54:57.574] [Frame] [INFO] frame=6950 begin
[2026-06-11T08:54:57.578] [Frame] [INFO] frame=6951 begin
[2026-06-11T08:54:57.582] [Frame] [INFO] frame=6952 begin
[2026-06-11T08:54:57.586] [Frame] [INFO] frame=6953 begin
[2026-06-11T08:54:57.590] [Frame] [INFO] frame=6954 begin
[2026-06-11T08:54:57.595] [Frame] [INFO] frame=6955 begin
[2026-06-11T08:54:57.599] [Frame] [INFO] frame=6956 begin
[2026-06-11T08:54:57.603] [Frame] [INFO] frame=6957 begin
[2026-06-11T08:54:57.607] [Frame] [INFO] frame=6958 begin
[2026-06-11T08:54:57.611] [Frame] [INFO] frame=6959 begin
[2026-06-11T08:54:57.615] [Frame] [INFO] frame=6960 begin
[2026-06-11T08:54:57.620] [Frame] [INFO] frame=6961 begin
[2026-06-11T08:54:57.624] [Frame] [INFO] frame=6962 begin
[2026-06-11T08:54:57.628] [Frame] [INFO] frame=6963 begin
[2026-06-11T08:54:57.632] [Frame] [INFO] frame=6964 begin
[2026-06-11T08:54:57.636] [Frame] [INFO] frame=6965 begin
[2026-06-11T08:54:57.640] [Frame] [INFO] frame=6966 begin
[2026-06-11T08:54:57.645] [Frame] [INFO] frame=6967 begin
[2026-06-11T08:54:57.649] [Frame] [INFO] frame=6968 begin
[2026-06-11T08:54:57.653] [Frame] [INFO] frame=6969 begin
[2026-06-11T08:54:57.657] [Frame] [INFO] frame=6970 begin
[2026-06-11T08:54:57.661] [Frame] [INFO] frame=6971 begin
[2026-06-11T08:54:57.665] [Frame] [INFO] frame=6972 begin
[2026-06-11T08:54:57.670] [Frame] [INFO] frame=6973 begin
[2026-06-11T08:54:57.674] [Frame] [INFO] frame=6974 begin
[2026-06-11T08:54:57.678] [Frame] [INFO] frame=6975 begin
[2026-06-11T08:54:57.682] [Frame] [INFO] frame=6976 begin
[2026-06-11T08:54:57.686] [Frame] [INFO] frame=6977 begin
[2026-06-11T08:54:57.690] [Frame] [INFO] frame=6978 begin
[2026-06-11T08:54:57.695] [Frame] [INFO] frame=6979 begin
[2026-06-11T08:54:57.699] [Frame] [INFO] frame=6980 begin
[2026-06-11T08:54:57.703] [Frame] [INFO] frame=6981 begin
[2026-06-11T08:54:57.707] [Frame] [INFO] frame=6982 begin
[2026-06-11T08:54:57.711] [Frame] [INFO] frame=6983 begin
[2026-06-11T08:54:57.715] [Frame] [INFO] frame=6984 begin
[2026-06-11T08:54:57.720] [Frame] [INFO] frame=6985 begin
[2026-06-11T08:54:57.724] [Frame] [INFO] frame=6986 begin
[2026-06-11T08:54:57.728] [Frame] [INFO] frame=6987 begin
[2026-06-11T08:54:57.732] [Frame] [INFO] frame=6988 begin
[2026-06-11T08:54:57.736] [Frame] [INFO] frame=6989 begin
[2026-06-11T08:54:57.740] [Frame] [INFO] frame=6990 begin
[2026-06-11T08:54:57.745] [Frame] [INFO] frame=6991 begin
[2026-06-11T08:54:57.749] [Frame] [INFO] frame=6992 begin
[2026-06-11T08:54:57.753] [Frame] [INFO] frame=6993 begin
[2026-06-11T08:54:57.757] [Frame] [INFO] frame=6994 begin
[2026-06-11T08:54:57.761] [Frame] [INFO] frame=6995 begin
[2026-06-11T08:54:57.765] [Frame] [INFO] frame=6996 begin
[2026-06-11T08:54:57.770] [Frame] [INFO] frame=6997 begin
[2026-06-11T08:54:57.774] [Frame] [INFO] frame=6998 begin
[2026-06-11T08:54:57.778] [Frame] [INFO] frame=6999 begin
[2026-06-11T08:54:57.782] [Frame] [INFO] frame=7000 begin
[2026-06-11T08:54:57.786] [Frame] [INFO] frame=7001 begin
[2026-06-11T08:54:57.790] [Frame] [INFO] frame=7002 begin
[2026-06-11T08:54:57.795] [Frame] [INFO] frame=7003 begin
[2026-06-11T08:54:57.799] [Frame] [INFO] frame=7004 begin
[2026-06-11T08:54:57.803] [Frame] [INFO] frame=7005 begin
[2026-06-11T08:54:57.807] [Frame] [INFO] frame=7006 begin
[2026-06-11T08:54:57.811] [Frame] [INFO] frame=7007 begin
[2026-06-11T08:54:57.815] [Frame] [INFO] frame=7008 begin
[2026-06-11T08:54:57.820] [Frame] [INFO] frame=7009 begin
[2026-06-11T08:54:57.824] [Frame] [INFO] frame=7010 begin
[2026-06-11T08:54:57.828] [Frame] [INFO] frame=7011 begin
[2026-06-11T08:54:57.832] [Frame] [INFO] frame=7012 begin
[2026-06-11T08:54:57.836] [Frame] [INFO] frame=7013 begin
[2026-06-11T08:54:57.840] [Frame] [INFO] frame=7014 begin
[2026-06-11T08:54:57.845] [Frame] [INFO] frame=7015 begin
[2026-06-11T08:54:57.849] [Frame] [INFO] frame=7016 begin
[2026-06-11T08:54:57.853] [Frame] [INFO] frame=7017 begin
[2026-06-11T08:54:57.857] [Frame] [INFO] frame=7018 begin
[2026-06-11T08:54:57.861] [Frame] [INFO] frame=7019 begin
[2026-06-11T08:54:57.865] [Frame] [INFO] frame=7020 begin
[2026-06-11T08:54:57.870] [Frame] [INFO] frame=7021 begin
[2026-06-11T08:54:57.874] [Frame] [INFO] frame=7022 begin
[2026-06-11T08:54:57.878] [Frame] [INFO] frame=7023 begin
[2026-06-11T08:54:57.882] [Frame] [INFO] frame=7024 begin
[2026-06-11T08:54:57.886] [Frame] [INFO] frame=7025 begin
[2026-06-11T08:54:57.890] [Frame] [INFO] frame=7026 begin
[2026-06-11T08:54:57.895] [Frame] [INFO] frame=7027 begin
[2026-06-11T08:54:57.899] [Frame] [INFO] frame=7028 begin
[2026-06-11T08:54:57.903] [Frame] [INFO] frame=7029 begin
[2026-06-11T08:54:57.907] [Frame] [INFO] frame=7030 begin
[2026-06-11T08:54:57.911] [Frame] [INFO] frame=7031 begin
[2026-06-11T08:54:57.916] [Frame] [INFO] frame=7032 begin
[2026-06-11T08:54:57.920] [Frame] [INFO] frame=7033 begin
[2026-06-11T08:54:57.924] [Frame] [INFO] frame=7034 begin
[2026-06-11T08:54:57.928] [Frame] [INFO] frame=7035 begin
[2026-06-11T08:54:57.932] [Frame] [INFO] frame=7036 begin
[2026-06-11T08:54:57.936] [Frame] [INFO] frame=7037 begin
[2026-06-11T08:54:57.940] [Frame] [INFO] frame=7038 begin
[2026-06-11T08:54:57.945] [Frame] [INFO] frame=7039 begin
[2026-06-11T08:54:57.949] [Frame] [INFO] frame=7040 begin
[2026-06-11T08:54:57.953] [Frame] [INFO] frame=7041 begin
[2026-06-11T08:54:57.957] [Frame] [INFO] frame=7042 begin
[2026-06-11T08:54:57.961] [Frame] [INFO] frame=7043 begin
[2026-06-11T08:54:57.965] [Frame] [INFO] frame=7044 begin
[2026-06-11T08:54:57.970] [Frame] [INFO] frame=7045 begin
[2026-06-11T08:54:57.974] [Frame] [INFO] frame=7046 begin
[2026-06-11T08:54:57.978] [Frame] [INFO] frame=7047 begin
[2026-06-11T08:54:57.982] [Frame] [INFO] frame=7048 begin
[2026-06-11T08:54:57.986] [Frame] [INFO] frame=7049 begin
[2026-06-11T08:54:57.990] [Frame] [INFO] frame=7050 begin
[2026-06-11T08:54:57.995] [Frame] [INFO] frame=7051 begin
[2026-06-11T08:54:57.999] [Frame] [INFO] frame=7052 begin
[2026-06-11T08:54:58.003] [Frame] [INFO] frame=7053 begin
[2026-06-11T08:54:58.007] [Frame] [INFO] frame=7054 begin
[2026-06-11T08:54:58.011] [Frame] [INFO] frame=7055 begin
[2026-06-11T08:54:58.015] [Frame] [INFO] frame=7056 begin
[2026-06-11T08:54:58.020] [Frame] [INFO] frame=7057 begin
[2026-06-11T08:54:58.024] [Frame] [INFO] frame=7058 begin
[2026-06-11T08:54:58.028] [Frame] [INFO] frame=7059 begin
[2026-06-11T08:54:58.032] [Frame] [INFO] frame=7060 begin
[2026-06-11T08:54:58.036] [Frame] [INFO] frame=7061 begin
[2026-06-11T08:54:58.040] [Frame] [INFO] frame=7062 begin
[2026-06-11T08:54:58.045] [Frame] [INFO] frame=7063 begin
[2026-06-11T08:54:58.049] [Frame] [INFO] frame=7064 begin
[2026-06-11T08:54:58.053] [Frame] [INFO] frame=7065 begin
[2026-06-11T08:54:58.057] [Frame] [INFO] frame=7066 begin
[2026-06-11T08:54:58.061] [Frame] [INFO] frame=7067 begin
[2026-06-11T08:54:58.065] [Frame] [INFO] frame=7068 begin
[2026-06-11T08:54:58.070] [Frame] [INFO] frame=7069 begin
[2026-06-11T08:54:58.074] [Frame] [INFO] frame=7070 begin
[2026-06-11T08:54:58.078] [Frame] [INFO] frame=7071 begin
[2026-06-11T08:54:58.082] [Frame] [INFO] frame=7072 begin
[2026-06-11T08:54:58.086] [Frame] [INFO] frame=7073 begin
[2026-06-11T08:54:58.090] [Frame] [INFO] frame=7074 begin
[2026-06-11T08:54:58.095] [Frame] [INFO] frame=7075 begin
[2026-06-11T08:54:58.099] [Frame] [INFO] frame=7076 begin
[2026-06-11T08:54:58.103] [Frame] [INFO] frame=7077 begin
[2026-06-11T08:54:58.107] [Frame] [INFO] frame=7078 begin
[2026-06-11T08:54:58.111] [Frame] [INFO] frame=7079 begin
[2026-06-11T08:54:58.115] [Frame] [INFO] frame=7080 begin
[2026-06-11T08:54:58.120] [Frame] [INFO] frame=7081 begin
[2026-06-11T08:54:58.124] [Frame] [INFO] frame=7082 begin
[2026-06-11T08:54:58.128] [Frame] [INFO] frame=7083 begin
[2026-06-11T08:54:58.132] [Frame] [INFO] frame=7084 begin
[2026-06-11T08:54:58.136] [Frame] [INFO] frame=7085 begin
[2026-06-11T08:54:58.140] [Frame] [INFO] frame=7086 begin
[2026-06-11T08:54:58.145] [Frame] [INFO] frame=7087 begin
[2026-06-11T08:54:58.149] [Frame] [INFO] frame=7088 begin
[2026-06-11T08:54:58.153] [Frame] [INFO] frame=7089 begin
[2026-06-11T08:54:58.157] [Frame] [INFO] frame=7090 begin
[2026-06-11T08:54:58.161] [Frame] [INFO] frame=7091 begin
[2026-06-11T08:54:58.165] [Frame] [INFO] frame=7092 begin
[2026-06-11T08:54:58.170] [Frame] [INFO] frame=7093 begin
[2026-06-11T08:54:58.174] [Frame] [INFO] frame=7094 begin
[2026-06-11T08:54:58.178] [Frame] [INFO] frame=7095 begin
[2026-06-11T08:54:58.182] [Frame] [INFO] frame=7096 begin
[2026-06-11T08:54:58.186] [Frame] [INFO] frame=7097 begin
[2026-06-11T08:54:58.190] [Frame] [INFO] frame=7098 begin
[2026-06-11T08:54:58.195] [Frame] [INFO] frame=7099 begin
[2026-06-11T08:54:58.199] [Frame] [INFO] frame=7100 begin
[2026-06-11T08:54:58.203] [Frame] [INFO] frame=7101 begin
[2026-06-11T08:54:58.207] [Frame] [INFO] frame=7102 begin
[2026-06-11T08:54:58.211] [Frame] [INFO] frame=7103 begin
[2026-06-11T08:54:58.215] [Frame] [INFO] frame=7104 begin
[2026-06-11T08:54:58.220] [Frame] [INFO] frame=7105 begin
[2026-06-11T08:54:58.224] [Frame] [INFO] frame=7106 begin
[2026-06-11T08:54:58.228] [Frame] [INFO] frame=7107 begin
[2026-06-11T08:54:58.232] [Frame] [INFO] frame=7108 begin
[2026-06-11T08:54:58.236] [Frame] [INFO] frame=7109 begin
[2026-06-11T08:54:58.240] [Frame] [INFO] frame=7110 begin
[2026-06-11T08:54:58.245] [Frame] [INFO] frame=7111 begin
[2026-06-11T08:54:58.249] [Frame] [INFO] frame=7112 begin
[2026-06-11T08:54:58.253] [Frame] [INFO] frame=7113 begin
[2026-06-11T08:54:58.257] [Frame] [INFO] frame=7114 begin
[2026-06-11T08:54:58.261] [Frame] [INFO] frame=7115 begin
[2026-06-11T08:54:58.265] [Frame] [INFO] frame=7116 begin
[2026-06-11T08:54:58.270] [Frame] [INFO] frame=7117 begin
[2026-06-11T08:54:58.274] [Frame] [INFO] frame=7118 begin
[2026-06-11T08:54:58.278] [Frame] [INFO] frame=7119 begin
[2026-06-11T08:54:58.282] [Frame] [INFO] frame=7120 begin
[2026-06-11T08:54:58.286] [Frame] [INFO] frame=7121 begin
[2026-06-11T08:54:58.290] [Frame] [INFO] frame=7122 begin
[2026-06-11T08:54:58.295] [Frame] [INFO] frame=7123 begin
[2026-06-11T08:54:58.299] [Frame] [INFO] frame=7124 begin
[2026-06-11T08:54:58.303] [Frame] [INFO] frame=7125 begin
[2026-06-11T08:54:58.307] [Frame] [INFO] frame=7126 begin
[2026-06-11T08:54:58.311] [Frame] [INFO] frame=7127 begin
[2026-06-11T08:54:58.315] [Frame] [INFO] frame=7128 begin
[2026-06-11T08:54:58.320] [Frame] [INFO] frame=7129 begin
[2026-06-11T08:54:58.324] [Frame] [INFO] frame=7130 begin
[2026-06-11T08:54:58.328] [Frame] [INFO] frame=7131 begin
[2026-06-11T08:54:58.332] [Frame] [INFO] frame=7132 begin
[2026-06-11T08:54:58.336] [Frame] [INFO] frame=7133 begin
[2026-06-11T08:54:58.340] [Frame] [INFO] frame=7134 begin
[2026-06-11T08:54:58.345] [Frame] [INFO] frame=7135 begin
[2026-06-11T08:54:58.349] [Frame] [INFO] frame=7136 begin
[2026-06-11T08:54:58.353] [Frame] [INFO] frame=7137 begin
[2026-06-11T08:54:58.357] [Frame] [INFO] frame=7138 begin
[2026-06-11T08:54:58.361] [Frame] [INFO] frame=7139 begin
[2026-06-11T08:54:58.365] [Frame] [INFO] frame=7140 begin
[2026-06-11T08:54:58.370] [Frame] [INFO] frame=7141 begin
[2026-06-11T08:54:58.374] [Frame] [INFO] frame=7142 begin
[2026-06-11T08:54:58.378] [Frame] [INFO] frame=7143 begin
[2026-06-11T08:54:58.382] [Frame] [INFO] frame=7144 begin
[2026-06-11T08:54:58.386] [Frame] [INFO] frame=7145 begin
[2026-06-11T08:54:58.390] [Frame] [INFO] frame=7146 begin
[2026-06-11T08:54:58.395] [Frame] [INFO] frame=7147 begin
[2026-06-11T08:54:58.399] [Frame] [INFO] frame=7148 begin
[2026-06-11T08:54:58.403] [Frame] [INFO] frame=7149 begin
[2026-06-11T08:54:58.407] [Frame] [INFO] frame=7150 begin
[2026-06-11T08:54:58.411] [Frame] [INFO] frame=7151 begin
[2026-06-11T08:54:58.415] [Frame] [INFO] frame=7152 begin
[2026-06-11T08:54:58.420] [Frame] [INFO] frame=7153 begin
[2026-06-11T08:54:58.424] [Frame] [INFO] frame=7154 begin
[2026-06-11T08:54:58.428] [Frame] [INFO] frame=7155 begin
[2026-06-11T08:54:58.432] [Frame] [INFO] frame=7156 begin
[2026-06-11T08:54:58.436] [Frame] [INFO] frame=7157 begin
[2026-06-11T08:54:58.440] [Frame] [INFO] frame=7158 begin
[2026-06-11T08:54:58.445] [Frame] [INFO] frame=7159 begin
[2026-06-11T08:54:58.449] [Frame] [INFO] frame=7160 begin
[2026-06-11T08:54:58.453] [Frame] [INFO] frame=7161 begin
[2026-06-11T08:54:58.457] [Frame] [INFO] frame=7162 begin
[2026-06-11T08:54:58.461] [Frame] [INFO] frame=7163 begin
[2026-06-11T08:54:58.465] [Frame] [INFO] frame=7164 begin
[2026-06-11T08:54:58.470] [Frame] [INFO] frame=7165 begin
[2026-06-11T08:54:58.474] [Frame] [INFO] frame=7166 begin
[2026-06-11T08:54:58.478] [Frame] [INFO] frame=7167 begin
[2026-06-11T08:54:58.482] [Frame] [INFO] frame=7168 begin
[2026-06-11T08:54:58.486] [Frame] [INFO] frame=7169 begin
[2026-06-11T08:54:58.490] [Frame] [INFO] frame=7170 begin
[2026-06-11T08:54:58.495] [Frame] [INFO] frame=7171 begin
[2026-06-11T08:54:58.499] [Frame] [INFO] frame=7172 begin
[2026-06-11T08:54:58.503] [Frame] [INFO] frame=7173 begin
[2026-06-11T08:54:58.507] [Frame] [INFO] frame=7174 begin
[2026-06-11T08:54:58.511] [Frame] [INFO] frame=7175 begin
[2026-06-11T08:54:58.515] [Frame] [INFO] frame=7176 begin
[2026-06-11T08:54:58.520] [Frame] [INFO] frame=7177 begin
[2026-06-11T08:54:58.524] [Frame] [INFO] frame=7178 begin
[2026-06-11T08:54:58.528] [Frame] [INFO] frame=7179 begin
[2026-06-11T08:54:58.532] [Frame] [INFO] frame=7180 begin
[2026-06-11T08:54:58.536] [Frame] [INFO] frame=7181 begin
[2026-06-11T08:54:58.540] [Frame] [INFO] frame=7182 begin
[2026-06-11T08:54:58.545] [Frame] [INFO] frame=7183 begin
[2026-06-11T08:54:58.549] [Frame] [INFO] frame=7184 begin
[2026-06-11T08:54:58.553] [Frame] [INFO] frame=7185 begin
[2026-06-11T08:54:58.557] [Frame] [INFO] frame=7186 begin
[2026-06-11T08:54:58.561] [Frame] [INFO] frame=7187 begin
[2026-06-11T08:54:58.565] [Frame] [INFO] frame=7188 begin
[2026-06-11T08:54:58.570] [Frame] [INFO] frame=7189 begin
[2026-06-11T08:54:58.574] [Frame] [INFO] frame=7190 begin
[2026-06-11T08:54:58.578] [Frame] [INFO] frame=7191 begin
[2026-06-11T08:54:58.582] [Frame] [INFO] frame=7192 begin
[2026-06-11T08:54:58.586] [Frame] [INFO] frame=7193 begin
[2026-06-11T08:54:58.590] [Frame] [INFO] frame=7194 begin
[2026-06-11T08:54:58.595] [Frame] [INFO] frame=7195 begin
[2026-06-11T08:54:58.599] [Frame] [INFO] frame=7196 begin
[2026-06-11T08:54:58.603] [Frame] [INFO] frame=7197 begin
[2026-06-11T08:54:58.607] [Frame] [INFO] frame=7198 begin
[2026-06-11T08:54:58.611] [Frame] [INFO] frame=7199 begin
[2026-06-11T08:54:58.615] [Frame] [INFO] frame=7200 begin
[2026-06-11T08:54:58.620] [Frame] [INFO] frame=7201 begin
[2026-06-11T08:54:58.624] [Frame] [INFO] frame=7202 begin
[2026-06-11T08:54:58.628] [Frame] [INFO] frame=7203 begin
[2026-06-11T08:54:58.632] [Frame] [INFO] frame=7204 begin
[2026-06-11T08:54:58.636] [Frame] [INFO] frame=7205 begin
[2026-06-11T08:54:58.640] [Frame] [INFO] frame=7206 begin
[2026-06-11T08:54:58.645] [Frame] [INFO] frame=7207 begin
[2026-06-11T08:54:58.649] [Frame] [INFO] frame=7208 begin
[2026-06-11T08:54:58.653] [Frame] [INFO] frame=7209 begin
[2026-06-11T08:54:58.657] [Frame] [INFO] frame=7210 begin
[2026-06-11T08:54:58.661] [Frame] [INFO] frame=7211 begin
[2026-06-11T08:54:58.665] [Frame] [INFO] frame=7212 begin
[2026-06-11T08:54:58.670] [Frame] [INFO] frame=7213 begin
[2026-06-11T08:54:58.674] [Frame] [INFO] frame=7214 begin
[2026-06-11T08:54:58.678] [Frame] [INFO] frame=7215 begin
[2026-06-11T08:54:58.682] [Frame] [INFO] frame=7216 begin
[2026-06-11T08:54:58.686] [Frame] [INFO] frame=7217 begin
[2026-06-11T08:54:58.690] [Frame] [INFO] frame=7218 begin
[2026-06-11T08:54:58.695] [Frame] [INFO] frame=7219 begin
[2026-06-11T08:54:58.699] [Frame] [INFO] frame=7220 begin
[2026-06-11T08:54:58.703] [Frame] [INFO] frame=7221 begin
[2026-06-11T08:54:58.707] [Frame] [INFO] frame=7222 begin
[2026-06-11T08:54:58.711] [Frame] [INFO] frame=7223 begin
[2026-06-11T08:54:58.715] [Frame] [INFO] frame=7224 begin
[2026-06-11T08:54:58.720] [Frame] [INFO] frame=7225 begin
[2026-06-11T08:54:58.724] [Frame] [INFO] frame=7226 begin
[2026-06-11T08:54:58.728] [Frame] [INFO] frame=7227 begin
[2026-06-11T08:54:58.732] [Frame] [INFO] frame=7228 begin
[2026-06-11T08:54:58.736] [Frame] [INFO] frame=7229 begin
[2026-06-11T08:54:58.740] [Frame] [INFO] frame=7230 begin
[2026-06-11T08:54:58.745] [Frame] [INFO] frame=7231 begin
[2026-06-11T08:54:58.749] [Frame] [INFO] frame=7232 begin
[2026-06-11T08:54:58.753] [Frame] [INFO] frame=7233 begin
[2026-06-11T08:54:58.757] [Frame] [INFO] frame=7234 begin
[2026-06-11T08:54:58.761] [Frame] [INFO] frame=7235 begin
[2026-06-11T08:54:58.765] [Frame] [INFO] frame=7236 begin
[2026-06-11T08:54:58.770] [Frame] [INFO] frame=7237 begin
[2026-06-11T08:54:58.774] [Frame] [INFO] frame=7238 begin
[2026-06-11T08:54:58.778] [Frame] [INFO] frame=7239 begin
[2026-06-11T08:54:58.782] [Frame] [INFO] frame=7240 begin
[2026-06-11T08:54:58.786] [Frame] [INFO] frame=7241 begin
[2026-06-11T08:54:58.790] [Frame] [INFO] frame=7242 begin
[2026-06-11T08:54:58.795] [Frame] [INFO] frame=7243 begin
[2026-06-11T08:54:58.799] [Frame] [INFO] frame=7244 begin
[2026-06-11T08:54:58.803] [Frame] [INFO] frame=7245 begin
[2026-06-11T08:54:58.807] [Frame] [INFO] frame=7246 begin
[2026-06-11T08:54:58.811] [Frame] [INFO] frame=7247 begin
[2026-06-11T08:54:58.816] [Frame] [INFO] frame=7248 begin
[2026-06-11T08:54:58.820] [Frame] [INFO] frame=7249 begin
[2026-06-11T08:54:58.824] [Frame] [INFO] frame=7250 begin
[2026-06-11T08:54:58.828] [Frame] [INFO] frame=7251 begin
[2026-06-11T08:54:58.832] [Frame] [INFO] frame=7252 begin
[2026-06-11T08:54:58.836] [Frame] [INFO] frame=7253 begin
[2026-06-11T08:54:58.840] [Frame] [INFO] frame=7254 begin
[2026-06-11T08:54:58.845] [Frame] [INFO] frame=7255 begin
[2026-06-11T08:54:58.849] [Frame] [INFO] frame=7256 begin
[2026-06-11T08:54:58.853] [Frame] [INFO] frame=7257 begin
[2026-06-11T08:54:58.857] [Frame] [INFO] frame=7258 begin
[2026-06-11T08:54:58.861] [Frame] [INFO] frame=7259 begin
[2026-06-11T08:54:58.865] [Frame] [INFO] frame=7260 begin
[2026-06-11T08:54:58.870] [Frame] [INFO] frame=7261 begin
[2026-06-11T08:54:58.874] [Frame] [INFO] frame=7262 begin
[2026-06-11T08:54:58.878] [Frame] [INFO] frame=7263 begin
[2026-06-11T08:54:58.882] [Frame] [INFO] frame=7264 begin
[2026-06-11T08:54:58.886] [Frame] [INFO] frame=7265 begin
[2026-06-11T08:54:58.890] [Frame] [INFO] frame=7266 begin
[2026-06-11T08:54:58.895] [Frame] [INFO] frame=7267 begin
[2026-06-11T08:54:58.899] [Frame] [INFO] frame=7268 begin
[2026-06-11T08:54:58.903] [Frame] [INFO] frame=7269 begin
[2026-06-11T08:54:58.907] [Frame] [INFO] frame=7270 begin
[2026-06-11T08:54:58.911] [Frame] [INFO] frame=7271 begin
[2026-06-11T08:54:58.915] [Frame] [INFO] frame=7272 begin
[2026-06-11T08:54:58.920] [Frame] [INFO] frame=7273 begin
[2026-06-11T08:54:58.924] [Frame] [INFO] frame=7274 begin
[2026-06-11T08:54:58.928] [Frame] [INFO] frame=7275 begin
[2026-06-11T08:54:58.932] [Frame] [INFO] frame=7276 begin
[2026-06-11T08:54:58.936] [Frame] [INFO] frame=7277 begin
[2026-06-11T08:54:58.940] [Frame] [INFO] frame=7278 begin
[2026-06-11T08:54:58.945] [Frame] [INFO] frame=7279 begin
[2026-06-11T08:54:58.949] [Frame] [INFO] frame=7280 begin
[2026-06-11T08:54:58.953] [Frame] [INFO] frame=7281 begin
[2026-06-11T08:54:58.957] [Frame] [INFO] frame=7282 begin
[2026-06-11T08:54:58.961] [Frame] [INFO] frame=7283 begin
[2026-06-11T08:54:58.965] [Frame] [INFO] frame=7284 begin
[2026-06-11T08:54:58.970] [Frame] [INFO] frame=7285 begin
[2026-06-11T08:54:58.974] [Frame] [INFO] frame=7286 begin
[2026-06-11T08:54:58.978] [Frame] [INFO] frame=7287 begin
[2026-06-11T08:54:58.982] [Frame] [INFO] frame=7288 begin
[2026-06-11T08:54:58.986] [Frame] [INFO] frame=7289 begin
[2026-06-11T08:54:58.990] [Frame] [INFO] frame=7290 begin
[2026-06-11T08:54:58.995] [Frame] [INFO] frame=7291 begin
[2026-06-11T08:54:58.999] [Frame] [INFO] frame=7292 begin
[2026-06-11T08:54:59.003] [Frame] [INFO] frame=7293 begin
[2026-06-11T08:54:59.007] [Frame] [INFO] frame=7294 begin
[2026-06-11T08:54:59.011] [Frame] [INFO] frame=7295 begin
[2026-06-11T08:54:59.015] [Frame] [INFO] frame=7296 begin
[2026-06-11T08:54:59.020] [Frame] [INFO] frame=7297 begin
[2026-06-11T08:54:59.024] [Frame] [INFO] frame=7298 begin
[2026-06-11T08:54:59.028] [Frame] [INFO] frame=7299 begin
[2026-06-11T08:54:59.032] [Frame] [INFO] frame=7300 begin
[2026-06-11T08:54:59.036] [Frame] [INFO] frame=7301 begin
[2026-06-11T08:54:59.040] [Frame] [INFO] frame=7302 begin
[2026-06-11T08:54:59.045] [Frame] [INFO] frame=7303 begin
[2026-06-11T08:54:59.049] [Frame] [INFO] frame=7304 begin
[2026-06-11T08:54:59.053] [Frame] [INFO] frame=7305 begin
[2026-06-11T08:54:59.057] [Frame] [INFO] frame=7306 begin
[2026-06-11T08:54:59.061] [Frame] [INFO] frame=7307 begin
[2026-06-11T08:54:59.066] [Frame] [INFO] frame=7308 begin
[2026-06-11T08:54:59.070] [Frame] [INFO] frame=7309 begin
[2026-06-11T08:54:59.074] [Frame] [INFO] frame=7310 begin
[2026-06-11T08:54:59.078] [Frame] [INFO] frame=7311 begin
[2026-06-11T08:54:59.082] [Frame] [INFO] frame=7312 begin
[2026-06-11T08:54:59.086] [Frame] [INFO] frame=7313 begin
[2026-06-11T08:54:59.090] [Frame] [INFO] frame=7314 begin
[2026-06-11T08:54:59.095] [Frame] [INFO] frame=7315 begin
[2026-06-11T08:54:59.099] [Frame] [INFO] frame=7316 begin
[2026-06-11T08:54:59.103] [Frame] [INFO] frame=7317 begin
[2026-06-11T08:54:59.107] [Frame] [INFO] frame=7318 begin
[2026-06-11T08:54:59.111] [Frame] [INFO] frame=7319 begin
[2026-06-11T08:54:59.115] [Frame] [INFO] frame=7320 begin
[2026-06-11T08:54:59.120] [Frame] [INFO] frame=7321 begin
[2026-06-11T08:54:59.124] [Frame] [INFO] frame=7322 begin
[2026-06-11T08:54:59.128] [Frame] [INFO] frame=7323 begin
[2026-06-11T08:54:59.132] [Frame] [INFO] frame=7324 begin
[2026-06-11T08:54:59.136] [Frame] [INFO] frame=7325 begin
[2026-06-11T08:54:59.140] [Frame] [INFO] frame=7326 begin
[2026-06-11T08:54:59.145] [Frame] [INFO] frame=7327 begin
[2026-06-11T08:54:59.149] [Frame] [INFO] frame=7328 begin
[2026-06-11T08:54:59.153] [Frame] [INFO] frame=7329 begin
[2026-06-11T08:54:59.157] [Frame] [INFO] frame=7330 begin
[2026-06-11T08:54:59.161] [Frame] [INFO] frame=7331 begin
[2026-06-11T08:54:59.165] [Frame] [INFO] frame=7332 begin
[2026-06-11T08:54:59.170] [Frame] [INFO] frame=7333 begin
[2026-06-11T08:54:59.174] [Frame] [INFO] frame=7334 begin
[2026-06-11T08:54:59.178] [Frame] [INFO] frame=7335 begin
[2026-06-11T08:54:59.182] [Frame] [INFO] frame=7336 begin
[2026-06-11T08:54:59.186] [Frame] [INFO] frame=7337 begin
[2026-06-11T08:54:59.190] [Frame] [INFO] frame=7338 begin
[2026-06-11T08:54:59.195] [Frame] [INFO] frame=7339 begin
[2026-06-11T08:54:59.199] [Frame] [INFO] frame=7340 begin
[2026-06-11T08:54:59.203] [Frame] [INFO] frame=7341 begin
[2026-06-11T08:54:59.207] [Frame] [INFO] frame=7342 begin
[2026-06-11T08:54:59.211] [Frame] [INFO] frame=7343 begin
[2026-06-11T08:54:59.215] [Frame] [INFO] frame=7344 begin
[2026-06-11T08:54:59.220] [Frame] [INFO] frame=7345 begin
[2026-06-11T08:54:59.224] [Frame] [INFO] frame=7346 begin
[2026-06-11T08:54:59.228] [Frame] [INFO] frame=7347 begin
[2026-06-11T08:54:59.232] [Frame] [INFO] frame=7348 begin
[2026-06-11T08:54:59.236] [Frame] [INFO] frame=7349 begin
[2026-06-11T08:54:59.240] [Frame] [INFO] frame=7350 begin
[2026-06-11T08:54:59.245] [Frame] [INFO] frame=7351 begin
[2026-06-11T08:54:59.249] [Frame] [INFO] frame=7352 begin
[2026-06-11T08:54:59.253] [Frame] [INFO] frame=7353 begin
[2026-06-11T08:54:59.257] [Frame] [INFO] frame=7354 begin
[2026-06-11T08:54:59.261] [Frame] [INFO] frame=7355 begin
[2026-06-11T08:54:59.265] [Frame] [INFO] frame=7356 begin
[2026-06-11T08:54:59.270] [Frame] [INFO] frame=7357 begin
[2026-06-11T08:54:59.274] [Frame] [INFO] frame=7358 begin
[2026-06-11T08:54:59.278] [Frame] [INFO] frame=7359 begin
[2026-06-11T08:54:59.282] [Frame] [INFO] frame=7360 begin
[2026-06-11T08:54:59.286] [Frame] [INFO] frame=7361 begin
[2026-06-11T08:54:59.290] [Frame] [INFO] frame=7362 begin
[2026-06-11T08:54:59.295] [Frame] [INFO] frame=7363 begin
[2026-06-11T08:54:59.299] [Frame] [INFO] frame=7364 begin
[2026-06-11T08:54:59.303] [Frame] [INFO] frame=7365 begin
[2026-06-11T08:54:59.307] [Frame] [INFO] frame=7366 begin
[2026-06-11T08:54:59.311] [Frame] [INFO] frame=7367 begin
[2026-06-11T08:54:59.315] [Frame] [INFO] frame=7368 begin
[2026-06-11T08:54:59.320] [Frame] [INFO] frame=7369 begin
[2026-06-11T08:54:59.324] [Frame] [INFO] frame=7370 begin
[2026-06-11T08:54:59.328] [Frame] [INFO] frame=7371 begin
[2026-06-11T08:54:59.332] [Frame] [INFO] frame=7372 begin
[2026-06-11T08:54:59.336] [Frame] [INFO] frame=7373 begin
[2026-06-11T08:54:59.340] [Frame] [INFO] frame=7374 begin
[2026-06-11T08:54:59.345] [Frame] [INFO] frame=7375 begin
[2026-06-11T08:54:59.349] [Frame] [INFO] frame=7376 begin
[2026-06-11T08:54:59.353] [Frame] [INFO] frame=7377 begin
[2026-06-11T08:54:59.357] [Frame] [INFO] frame=7378 begin
[2026-06-11T08:54:59.361] [Frame] [INFO] frame=7379 begin
[2026-06-11T08:54:59.365] [Frame] [INFO] frame=7380 begin
[2026-06-11T08:54:59.370] [Frame] [INFO] frame=7381 begin
[2026-06-11T08:54:59.374] [Frame] [INFO] frame=7382 begin
[2026-06-11T08:54:59.378] [Frame] [INFO] frame=7383 begin
[2026-06-11T08:54:59.382] [Frame] [INFO] frame=7384 begin
[2026-06-11T08:54:59.386] [Frame] [INFO] frame=7385 begin
[2026-06-11T08:54:59.391] [Frame] [INFO] frame=7386 begin
[2026-06-11T08:54:59.395] [Frame] [INFO] frame=7387 begin
[2026-06-11T08:54:59.399] [Frame] [INFO] frame=7388 begin
[2026-06-11T08:54:59.403] [Frame] [INFO] frame=7389 begin
[2026-06-11T08:54:59.407] [Frame] [INFO] frame=7390 begin
[2026-06-11T08:54:59.411] [Frame] [INFO] frame=7391 begin
[2026-06-11T08:54:59.415] [Frame] [INFO] frame=7392 begin
[2026-06-11T08:54:59.420] [Frame] [INFO] frame=7393 begin
[2026-06-11T08:54:59.424] [Frame] [INFO] frame=7394 begin
[2026-06-11T08:54:59.428] [Frame] [INFO] frame=7395 begin
[2026-06-11T08:54:59.432] [Frame] [INFO] frame=7396 begin
[2026-06-11T08:54:59.436] [Frame] [INFO] frame=7397 begin
[2026-06-11T08:54:59.440] [Frame] [INFO] frame=7398 begin
[2026-06-11T08:54:59.445] [Frame] [INFO] frame=7399 begin
[2026-06-11T08:54:59.449] [Frame] [INFO] frame=7400 begin
[2026-06-11T08:54:59.453] [Frame] [INFO] frame=7401 begin
[2026-06-11T08:54:59.457] [Frame] [INFO] frame=7402 begin
[2026-06-11T08:54:59.461] [Frame] [INFO] frame=7403 begin
[2026-06-11T08:54:59.465] [Frame] [INFO] frame=7404 begin
[2026-06-11T08:54:59.470] [Frame] [INFO] frame=7405 begin
[2026-06-11T08:54:59.474] [Frame] [INFO] frame=7406 begin
[2026-06-11T08:54:59.478] [Frame] [INFO] frame=7407 begin
[2026-06-11T08:54:59.482] [Frame] [INFO] frame=7408 begin
[2026-06-11T08:54:59.486] [Frame] [INFO] frame=7409 begin
[2026-06-11T08:54:59.490] [Frame] [INFO] frame=7410 begin
[2026-06-11T08:54:59.495] [Frame] [INFO] frame=7411 begin
[2026-06-11T08:54:59.499] [Frame] [INFO] frame=7412 begin
[2026-06-11T08:54:59.503] [Frame] [INFO] frame=7413 begin
[2026-06-11T08:54:59.507] [Frame] [INFO] frame=7414 begin
[2026-06-11T08:54:59.511] [Frame] [INFO] frame=7415 begin
[2026-06-11T08:54:59.515] [Frame] [INFO] frame=7416 begin
[2026-06-11T08:54:59.520] [Frame] [INFO] frame=7417 begin
[2026-06-11T08:54:59.524] [Frame] [INFO] frame=7418 begin
[2026-06-11T08:54:59.528] [Frame] [INFO] frame=7419 begin
[2026-06-11T08:54:59.532] [Frame] [INFO] frame=7420 begin
[2026-06-11T08:54:59.536] [Frame] [INFO] frame=7421 begin
[2026-06-11T08:54:59.540] [Frame] [INFO] frame=7422 begin
[2026-06-11T08:54:59.545] [Frame] [INFO] frame=7423 begin
[2026-06-11T08:54:59.549] [Frame] [INFO] frame=7424 begin
[2026-06-11T08:54:59.553] [Frame] [INFO] frame=7425 begin
[2026-06-11T08:54:59.557] [Frame] [INFO] frame=7426 begin
[2026-06-11T08:54:59.561] [Frame] [INFO] frame=7427 begin
[2026-06-11T08:54:59.565] [Frame] [INFO] frame=7428 begin
[2026-06-11T08:54:59.570] [Frame] [INFO] frame=7429 begin
[2026-06-11T08:54:59.574] [Frame] [INFO] frame=7430 begin
[2026-06-11T08:54:59.578] [Frame] [INFO] frame=7431 begin
[2026-06-11T08:54:59.582] [Frame] [INFO] frame=7432 begin
[2026-06-11T08:54:59.586] [Frame] [INFO] frame=7433 begin
[2026-06-11T08:54:59.590] [Frame] [INFO] frame=7434 begin
[2026-06-11T08:54:59.595] [Frame] [INFO] frame=7435 begin
[2026-06-11T08:54:59.599] [Frame] [INFO] frame=7436 begin
[2026-06-11T08:54:59.603] [Frame] [INFO] frame=7437 begin
[2026-06-11T08:54:59.607] [Frame] [INFO] frame=7438 begin
[2026-06-11T08:54:59.611] [Frame] [INFO] frame=7439 begin
[2026-06-11T08:54:59.615] [Frame] [INFO] frame=7440 begin
[2026-06-11T08:54:59.620] [Frame] [INFO] frame=7441 begin
[2026-06-11T08:54:59.624] [Frame] [INFO] frame=7442 begin
[2026-06-11T08:54:59.628] [Frame] [INFO] frame=7443 begin
[2026-06-11T08:54:59.632] [Frame] [INFO] frame=7444 begin
[2026-06-11T08:54:59.636] [Frame] [INFO] frame=7445 begin
[2026-06-11T08:54:59.640] [Frame] [INFO] frame=7446 begin
[2026-06-11T08:54:59.645] [Frame] [INFO] frame=7447 begin
[2026-06-11T08:54:59.649] [Frame] [INFO] frame=7448 begin
[2026-06-11T08:54:59.653] [Frame] [INFO] frame=7449 begin
[2026-06-11T08:54:59.657] [Frame] [INFO] frame=7450 begin
[2026-06-11T08:54:59.661] [Frame] [INFO] frame=7451 begin
[2026-06-11T08:54:59.665] [Frame] [INFO] frame=7452 begin
[2026-06-11T08:54:59.670] [Frame] [INFO] frame=7453 begin
[2026-06-11T08:54:59.674] [Frame] [INFO] frame=7454 begin
[2026-06-11T08:54:59.678] [Frame] [INFO] frame=7455 begin
[2026-06-11T08:54:59.682] [Frame] [INFO] frame=7456 begin
[2026-06-11T08:54:59.686] [Frame] [INFO] frame=7457 begin
[2026-06-11T08:54:59.690] [Frame] [INFO] frame=7458 begin
[2026-06-11T08:54:59.695] [Frame] [INFO] frame=7459 begin
[2026-06-11T08:54:59.699] [Frame] [INFO] frame=7460 begin
[2026-06-11T08:54:59.703] [Frame] [INFO] frame=7461 begin
[2026-06-11T08:54:59.707] [Frame] [INFO] frame=7462 begin
[2026-06-11T08:54:59.711] [Frame] [INFO] frame=7463 begin
[2026-06-11T08:54:59.715] [Frame] [INFO] frame=7464 begin
[2026-06-11T08:54:59.720] [Frame] [INFO] frame=7465 begin
[2026-06-11T08:54:59.724] [Frame] [INFO] frame=7466 begin
[2026-06-11T08:54:59.728] [Frame] [INFO] frame=7467 begin
[2026-06-11T08:54:59.732] [Frame] [INFO] frame=7468 begin
[2026-06-11T08:54:59.736] [Frame] [INFO] frame=7469 begin
[2026-06-11T08:54:59.740] [Frame] [INFO] frame=7470 begin
[2026-06-11T08:54:59.745] [Frame] [INFO] frame=7471 begin
[2026-06-11T08:54:59.749] [Frame] [INFO] frame=7472 begin
[2026-06-11T08:54:59.753] [Frame] [INFO] frame=7473 begin
[2026-06-11T08:54:59.757] [Frame] [INFO] frame=7474 begin
[2026-06-11T08:54:59.761] [Frame] [INFO] frame=7475 begin
[2026-06-11T08:54:59.766] [Frame] [INFO] frame=7476 begin
[2026-06-11T08:54:59.770] [Frame] [INFO] frame=7477 begin
[2026-06-11T08:54:59.774] [Frame] [INFO] frame=7478 begin
[2026-06-11T08:54:59.778] [Frame] [INFO] frame=7479 begin
[2026-06-11T08:54:59.782] [Frame] [INFO] frame=7480 begin
[2026-06-11T08:54:59.786] [Frame] [INFO] frame=7481 begin
[2026-06-11T08:54:59.790] [Frame] [INFO] frame=7482 begin
[2026-06-11T08:54:59.795] [Frame] [INFO] frame=7483 begin
[2026-06-11T08:54:59.799] [Frame] [INFO] frame=7484 begin
[2026-06-11T08:54:59.803] [Frame] [INFO] frame=7485 begin
[2026-06-11T08:54:59.807] [Frame] [INFO] frame=7486 begin
[2026-06-11T08:54:59.811] [Frame] [INFO] frame=7487 begin
[2026-06-11T08:54:59.815] [Frame] [INFO] frame=7488 begin
[2026-06-11T08:54:59.820] [Frame] [INFO] frame=7489 begin
[2026-06-11T08:54:59.824] [Frame] [INFO] frame=7490 begin
[2026-06-11T08:54:59.828] [Frame] [INFO] frame=7491 begin
[2026-06-11T08:54:59.832] [Frame] [INFO] frame=7492 begin
[2026-06-11T08:54:59.836] [Frame] [INFO] frame=7493 begin
[2026-06-11T08:54:59.840] [Frame] [INFO] frame=7494 begin
[2026-06-11T08:54:59.845] [Frame] [INFO] frame=7495 begin
[2026-06-11T08:54:59.849] [Frame] [INFO] frame=7496 begin
[2026-06-11T08:54:59.853] [Frame] [INFO] frame=7497 begin
[2026-06-11T08:54:59.857] [Frame] [INFO] frame=7498 begin
[2026-06-11T08:54:59.861] [Frame] [INFO] frame=7499 begin
[2026-06-11T08:54:59.865] [Frame] [INFO] frame=7500 begin
[2026-06-11T08:54:59.870] [Frame] [INFO] frame=7501 begin
[2026-06-11T08:54:59.874] [Frame] [INFO] frame=7502 begin
[2026-06-11T08:54:59.878] [Frame] [INFO] frame=7503 begin
[2026-06-11T08:54:59.882] [Frame] [INFO] frame=7504 begin
[2026-06-11T08:54:59.886] [Frame] [INFO] frame=7505 begin
[2026-06-11T08:54:59.890] [Frame] [INFO] frame=7506 begin
[2026-06-11T08:54:59.895] [Frame] [INFO] frame=7507 begin
[2026-06-11T08:54:59.899] [Frame] [INFO] frame=7508 begin
[2026-06-11T08:54:59.903] [Frame] [INFO] frame=7509 begin
[2026-06-11T08:54:59.907] [Frame] [INFO] frame=7510 begin
[2026-06-11T08:54:59.911] [Frame] [INFO] frame=7511 begin
[2026-06-11T08:54:59.915] [Frame] [INFO] frame=7512 begin
[2026-06-11T08:54:59.920] [Frame] [INFO] frame=7513 begin
[2026-06-11T08:54:59.924] [Frame] [INFO] frame=7514 begin
[2026-06-11T08:54:59.945] [Frame] [INFO] frame=7515 begin
[2026-06-11T08:54:59.946] [Frame] [INFO] frame=7516 begin
[2026-06-11T08:54:59.947] [Frame] [INFO] frame=7517 begin
[2026-06-11T08:54:59.948] [Frame] [INFO] frame=7518 begin
[2026-06-11T08:54:59.949] [Frame] [INFO] frame=7519 begin
[2026-06-11T08:54:59.950] [Frame] [INFO] frame=7520 begin
[2026-06-11T08:54:59.953] [Frame] [INFO] frame=7521 begin
[2026-06-11T08:54:59.957] [Frame] [INFO] frame=7522 begin
[2026-06-11T08:54:59.961] [Frame] [INFO] frame=7523 begin
[2026-06-11T08:54:59.964] [Frame] [INFO] frame=7524 begin
[2026-06-11T08:54:59.968] [Frame] [INFO] frame=7525 begin
[2026-06-11T08:54:59.972] [Frame] [INFO] frame=7526 begin
[2026-06-11T08:54:59.987] [Frame] [INFO] frame=7527 begin
[2026-06-11T08:54:59.988] [Frame] [INFO] frame=7528 begin
[2026-06-11T08:54:59.990] [Frame] [INFO] frame=7529 begin
[2026-06-11T08:54:59.991] [Frame] [INFO] frame=7530 begin
[2026-06-11T08:54:59.993] [Frame] [INFO] frame=7531 begin
[2026-06-11T08:54:59.998] [Frame] [INFO] frame=7532 begin
[2026-06-11T08:55:00.002] [Frame] [INFO] frame=7533 begin
[2026-06-11T08:55:00.006] [Frame] [INFO] frame=7534 begin
[2026-06-11T08:55:00.010] [Frame] [INFO] frame=7535 begin
[2026-06-11T08:55:00.014] [Frame] [INFO] frame=7536 begin
[2026-06-11T08:55:00.018] [Frame] [INFO] frame=7537 begin
[2026-06-11T08:55:00.022] [Frame] [INFO] frame=7538 begin
[2026-06-11T08:55:00.027] [Frame] [INFO] frame=7539 begin
[2026-06-11T08:55:00.031] [Frame] [INFO] frame=7540 begin
[2026-06-11T08:55:00.035] [Frame] [INFO] frame=7541 begin
[2026-06-11T08:55:00.039] [Frame] [INFO] frame=7542 begin
[2026-06-11T08:55:00.043] [Frame] [INFO] frame=7543 begin
[2026-06-11T08:55:00.047] [Frame] [INFO] frame=7544 begin
[2026-06-11T08:55:00.052] [Frame] [INFO] frame=7545 begin
[2026-06-11T08:55:00.056] [Frame] [INFO] frame=7546 begin
[2026-06-11T08:55:00.060] [Frame] [INFO] frame=7547 begin
[2026-06-11T08:55:00.064] [Frame] [INFO] frame=7548 begin
[2026-06-11T08:55:00.068] [Frame] [INFO] frame=7549 begin
[2026-06-11T08:55:00.072] [Frame] [INFO] frame=7550 begin
[2026-06-11T08:55:00.077] [Frame] [INFO] frame=7551 begin
[2026-06-11T08:55:00.081] [Frame] [INFO] frame=7552 begin
[2026-06-11T08:55:00.085] [Frame] [INFO] frame=7553 begin
[2026-06-11T08:55:00.089] [Frame] [INFO] frame=7554 begin
[2026-06-11T08:55:00.093] [Frame] [INFO] frame=7555 begin
[2026-06-11T08:55:00.098] [Frame] [INFO] frame=7556 begin
[2026-06-11T08:55:00.102] [Frame] [INFO] frame=7557 begin
[2026-06-11T08:55:00.106] [Frame] [INFO] frame=7558 begin
[2026-06-11T08:55:00.110] [Frame] [INFO] frame=7559 begin
[2026-06-11T08:55:00.114] [Frame] [INFO] frame=7560 begin
[2026-06-11T08:55:00.119] [Frame] [INFO] frame=7561 begin
[2026-06-11T08:55:00.122] [Frame] [INFO] frame=7562 begin
[2026-06-11T08:55:00.127] [Frame] [INFO] frame=7563 begin
[2026-06-11T08:55:00.131] [Frame] [INFO] frame=7564 begin
[2026-06-11T08:55:00.135] [Frame] [INFO] frame=7565 begin
[2026-06-11T08:55:00.139] [Frame] [INFO] frame=7566 begin
[2026-06-11T08:55:00.143] [Frame] [INFO] frame=7567 begin
[2026-06-11T08:55:00.147] [Frame] [INFO] frame=7568 begin
[2026-06-11T08:55:00.152] [Frame] [INFO] frame=7569 begin
[2026-06-11T08:55:00.156] [Frame] [INFO] frame=7570 begin
[2026-06-11T08:55:00.160] [Frame] [INFO] frame=7571 begin
[2026-06-11T08:55:00.164] [Frame] [INFO] frame=7572 begin
[2026-06-11T08:55:00.168] [Frame] [INFO] frame=7573 begin
[2026-06-11T08:55:00.172] [Frame] [INFO] frame=7574 begin
[2026-06-11T08:55:00.177] [Frame] [INFO] frame=7575 begin
[2026-06-11T08:55:00.181] [Frame] [INFO] frame=7576 begin
[2026-06-11T08:55:00.185] [Frame] [INFO] frame=7577 begin
[2026-06-11T08:55:00.189] [Frame] [INFO] frame=7578 begin
[2026-06-11T08:55:00.193] [Frame] [INFO] frame=7579 begin
[2026-06-11T08:55:00.197] [Frame] [INFO] frame=7580 begin
[2026-06-11T08:55:00.202] [Frame] [INFO] frame=7581 begin
[2026-06-11T08:55:00.206] [Frame] [INFO] frame=7582 begin
[2026-06-11T08:55:00.210] [Frame] [INFO] frame=7583 begin
[2026-06-11T08:55:00.214] [Frame] [INFO] frame=7584 begin
[2026-06-11T08:55:00.218] [Frame] [INFO] frame=7585 begin
[2026-06-11T08:55:00.222] [Frame] [INFO] frame=7586 begin
[2026-06-11T08:55:00.227] [Frame] [INFO] frame=7587 begin
[2026-06-11T08:55:00.231] [Frame] [INFO] frame=7588 begin
[2026-06-11T08:55:00.235] [Frame] [INFO] frame=7589 begin
[2026-06-11T08:55:00.239] [Frame] [INFO] frame=7590 begin
[2026-06-11T08:55:00.243] [Frame] [INFO] frame=7591 begin
[2026-06-11T08:55:00.247] [Frame] [INFO] frame=7592 begin
[2026-06-11T08:55:00.252] [Frame] [INFO] frame=7593 begin
[2026-06-11T08:55:00.256] [Frame] [INFO] frame=7594 begin
[2026-06-11T08:55:00.260] [Frame] [INFO] frame=7595 begin
[2026-06-11T08:55:00.264] [Frame] [INFO] frame=7596 begin
[2026-06-11T08:55:00.268] [Frame] [INFO] frame=7597 begin
[2026-06-11T08:55:00.272] [Frame] [INFO] frame=7598 begin
[2026-06-11T08:55:00.277] [Frame] [INFO] frame=7599 begin
[2026-06-11T08:55:00.281] [Frame] [INFO] frame=7600 begin
[2026-06-11T08:55:00.285] [Frame] [INFO] frame=7601 begin
[2026-06-11T08:55:00.289] [Frame] [INFO] frame=7602 begin
[2026-06-11T08:55:00.293] [Frame] [INFO] frame=7603 begin
[2026-06-11T08:55:00.297] [Frame] [INFO] frame=7604 begin
[2026-06-11T08:55:00.302] [Frame] [INFO] frame=7605 begin
[2026-06-11T08:55:00.306] [Frame] [INFO] frame=7606 begin
[2026-06-11T08:55:00.310] [Frame] [INFO] frame=7607 begin
[2026-06-11T08:55:00.314] [Frame] [INFO] frame=7608 begin
[2026-06-11T08:55:00.318] [Frame] [INFO] frame=7609 begin
[2026-06-11T08:55:00.322] [Frame] [INFO] frame=7610 begin
[2026-06-11T08:55:00.327] [Frame] [INFO] frame=7611 begin
[2026-06-11T08:55:00.331] [Frame] [INFO] frame=7612 begin
[2026-06-11T08:55:00.335] [Frame] [INFO] frame=7613 begin
[2026-06-11T08:55:00.339] [Frame] [INFO] frame=7614 begin
[2026-06-11T08:55:00.343] [Frame] [INFO] frame=7615 begin
[2026-06-11T08:55:00.347] [Frame] [INFO] frame=7616 begin
[2026-06-11T08:55:00.352] [Frame] [INFO] frame=7617 begin
[2026-06-11T08:55:00.356] [Frame] [INFO] frame=7618 begin
[2026-06-11T08:55:00.360] [Frame] [INFO] frame=7619 begin
[2026-06-11T08:55:00.364] [Frame] [INFO] frame=7620 begin
[2026-06-11T08:55:00.368] [Frame] [INFO] frame=7621 begin
[2026-06-11T08:55:00.372] [Frame] [INFO] frame=7622 begin
[2026-06-11T08:55:00.377] [Frame] [INFO] frame=7623 begin
[2026-06-11T08:55:00.381] [Frame] [INFO] frame=7624 begin
[2026-06-11T08:55:00.385] [Frame] [INFO] frame=7625 begin
[2026-06-11T08:55:00.389] [Frame] [INFO] frame=7626 begin
[2026-06-11T08:55:00.393] [Frame] [INFO] frame=7627 begin
[2026-06-11T08:55:00.397] [Frame] [INFO] frame=7628 begin
[2026-06-11T08:55:00.402] [Frame] [INFO] frame=7629 begin
[2026-06-11T08:55:00.406] [Frame] [INFO] frame=7630 begin
[2026-06-11T08:55:00.410] [Frame] [INFO] frame=7631 begin
[2026-06-11T08:55:00.414] [Frame] [INFO] frame=7632 begin
[2026-06-11T08:55:00.418] [Frame] [INFO] frame=7633 begin
[2026-06-11T08:55:00.422] [Frame] [INFO] frame=7634 begin
[2026-06-11T08:55:00.427] [Frame] [INFO] frame=7635 begin
[2026-06-11T08:55:00.431] [Frame] [INFO] frame=7636 begin
[2026-06-11T08:55:00.435] [Frame] [INFO] frame=7637 begin
[2026-06-11T08:55:00.439] [Frame] [INFO] frame=7638 begin
[2026-06-11T08:55:00.443] [Frame] [INFO] frame=7639 begin
[2026-06-11T08:55:00.447] [Frame] [INFO] frame=7640 begin
[2026-06-11T08:55:00.452] [Frame] [INFO] frame=7641 begin
[2026-06-11T08:55:00.456] [Frame] [INFO] frame=7642 begin
[2026-06-11T08:55:00.460] [Frame] [INFO] frame=7643 begin
[2026-06-11T08:55:00.464] [Frame] [INFO] frame=7644 begin
[2026-06-11T08:55:00.468] [Frame] [INFO] frame=7645 begin
[2026-06-11T08:55:00.472] [Frame] [INFO] frame=7646 begin
[2026-06-11T08:55:00.477] [Frame] [INFO] frame=7647 begin
[2026-06-11T08:55:00.481] [Frame] [INFO] frame=7648 begin
[2026-06-11T08:55:00.485] [Frame] [INFO] frame=7649 begin
[2026-06-11T08:55:00.489] [Frame] [INFO] frame=7650 begin
[2026-06-11T08:55:00.493] [Frame] [INFO] frame=7651 begin
[2026-06-11T08:55:00.497] [Frame] [INFO] frame=7652 begin
[2026-06-11T08:55:00.502] [Frame] [INFO] frame=7653 begin
[2026-06-11T08:55:00.506] [Frame] [INFO] frame=7654 begin
[2026-06-11T08:55:00.510] [Frame] [INFO] frame=7655 begin
[2026-06-11T08:55:00.514] [Frame] [INFO] frame=7656 begin
[2026-06-11T08:55:00.518] [Frame] [INFO] frame=7657 begin
[2026-06-11T08:55:00.522] [Frame] [INFO] frame=7658 begin
[2026-06-11T08:55:00.527] [Frame] [INFO] frame=7659 begin
[2026-06-11T08:55:00.531] [Frame] [INFO] frame=7660 begin
[2026-06-11T08:55:00.535] [Frame] [INFO] frame=7661 begin
[2026-06-11T08:55:00.539] [Frame] [INFO] frame=7662 begin
[2026-06-11T08:55:00.543] [Frame] [INFO] frame=7663 begin
[2026-06-11T08:55:00.547] [Frame] [INFO] frame=7664 begin
[2026-06-11T08:55:00.552] [Frame] [INFO] frame=7665 begin
[2026-06-11T08:55:00.556] [Frame] [INFO] frame=7666 begin
[2026-06-11T08:55:00.560] [Frame] [INFO] frame=7667 begin
[2026-06-11T08:55:00.564] [Frame] [INFO] frame=7668 begin
[2026-06-11T08:55:00.568] [Frame] [INFO] frame=7669 begin
[2026-06-11T08:55:00.572] [Frame] [INFO] frame=7670 begin
[2026-06-11T08:55:00.577] [Frame] [INFO] frame=7671 begin
[2026-06-11T08:55:00.581] [Frame] [INFO] frame=7672 begin
[2026-06-11T08:55:00.585] [Frame] [INFO] frame=7673 begin
[2026-06-11T08:55:00.589] [Frame] [INFO] frame=7674 begin
[2026-06-11T08:55:00.593] [Frame] [INFO] frame=7675 begin
[2026-06-11T08:55:00.597] [Frame] [INFO] frame=7676 begin
[2026-06-11T08:55:00.602] [Frame] [INFO] frame=7677 begin
[2026-06-11T08:55:00.606] [Frame] [INFO] frame=7678 begin
[2026-06-11T08:55:00.610] [Frame] [INFO] frame=7679 begin
[2026-06-11T08:55:00.614] [Frame] [INFO] frame=7680 begin
[2026-06-11T08:55:00.618] [Frame] [INFO] frame=7681 begin
[2026-06-11T08:55:00.622] [Frame] [INFO] frame=7682 begin
[2026-06-11T08:55:00.627] [Frame] [INFO] frame=7683 begin
[2026-06-11T08:55:00.631] [Frame] [INFO] frame=7684 begin
[2026-06-11T08:55:00.635] [Frame] [INFO] frame=7685 begin
[2026-06-11T08:55:00.639] [Frame] [INFO] frame=7686 begin
[2026-06-11T08:55:00.643] [Frame] [INFO] frame=7687 begin
[2026-06-11T08:55:00.647] [Frame] [INFO] frame=7688 begin
[2026-06-11T08:55:00.652] [Frame] [INFO] frame=7689 begin
[2026-06-11T08:55:00.656] [Frame] [INFO] frame=7690 begin
[2026-06-11T08:55:00.660] [Frame] [INFO] frame=7691 begin
[2026-06-11T08:55:00.664] [Frame] [INFO] frame=7692 begin
[2026-06-11T08:55:00.668] [Frame] [INFO] frame=7693 begin
[2026-06-11T08:55:00.672] [Frame] [INFO] frame=7694 begin
[2026-06-11T08:55:00.677] [Frame] [INFO] frame=7695 begin
[2026-06-11T08:55:00.681] [Frame] [INFO] frame=7696 begin
[2026-06-11T08:55:00.685] [Frame] [INFO] frame=7697 begin
[2026-06-11T08:55:00.689] [Frame] [INFO] frame=7698 begin
[2026-06-11T08:55:00.693] [Frame] [INFO] frame=7699 begin
[2026-06-11T08:55:00.697] [Frame] [INFO] frame=7700 begin
[2026-06-11T08:55:00.702] [Frame] [INFO] frame=7701 begin
[2026-06-11T08:55:00.706] [Frame] [INFO] frame=7702 begin
[2026-06-11T08:55:00.710] [Frame] [INFO] frame=7703 begin
[2026-06-11T08:55:00.714] [Frame] [INFO] frame=7704 begin
[2026-06-11T08:55:00.718] [Frame] [INFO] frame=7705 begin
[2026-06-11T08:55:00.722] [Frame] [INFO] frame=7706 begin
[2026-06-11T08:55:00.727] [Frame] [INFO] frame=7707 begin
[2026-06-11T08:55:00.731] [Frame] [INFO] frame=7708 begin
[2026-06-11T08:55:00.735] [Frame] [INFO] frame=7709 begin
[2026-06-11T08:55:00.739] [Frame] [INFO] frame=7710 begin
[2026-06-11T08:55:00.743] [Frame] [INFO] frame=7711 begin
[2026-06-11T08:55:00.747] [Frame] [INFO] frame=7712 begin
[2026-06-11T08:55:00.752] [Frame] [INFO] frame=7713 begin
[2026-06-11T08:55:00.756] [Frame] [INFO] frame=7714 begin
[2026-06-11T08:55:00.760] [Frame] [INFO] frame=7715 begin
[2026-06-11T08:55:00.764] [Frame] [INFO] frame=7716 begin
[2026-06-11T08:55:00.768] [Frame] [INFO] frame=7717 begin
[2026-06-11T08:55:00.772] [Frame] [INFO] frame=7718 begin
[2026-06-11T08:55:00.777] [Frame] [INFO] frame=7719 begin
[2026-06-11T08:55:00.781] [Frame] [INFO] frame=7720 begin
[2026-06-11T08:55:00.785] [Frame] [INFO] frame=7721 begin
[2026-06-11T08:55:00.789] [Frame] [INFO] frame=7722 begin
[2026-06-11T08:55:00.793] [Frame] [INFO] frame=7723 begin
[2026-06-11T08:55:00.797] [Frame] [INFO] frame=7724 begin
[2026-06-11T08:55:00.802] [Frame] [INFO] frame=7725 begin
[2026-06-11T08:55:00.806] [Frame] [INFO] frame=7726 begin
[2026-06-11T08:55:00.810] [Frame] [INFO] frame=7727 begin
[2026-06-11T08:55:00.814] [Frame] [INFO] frame=7728 begin
[2026-06-11T08:55:00.818] [Frame] [INFO] frame=7729 begin
[2026-06-11T08:55:00.822] [Frame] [INFO] frame=7730 begin
[2026-06-11T08:55:00.827] [Frame] [INFO] frame=7731 begin
[2026-06-11T08:55:00.831] [Frame] [INFO] frame=7732 begin
[2026-06-11T08:55:00.835] [Frame] [INFO] frame=7733 begin
[2026-06-11T08:55:00.839] [Frame] [INFO] frame=7734 begin
[2026-06-11T08:55:00.843] [Frame] [INFO] frame=7735 begin
[2026-06-11T08:55:00.847] [Frame] [INFO] frame=7736 begin
[2026-06-11T08:55:00.852] [Frame] [INFO] frame=7737 begin
[2026-06-11T08:55:00.856] [Frame] [INFO] frame=7738 begin
[2026-06-11T08:55:00.860] [Frame] [INFO] frame=7739 begin
[2026-06-11T08:55:00.864] [Frame] [INFO] frame=7740 begin
[2026-06-11T08:55:00.868] [Frame] [INFO] frame=7741 begin
[2026-06-11T08:55:00.872] [Frame] [INFO] frame=7742 begin
[2026-06-11T08:55:00.877] [Frame] [INFO] frame=7743 begin
[2026-06-11T08:55:00.881] [Frame] [INFO] frame=7744 begin
[2026-06-11T08:55:00.885] [Frame] [INFO] frame=7745 begin
[2026-06-11T08:55:00.889] [Frame] [INFO] frame=7746 begin
[2026-06-11T08:55:00.893] [Frame] [INFO] frame=7747 begin
[2026-06-11T08:55:00.897] [Frame] [INFO] frame=7748 begin
[2026-06-11T08:55:00.902] [Frame] [INFO] frame=7749 begin
[2026-06-11T08:55:00.906] [Frame] [INFO] frame=7750 begin
[2026-06-11T08:55:00.910] [Frame] [INFO] frame=7751 begin
[2026-06-11T08:55:00.914] [Frame] [INFO] frame=7752 begin
[2026-06-11T08:55:00.918] [Frame] [INFO] frame=7753 begin
[2026-06-11T08:55:00.922] [Frame] [INFO] frame=7754 begin
[2026-06-11T08:55:00.927] [Frame] [INFO] frame=7755 begin
[2026-06-11T08:55:00.931] [Frame] [INFO] frame=7756 begin
[2026-06-11T08:55:00.935] [Frame] [INFO] frame=7757 begin
[2026-06-11T08:55:00.939] [Frame] [INFO] frame=7758 begin
[2026-06-11T08:55:00.943] [Frame] [INFO] frame=7759 begin
[2026-06-11T08:55:00.947] [Frame] [INFO] frame=7760 begin
[2026-06-11T08:55:00.952] [Frame] [INFO] frame=7761 begin
[2026-06-11T08:55:00.956] [Frame] [INFO] frame=7762 begin
[2026-06-11T08:55:00.960] [Frame] [INFO] frame=7763 begin
[2026-06-11T08:55:00.964] [Frame] [INFO] frame=7764 begin
[2026-06-11T08:55:00.968] [Frame] [INFO] frame=7765 begin
[2026-06-11T08:55:00.972] [Frame] [INFO] frame=7766 begin
[2026-06-11T08:55:00.977] [Frame] [INFO] frame=7767 begin
[2026-06-11T08:55:00.981] [Frame] [INFO] frame=7768 begin
[2026-06-11T08:55:00.985] [Frame] [INFO] frame=7769 begin
[2026-06-11T08:55:00.989] [Frame] [INFO] frame=7770 begin
[2026-06-11T08:55:00.993] [Frame] [INFO] frame=7771 begin
[2026-06-11T08:55:00.997] [Frame] [INFO] frame=7772 begin
[2026-06-11T08:55:01.002] [Frame] [INFO] frame=7773 begin
[2026-06-11T08:55:01.006] [Frame] [INFO] frame=7774 begin
[2026-06-11T08:55:01.010] [Frame] [INFO] frame=7775 begin
[2026-06-11T08:55:01.014] [Frame] [INFO] frame=7776 begin
[2026-06-11T08:55:01.018] [Frame] [INFO] frame=7777 begin
[2026-06-11T08:55:01.022] [Frame] [INFO] frame=7778 begin
[2026-06-11T08:55:01.027] [Frame] [INFO] frame=7779 begin
[2026-06-11T08:55:01.031] [Frame] [INFO] frame=7780 begin
[2026-06-11T08:55:01.035] [Frame] [INFO] frame=7781 begin
[2026-06-11T08:55:01.039] [Frame] [INFO] frame=7782 begin
[2026-06-11T08:55:01.044] [Frame] [INFO] frame=7783 begin
[2026-06-11T08:55:01.051] [Frame] [INFO] frame=7784 begin
[2026-06-11T08:55:01.053] [Frame] [INFO] frame=7785 begin
[2026-06-11T08:55:02.220] [Frame] [INFO] frame=7786 begin
[2026-06-11T08:55:02.343] [Frame] [INFO] frame=7787 begin
[2026-06-11T08:55:02.361] [Frame] [INFO] frame=7788 begin
[2026-06-11T08:55:02.379] [Frame] [INFO] frame=7789 begin
[2026-06-11T08:55:02.397] [Frame] [INFO] frame=7790 begin
[2026-06-11T08:55:02.415] [Frame] [INFO] frame=7791 begin
[2026-06-11T08:55:02.433] [Frame] [INFO] frame=7792 begin
[2026-06-11T08:55:02.451] [Frame] [INFO] frame=7793 begin
[2026-06-11T08:55:02.469] [Frame] [INFO] frame=7794 begin
[2026-06-11T08:55:02.487] [Frame] [INFO] frame=7795 begin
[2026-06-11T08:55:02.505] [Frame] [INFO] frame=7796 begin
[2026-06-11T08:55:02.522] [Frame] [INFO] frame=7797 begin
[2026-06-11T08:55:02.541] [Frame] [INFO] frame=7798 begin
[2026-06-11T08:55:02.562] [Frame] [INFO] frame=7799 begin
[2026-06-11T08:55:02.582] [Frame] [INFO] frame=7800 begin
[2026-06-11T08:55:02.602] [Frame] [INFO] frame=7801 begin
[2026-06-11T08:55:02.620] [Frame] [INFO] frame=7802 begin
[2026-06-11T08:55:02.680] [Frame] [INFO] frame=7803 begin
[2026-06-11T08:55:02.697] [Frame] [INFO] frame=7804 begin
[2026-06-11T08:55:02.715] [Frame] [INFO] frame=7805 begin
[2026-06-11T08:55:02.740] [Frame] [INFO] frame=7806 begin
[2026-06-11T08:55:02.760] [Frame] [INFO] frame=7807 begin
[2026-06-11T08:55:02.790] [Frame] [INFO] frame=7808 begin
[2026-06-11T08:55:02.809] [Frame] [INFO] frame=7809 begin
[2026-06-11T08:55:02.829] [Frame] [INFO] frame=7810 begin
[2026-06-11T08:55:02.848] [Frame] [INFO] frame=7811 begin
[2026-06-11T08:55:02.866] [Frame] [INFO] frame=7812 begin
[2026-06-11T08:55:02.885] [Frame] [INFO] frame=7813 begin
[2026-06-11T08:55:02.902] [Frame] [INFO] frame=7814 begin
[2026-06-11T08:55:02.920] [Frame] [INFO] frame=7815 begin
[2026-06-11T08:55:02.938] [Frame] [INFO] frame=7816 begin
[2026-06-11T08:55:02.955] [Frame] [INFO] frame=7817 begin
[2026-06-11T08:55:02.973] [Frame] [INFO] frame=7818 begin
[2026-06-11T08:55:02.991] [Frame] [INFO] frame=7819 begin
[2026-06-11T08:55:03.008] [Frame] [INFO] frame=7820 begin
[2026-06-11T08:55:03.027] [Frame] [INFO] frame=7821 begin
[2026-06-11T08:55:03.044] [Frame] [INFO] frame=7822 begin
[2026-06-11T08:55:03.062] [Frame] [INFO] frame=7823 begin
[2026-06-11T08:55:03.079] [Frame] [INFO] frame=7824 begin
[2026-06-11T08:55:03.097] [Frame] [INFO] frame=7825 begin
[2026-06-11T08:55:03.115] [Frame] [INFO] frame=7826 begin
[2026-06-11T08:55:03.132] [Frame] [INFO] frame=7827 begin
[2026-06-11T08:55:03.150] [Frame] [INFO] frame=7828 begin
[2026-06-11T08:55:03.167] [Frame] [INFO] frame=7829 begin
[2026-06-11T08:55:03.186] [Frame] [INFO] frame=7830 begin
[2026-06-11T08:55:03.203] [Frame] [INFO] frame=7831 begin
[2026-06-11T08:55:03.221] [Frame] [INFO] frame=7832 begin
[2026-06-11T08:55:03.238] [Frame] [INFO] frame=7833 begin
[2026-06-11T08:55:03.255] [Frame] [INFO] frame=7834 begin
[2026-06-11T08:55:03.273] [Frame] [INFO] frame=7835 begin
[2026-06-11T08:55:03.559] [Frame] [INFO] frame=7836 begin
[2026-06-11T08:55:03.559] [Frame] [INFO] frame=7837 begin
[2026-06-11T08:55:03.560] [Frame] [INFO] frame=7838 begin
[2026-06-11T08:55:03.560] [Frame] [INFO] frame=7839 begin
[2026-06-11T08:55:03.561] [Frame] [INFO] frame=7840 begin
[2026-06-11T08:55:03.561] [Frame] [INFO] frame=7841 begin
[2026-06-11T08:55:03.562] [Frame] [INFO] frame=7842 begin
[2026-06-11T08:55:03.563] [Frame] [INFO] frame=7843 begin
[2026-06-11T08:55:03.563] [Frame] [INFO] frame=7844 begin
[2026-06-11T08:55:03.655] [Frame] [INFO] frame=7845 begin
[2026-06-11T08:55:03.659] [Frame] [INFO] frame=7846 begin
[2026-06-11T08:55:03.740] [Frame] [INFO] frame=7847 begin
[2026-06-11T08:55:03.871] [Frame] [INFO] frame=7848 begin
[2026-06-11T08:55:03.872] [Frame] [INFO] frame=7849 begin
[2026-06-11T08:55:03.872] [Frame] [INFO] frame=7850 begin
[2026-06-11T08:55:03.879] [Frame] [INFO] frame=7851 begin
[2026-06-11T08:55:03.883] [Frame] [INFO] frame=7852 begin
[2026-06-11T08:55:03.932] [Frame] [INFO] frame=7853 begin
[2026-06-11T08:55:03.936] [Frame] [INFO] frame=7854 begin
[2026-06-11T08:55:03.986] [Frame] [INFO] frame=7855 begin
[2026-06-11T08:55:04.284] [Frame] [INFO] frame=7856 begin
[2026-06-11T08:55:04.378] [Frame] [INFO] frame=7857 begin
[2026-06-11T08:55:04.391] [Frame] [INFO] frame=7858 begin
[2026-06-11T08:55:04.426] [Frame] [INFO] frame=7859 begin
[2026-06-11T08:55:04.443] [Frame] [INFO] frame=7860 begin
[2026-06-11T08:55:04.454] [Frame] [INFO] frame=7861 begin
[2026-06-11T08:55:04.465] [Frame] [INFO] frame=7862 begin
[2026-06-11T08:55:04.489] [Frame] [INFO] frame=7863 begin
[2026-06-11T08:55:04.503] [Frame] [INFO] frame=7864 begin
[2026-06-11T08:55:04.515] [Frame] [INFO] frame=7865 begin
[2026-06-11T08:55:04.534] [Frame] [INFO] frame=7866 begin
[2026-06-11T08:55:04.546] [Frame] [INFO] frame=7867 begin
[2026-06-11T08:55:04.558] [Frame] [INFO] frame=7868 begin
[2026-06-11T08:55:04.569] [Frame] [INFO] frame=7869 begin
[2026-06-11T08:55:04.611] [Frame] [INFO] frame=7870 begin
[2026-06-11T08:55:04.627] [Frame] [INFO] frame=7871 begin
[2026-06-11T08:55:04.667] [Frame] [INFO] frame=7872 begin
[2026-06-11T08:55:04.688] [Frame] [INFO] frame=7873 begin
[2026-06-11T08:55:04.713] [Frame] [INFO] frame=7874 begin
[2026-06-11T08:55:04.727] [Frame] [INFO] frame=7875 begin
[2026-06-11T08:55:04.750] [Frame] [INFO] frame=7876 begin
[2026-06-11T08:55:04.762] [Frame] [INFO] frame=7877 begin
[2026-06-11T08:55:04.779] [Frame] [INFO] frame=7878 begin
[2026-06-11T08:55:04.791] [Frame] [INFO] frame=7879 begin
[2026-06-11T08:55:04.801] [Frame] [INFO] frame=7880 begin
[2026-06-11T08:55:04.811] [Frame] [INFO] frame=7881 begin
[2026-06-11T08:55:04.821] [Frame] [INFO] frame=7882 begin
[2026-06-11T08:55:04.833] [Frame] [INFO] frame=7883 begin
[2026-06-11T08:55:04.842] [Frame] [INFO] frame=7884 begin
[2026-06-11T08:55:04.852] [Frame] [INFO] frame=7885 begin
[2026-06-11T08:55:04.862] [Frame] [INFO] frame=7886 begin
[2026-06-11T08:55:04.871] [Frame] [INFO] frame=7887 begin
[2026-06-11T08:55:04.881] [Frame] [INFO] frame=7888 begin
[2026-06-11T08:55:04.890] [Frame] [INFO] frame=7889 begin
[2026-06-11T08:55:04.900] [Frame] [INFO] frame=7890 begin
[2026-06-11T08:55:04.911] [Frame] [INFO] frame=7891 begin
[2026-06-11T08:55:04.919] [Frame] [INFO] frame=7892 begin
[2026-06-11T08:55:04.929] [Frame] [INFO] frame=7893 begin
[2026-06-11T08:55:04.937] [Frame] [INFO] frame=7894 begin
[2026-06-11T08:55:04.945] [Frame] [INFO] frame=7895 begin
[2026-06-11T08:55:04.954] [Frame] [INFO] frame=7896 begin
[2026-06-11T08:55:04.962] [Frame] [INFO] frame=7897 begin
[2026-06-11T08:55:04.972] [Frame] [INFO] frame=7898 begin
[2026-06-11T08:55:04.981] [Frame] [INFO] frame=7899 begin
[2026-06-11T08:55:04.989] [Frame] [INFO] frame=7900 begin
[2026-06-11T08:55:04.998] [Frame] [INFO] frame=7901 begin
[2026-06-11T08:55:05.005] [Frame] [INFO] frame=7902 begin
[2026-06-11T08:55:05.012] [Frame] [INFO] frame=7903 begin
[2026-06-11T08:55:05.021] [Frame] [INFO] frame=7904 begin
[2026-06-11T08:55:05.028] [Frame] [INFO] frame=7905 begin
[2026-06-11T08:55:05.036] [Frame] [INFO] frame=7906 begin
[2026-06-11T08:55:05.044] [Frame] [INFO] frame=7907 begin
[2026-06-11T08:55:05.052] [Frame] [INFO] frame=7908 begin
[2026-06-11T08:55:05.061] [Frame] [INFO] frame=7909 begin
[2026-06-11T08:55:05.070] [Frame] [INFO] frame=7910 begin
[2026-06-11T08:55:05.080] [Frame] [INFO] frame=7911 begin
[2026-06-11T08:55:05.088] [Frame] [INFO] frame=7912 begin
[2026-06-11T08:55:05.097] [Frame] [INFO] frame=7913 begin
[2026-06-11T08:55:05.104] [Frame] [INFO] frame=7914 begin
[2026-06-11T08:55:05.111] [Frame] [INFO] frame=7915 begin
[2026-06-11T08:55:05.118] [Frame] [INFO] frame=7916 begin
[2026-06-11T08:55:05.127] [Frame] [INFO] frame=7917 begin
[2026-06-11T08:55:05.134] [Frame] [INFO] frame=7918 begin
[2026-06-11T08:55:05.143] [Frame] [INFO] frame=7919 begin
[2026-06-11T08:55:05.151] [Frame] [INFO] frame=7920 begin
[2026-06-11T08:55:05.159] [Frame] [INFO] frame=7921 begin
[2026-06-11T08:55:05.166] [Frame] [INFO] frame=7922 begin
[2026-06-11T08:55:05.175] [Frame] [INFO] frame=7923 begin
[2026-06-11T08:55:05.183] [Frame] [INFO] frame=7924 begin
[2026-06-11T08:55:05.192] [Frame] [INFO] frame=7925 begin
[2026-06-11T08:55:05.199] [Frame] [INFO] frame=7926 begin
[2026-06-11T08:55:05.208] [Frame] [INFO] frame=7927 begin
[2026-06-11T08:55:05.215] [Frame] [INFO] frame=7928 begin
[2026-06-11T08:55:05.225] [Frame] [INFO] frame=7929 begin
[2026-06-11T08:55:05.233] [Frame] [INFO] frame=7930 begin
[2026-06-11T08:55:05.244] [Frame] [INFO] frame=7931 begin
[2026-06-11T08:55:05.252] [Frame] [INFO] frame=7932 begin
[2026-06-11T08:55:05.260] [Frame] [INFO] frame=7933 begin
[2026-06-11T08:55:05.268] [Frame] [INFO] frame=7934 begin
[2026-06-11T08:55:05.277] [Frame] [INFO] frame=7935 begin
[2026-06-11T08:55:05.284] [Frame] [INFO] frame=7936 begin
[2026-06-11T08:55:05.291] [Frame] [INFO] frame=7937 begin
[2026-06-11T08:55:05.298] [Frame] [INFO] frame=7938 begin
[2026-06-11T08:55:05.305] [Frame] [INFO] frame=7939 begin
[2026-06-11T08:55:05.312] [Frame] [INFO] frame=7940 begin
[2026-06-11T08:55:05.320] [Frame] [INFO] frame=7941 begin
[2026-06-11T08:55:05.328] [Frame] [INFO] frame=7942 begin
[2026-06-11T08:55:05.336] [Frame] [INFO] frame=7943 begin
[2026-06-11T08:55:05.345] [Frame] [INFO] frame=7944 begin
[2026-06-11T08:55:05.353] [Frame] [INFO] frame=7945 begin
[2026-06-11T08:55:05.361] [Frame] [INFO] frame=7946 begin
[2026-06-11T08:55:05.370] [Frame] [INFO] frame=7947 begin
[2026-06-11T08:55:05.380] [Frame] [INFO] frame=7948 begin
[2026-06-11T08:55:05.388] [Frame] [INFO] frame=7949 begin
[2026-06-11T08:55:05.396] [Frame] [INFO] frame=7950 begin
[2026-06-11T08:55:05.404] [Frame] [INFO] frame=7951 begin
[2026-06-11T08:55:05.412] [Frame] [INFO] frame=7952 begin
[2026-06-11T08:55:05.418] [Frame] [INFO] frame=7953 begin
[2026-06-11T08:55:05.426] [Frame] [INFO] frame=7954 begin
[2026-06-11T08:55:05.434] [Frame] [INFO] frame=7955 begin
[2026-06-11T08:55:05.441] [Frame] [INFO] frame=7956 begin
[2026-06-11T08:55:05.448] [Frame] [INFO] frame=7957 begin
[2026-06-11T08:55:05.455] [Frame] [INFO] frame=7958 begin
[2026-06-11T08:55:05.463] [Frame] [INFO] frame=7959 begin
[2026-06-11T08:55:05.471] [Frame] [INFO] frame=7960 begin
[2026-06-11T08:55:05.478] [Frame] [INFO] frame=7961 begin
[2026-06-11T08:55:05.486] [Frame] [INFO] frame=7962 begin
[2026-06-11T08:55:05.493] [Frame] [INFO] frame=7963 begin
[2026-06-11T08:55:05.500] [Frame] [INFO] frame=7964 begin
[2026-06-11T08:55:05.506] [Frame] [INFO] frame=7965 begin
[2026-06-11T08:55:05.512] [Frame] [INFO] frame=7966 begin
[2026-06-11T08:55:05.521] [Frame] [INFO] frame=7967 begin
[2026-06-11T08:55:05.527] [Frame] [INFO] frame=7968 begin
[2026-06-11T08:55:05.534] [Frame] [INFO] frame=7969 begin
[2026-06-11T08:55:05.541] [Frame] [INFO] frame=7970 begin
[2026-06-11T08:55:05.548] [Frame] [INFO] frame=7971 begin
[2026-06-11T08:55:05.555] [Frame] [INFO] frame=7972 begin
[2026-06-11T08:55:05.561] [Frame] [INFO] frame=7973 begin
[2026-06-11T08:55:05.568] [Frame] [INFO] frame=7974 begin
[2026-06-11T08:55:05.577] [Frame] [INFO] frame=7975 begin
[2026-06-11T08:55:05.585] [Frame] [INFO] frame=7976 begin
[2026-06-11T08:55:05.591] [Frame] [INFO] frame=7977 begin
[2026-06-11T08:55:05.598] [Frame] [INFO] frame=7978 begin
[2026-06-11T08:55:05.604] [Frame] [INFO] frame=7979 begin
[2026-06-11T08:55:05.611] [Frame] [INFO] frame=7980 begin
[2026-06-11T08:55:05.618] [Frame] [INFO] frame=7981 begin
[2026-06-11T08:55:05.626] [Frame] [INFO] frame=7982 begin
[2026-06-11T08:55:05.633] [Frame] [INFO] frame=7983 begin
[2026-06-11T08:55:05.640] [Frame] [INFO] frame=7984 begin
[2026-06-11T08:55:05.646] [Frame] [INFO] frame=7985 begin
[2026-06-11T08:55:05.653] [Frame] [INFO] frame=7986 begin
[2026-06-11T08:55:05.660] [Frame] [INFO] frame=7987 begin
[2026-06-11T08:55:05.666] [Frame] [INFO] frame=7988 begin
[2026-06-11T08:55:05.674] [Frame] [INFO] frame=7989 begin
[2026-06-11T08:55:05.680] [Frame] [INFO] frame=7990 begin
[2026-06-11T08:55:05.686] [Frame] [INFO] frame=7991 begin
[2026-06-11T08:55:05.694] [Frame] [INFO] frame=7992 begin
[2026-06-11T08:55:05.701] [Frame] [INFO] frame=7993 begin
[2026-06-11T08:55:05.707] [Frame] [INFO] frame=7994 begin
[2026-06-11T08:55:05.714] [Frame] [INFO] frame=7995 begin
[2026-06-11T08:55:05.723] [Frame] [INFO] frame=7996 begin
[2026-06-11T08:55:05.730] [Frame] [INFO] frame=7997 begin
[2026-06-11T08:55:05.737] [Frame] [INFO] frame=7998 begin
[2026-06-11T08:55:05.744] [Frame] [INFO] frame=7999 begin
[2026-06-11T08:55:05.752] [Frame] [INFO] frame=8000 begin
[2026-06-11T08:55:05.758] [Frame] [INFO] frame=8001 begin
[2026-06-11T08:55:05.765] [Frame] [INFO] frame=8002 begin
[2026-06-11T08:55:05.773] [Frame] [INFO] frame=8003 begin
[2026-06-11T08:55:05.779] [Frame] [INFO] frame=8004 begin
[2026-06-11T08:55:05.786] [Frame] [INFO] frame=8005 begin
[2026-06-11T08:55:05.792] [Frame] [INFO] frame=8006 begin
[2026-06-11T08:55:05.799] [Frame] [INFO] frame=8007 begin
[2026-06-11T08:55:05.805] [Frame] [INFO] frame=8008 begin
[2026-06-11T08:55:05.812] [Frame] [INFO] frame=8009 begin
[2026-06-11T08:55:05.821] [Frame] [INFO] frame=8010 begin
[2026-06-11T08:55:05.828] [Frame] [INFO] frame=8011 begin
[2026-06-11T08:55:05.835] [Frame] [INFO] frame=8012 begin
[2026-06-11T08:55:05.841] [Frame] [INFO] frame=8013 begin
[2026-06-11T08:55:05.849] [Frame] [INFO] frame=8014 begin
[2026-06-11T08:55:05.857] [Frame] [INFO] frame=8015 begin
[2026-06-11T08:55:05.863] [Frame] [INFO] frame=8016 begin
[2026-06-11T08:55:05.871] [Frame] [INFO] frame=8017 begin
[2026-06-11T08:55:05.878] [Frame] [INFO] frame=8018 begin
[2026-06-11T08:55:05.884] [Frame] [INFO] frame=8019 begin
[2026-06-11T08:55:05.891] [Frame] [INFO] frame=8020 begin
[2026-06-11T08:55:05.898] [Frame] [INFO] frame=8021 begin
[2026-06-11T08:55:05.904] [Frame] [INFO] frame=8022 begin
[2026-06-11T08:55:05.910] [Frame] [INFO] frame=8023 begin
[2026-06-11T08:55:05.916] [Frame] [INFO] frame=8024 begin
[2026-06-11T08:55:05.924] [Frame] [INFO] frame=8025 begin
[2026-06-11T08:55:05.931] [Frame] [INFO] frame=8026 begin
[2026-06-11T08:55:05.937] [Frame] [INFO] frame=8027 begin
[2026-06-11T08:55:05.943] [Frame] [INFO] frame=8028 begin
[2026-06-11T08:55:05.949] [Frame] [INFO] frame=8029 begin
[2026-06-11T08:55:05.956] [Frame] [INFO] frame=8030 begin
[2026-06-11T08:55:05.963] [Frame] [INFO] frame=8031 begin
[2026-06-11T08:55:05.971] [Frame] [INFO] frame=8032 begin
[2026-06-11T08:55:05.978] [Frame] [INFO] frame=8033 begin
[2026-06-11T08:55:05.984] [Frame] [INFO] frame=8034 begin
[2026-06-11T08:55:05.991] [Frame] [INFO] frame=8035 begin
[2026-06-11T08:55:05.997] [Frame] [INFO] frame=8036 begin
[2026-06-11T08:55:06.004] [Frame] [INFO] frame=8037 begin
[2026-06-11T08:55:06.010] [Frame] [INFO] frame=8038 begin
[2026-06-11T08:55:06.016] [Frame] [INFO] frame=8039 begin
[2026-06-11T08:55:06.025] [Frame] [INFO] frame=8040 begin
[2026-06-11T08:55:06.032] [Frame] [INFO] frame=8041 begin
[2026-06-11T08:55:06.040] [Frame] [INFO] frame=8042 begin
[2026-06-11T08:55:06.050] [Frame] [INFO] frame=8043 begin
[2026-06-11T08:55:06.058] [Frame] [INFO] frame=8044 begin
[2026-06-11T08:55:06.065] [Frame] [INFO] frame=8045 begin
[2026-06-11T08:55:06.073] [Frame] [INFO] frame=8046 begin
[2026-06-11T08:55:06.081] [Frame] [INFO] frame=8047 begin
[2026-06-11T08:55:06.088] [Frame] [INFO] frame=8048 begin
[2026-06-11T08:55:06.094] [Frame] [INFO] frame=8049 begin
[2026-06-11T08:55:06.101] [Frame] [INFO] frame=8050 begin
[2026-06-11T08:55:06.106] [Frame] [INFO] frame=8051 begin
[2026-06-11T08:55:06.113] [Frame] [INFO] frame=8052 begin
[2026-06-11T08:55:06.121] [Frame] [INFO] frame=8053 begin
[2026-06-11T08:55:06.128] [Frame] [INFO] frame=8054 begin
[2026-06-11T08:55:06.135] [Frame] [INFO] frame=8055 begin
[2026-06-11T08:55:06.141] [Frame] [INFO] frame=8056 begin
[2026-06-11T08:55:06.148] [Frame] [INFO] frame=8057 begin
[2026-06-11T08:55:06.155] [Frame] [INFO] frame=8058 begin
[2026-06-11T08:55:06.161] [Frame] [INFO] frame=8059 begin
[2026-06-11T08:55:06.167] [Frame] [INFO] frame=8060 begin
[2026-06-11T08:55:06.176] [Frame] [INFO] frame=8061 begin
[2026-06-11T08:55:06.183] [Frame] [INFO] frame=8062 begin
[2026-06-11T08:55:06.189] [Frame] [INFO] frame=8063 begin
[2026-06-11T08:55:06.196] [Frame] [INFO] frame=8064 begin
[2026-06-11T08:55:06.202] [Frame] [INFO] frame=8065 begin
[2026-06-11T08:55:06.208] [Frame] [INFO] frame=8066 begin
[2026-06-11T08:55:06.215] [Frame] [INFO] frame=8067 begin
[2026-06-11T08:55:06.224] [Frame] [INFO] frame=8068 begin
[2026-06-11T08:55:06.231] [Frame] [INFO] frame=8069 begin
[2026-06-11T08:55:06.238] [Frame] [INFO] frame=8070 begin
[2026-06-11T08:55:06.244] [Frame] [INFO] frame=8071 begin
[2026-06-11T08:55:06.252] [Frame] [INFO] frame=8072 begin
[2026-06-11T08:55:06.258] [Frame] [INFO] frame=8073 begin
[2026-06-11T08:55:06.265] [Frame] [INFO] frame=8074 begin
[2026-06-11T08:55:06.272] [Frame] [INFO] frame=8075 begin
[2026-06-11T08:55:06.278] [Frame] [INFO] frame=8076 begin
[2026-06-11T08:55:06.285] [Frame] [INFO] frame=8077 begin
[2026-06-11T08:55:06.291] [Frame] [INFO] frame=8078 begin
[2026-06-11T08:55:06.298] [Frame] [INFO] frame=8079 begin
[2026-06-11T08:55:06.305] [Frame] [INFO] frame=8080 begin
[2026-06-11T08:55:06.311] [Frame] [INFO] frame=8081 begin
[2026-06-11T08:55:06.316] [Frame] [INFO] frame=8082 begin
[2026-06-11T08:55:06.324] [Frame] [INFO] frame=8083 begin
[2026-06-11T08:55:06.330] [Frame] [INFO] frame=8084 begin
[2026-06-11T08:55:06.336] [Frame] [INFO] frame=8085 begin
[2026-06-11T08:55:06.342] [Frame] [INFO] frame=8086 begin
[2026-06-11T08:55:06.349] [Frame] [INFO] frame=8087 begin
[2026-06-11T08:55:06.356] [Frame] [INFO] frame=8088 begin
[2026-06-11T08:55:06.362] [Frame] [INFO] frame=8089 begin
[2026-06-11T08:55:06.370] [Frame] [INFO] frame=8090 begin
[2026-06-11T08:55:06.376] [Frame] [INFO] frame=8091 begin
[2026-06-11T08:55:06.382] [Frame] [INFO] frame=8092 begin
[2026-06-11T08:55:06.388] [Frame] [INFO] frame=8093 begin
[2026-06-11T08:55:06.394] [Frame] [INFO] frame=8094 begin
[2026-06-11T08:55:06.401] [Frame] [INFO] frame=8095 begin
[2026-06-11T08:55:06.408] [Frame] [INFO] frame=8096 begin
[2026-06-11T08:55:06.415] [Frame] [INFO] frame=8097 begin
[2026-06-11T08:55:06.425] [Frame] [INFO] frame=8098 begin
[2026-06-11T08:55:06.433] [Frame] [INFO] frame=8099 begin
[2026-06-11T08:55:06.440] [Frame] [INFO] frame=8100 begin
[2026-06-11T08:55:06.446] [Frame] [INFO] frame=8101 begin
[2026-06-11T08:55:06.453] [Frame] [INFO] frame=8102 begin
[2026-06-11T08:55:06.460] [Frame] [INFO] frame=8103 begin
[2026-06-11T08:55:06.467] [Frame] [INFO] frame=8104 begin
[2026-06-11T08:55:06.474] [Frame] [INFO] frame=8105 begin
[2026-06-11T08:55:06.481] [Frame] [INFO] frame=8106 begin
[2026-06-11T08:55:06.488] [Frame] [INFO] frame=8107 begin
[2026-06-11T08:55:06.495] [Frame] [INFO] frame=8108 begin
[2026-06-11T08:55:06.505] [Frame] [INFO] frame=8109 begin
[2026-06-11T08:55:06.513] [Frame] [INFO] frame=8110 begin
[2026-06-11T08:55:06.659] [Frame] [INFO] frame=8111 begin
[2026-06-11T08:55:06.677] [Frame] [INFO] frame=8112 begin
[2026-06-11T08:55:06.688] [Frame] [INFO] frame=8113 begin
[2026-06-11T08:55:06.700] [Frame] [INFO] frame=8114 begin
[2026-06-11T08:55:06.710] [Frame] [INFO] frame=8115 begin
[2026-06-11T08:55:06.721] [Frame] [INFO] frame=8116 begin
[2026-06-11T08:55:06.731] [Frame] [INFO] frame=8117 begin
[2026-06-11T08:55:06.740] [Frame] [INFO] frame=8118 begin
[2026-06-11T08:55:06.751] [Frame] [INFO] frame=8119 begin
[2026-06-11T08:55:06.763] [Frame] [INFO] frame=8120 begin
[2026-06-11T08:55:06.774] [Frame] [INFO] frame=8121 begin
[2026-06-11T08:55:06.822] [Frame] [INFO] frame=8122 begin
[2026-06-11T08:55:06.833] [Frame] [INFO] frame=8123 begin
[2026-06-11T08:55:06.880] [Frame] [INFO] frame=8124 begin
[2026-06-11T08:55:06.892] [Frame] [INFO] frame=8125 begin
[2026-06-11T08:55:06.928] [Frame] [INFO] frame=8126 begin
[2026-06-11T08:55:06.942] [Frame] [INFO] frame=8127 begin
[2026-06-11T08:55:06.965] [Frame] [INFO] frame=8128 begin
[2026-06-11T08:55:06.976] [Frame] [INFO] frame=8129 begin
[2026-06-11T08:55:06.993] [Frame] [INFO] frame=8130 begin
[2026-06-11T08:55:07.001] [Frame] [INFO] frame=8131 begin
[2026-06-11T08:55:07.012] [Frame] [INFO] frame=8132 begin
[2026-06-11T08:55:07.024] [Frame] [INFO] frame=8133 begin
[2026-06-11T08:55:07.035] [Frame] [INFO] frame=8134 begin
[2026-06-11T08:55:07.046] [Frame] [INFO] frame=8135 begin
[2026-06-11T08:55:07.056] [Frame] [INFO] frame=8136 begin
[2026-06-11T08:55:07.067] [Frame] [INFO] frame=8137 begin
[2026-06-11T08:55:07.077] [Frame] [INFO] frame=8138 begin
[2026-06-11T08:55:07.087] [Frame] [INFO] frame=8139 begin
[2026-06-11T08:55:07.098] [Frame] [INFO] frame=8140 begin
[2026-06-11T08:55:07.108] [Frame] [INFO] frame=8141 begin
[2026-06-11T08:55:07.118] [Frame] [INFO] frame=8142 begin
[2026-06-11T08:55:07.130] [Frame] [INFO] frame=8143 begin
[2026-06-11T08:55:07.139] [Frame] [INFO] frame=8144 begin
[2026-06-11T08:55:07.148] [Frame] [INFO] frame=8145 begin
[2026-06-11T08:55:07.157] [Frame] [INFO] frame=8146 begin
[2026-06-11T08:55:07.167] [Frame] [INFO] frame=8147 begin
[2026-06-11T08:55:07.177] [Frame] [INFO] frame=8148 begin
[2026-06-11T08:55:07.185] [Frame] [INFO] frame=8149 begin
[2026-06-11T08:55:07.195] [Frame] [INFO] frame=8150 begin
[2026-06-11T08:55:07.203] [Frame] [INFO] frame=8151 begin
[2026-06-11T08:55:07.212] [Frame] [INFO] frame=8152 begin
[2026-06-11T08:55:07.220] [Frame] [INFO] frame=8153 begin
[2026-06-11T08:55:07.230] [Frame] [INFO] frame=8154 begin
[2026-06-11T08:55:07.239] [Frame] [INFO] frame=8155 begin
[2026-06-11T08:55:07.248] [Frame] [INFO] frame=8156 begin
[2026-06-11T08:55:07.257] [Frame] [INFO] frame=8157 begin
[2026-06-11T08:55:07.265] [Frame] [INFO] frame=8158 begin
[2026-06-11T08:55:07.273] [Frame] [INFO] frame=8159 begin
[2026-06-11T08:55:07.282] [Frame] [INFO] frame=8160 begin
[2026-06-11T08:55:07.293] [Frame] [INFO] frame=8161 begin
[2026-06-11T08:55:07.303] [Frame] [INFO] frame=8162 begin
[2026-06-11T08:55:07.312] [Frame] [INFO] frame=8163 begin
[2026-06-11T08:55:07.319] [Frame] [INFO] frame=8164 begin
[2026-06-11T08:55:07.327] [Frame] [INFO] frame=8165 begin
[2026-06-11T08:55:07.334] [Frame] [INFO] frame=8166 begin
[2026-06-11T08:55:07.344] [Frame] [INFO] frame=8167 begin
[2026-06-11T08:55:07.352] [Frame] [INFO] frame=8168 begin
[2026-06-11T08:55:07.361] [Frame] [INFO] frame=8169 begin
[2026-06-11T08:55:07.370] [Frame] [INFO] frame=8170 begin
[2026-06-11T08:55:07.378] [Frame] [INFO] frame=8171 begin
[2026-06-11T08:55:07.387] [Frame] [INFO] frame=8172 begin
[2026-06-11T08:55:07.395] [Frame] [INFO] frame=8173 begin
[2026-06-11T08:55:07.404] [Frame] [INFO] frame=8174 begin
[2026-06-11T08:55:07.412] [Frame] [INFO] frame=8175 begin
[2026-06-11T08:55:07.419] [Frame] [INFO] frame=8176 begin
[2026-06-11T08:55:07.426] [Frame] [INFO] frame=8177 begin
[2026-06-11T08:55:07.434] [Frame] [INFO] frame=8178 begin
[2026-06-11T08:55:07.442] [Frame] [INFO] frame=8179 begin
[2026-06-11T08:55:07.450] [Frame] [INFO] frame=8180 begin
[2026-06-11T08:55:07.459] [Frame] [INFO] frame=8181 begin
[2026-06-11T08:55:07.468] [Frame] [INFO] frame=8182 begin
[2026-06-11T08:55:07.477] [Frame] [INFO] frame=8183 begin
[2026-06-11T08:55:07.485] [Frame] [INFO] frame=8184 begin
[2026-06-11T08:55:07.493] [Frame] [INFO] frame=8185 begin
[2026-06-11T08:55:07.502] [Frame] [INFO] frame=8186 begin
[2026-06-11T08:55:07.511] [Frame] [INFO] frame=8187 begin
[2026-06-11T08:55:07.520] [Frame] [INFO] frame=8188 begin
[2026-06-11T08:55:07.528] [Frame] [INFO] frame=8189 begin
[2026-06-11T08:55:07.537] [Frame] [INFO] frame=8190 begin
[2026-06-11T08:55:07.546] [Frame] [INFO] frame=8191 begin
[2026-06-11T08:55:07.554] [Frame] [INFO] frame=8192 begin
[2026-06-11T08:55:07.563] [Frame] [INFO] frame=8193 begin
[2026-06-11T08:55:07.573] [Frame] [INFO] frame=8194 begin
[2026-06-11T08:55:07.582] [Frame] [INFO] frame=8195 begin
[2026-06-11T08:55:07.592] [Frame] [INFO] frame=8196 begin
[2026-06-11T08:55:07.601] [Frame] [INFO] frame=8197 begin
[2026-06-11T08:55:07.609] [Frame] [INFO] frame=8198 begin
[2026-06-11T08:55:07.617] [Frame] [INFO] frame=8199 begin
[2026-06-11T08:55:07.624] [Frame] [INFO] frame=8200 begin
[2026-06-11T08:55:07.632] [Frame] [INFO] frame=8201 begin
[2026-06-11T08:55:07.640] [Frame] [INFO] frame=8202 begin
[2026-06-11T08:55:07.648] [Frame] [INFO] frame=8203 begin
[2026-06-11T08:55:07.658] [Frame] [INFO] frame=8204 begin
[2026-06-11T08:55:07.667] [Frame] [INFO] frame=8205 begin
[2026-06-11T08:55:07.675] [Frame] [INFO] frame=8206 begin
[2026-06-11T08:55:07.683] [Frame] [INFO] frame=8207 begin
[2026-06-11T08:55:07.691] [Frame] [INFO] frame=8208 begin
[2026-06-11T08:55:07.700] [Frame] [INFO] frame=8209 begin
[2026-06-11T08:55:07.708] [Frame] [INFO] frame=8210 begin
[2026-06-11T08:55:07.716] [Frame] [INFO] frame=8211 begin
[2026-06-11T08:55:07.724] [Frame] [INFO] frame=8212 begin
[2026-06-11T08:55:07.733] [Frame] [INFO] frame=8213 begin
[2026-06-11T08:55:07.741] [Frame] [INFO] frame=8214 begin
[2026-06-11T08:55:07.751] [Frame] [INFO] frame=8215 begin
[2026-06-11T08:55:07.760] [Frame] [INFO] frame=8216 begin
[2026-06-11T08:55:07.768] [Frame] [INFO] frame=8217 begin
[2026-06-11T08:55:07.777] [Frame] [INFO] frame=8218 begin
[2026-06-11T08:55:07.785] [Frame] [INFO] frame=8219 begin
[2026-06-11T08:55:07.793] [Frame] [INFO] frame=8220 begin
[2026-06-11T08:55:07.802] [Frame] [INFO] frame=8221 begin
[2026-06-11T08:55:07.810] [Frame] [INFO] frame=8222 begin
[2026-06-11T08:55:07.819] [Frame] [INFO] frame=8223 begin
[2026-06-11T08:55:07.828] [Frame] [INFO] frame=8224 begin
[2026-06-11T08:55:07.836] [Frame] [INFO] frame=8225 begin
[2026-06-11T08:55:07.845] [Frame] [INFO] frame=8226 begin
[2026-06-11T08:55:07.854] [Frame] [INFO] frame=8227 begin
[2026-06-11T08:55:07.863] [Frame] [INFO] frame=8228 begin
[2026-06-11T08:55:07.871] [Frame] [INFO] frame=8229 begin
[2026-06-11T08:55:07.879] [Frame] [INFO] frame=8230 begin
[2026-06-11T08:55:07.887] [Frame] [INFO] frame=8231 begin
[2026-06-11T08:55:07.895] [Frame] [INFO] frame=8232 begin
[2026-06-11T08:55:07.903] [Frame] [INFO] frame=8233 begin
[2026-06-11T08:55:07.913] [Frame] [INFO] frame=8234 begin
[2026-06-11T08:55:07.921] [Frame] [INFO] frame=8235 begin
[2026-06-11T08:55:07.928] [Frame] [INFO] frame=8236 begin
[2026-06-11T08:55:07.935] [Frame] [INFO] frame=8237 begin
[2026-06-11T08:55:07.943] [Frame] [INFO] frame=8238 begin
[2026-06-11T08:55:07.951] [Frame] [INFO] frame=8239 begin
[2026-06-11T08:55:07.959] [Frame] [INFO] frame=8240 begin
[2026-06-11T08:55:07.968] [Frame] [INFO] frame=8241 begin
[2026-06-11T08:55:07.977] [Frame] [INFO] frame=8242 begin
[2026-06-11T08:55:07.985] [Frame] [INFO] frame=8243 begin
[2026-06-11T08:55:07.994] [Frame] [INFO] frame=8244 begin
[2026-06-11T08:55:08.002] [Frame] [INFO] frame=8245 begin
[2026-06-11T08:55:08.009] [Frame] [INFO] frame=8246 begin
[2026-06-11T08:55:08.017] [Frame] [INFO] frame=8247 begin
[2026-06-11T08:55:08.029] [Frame] [INFO] frame=8248 begin
[2026-06-11T08:55:08.038] [Frame] [INFO] frame=8249 begin
[2026-06-11T08:55:08.049] [Frame] [INFO] frame=8250 begin
[2026-06-11T08:55:08.058] [Frame] [INFO] frame=8251 begin
[2026-06-11T08:55:08.068] [Frame] [INFO] frame=8252 begin
[2026-06-11T08:55:08.077] [Frame] [INFO] frame=8253 begin
[2026-06-11T08:55:08.087] [Frame] [INFO] frame=8254 begin
[2026-06-11T08:55:08.097] [Frame] [INFO] frame=8255 begin
[2026-06-11T08:55:08.105] [Frame] [INFO] frame=8256 begin
[2026-06-11T08:55:08.115] [Frame] [INFO] frame=8257 begin
[2026-06-11T08:55:08.125] [Frame] [INFO] frame=8258 begin
[2026-06-11T08:55:08.135] [Frame] [INFO] frame=8259 begin
[2026-06-11T08:55:08.144] [Frame] [INFO] frame=8260 begin
[2026-06-11T08:55:08.153] [Frame] [INFO] frame=8261 begin
[2026-06-11T08:55:08.165] [Frame] [INFO] frame=8262 begin
[2026-06-11T08:55:08.175] [Frame] [INFO] frame=8263 begin
[2026-06-11T08:55:08.186] [Frame] [INFO] frame=8264 begin
[2026-06-11T08:55:08.196] [Frame] [INFO] frame=8265 begin
[2026-06-11T08:55:08.205] [Frame] [INFO] frame=8266 begin
[2026-06-11T08:55:08.215] [Frame] [INFO] frame=8267 begin
[2026-06-11T08:55:08.224] [Frame] [INFO] frame=8268 begin
[2026-06-11T08:55:08.232] [Frame] [INFO] frame=8269 begin
[2026-06-11T08:55:08.242] [Frame] [INFO] frame=8270 begin
[2026-06-11T08:55:08.253] [Frame] [INFO] frame=8271 begin
[2026-06-11T08:55:08.262] [Frame] [INFO] frame=8272 begin
[2026-06-11T08:55:08.273] [Frame] [INFO] frame=8273 begin
[2026-06-11T08:55:08.281] [Frame] [INFO] frame=8274 begin
[2026-06-11T08:55:08.290] [Frame] [INFO] frame=8275 begin
[2026-06-11T08:55:08.299] [Frame] [INFO] frame=8276 begin
[2026-06-11T08:55:08.307] [Frame] [INFO] frame=8277 begin
[2026-06-11T08:55:08.316] [Frame] [INFO] frame=8278 begin
[2026-06-11T08:55:08.324] [Frame] [INFO] frame=8279 begin
[2026-06-11T08:55:08.332] [Frame] [INFO] frame=8280 begin
[2026-06-11T08:55:08.340] [Frame] [INFO] frame=8281 begin
[2026-06-11T08:55:08.349] [Frame] [INFO] frame=8282 begin
[2026-06-11T08:55:08.358] [Frame] [INFO] frame=8283 begin
[2026-06-11T08:55:08.366] [Frame] [INFO] frame=8284 begin
[2026-06-11T08:55:08.374] [Frame] [INFO] frame=8285 begin
[2026-06-11T08:55:08.383] [Frame] [INFO] frame=8286 begin
[2026-06-11T08:55:08.391] [Frame] [INFO] frame=8287 begin
[2026-06-11T08:55:08.399] [Frame] [INFO] frame=8288 begin
[2026-06-11T08:55:08.407] [Frame] [INFO] frame=8289 begin
[2026-06-11T08:55:08.415] [Frame] [INFO] frame=8290 begin
[2026-06-11T08:55:08.424] [Frame] [INFO] frame=8291 begin
[2026-06-11T08:55:08.432] [Frame] [INFO] frame=8292 begin
[2026-06-11T08:55:08.440] [Frame] [INFO] frame=8293 begin
[2026-06-11T08:55:08.448] [Frame] [INFO] frame=8294 begin
[2026-06-11T08:55:08.457] [Frame] [INFO] frame=8295 begin
[2026-06-11T08:55:08.465] [Frame] [INFO] frame=8296 begin
[2026-06-11T08:55:08.474] [Frame] [INFO] frame=8297 begin
[2026-06-11T08:55:08.483] [Frame] [INFO] frame=8298 begin
[2026-06-11T08:55:08.491] [Frame] [INFO] frame=8299 begin
[2026-06-11T08:55:08.500] [Frame] [INFO] frame=8300 begin
[2026-06-11T08:55:08.509] [Frame] [INFO] frame=8301 begin
[2026-06-11T08:55:08.517] [Frame] [INFO] frame=8302 begin
[2026-06-11T08:55:08.524] [Frame] [INFO] frame=8303 begin
[2026-06-11T08:55:08.532] [Frame] [INFO] frame=8304 begin
[2026-06-11T08:55:08.542] [Frame] [INFO] frame=8305 begin
[2026-06-11T08:55:08.553] [Frame] [INFO] frame=8306 begin
[2026-06-11T08:55:08.563] [Frame] [INFO] frame=8307 begin
[2026-06-11T08:55:08.572] [Frame] [INFO] frame=8308 begin
[2026-06-11T08:55:08.580] [Frame] [INFO] frame=8309 begin
[2026-06-11T08:55:08.588] [Frame] [INFO] frame=8310 begin
[2026-06-11T08:55:08.595] [Frame] [INFO] frame=8311 begin
[2026-06-11T08:55:08.604] [Frame] [INFO] frame=8312 begin
[2026-06-11T08:55:08.611] [Frame] [INFO] frame=8313 begin
[2026-06-11T08:55:08.620] [Frame] [INFO] frame=8314 begin
[2026-06-11T08:55:08.628] [Frame] [INFO] frame=8315 begin
[2026-06-11T08:55:08.637] [Frame] [INFO] frame=8316 begin
[2026-06-11T08:55:08.644] [Frame] [INFO] frame=8317 begin
[2026-06-11T08:55:08.652] [Frame] [INFO] frame=8318 begin
[2026-06-11T08:55:08.660] [Frame] [INFO] frame=8319 begin
[2026-06-11T08:55:08.669] [Frame] [INFO] frame=8320 begin
[2026-06-11T08:55:08.681] [Frame] [INFO] frame=8321 begin
[2026-06-11T08:55:08.690] [Frame] [INFO] frame=8322 begin
[2026-06-11T08:55:08.698] [Frame] [INFO] frame=8323 begin
[2026-06-11T08:55:08.710] [Frame] [INFO] frame=8324 begin
[2026-06-11T08:55:08.717] [Frame] [INFO] frame=8325 begin
[2026-06-11T08:55:08.724] [Frame] [INFO] frame=8326 begin
[2026-06-11T08:55:08.730] [Frame] [INFO] frame=8327 begin
[2026-06-11T08:55:08.739] [Frame] [INFO] frame=8328 begin
[2026-06-11T08:55:08.745] [Frame] [INFO] frame=8329 begin
[2026-06-11T08:55:08.752] [Frame] [INFO] frame=8330 begin
[2026-06-11T08:55:08.758] [Frame] [INFO] frame=8331 begin
[2026-06-11T08:55:08.765] [Frame] [INFO] frame=8332 begin
[2026-06-11T08:55:08.772] [Frame] [INFO] frame=8333 begin
[2026-06-11T08:55:08.779] [Frame] [INFO] frame=8334 begin
[2026-06-11T08:55:08.787] [Frame] [INFO] frame=8335 begin
[2026-06-11T08:55:08.795] [Frame] [INFO] frame=8336 begin
[2026-06-11T08:55:08.802] [Frame] [INFO] frame=8337 begin
[2026-06-11T08:55:08.809] [Frame] [INFO] frame=8338 begin
[2026-06-11T08:55:08.816] [Frame] [INFO] frame=8339 begin
[2026-06-11T08:55:08.824] [Frame] [INFO] frame=8340 begin
[2026-06-11T08:55:08.831] [Frame] [INFO] frame=8341 begin
[2026-06-11T08:55:08.838] [Frame] [INFO] frame=8342 begin
[2026-06-11T08:55:08.845] [Frame] [INFO] frame=8343 begin
[2026-06-11T08:55:08.852] [Frame] [INFO] frame=8344 begin
[2026-06-11T08:55:08.858] [Frame] [INFO] frame=8345 begin
[2026-06-11T08:55:08.865] [Frame] [INFO] frame=8346 begin
[2026-06-11T08:55:08.872] [Frame] [INFO] frame=8347 begin
[2026-06-11T08:55:08.880] [Frame] [INFO] frame=8348 begin
[2026-06-11T08:55:08.887] [Frame] [INFO] frame=8349 begin
[2026-06-11T08:55:08.894] [Frame] [INFO] frame=8350 begin
[2026-06-11T08:55:08.901] [Frame] [INFO] frame=8351 begin
[2026-06-11T08:55:08.909] [Frame] [INFO] frame=8352 begin
[2026-06-11T08:55:08.915] [Frame] [INFO] frame=8353 begin
[2026-06-11T08:55:08.922] [Frame] [INFO] frame=8354 begin
[2026-06-11T08:55:08.929] [Frame] [INFO] frame=8355 begin
[2026-06-11T08:55:08.936] [Frame] [INFO] frame=8356 begin
[2026-06-11T08:55:08.943] [Frame] [INFO] frame=8357 begin
[2026-06-11T08:55:08.951] [Frame] [INFO] frame=8358 begin
[2026-06-11T08:55:08.958] [Frame] [INFO] frame=8359 begin
[2026-06-11T08:55:08.966] [Frame] [INFO] frame=8360 begin
[2026-06-11T08:55:08.973] [Frame] [INFO] frame=8361 begin
[2026-06-11T08:55:08.980] [Frame] [INFO] frame=8362 begin
[2026-06-11T08:55:08.987] [Frame] [INFO] frame=8363 begin
[2026-06-11T08:55:08.994] [Frame] [INFO] frame=8364 begin
[2026-06-11T08:55:09.000] [Frame] [INFO] frame=8365 begin
[2026-06-11T08:55:09.007] [Frame] [INFO] frame=8366 begin
[2026-06-11T08:55:09.015] [Frame] [INFO] frame=8367 begin
[2026-06-11T08:55:09.025] [Frame] [INFO] frame=8368 begin
[2026-06-11T08:55:09.033] [Frame] [INFO] frame=8369 begin
[2026-06-11T08:55:09.041] [Frame] [INFO] frame=8370 begin
[2026-06-11T08:55:09.048] [Frame] [INFO] frame=8371 begin
[2026-06-11T08:55:09.055] [Frame] [INFO] frame=8372 begin
[2026-06-11T08:55:09.062] [Frame] [INFO] frame=8373 begin
[2026-06-11T08:55:09.070] [Frame] [INFO] frame=8374 begin
[2026-06-11T08:55:09.077] [Frame] [INFO] frame=8375 begin
[2026-06-11T08:55:09.085] [Frame] [INFO] frame=8376 begin
[2026-06-11T08:55:09.092] [Frame] [INFO] frame=8377 begin
[2026-06-11T08:55:09.099] [Frame] [INFO] frame=8378 begin
[2026-06-11T08:55:09.107] [Frame] [INFO] frame=8379 begin
[2026-06-11T08:55:09.115] [Frame] [INFO] frame=8380 begin
[2026-06-11T08:55:09.123] [Frame] [INFO] frame=8381 begin
[2026-06-11T08:55:09.131] [Frame] [INFO] frame=8382 begin
[2026-06-11T08:55:09.139] [Frame] [INFO] frame=8383 begin
[2026-06-11T08:55:09.148] [Frame] [INFO] frame=8384 begin
[2026-06-11T08:55:09.156] [Frame] [INFO] frame=8385 begin
[2026-06-11T08:55:09.164] [Frame] [INFO] frame=8386 begin
[2026-06-11T08:55:09.172] [Frame] [INFO] frame=8387 begin
[2026-06-11T08:55:09.180] [Frame] [INFO] frame=8388 begin
[2026-06-11T08:55:09.188] [Frame] [INFO] frame=8389 begin
[2026-06-11T08:55:09.196] [Frame] [INFO] frame=8390 begin
[2026-06-11T08:55:09.204] [Frame] [INFO] frame=8391 begin
[2026-06-11T08:55:09.213] [Frame] [INFO] frame=8392 begin
[2026-06-11T08:55:09.220] [Frame] [INFO] frame=8393 begin
[2026-06-11T08:55:09.227] [Frame] [INFO] frame=8394 begin
[2026-06-11T08:55:09.235] [Frame] [INFO] frame=8395 begin
[2026-06-11T08:55:09.245] [Frame] [INFO] frame=8396 begin
[2026-06-11T08:55:09.253] [Frame] [INFO] frame=8397 begin
[2026-06-11T08:55:09.261] [Frame] [INFO] frame=8398 begin
[2026-06-11T08:55:09.269] [Frame] [INFO] frame=8399 begin
[2026-06-11T08:55:09.277] [Frame] [INFO] frame=8400 begin
[2026-06-11T08:55:09.284] [Frame] [INFO] frame=8401 begin
[2026-06-11T08:55:09.292] [Frame] [INFO] frame=8402 begin
[2026-06-11T08:55:09.299] [Frame] [INFO] frame=8403 begin
[2026-06-11T08:55:09.306] [Frame] [INFO] frame=8404 begin
[2026-06-11T08:55:09.314] [Frame] [INFO] frame=8405 begin
[2026-06-11T08:55:09.321] [Frame] [INFO] frame=8406 begin
[2026-06-11T08:55:09.329] [Frame] [INFO] frame=8407 begin
[2026-06-11T08:55:09.337] [Frame] [INFO] frame=8408 begin
[2026-06-11T08:55:09.345] [Frame] [INFO] frame=8409 begin
[2026-06-11T08:55:09.352] [Frame] [INFO] frame=8410 begin
[2026-06-11T08:55:09.360] [Frame] [INFO] frame=8411 begin
[2026-06-11T08:55:09.369] [Frame] [INFO] frame=8412 begin
[2026-06-11T08:55:09.377] [Frame] [INFO] frame=8413 begin
[2026-06-11T08:55:09.384] [Frame] [INFO] frame=8414 begin
[2026-06-11T08:55:09.392] [Frame] [INFO] frame=8415 begin
[2026-06-11T08:55:09.400] [Frame] [INFO] frame=8416 begin
[2026-06-11T08:55:09.409] [Frame] [INFO] frame=8417 begin
[2026-06-11T08:55:09.417] [Frame] [INFO] frame=8418 begin
[2026-06-11T08:55:09.426] [Frame] [INFO] frame=8419 begin
[2026-06-11T08:55:09.435] [Frame] [INFO] frame=8420 begin
[2026-06-11T08:55:09.442] [Frame] [INFO] frame=8421 begin
[2026-06-11T08:55:09.449] [Frame] [INFO] frame=8422 begin
[2026-06-11T08:55:09.457] [Frame] [INFO] frame=8423 begin
[2026-06-11T08:55:09.464] [Frame] [INFO] frame=8424 begin
[2026-06-11T08:55:09.472] [Frame] [INFO] frame=8425 begin
[2026-06-11T08:55:09.479] [Frame] [INFO] frame=8426 begin
[2026-06-11T08:55:09.486] [Frame] [INFO] frame=8427 begin
[2026-06-11T08:55:09.494] [Frame] [INFO] frame=8428 begin
[2026-06-11T08:55:09.501] [Frame] [INFO] frame=8429 begin
[2026-06-11T08:55:09.508] [Frame] [INFO] frame=8430 begin
[2026-06-11T08:55:09.515] [Frame] [INFO] frame=8431 begin
[2026-06-11T08:55:09.522] [Frame] [INFO] frame=8432 begin
[2026-06-11T08:55:09.530] [Frame] [INFO] frame=8433 begin
[2026-06-11T08:55:09.537] [Frame] [INFO] frame=8434 begin
[2026-06-11T08:55:09.544] [Frame] [INFO] frame=8435 begin
[2026-06-11T08:55:09.550] [Frame] [INFO] frame=8436 begin
[2026-06-11T08:55:09.558] [Frame] [INFO] frame=8437 begin
[2026-06-11T08:55:09.565] [Frame] [INFO] frame=8438 begin
[2026-06-11T08:55:09.572] [Frame] [INFO] frame=8439 begin
[2026-06-11T08:55:09.580] [Frame] [INFO] frame=8440 begin
[2026-06-11T08:55:09.587] [Frame] [INFO] frame=8441 begin
[2026-06-11T08:55:09.595] [Frame] [INFO] frame=8442 begin
[2026-06-11T08:55:09.601] [Frame] [INFO] frame=8443 begin
[2026-06-11T08:55:09.608] [Frame] [INFO] frame=8444 begin
[2026-06-11T08:55:09.616] [Frame] [INFO] frame=8445 begin
[2026-06-11T08:55:09.625] [Frame] [INFO] frame=8446 begin
[2026-06-11T08:55:09.634] [Frame] [INFO] frame=8447 begin
[2026-06-11T08:55:09.642] [Frame] [INFO] frame=8448 begin
[2026-06-11T08:55:09.650] [Frame] [INFO] frame=8449 begin
[2026-06-11T08:55:09.659] [Frame] [INFO] frame=8450 begin
[2026-06-11T08:55:09.666] [Frame] [INFO] frame=8451 begin
[2026-06-11T08:55:09.674] [Frame] [INFO] frame=8452 begin
[2026-06-11T08:55:09.681] [Frame] [INFO] frame=8453 begin
[2026-06-11T08:55:09.690] [Frame] [INFO] frame=8454 begin
[2026-06-11T08:55:09.697] [Frame] [INFO] frame=8455 begin
[2026-06-11T08:55:09.704] [Frame] [INFO] frame=8456 begin
[2026-06-11T08:55:09.711] [Frame] [INFO] frame=8457 begin
[2026-06-11T08:55:09.718] [Frame] [INFO] frame=8458 begin
[2026-06-11T08:55:09.725] [Frame] [INFO] frame=8459 begin
[2026-06-11T08:55:09.731] [Frame] [INFO] frame=8460 begin
[2026-06-11T08:55:09.739] [Frame] [INFO] frame=8461 begin
[2026-06-11T08:55:09.746] [Frame] [INFO] frame=8462 begin
[2026-06-11T08:55:09.753] [Frame] [INFO] frame=8463 begin
[2026-06-11T08:55:09.761] [Frame] [INFO] frame=8464 begin
[2026-06-11T08:55:09.769] [Frame] [INFO] frame=8465 begin
[2026-06-11T08:55:09.777] [Frame] [INFO] frame=8466 begin
[2026-06-11T08:55:09.787] [Frame] [INFO] frame=8467 begin
[2026-06-11T08:55:09.794] [Frame] [INFO] frame=8468 begin
[2026-06-11T08:55:09.802] [Frame] [INFO] frame=8469 begin
[2026-06-11T08:55:09.809] [Frame] [INFO] frame=8470 begin
[2026-06-11T08:55:09.817] [Frame] [INFO] frame=8471 begin
[2026-06-11T08:55:09.824] [Frame] [INFO] frame=8472 begin
[2026-06-11T08:55:09.832] [Frame] [INFO] frame=8473 begin
[2026-06-11T08:55:09.839] [Frame] [INFO] frame=8474 begin
[2026-06-11T08:55:09.846] [Frame] [INFO] frame=8475 begin
[2026-06-11T08:55:09.853] [Frame] [INFO] frame=8476 begin
[2026-06-11T08:55:09.860] [Frame] [INFO] frame=8477 begin
[2026-06-11T08:55:09.867] [Frame] [INFO] frame=8478 begin
[2026-06-11T08:55:09.875] [Frame] [INFO] frame=8479 begin
[2026-06-11T08:55:09.882] [Frame] [INFO] frame=8480 begin
[2026-06-11T08:55:09.891] [Frame] [INFO] frame=8481 begin
[2026-06-11T08:55:09.899] [Frame] [INFO] frame=8482 begin
[2026-06-11T08:55:09.907] [Frame] [INFO] frame=8483 begin
[2026-06-11T08:55:09.914] [Frame] [INFO] frame=8484 begin
[2026-06-11T08:55:09.924] [Frame] [INFO] frame=8485 begin
[2026-06-11T08:55:09.932] [Frame] [INFO] frame=8486 begin
[2026-06-11T08:55:09.939] [Frame] [INFO] frame=8487 begin
[2026-06-11T08:55:09.946] [Frame] [INFO] frame=8488 begin
[2026-06-11T08:55:09.953] [Frame] [INFO] frame=8489 begin
[2026-06-11T08:55:09.961] [Frame] [INFO] frame=8490 begin
[2026-06-11T08:55:09.968] [Frame] [INFO] frame=8491 begin
[2026-06-11T08:55:09.976] [Frame] [INFO] frame=8492 begin
[2026-06-11T08:55:09.983] [Frame] [INFO] frame=8493 begin
[2026-06-11T08:55:09.990] [Frame] [INFO] frame=8494 begin
[2026-06-11T08:55:10.000] [Frame] [INFO] frame=8495 begin
[2026-06-11T08:55:10.009] [Frame] [INFO] frame=8496 begin
[2026-06-11T08:55:10.017] [Frame] [INFO] frame=8497 begin
[2026-06-11T08:55:10.028] [Frame] [INFO] frame=8498 begin
[2026-06-11T08:55:10.036] [Frame] [INFO] frame=8499 begin
[2026-06-11T08:55:10.045] [Frame] [INFO] frame=8500 begin
[2026-06-11T08:55:10.054] [Frame] [INFO] frame=8501 begin
[2026-06-11T08:55:10.063] [Frame] [INFO] frame=8502 begin
[2026-06-11T08:55:10.070] [Frame] [INFO] frame=8503 begin
[2026-06-11T08:55:10.079] [Frame] [INFO] frame=8504 begin
[2026-06-11T08:55:10.086] [Frame] [INFO] frame=8505 begin
[2026-06-11T08:55:10.094] [Frame] [INFO] frame=8506 begin
[2026-06-11T08:55:10.103] [Frame] [INFO] frame=8507 begin
[2026-06-11T08:55:10.111] [Frame] [INFO] frame=8508 begin
[2026-06-11T08:55:10.120] [Frame] [INFO] frame=8509 begin
[2026-06-11T08:55:10.129] [Frame] [INFO] frame=8510 begin
[2026-06-11T08:55:10.137] [Frame] [INFO] frame=8511 begin
[2026-06-11T08:55:10.146] [Frame] [INFO] frame=8512 begin
[2026-06-11T08:55:10.153] [Frame] [INFO] frame=8513 begin
[2026-06-11T08:55:10.162] [Frame] [INFO] frame=8514 begin
[2026-06-11T08:55:10.170] [Frame] [INFO] frame=8515 begin
[2026-06-11T08:55:10.178] [Frame] [INFO] frame=8516 begin
[2026-06-11T08:55:10.188] [Frame] [INFO] frame=8517 begin
[2026-06-11T08:55:10.196] [Frame] [INFO] frame=8518 begin
[2026-06-11T08:55:10.203] [Frame] [INFO] frame=8519 begin
[2026-06-11T08:55:10.211] [Frame] [INFO] frame=8520 begin
[2026-06-11T08:55:10.217] [Frame] [INFO] frame=8521 begin
[2026-06-11T08:55:10.225] [Frame] [INFO] frame=8522 begin
[2026-06-11T08:55:10.232] [Frame] [INFO] frame=8523 begin
[2026-06-11T08:55:10.240] [Frame] [INFO] frame=8524 begin
[2026-06-11T08:55:10.251] [Frame] [INFO] frame=8525 begin
[2026-06-11T08:55:10.259] [Frame] [INFO] frame=8526 begin
[2026-06-11T08:55:10.268] [Frame] [INFO] frame=8527 begin
[2026-06-11T08:55:10.276] [Frame] [INFO] frame=8528 begin
[2026-06-11T08:55:10.284] [Frame] [INFO] frame=8529 begin
[2026-06-11T08:55:10.291] [Frame] [INFO] frame=8530 begin
[2026-06-11T08:55:10.298] [Frame] [INFO] frame=8531 begin
[2026-06-11T08:55:10.305] [Frame] [INFO] frame=8532 begin
[2026-06-11T08:55:10.313] [Frame] [INFO] frame=8533 begin
[2026-06-11T08:55:10.321] [Frame] [INFO] frame=8534 begin
[2026-06-11T08:55:10.329] [Frame] [INFO] frame=8535 begin
[2026-06-11T08:55:10.336] [Frame] [INFO] frame=8536 begin
[2026-06-11T08:55:10.344] [Frame] [INFO] frame=8537 begin
[2026-06-11T08:55:10.351] [Frame] [INFO] frame=8538 begin
[2026-06-11T08:55:10.359] [Frame] [INFO] frame=8539 begin
[2026-06-11T08:55:10.367] [Frame] [INFO] frame=8540 begin
[2026-06-11T08:55:10.375] [Frame] [INFO] frame=8541 begin
[2026-06-11T08:55:10.382] [Frame] [INFO] frame=8542 begin
[2026-06-11T08:55:10.389] [Frame] [INFO] frame=8543 begin
[2026-06-11T08:55:10.398] [Frame] [INFO] frame=8544 begin
[2026-06-11T08:55:10.406] [Frame] [INFO] frame=8545 begin
[2026-06-11T08:55:10.413] [Frame] [INFO] frame=8546 begin
[2026-06-11T08:55:10.421] [Frame] [INFO] frame=8547 begin
[2026-06-11T08:55:10.428] [Frame] [INFO] frame=8548 begin
[2026-06-11T08:55:10.436] [Frame] [INFO] frame=8549 begin
[2026-06-11T08:55:10.444] [Frame] [INFO] frame=8550 begin
[2026-06-11T08:55:10.451] [Frame] [INFO] frame=8551 begin
[2026-06-11T08:55:10.459] [Frame] [INFO] frame=8552 begin
[2026-06-11T08:55:10.468] [Frame] [INFO] frame=8553 begin
[2026-06-11T08:55:10.476] [Frame] [INFO] frame=8554 begin
[2026-06-11T08:55:10.485] [Frame] [INFO] frame=8555 begin
[2026-06-11T08:55:10.494] [Frame] [INFO] frame=8556 begin
[2026-06-11T08:55:10.502] [Frame] [INFO] frame=8557 begin
[2026-06-11T08:55:10.509] [Frame] [INFO] frame=8558 begin
[2026-06-11T08:55:10.517] [Frame] [INFO] frame=8559 begin
[2026-06-11T08:55:10.525] [Frame] [INFO] frame=8560 begin
[2026-06-11T08:55:10.533] [Frame] [INFO] frame=8561 begin
[2026-06-11T08:55:10.540] [Frame] [INFO] frame=8562 begin
[2026-06-11T08:55:10.548] [Frame] [INFO] frame=8563 begin
[2026-06-11T08:55:10.556] [Frame] [INFO] frame=8564 begin
[2026-06-11T08:55:10.563] [Frame] [INFO] frame=8565 begin
[2026-06-11T08:55:10.572] [Frame] [INFO] frame=8566 begin
[2026-06-11T08:55:10.581] [Frame] [INFO] frame=8567 begin
[2026-06-11T08:55:10.589] [Frame] [INFO] frame=8568 begin
[2026-06-11T08:55:10.597] [Frame] [INFO] frame=8569 begin
[2026-06-11T08:55:10.605] [Frame] [INFO] frame=8570 begin
[2026-06-11T08:55:10.615] [Frame] [INFO] frame=8571 begin
[2026-06-11T08:55:10.626] [Frame] [INFO] frame=8572 begin
[2026-06-11T08:55:10.634] [Frame] [INFO] frame=8573 begin
[2026-06-11T08:55:10.642] [Frame] [INFO] frame=8574 begin
[2026-06-11T08:55:10.651] [Frame] [INFO] frame=8575 begin
[2026-06-11T08:55:10.658] [Frame] [INFO] frame=8576 begin
[2026-06-11T08:55:10.666] [Frame] [INFO] frame=8577 begin
[2026-06-11T08:55:10.673] [Frame] [INFO] frame=8578 begin
[2026-06-11T08:55:10.681] [Frame] [INFO] frame=8579 begin
[2026-06-11T08:55:10.688] [Frame] [INFO] frame=8580 begin
[2026-06-11T08:55:10.695] [Frame] [INFO] frame=8581 begin
[2026-06-11T08:55:10.704] [Frame] [INFO] frame=8582 begin
[2026-06-11T08:55:10.715] [Frame] [INFO] frame=8583 begin
[2026-06-11T08:55:10.723] [Frame] [INFO] frame=8584 begin
[2026-06-11T08:55:10.731] [Frame] [INFO] frame=8585 begin
[2026-06-11T08:55:10.738] [Frame] [INFO] frame=8586 begin
[2026-06-11T08:55:10.745] [Frame] [INFO] frame=8587 begin
[2026-06-11T08:55:10.752] [Frame] [INFO] frame=8588 begin
[2026-06-11T08:55:10.760] [Frame] [INFO] frame=8589 begin
[2026-06-11T08:55:10.767] [Frame] [INFO] frame=8590 begin
[2026-06-11T08:55:10.775] [Frame] [INFO] frame=8591 begin
[2026-06-11T08:55:10.782] [Frame] [INFO] frame=8592 begin
[2026-06-11T08:55:10.790] [Frame] [INFO] frame=8593 begin
[2026-06-11T08:55:10.798] [Frame] [INFO] frame=8594 begin
[2026-06-11T08:55:10.806] [Frame] [INFO] frame=8595 begin
[2026-06-11T08:55:10.813] [Frame] [INFO] frame=8596 begin
[2026-06-11T08:55:10.821] [Frame] [INFO] frame=8597 begin
[2026-06-11T08:55:10.829] [Frame] [INFO] frame=8598 begin
[2026-06-11T08:55:10.836] [Frame] [INFO] frame=8599 begin
[2026-06-11T08:55:10.844] [Frame] [INFO] frame=8600 begin
[2026-06-11T08:55:10.852] [Frame] [INFO] frame=8601 begin
[2026-06-11T08:55:10.860] [Frame] [INFO] frame=8602 begin
[2026-06-11T08:55:10.868] [Frame] [INFO] frame=8603 begin
[2026-06-11T08:55:10.875] [Frame] [INFO] frame=8604 begin
[2026-06-11T08:55:10.882] [Frame] [INFO] frame=8605 begin
[2026-06-11T08:55:10.890] [Frame] [INFO] frame=8606 begin
[2026-06-11T08:55:10.898] [Frame] [INFO] frame=8607 begin
[2026-06-11T08:55:10.905] [Frame] [INFO] frame=8608 begin
[2026-06-11T08:55:10.912] [Frame] [INFO] frame=8609 begin
[2026-06-11T08:55:10.921] [Frame] [INFO] frame=8610 begin
[2026-06-11T08:55:10.929] [Frame] [INFO] frame=8611 begin
[2026-06-11T08:55:10.937] [Frame] [INFO] frame=8612 begin
[2026-06-11T08:55:10.945] [Frame] [INFO] frame=8613 begin
[2026-06-11T08:55:10.952] [Frame] [INFO] frame=8614 begin
[2026-06-11T08:55:10.959] [Frame] [INFO] frame=8615 begin
[2026-06-11T08:55:10.966] [Frame] [INFO] frame=8616 begin
[2026-06-11T08:55:10.973] [Frame] [INFO] frame=8617 begin
[2026-06-11T08:55:10.979] [Frame] [INFO] frame=8618 begin
[2026-06-11T08:55:10.987] [Frame] [INFO] frame=8619 begin
[2026-06-11T08:55:10.995] [Frame] [INFO] frame=8620 begin
[2026-06-11T08:55:11.004] [Frame] [INFO] frame=8621 begin
[2026-06-11T08:55:11.012] [Frame] [INFO] frame=8622 begin
[2026-06-11T08:55:11.021] [Frame] [INFO] frame=8623 begin
[2026-06-11T08:55:11.030] [Frame] [INFO] frame=8624 begin
[2026-06-11T08:55:11.039] [Frame] [INFO] frame=8625 begin
[2026-06-11T08:55:11.048] [Frame] [INFO] frame=8626 begin
[2026-06-11T08:55:11.057] [Frame] [INFO] frame=8627 begin
[2026-06-11T08:55:11.065] [Frame] [INFO] frame=8628 begin
[2026-06-11T08:55:11.073] [Frame] [INFO] frame=8629 begin
[2026-06-11T08:55:11.081] [Frame] [INFO] frame=8630 begin
[2026-06-11T08:55:11.090] [Frame] [INFO] frame=8631 begin
[2026-06-11T08:55:11.097] [Frame] [INFO] frame=8632 begin
[2026-06-11T08:55:11.105] [Frame] [INFO] frame=8633 begin
[2026-06-11T08:55:11.112] [Frame] [INFO] frame=8634 begin
[2026-06-11T08:55:11.119] [Frame] [INFO] frame=8635 begin
[2026-06-11T08:55:11.128] [Frame] [INFO] frame=8636 begin
[2026-06-11T08:55:11.138] [Frame] [INFO] frame=8637 begin
[2026-06-11T08:55:11.147] [Frame] [INFO] frame=8638 begin
[2026-06-11T08:55:11.158] [Frame] [INFO] frame=8639 begin
[2026-06-11T08:55:11.166] [Frame] [INFO] frame=8640 begin
[2026-06-11T08:55:11.174] [Frame] [INFO] frame=8641 begin
[2026-06-11T08:55:11.182] [Frame] [INFO] frame=8642 begin
[2026-06-11T08:55:11.189] [Frame] [INFO] frame=8643 begin
[2026-06-11T08:55:11.198] [Frame] [INFO] frame=8644 begin
[2026-06-11T08:55:11.206] [Frame] [INFO] frame=8645 begin
[2026-06-11T08:55:11.215] [Frame] [INFO] frame=8646 begin
[2026-06-11T08:55:11.223] [Frame] [INFO] frame=8647 begin
[2026-06-11T08:55:11.232] [Frame] [INFO] frame=8648 begin
[2026-06-11T08:55:11.242] [Frame] [INFO] frame=8649 begin
[2026-06-11T08:55:11.251] [Frame] [INFO] frame=8650 begin
[2026-06-11T08:55:11.258] [Frame] [INFO] frame=8651 begin
[2026-06-11T08:55:11.265] [Frame] [INFO] frame=8652 begin
[2026-06-11T08:55:11.272] [Frame] [INFO] frame=8653 begin
[2026-06-11T08:55:11.281] [Frame] [INFO] frame=8654 begin
[2026-06-11T08:55:11.288] [Frame] [INFO] frame=8655 begin
[2026-06-11T08:55:11.295] [Frame] [INFO] frame=8656 begin
[2026-06-11T08:55:11.303] [Frame] [INFO] frame=8657 begin
[2026-06-11T08:55:11.309] [Frame] [INFO] frame=8658 begin
[2026-06-11T08:55:11.318] [Frame] [INFO] frame=8659 begin
[2026-06-11T08:55:11.325] [Frame] [INFO] frame=8660 begin
[2026-06-11T08:55:11.333] [Frame] [INFO] frame=8661 begin
[2026-06-11T08:55:11.342] [Frame] [INFO] frame=8662 begin
[2026-06-11T08:55:11.350] [Frame] [INFO] frame=8663 begin
[2026-06-11T08:55:11.359] [Frame] [INFO] frame=8664 begin
[2026-06-11T08:55:11.367] [Frame] [INFO] frame=8665 begin
[2026-06-11T08:55:11.374] [Frame] [INFO] frame=8666 begin
[2026-06-11T08:55:11.382] [Frame] [INFO] frame=8667 begin
[2026-06-11T08:55:11.390] [Frame] [INFO] frame=8668 begin
[2026-06-11T08:55:11.397] [Frame] [INFO] frame=8669 begin
[2026-06-11T08:55:11.406] [Frame] [INFO] frame=8670 begin
[2026-06-11T08:55:11.414] [Frame] [INFO] frame=8671 begin
[2026-06-11T08:55:11.422] [Frame] [INFO] frame=8672 begin
[2026-06-11T08:55:11.429] [Frame] [INFO] frame=8673 begin
[2026-06-11T08:55:11.438] [Frame] [INFO] frame=8674 begin
[2026-06-11T08:55:11.446] [Frame] [INFO] frame=8675 begin
[2026-06-11T08:55:11.454] [Frame] [INFO] frame=8676 begin
[2026-06-11T08:55:11.461] [Frame] [INFO] frame=8677 begin
[2026-06-11T08:55:11.469] [Frame] [INFO] frame=8678 begin
[2026-06-11T08:55:11.476] [Frame] [INFO] frame=8679 begin
[2026-06-11T08:55:11.485] [Frame] [INFO] frame=8680 begin
[2026-06-11T08:55:11.492] [Frame] [INFO] frame=8681 begin
[2026-06-11T08:55:11.499] [Frame] [INFO] frame=8682 begin
[2026-06-11T08:55:11.507] [Frame] [INFO] frame=8683 begin
[2026-06-11T08:55:11.515] [Frame] [INFO] frame=8684 begin
[2026-06-11T08:55:11.522] [Frame] [INFO] frame=8685 begin
[2026-06-11T08:55:11.529] [Frame] [INFO] frame=8686 begin
[2026-06-11T08:55:11.536] [Frame] [INFO] frame=8687 begin
[2026-06-11T08:55:11.544] [Frame] [INFO] frame=8688 begin
[2026-06-11T08:55:11.552] [Frame] [INFO] frame=8689 begin
[2026-06-11T08:55:11.559] [Frame] [INFO] frame=8690 begin
[2026-06-11T08:55:11.567] [Frame] [INFO] frame=8691 begin
[2026-06-11T08:55:11.574] [Frame] [INFO] frame=8692 begin
[2026-06-11T08:55:11.581] [Frame] [INFO] frame=8693 begin
[2026-06-11T08:55:11.589] [Frame] [INFO] frame=8694 begin
[2026-06-11T08:55:11.596] [Frame] [INFO] frame=8695 begin
[2026-06-11T08:55:11.603] [Frame] [INFO] frame=8696 begin
[2026-06-11T08:55:11.611] [Frame] [INFO] frame=8697 begin
[2026-06-11T08:55:11.619] [Frame] [INFO] frame=8698 begin
[2026-06-11T08:55:11.628] [Frame] [INFO] frame=8699 begin
[2026-06-11T08:55:11.635] [Frame] [INFO] frame=8700 begin
[2026-06-11T08:55:11.642] [Frame] [INFO] frame=8701 begin
[2026-06-11T08:55:11.649] [Frame] [INFO] frame=8702 begin
[2026-06-11T08:55:11.655] [Frame] [INFO] frame=8703 begin
[2026-06-11T08:55:11.662] [Frame] [INFO] frame=8704 begin
[2026-06-11T08:55:11.670] [Frame] [INFO] frame=8705 begin
[2026-06-11T08:55:11.679] [Frame] [INFO] frame=8706 begin
[2026-06-11T08:55:11.687] [Frame] [INFO] frame=8707 begin
[2026-06-11T08:55:11.695] [Frame] [INFO] frame=8708 begin
[2026-06-11T08:55:11.703] [Frame] [INFO] frame=8709 begin
[2026-06-11T08:55:11.712] [Frame] [INFO] frame=8710 begin
[2026-06-11T08:55:11.719] [Frame] [INFO] frame=8711 begin
[2026-06-11T08:55:11.727] [Frame] [INFO] frame=8712 begin
[2026-06-11T08:55:11.734] [Frame] [INFO] frame=8713 begin
[2026-06-11T08:55:11.742] [Frame] [INFO] frame=8714 begin
[2026-06-11T08:55:11.751] [Frame] [INFO] frame=8715 begin
[2026-06-11T08:55:11.759] [Frame] [INFO] frame=8716 begin
[2026-06-11T08:55:11.766] [Frame] [INFO] frame=8717 begin
[2026-06-11T08:55:11.773] [Frame] [INFO] frame=8718 begin
[2026-06-11T08:55:11.781] [Frame] [INFO] frame=8719 begin
[2026-06-11T08:55:11.789] [Frame] [INFO] frame=8720 begin
[2026-06-11T08:55:11.797] [Frame] [INFO] frame=8721 begin
[2026-06-11T08:55:11.804] [Frame] [INFO] frame=8722 begin
[2026-06-11T08:55:11.812] [Frame] [INFO] frame=8723 begin
[2026-06-11T08:55:11.819] [Frame] [INFO] frame=8724 begin
[2026-06-11T08:55:11.827] [Frame] [INFO] frame=8725 begin
[2026-06-11T08:55:11.836] [Frame] [INFO] frame=8726 begin
[2026-06-11T08:55:11.843] [Frame] [INFO] frame=8727 begin
[2026-06-11T08:55:11.851] [Frame] [INFO] frame=8728 begin
[2026-06-11T08:55:11.858] [Frame] [INFO] frame=8729 begin
[2026-06-11T08:55:11.865] [Frame] [INFO] frame=8730 begin
[2026-06-11T08:55:11.873] [Frame] [INFO] frame=8731 begin
[2026-06-11T08:55:11.881] [Frame] [INFO] frame=8732 begin
[2026-06-11T08:55:11.888] [Frame] [INFO] frame=8733 begin
[2026-06-11T08:55:11.895] [Frame] [INFO] frame=8734 begin
[2026-06-11T08:55:11.903] [Frame] [INFO] frame=8735 begin
[2026-06-11T08:55:11.911] [Frame] [INFO] frame=8736 begin
[2026-06-11T08:55:11.918] [Frame] [INFO] frame=8737 begin
[2026-06-11T08:55:11.925] [Frame] [INFO] frame=8738 begin
[2026-06-11T08:55:11.933] [Frame] [INFO] frame=8739 begin
[2026-06-11T08:55:11.940] [Frame] [INFO] frame=8740 begin
[2026-06-11T08:55:11.947] [Frame] [INFO] frame=8741 begin
[2026-06-11T08:55:11.954] [Frame] [INFO] frame=8742 begin
[2026-06-11T08:55:11.962] [Frame] [INFO] frame=8743 begin
[2026-06-11T08:55:11.969] [Frame] [INFO] frame=8744 begin
[2026-06-11T08:55:11.977] [Frame] [INFO] frame=8745 begin
[2026-06-11T08:55:11.984] [Frame] [INFO] frame=8746 begin
[2026-06-11T08:55:11.991] [Frame] [INFO] frame=8747 begin
[2026-06-11T08:55:11.998] [Frame] [INFO] frame=8748 begin
[2026-06-11T08:55:12.005] [Frame] [INFO] frame=8749 begin
[2026-06-11T08:55:12.013] [Frame] [INFO] frame=8750 begin
[2026-06-11T08:55:12.021] [Frame] [INFO] frame=8751 begin
[2026-06-11T08:55:12.028] [Frame] [INFO] frame=8752 begin
[2026-06-11T08:55:12.035] [Frame] [INFO] frame=8753 begin
[2026-06-11T08:55:12.043] [Frame] [INFO] frame=8754 begin
[2026-06-11T08:55:12.050] [Frame] [INFO] frame=8755 begin
[2026-06-11T08:55:12.059] [Frame] [INFO] frame=8756 begin
[2026-06-11T08:55:12.066] [Frame] [INFO] frame=8757 begin
[2026-06-11T08:55:12.073] [Frame] [INFO] frame=8758 begin
[2026-06-11T08:55:12.080] [Frame] [INFO] frame=8759 begin
[2026-06-11T08:55:12.087] [Frame] [INFO] frame=8760 begin
[2026-06-11T08:55:12.096] [Frame] [INFO] frame=8761 begin
[2026-06-11T08:55:12.103] [Frame] [INFO] frame=8762 begin
[2026-06-11T08:55:12.111] [Frame] [INFO] frame=8763 begin
[2026-06-11T08:55:12.119] [Frame] [INFO] frame=8764 begin
[2026-06-11T08:55:12.128] [Frame] [INFO] frame=8765 begin
[2026-06-11T08:55:12.135] [Frame] [INFO] frame=8766 begin
[2026-06-11T08:55:12.142] [Frame] [INFO] frame=8767 begin
[2026-06-11T08:55:12.149] [Frame] [INFO] frame=8768 begin
[2026-06-11T08:55:12.159] [Frame] [INFO] frame=8769 begin
[2026-06-11T08:55:12.167] [Frame] [INFO] frame=8770 begin
[2026-06-11T08:55:12.177] [Frame] [INFO] frame=8771 begin
[2026-06-11T08:55:12.186] [Frame] [INFO] frame=8772 begin
[2026-06-11T08:55:12.193] [Frame] [INFO] frame=8773 begin
[2026-06-11T08:55:12.201] [Frame] [INFO] frame=8774 begin
[2026-06-11T08:55:12.211] [Frame] [INFO] frame=8775 begin
[2026-06-11T08:55:12.219] [Frame] [INFO] frame=8776 begin
[2026-06-11T08:55:12.227] [Frame] [INFO] frame=8777 begin
[2026-06-11T08:55:12.236] [Frame] [INFO] frame=8778 begin
[2026-06-11T08:55:12.244] [Frame] [INFO] frame=8779 begin
[2026-06-11T08:55:12.253] [Frame] [INFO] frame=8780 begin
[2026-06-11T08:55:12.261] [Frame] [INFO] frame=8781 begin
[2026-06-11T08:55:12.269] [Frame] [INFO] frame=8782 begin
[2026-06-11T08:55:12.276] [Frame] [INFO] frame=8783 begin
[2026-06-11T08:55:12.284] [Frame] [INFO] frame=8784 begin
[2026-06-11T08:55:12.292] [Frame] [INFO] frame=8785 begin
[2026-06-11T08:55:12.299] [Frame] [INFO] frame=8786 begin
[2026-06-11T08:55:12.307] [Frame] [INFO] frame=8787 begin
[2026-06-11T08:55:12.315] [Frame] [INFO] frame=8788 begin
[2026-06-11T08:55:12.323] [Frame] [INFO] frame=8789 begin
[2026-06-11T08:55:12.331] [Frame] [INFO] frame=8790 begin
[2026-06-11T08:55:12.340] [Frame] [INFO] frame=8791 begin
[2026-06-11T08:55:12.347] [Frame] [INFO] frame=8792 begin
[2026-06-11T08:55:12.355] [Frame] [INFO] frame=8793 begin
[2026-06-11T08:55:12.363] [Frame] [INFO] frame=8794 begin
[2026-06-11T08:55:12.372] [Frame] [INFO] frame=8795 begin
[2026-06-11T08:55:12.380] [Frame] [INFO] frame=8796 begin
[2026-06-11T08:55:12.388] [Frame] [INFO] frame=8797 begin
[2026-06-11T08:55:12.397] [Frame] [INFO] frame=8798 begin
[2026-06-11T08:55:12.403] [Frame] [INFO] frame=8799 begin
[2026-06-11T08:55:12.411] [Frame] [INFO] frame=8800 begin
[2026-06-11T08:55:12.418] [Frame] [INFO] frame=8801 begin
[2026-06-11T08:55:12.425] [Frame] [INFO] frame=8802 begin
[2026-06-11T08:55:12.432] [Frame] [INFO] frame=8803 begin
[2026-06-11T08:55:12.440] [Frame] [INFO] frame=8804 begin
[2026-06-11T08:55:12.448] [Frame] [INFO] frame=8805 begin
[2026-06-11T08:55:12.456] [Frame] [INFO] frame=8806 begin
[2026-06-11T08:55:12.462] [Frame] [INFO] frame=8807 begin
[2026-06-11T08:55:12.470] [Frame] [INFO] frame=8808 begin
[2026-06-11T08:55:12.477] [Frame] [INFO] frame=8809 begin
[2026-06-11T08:55:12.484] [Frame] [INFO] frame=8810 begin
[2026-06-11T08:55:12.491] [Frame] [INFO] frame=8811 begin
[2026-06-11T08:55:12.499] [Frame] [INFO] frame=8812 begin
[2026-06-11T08:55:12.506] [Frame] [INFO] frame=8813 begin
[2026-06-11T08:55:12.514] [Frame] [INFO] frame=8814 begin
[2026-06-11T08:55:12.522] [Frame] [INFO] frame=8815 begin
[2026-06-11T08:55:12.530] [Frame] [INFO] frame=8816 begin
[2026-06-11T08:55:12.537] [Frame] [INFO] frame=8817 begin
[2026-06-11T08:55:12.545] [Frame] [INFO] frame=8818 begin
[2026-06-11T08:55:12.552] [Frame] [INFO] frame=8819 begin
[2026-06-11T08:55:12.559] [Frame] [INFO] frame=8820 begin
[2026-06-11T08:55:12.566] [Frame] [INFO] frame=8821 begin
[2026-06-11T08:55:12.575] [Frame] [INFO] frame=8822 begin
[2026-06-11T08:55:12.583] [Frame] [INFO] frame=8823 begin
[2026-06-11T08:55:12.591] [Frame] [INFO] frame=8824 begin
[2026-06-11T08:55:12.599] [Frame] [INFO] frame=8825 begin
[2026-06-11T08:55:12.607] [Frame] [INFO] frame=8826 begin
[2026-06-11T08:55:12.615] [Frame] [INFO] frame=8827 begin
[2026-06-11T08:55:12.624] [Frame] [INFO] frame=8828 begin
[2026-06-11T08:55:12.631] [Frame] [INFO] frame=8829 begin
[2026-06-11T08:55:12.638] [Frame] [INFO] frame=8830 begin
[2026-06-11T08:55:12.646] [Frame] [INFO] frame=8831 begin
[2026-06-11T08:55:12.655] [Frame] [INFO] frame=8832 begin
[2026-06-11T08:55:12.663] [Frame] [INFO] frame=8833 begin
[2026-06-11T08:55:12.671] [Frame] [INFO] frame=8834 begin
[2026-06-11T08:55:12.679] [Frame] [INFO] frame=8835 begin
[2026-06-11T08:55:12.687] [Frame] [INFO] frame=8836 begin
[2026-06-11T08:55:12.694] [Frame] [INFO] frame=8837 begin
[2026-06-11T08:55:12.702] [Frame] [INFO] frame=8838 begin
[2026-06-11T08:55:12.710] [Frame] [INFO] frame=8839 begin
[2026-06-11T08:55:12.719] [Frame] [INFO] frame=8840 begin
[2026-06-11T08:55:12.726] [Frame] [INFO] frame=8841 begin
[2026-06-11T08:55:12.733] [Frame] [INFO] frame=8842 begin
[2026-06-11T08:55:12.741] [Frame] [INFO] frame=8843 begin
[2026-06-11T08:55:12.749] [Frame] [INFO] frame=8844 begin
[2026-06-11T08:55:12.755] [Frame] [INFO] frame=8845 begin
[2026-06-11T08:55:12.763] [Frame] [INFO] frame=8846 begin
[2026-06-11T08:55:12.771] [Frame] [INFO] frame=8847 begin
[2026-06-11T08:55:12.778] [Frame] [INFO] frame=8848 begin
[2026-06-11T08:55:12.785] [Frame] [INFO] frame=8849 begin
[2026-06-11T08:55:12.792] [Frame] [INFO] frame=8850 begin
[2026-06-11T08:55:12.799] [Frame] [INFO] frame=8851 begin
[2026-06-11T08:55:12.806] [Frame] [INFO] frame=8852 begin
[2026-06-11T08:55:12.812] [Frame] [INFO] frame=8853 begin
[2026-06-11T08:55:12.819] [Frame] [INFO] frame=8854 begin
[2026-06-11T08:55:12.827] [Frame] [INFO] frame=8855 begin
[2026-06-11T08:55:12.834] [Frame] [INFO] frame=8856 begin
[2026-06-11T08:55:12.841] [Frame] [INFO] frame=8857 begin
[2026-06-11T08:55:12.847] [Frame] [INFO] frame=8858 begin
[2026-06-11T08:55:12.850] [Frame] [INFO] frame=8859 begin
[2026-06-11T08:55:12.853] [Frame] [INFO] frame=8860 begin
[2026-06-11T08:55:12.857] [Frame] [INFO] frame=8861 begin
[2026-06-11T08:55:12.860] [Frame] [INFO] frame=8862 begin
[2026-06-11T08:55:12.872] [Frame] [INFO] frame=8863 begin
[2026-06-11T08:55:12.878] [Frame] [INFO] frame=8864 begin
[2026-06-11T08:55:12.880] [Frame] [INFO] frame=8865 begin
[2026-06-11T08:55:12.884] [Frame] [INFO] frame=8866 begin
[2026-06-11T08:55:12.892] [Frame] [INFO] frame=8867 begin
[2026-06-11T08:55:12.899] [Frame] [INFO] frame=8868 begin
[2026-06-11T08:55:12.907] [Frame] [INFO] frame=8869 begin
[2026-06-11T08:55:12.914] [Frame] [INFO] frame=8870 begin
[2026-06-11T08:55:12.921] [Frame] [INFO] frame=8871 begin
[2026-06-11T08:55:12.928] [Frame] [INFO] frame=8872 begin
[2026-06-11T08:55:12.935] [Frame] [INFO] frame=8873 begin
[2026-06-11T08:55:12.940] [Frame] [INFO] frame=8874 begin
[2026-06-11T08:55:12.947] [Frame] [INFO] frame=8875 begin
[2026-06-11T08:55:12.954] [Frame] [INFO] frame=8876 begin
[2026-06-11T08:55:12.961] [Frame] [INFO] frame=8877 begin
[2026-06-11T08:55:12.967] [Frame] [INFO] frame=8878 begin
[2026-06-11T08:55:12.975] [Frame] [INFO] frame=8879 begin
[2026-06-11T08:55:12.982] [Frame] [INFO] frame=8880 begin
[2026-06-11T08:55:12.988] [Frame] [INFO] frame=8881 begin
[2026-06-11T08:55:12.995] [Frame] [INFO] frame=8882 begin
[2026-06-11T08:55:13.002] [Frame] [INFO] frame=8883 begin
[2026-06-11T08:55:13.009] [Frame] [INFO] frame=8884 begin
[2026-06-11T08:55:13.016] [Frame] [INFO] frame=8885 begin
[2026-06-11T08:55:13.023] [Frame] [INFO] frame=8886 begin
[2026-06-11T08:55:13.030] [Frame] [INFO] frame=8887 begin
[2026-06-11T08:55:13.037] [Frame] [INFO] frame=8888 begin
[2026-06-11T08:55:13.044] [Frame] [INFO] frame=8889 begin
[2026-06-11T08:55:13.050] [Frame] [INFO] frame=8890 begin
[2026-06-11T08:55:13.057] [Frame] [INFO] frame=8891 begin
[2026-06-11T08:55:13.063] [Frame] [INFO] frame=8892 begin
[2026-06-11T08:55:13.070] [Frame] [INFO] frame=8893 begin
[2026-06-11T08:55:13.077] [Frame] [INFO] frame=8894 begin
[2026-06-11T08:55:13.084] [Frame] [INFO] frame=8895 begin
[2026-06-11T08:55:13.091] [Frame] [INFO] frame=8896 begin
[2026-06-11T08:55:13.098] [Frame] [INFO] frame=8897 begin
[2026-06-11T08:55:13.104] [Frame] [INFO] frame=8898 begin
[2026-06-11T08:55:13.111] [Frame] [INFO] frame=8899 begin
[2026-06-11T08:55:13.118] [Frame] [INFO] frame=8900 begin
[2026-06-11T08:55:13.125] [Frame] [INFO] frame=8901 begin
[2026-06-11T08:55:13.132] [Frame] [INFO] frame=8902 begin
[2026-06-11T08:55:13.140] [Frame] [INFO] frame=8903 begin
[2026-06-11T08:55:13.146] [Frame] [INFO] frame=8904 begin
[2026-06-11T08:55:13.152] [Frame] [INFO] frame=8905 begin
[2026-06-11T08:55:13.159] [Frame] [INFO] frame=8906 begin
[2026-06-11T08:55:13.166] [Frame] [INFO] frame=8907 begin
[2026-06-11T08:55:13.173] [Frame] [INFO] frame=8908 begin
[2026-06-11T08:55:13.180] [Frame] [INFO] frame=8909 begin
[2026-06-11T08:55:13.187] [Frame] [INFO] frame=8910 begin
[2026-06-11T08:55:13.194] [Frame] [INFO] frame=8911 begin
[2026-06-11T08:55:13.200] [Frame] [INFO] frame=8912 begin
[2026-06-11T08:55:13.207] [Frame] [INFO] frame=8913 begin
[2026-06-11T08:55:13.213] [Frame] [INFO] frame=8914 begin
[2026-06-11T08:55:13.224] [Frame] [INFO] frame=8915 begin
[2026-06-11T08:55:13.228] [Frame] [INFO] frame=8916 begin
[2026-06-11T08:55:13.234] [Frame] [INFO] frame=8917 begin
[2026-06-11T08:55:13.241] [Frame] [INFO] frame=8918 begin
[2026-06-11T08:55:13.249] [Frame] [INFO] frame=8919 begin
[2026-06-11T08:55:13.257] [Frame] [INFO] frame=8920 begin
[2026-06-11T08:55:13.263] [Frame] [INFO] frame=8921 begin
[2026-06-11T08:55:13.269] [Frame] [INFO] frame=8922 begin
[2026-06-11T08:55:13.276] [Frame] [INFO] frame=8923 begin
[2026-06-11T08:55:13.283] [Frame] [INFO] frame=8924 begin
[2026-06-11T08:55:13.289] [Frame] [INFO] frame=8925 begin
[2026-06-11T08:55:13.297] [Frame] [INFO] frame=8926 begin
[2026-06-11T08:55:13.303] [Frame] [INFO] frame=8927 begin
[2026-06-11T08:55:13.310] [Frame] [INFO] frame=8928 begin
[2026-06-11T08:55:13.317] [Frame] [INFO] frame=8929 begin
[2026-06-11T08:55:13.324] [Frame] [INFO] frame=8930 begin
[2026-06-11T08:55:13.330] [Frame] [INFO] frame=8931 begin
[2026-06-11T08:55:13.337] [Frame] [INFO] frame=8932 begin
[2026-06-11T08:55:13.344] [Frame] [INFO] frame=8933 begin
[2026-06-11T08:55:13.357] [Frame] [INFO] frame=8934 begin
[2026-06-11T08:55:13.361] [Frame] [INFO] frame=8935 begin
[2026-06-11T08:55:13.365] [Frame] [INFO] frame=8936 begin
[2026-06-11T08:55:13.371] [Frame] [INFO] frame=8937 begin
[2026-06-11T08:55:13.378] [Frame] [INFO] frame=8938 begin
[2026-06-11T08:55:13.385] [Frame] [INFO] frame=8939 begin
[2026-06-11T08:55:13.391] [Frame] [INFO] frame=8940 begin
[2026-06-11T08:55:13.399] [Frame] [INFO] frame=8941 begin
[2026-06-11T08:55:13.406] [Frame] [INFO] frame=8942 begin
[2026-06-11T08:55:13.413] [Frame] [INFO] frame=8943 begin
[2026-06-11T08:55:13.496] [Frame] [INFO] frame=8944 begin
[2026-06-11T08:55:13.501] [Frame] [INFO] frame=8945 begin
[2026-06-11T08:55:13.504] [Frame] [INFO] frame=8946 begin
[2026-06-11T08:55:13.510] [Frame] [INFO] frame=8947 begin
[2026-06-11T08:55:13.514] [Frame] [INFO] frame=8948 begin
[2026-06-11T08:55:13.520] [Frame] [INFO] frame=8949 begin
[2026-06-11T08:55:13.526] [Frame] [INFO] frame=8950 begin
[2026-06-11T08:55:13.532] [Frame] [INFO] frame=8951 begin
[2026-06-11T08:55:13.540] [Frame] [INFO] frame=8952 begin
[2026-06-11T08:55:13.571] [Frame] [INFO] frame=8953 begin
[2026-06-11T08:55:13.577] [Frame] [INFO] frame=8954 begin
[2026-06-11T08:55:13.623] [Frame] [INFO] frame=8955 begin
[2026-06-11T08:55:13.629] [Frame] [INFO] frame=8956 begin
[2026-06-11T08:55:13.665] [Frame] [INFO] frame=8957 begin
[2026-06-11T08:55:13.670] [Frame] [INFO] frame=8958 begin
[2026-06-11T08:55:13.696] [Frame] [INFO] frame=8959 begin
[2026-06-11T08:55:13.701] [Frame] [INFO] frame=8960 begin
[2026-06-11T08:55:13.715] [Frame] [INFO] frame=8961 begin
[2026-06-11T08:55:13.720] [Frame] [INFO] frame=8962 begin
[2026-06-11T08:55:13.724] [Frame] [INFO] frame=8963 begin
[2026-06-11T08:55:13.727] [Frame] [INFO] frame=8964 begin
[2026-06-11T08:55:13.733] [Frame] [INFO] frame=8965 begin
[2026-06-11T08:55:13.737] [Frame] [INFO] frame=8966 begin
[2026-06-11T08:55:13.742] [Frame] [INFO] frame=8967 begin
[2026-06-11T08:55:13.749] [Frame] [INFO] frame=8968 begin
[2026-06-11T08:55:13.756] [Frame] [INFO] frame=8969 begin
[2026-06-11T08:55:13.762] [Frame] [INFO] frame=8970 begin
[2026-06-11T08:55:13.770] [Frame] [INFO] frame=8971 begin
[2026-06-11T08:55:13.777] [Frame] [INFO] frame=8972 begin
[2026-06-11T08:55:13.785] [Frame] [INFO] frame=8973 begin
[2026-06-11T08:55:13.792] [Frame] [INFO] frame=8974 begin
[2026-06-11T08:55:13.799] [Frame] [INFO] frame=8975 begin
[2026-06-11T08:55:13.805] [Frame] [INFO] frame=8976 begin
[2026-06-11T08:55:13.812] [Frame] [INFO] frame=8977 begin
[2026-06-11T08:55:13.820] [Frame] [INFO] frame=8978 begin
[2026-06-11T08:55:13.826] [Frame] [INFO] frame=8979 begin
[2026-06-11T08:55:13.833] [Frame] [INFO] frame=8980 begin
[2026-06-11T08:55:13.840] [Frame] [INFO] frame=8981 begin
[2026-06-11T08:55:13.847] [Frame] [INFO] frame=8982 begin
[2026-06-11T08:55:13.853] [Frame] [INFO] frame=8983 begin
[2026-06-11T08:55:13.861] [Frame] [INFO] frame=8984 begin
[2026-06-11T08:55:13.868] [Frame] [INFO] frame=8985 begin
[2026-06-11T08:55:13.875] [Frame] [INFO] frame=8986 begin
[2026-06-11T08:55:13.881] [Frame] [INFO] frame=8987 begin
[2026-06-11T08:55:13.888] [Frame] [INFO] frame=8988 begin
[2026-06-11T08:55:13.895] [Frame] [INFO] frame=8989 begin
[2026-06-11T08:55:13.901] [Frame] [INFO] frame=8990 begin
[2026-06-11T08:55:13.908] [Frame] [INFO] frame=8991 begin
[2026-06-11T08:55:13.916] [Frame] [INFO] frame=8992 begin
[2026-06-11T08:55:13.922] [Frame] [INFO] frame=8993 begin
[2026-06-11T08:55:13.929] [Frame] [INFO] frame=8994 begin
[2026-06-11T08:55:13.936] [Frame] [INFO] frame=8995 begin
[2026-06-11T08:55:13.943] [Frame] [INFO] frame=8996 begin
[2026-06-11T08:55:13.950] [Frame] [INFO] frame=8997 begin
[2026-06-11T08:55:13.957] [Frame] [INFO] frame=8998 begin
[2026-06-11T08:55:13.964] [Frame] [INFO] frame=8999 begin
[2026-06-11T08:55:13.965] [Frame] [INFO] frame=9000 begin
[2026-06-11T08:55:13.978] [Frame] [INFO] frame=9001 begin
[2026-06-11T08:55:13.985] [Frame] [INFO] frame=9002 begin
[2026-06-11T08:55:13.987] [Frame] [INFO] frame=9003 begin
[2026-06-11T08:55:13.992] [Frame] [INFO] frame=9004 begin
[2026-06-11T08:55:14.000] [Frame] [INFO] frame=9005 begin
[2026-06-11T08:55:14.006] [Frame] [INFO] frame=9006 begin
[2026-06-11T08:55:14.013] [Frame] [INFO] frame=9007 begin
[2026-06-11T08:55:14.021] [Frame] [INFO] frame=9008 begin
[2026-06-11T08:55:14.028] [Frame] [INFO] frame=9009 begin
[2026-06-11T08:55:14.035] [Frame] [INFO] frame=9010 begin
[2026-06-11T08:55:14.042] [Frame] [INFO] frame=9011 begin
[2026-06-11T08:55:14.048] [Frame] [INFO] frame=9012 begin
[2026-06-11T08:55:14.056] [Frame] [INFO] frame=9013 begin
[2026-06-11T08:55:14.063] [Frame] [INFO] frame=9014 begin
[2026-06-11T08:55:14.069] [Frame] [INFO] frame=9015 begin
[2026-06-11T08:55:14.077] [Frame] [INFO] frame=9016 begin
[2026-06-11T08:55:14.083] [Frame] [INFO] frame=9017 begin
[2026-06-11T08:55:14.090] [Frame] [INFO] frame=9018 begin
[2026-06-11T08:55:14.097] [Frame] [INFO] frame=9019 begin
[2026-06-11T08:55:14.103] [Frame] [INFO] frame=9020 begin
[2026-06-11T08:55:14.110] [Frame] [INFO] frame=9021 begin
[2026-06-11T08:55:14.116] [Frame] [INFO] frame=9022 begin
[2026-06-11T08:55:14.123] [Frame] [INFO] frame=9023 begin
[2026-06-11T08:55:14.130] [Frame] [INFO] frame=9024 begin
[2026-06-11T08:55:14.137] [Frame] [INFO] frame=9025 begin
[2026-06-11T08:55:14.145] [Frame] [INFO] frame=9026 begin
[2026-06-11T08:55:14.151] [Frame] [INFO] frame=9027 begin
[2026-06-11T08:55:14.158] [Frame] [INFO] frame=9028 begin
[2026-06-11T08:55:14.165] [Frame] [INFO] frame=9029 begin
[2026-06-11T08:55:14.171] [Frame] [INFO] frame=9030 begin
[2026-06-11T08:55:14.179] [Frame] [INFO] frame=9031 begin
[2026-06-11T08:55:14.185] [Frame] [INFO] frame=9032 begin
[2026-06-11T08:55:14.193] [Frame] [INFO] frame=9033 begin
[2026-06-11T08:55:14.202] [Frame] [INFO] frame=9034 begin
[2026-06-11T08:55:14.206] [Frame] [INFO] frame=9035 begin
[2026-06-11T08:55:14.214] [Frame] [INFO] frame=9036 begin
[2026-06-11T08:55:14.221] [Frame] [INFO] frame=9037 begin
[2026-06-11T08:55:14.227] [Frame] [INFO] frame=9038 begin
[2026-06-11T08:55:14.233] [Frame] [INFO] frame=9039 begin
[2026-06-11T08:55:14.241] [Frame] [INFO] frame=9040 begin
[2026-06-11T08:55:14.249] [Frame] [INFO] frame=9041 begin
[2026-06-11T08:55:14.254] [Frame] [INFO] frame=9042 begin
[2026-06-11T08:55:14.261] [Frame] [INFO] frame=9043 begin
[2026-06-11T08:55:14.268] [Frame] [INFO] frame=9044 begin
[2026-06-11T08:55:14.274] [Frame] [INFO] frame=9045 begin
[2026-06-11T08:55:14.282] [Frame] [INFO] frame=9046 begin
[2026-06-11T08:55:14.288] [Frame] [INFO] frame=9047 begin
[2026-06-11T08:55:14.294] [Frame] [INFO] frame=9048 begin
[2026-06-11T08:55:14.300] [Frame] [INFO] frame=9049 begin
[2026-06-11T08:55:14.308] [Frame] [INFO] frame=9050 begin
[2026-06-11T08:55:14.315] [Frame] [INFO] frame=9051 begin
[2026-06-11T08:55:14.323] [Frame] [INFO] frame=9052 begin
[2026-06-11T08:55:14.329] [Frame] [INFO] frame=9053 begin
[2026-06-11T08:55:14.335] [Frame] [INFO] frame=9054 begin
[2026-06-11T08:55:14.343] [Frame] [INFO] frame=9055 begin
[2026-06-11T08:55:14.350] [Frame] [INFO] frame=9056 begin
[2026-06-11T08:55:14.358] [Frame] [INFO] frame=9057 begin
[2026-06-11T08:55:14.364] [Frame] [INFO] frame=9058 begin
[2026-06-11T08:55:14.371] [Frame] [INFO] frame=9059 begin
[2026-06-11T08:55:14.377] [Frame] [INFO] frame=9060 begin
[2026-06-11T08:55:14.384] [Frame] [INFO] frame=9061 begin
[2026-06-11T08:55:14.392] [Frame] [INFO] frame=9062 begin
[2026-06-11T08:55:14.398] [Frame] [INFO] frame=9063 begin
[2026-06-11T08:55:14.405] [Frame] [INFO] frame=9064 begin
[2026-06-11T08:55:14.412] [Frame] [INFO] frame=9065 begin
[2026-06-11T08:55:14.419] [Frame] [INFO] frame=9066 begin
[2026-06-11T08:55:14.426] [Frame] [INFO] frame=9067 begin
[2026-06-11T08:55:14.432] [Frame] [INFO] frame=9068 begin
[2026-06-11T08:55:14.440] [Frame] [INFO] frame=9069 begin
[2026-06-11T08:55:14.446] [Frame] [INFO] frame=9070 begin
[2026-06-11T08:55:14.453] [Frame] [INFO] frame=9071 begin
[2026-06-11T08:55:14.460] [Frame] [INFO] frame=9072 begin
[2026-06-11T08:55:14.467] [Frame] [INFO] frame=9073 begin
[2026-06-11T08:55:14.474] [Frame] [INFO] frame=9074 begin
[2026-06-11T08:55:14.481] [Frame] [INFO] frame=9075 begin
[2026-06-11T08:55:14.490] [Frame] [INFO] frame=9076 begin
[2026-06-11T08:55:14.495] [Frame] [INFO] frame=9077 begin
[2026-06-11T08:55:14.501] [Frame] [INFO] frame=9078 begin
[2026-06-11T08:55:14.509] [Frame] [INFO] frame=9079 begin
[2026-06-11T08:55:14.515] [Frame] [INFO] frame=9080 begin
[2026-06-11T08:55:14.522] [Frame] [INFO] frame=9081 begin
[2026-06-11T08:55:14.530] [Frame] [INFO] frame=9082 begin
[2026-06-11T08:55:14.536] [Frame] [INFO] frame=9083 begin
[2026-06-11T08:55:14.542] [Frame] [INFO] frame=9084 begin
[2026-06-11T08:55:14.549] [Frame] [INFO] frame=9085 begin
[2026-06-11T08:55:14.555] [Frame] [INFO] frame=9086 begin
[2026-06-11T08:55:14.562] [Frame] [INFO] frame=9087 begin
[2026-06-11T08:55:14.569] [Frame] [INFO] frame=9088 begin
[2026-06-11T08:55:14.576] [Frame] [INFO] frame=9089 begin
[2026-06-11T08:55:14.583] [Frame] [INFO] frame=9090 begin
[2026-06-11T08:55:14.590] [Frame] [INFO] frame=9091 begin
[2026-06-11T08:55:14.597] [Frame] [INFO] frame=9092 begin
[2026-06-11T08:55:14.604] [Frame] [INFO] frame=9093 begin
[2026-06-11T08:55:14.611] [Frame] [INFO] frame=9094 begin
[2026-06-11T08:55:14.618] [Frame] [INFO] frame=9095 begin
[2026-06-11T08:55:14.625] [Frame] [INFO] frame=9096 begin
[2026-06-11T08:55:14.632] [Frame] [INFO] frame=9097 begin
[2026-06-11T08:55:14.639] [Frame] [INFO] frame=9098 begin
[2026-06-11T08:55:14.646] [Frame] [INFO] frame=9099 begin
[2026-06-11T08:55:14.653] [Frame] [INFO] frame=9100 begin
[2026-06-11T08:55:14.659] [Frame] [INFO] frame=9101 begin
[2026-06-11T08:55:14.666] [Frame] [INFO] frame=9102 begin
[2026-06-11T08:55:14.673] [Frame] [INFO] frame=9103 begin
[2026-06-11T08:55:14.680] [Frame] [INFO] frame=9104 begin
[2026-06-11T08:55:14.686] [Frame] [INFO] frame=9105 begin
[2026-06-11T08:55:14.693] [Frame] [INFO] frame=9106 begin
[2026-06-11T08:55:14.701] [Frame] [INFO] frame=9107 begin
[2026-06-11T08:55:14.707] [Frame] [INFO] frame=9108 begin
[2026-06-11T08:55:14.715] [Frame] [INFO] frame=9109 begin
[2026-06-11T08:55:14.721] [Frame] [INFO] frame=9110 begin
[2026-06-11T08:55:14.729] [Frame] [INFO] frame=9111 begin
[2026-06-11T08:55:14.735] [Frame] [INFO] frame=9112 begin
[2026-06-11T08:55:14.741] [Frame] [INFO] frame=9113 begin
[2026-06-11T08:55:14.742] [Frame] [INFO] frame=9114 begin
[2026-06-11T08:55:14.756] [Frame] [INFO] frame=9115 begin
[2026-06-11T08:55:14.763] [Frame] [INFO] frame=9116 begin
[2026-06-11T08:55:14.766] [Frame] [INFO] frame=9117 begin
[2026-06-11T08:55:14.769] [Frame] [INFO] frame=9118 begin
[2026-06-11T08:55:14.777] [Frame] [INFO] frame=9119 begin
[2026-06-11T08:55:14.784] [Frame] [INFO] frame=9120 begin
[2026-06-11T08:55:14.789] [Frame] [INFO] frame=9121 begin
[2026-06-11T08:55:14.796] [Frame] [INFO] frame=9122 begin
[2026-06-11T08:55:14.804] [Frame] [INFO] frame=9123 begin
[2026-06-11T08:55:14.810] [Frame] [INFO] frame=9124 begin
[2026-06-11T08:55:14.818] [Frame] [INFO] frame=9125 begin
[2026-06-11T08:55:14.824] [Frame] [INFO] frame=9126 begin
[2026-06-11T08:55:14.831] [Frame] [INFO] frame=9127 begin
[2026-06-11T08:55:14.839] [Frame] [INFO] frame=9128 begin
[2026-06-11T08:55:14.846] [Frame] [INFO] frame=9129 begin
[2026-06-11T08:55:14.852] [Frame] [INFO] frame=9130 begin
[2026-06-11T08:55:14.859] [Frame] [INFO] frame=9131 begin
[2026-06-11T08:55:14.865] [Frame] [INFO] frame=9132 begin
[2026-06-11T08:55:14.872] [Frame] [INFO] frame=9133 begin
[2026-06-11T08:55:14.878] [Frame] [INFO] frame=9134 begin
[2026-06-11T08:55:14.886] [Frame] [INFO] frame=9135 begin
[2026-06-11T08:55:14.893] [Frame] [INFO] frame=9136 begin
[2026-06-11T08:55:14.900] [Frame] [INFO] frame=9137 begin
[2026-06-11T08:55:14.907] [Frame] [INFO] frame=9138 begin
[2026-06-11T08:55:14.915] [Frame] [INFO] frame=9139 begin
[2026-06-11T08:55:14.922] [Frame] [INFO] frame=9140 begin
[2026-06-11T08:55:14.928] [Frame] [INFO] frame=9141 begin
[2026-06-11T08:55:14.935] [Frame] [INFO] frame=9142 begin
[2026-06-11T08:55:14.937] [Frame] [INFO] frame=9143 begin
[2026-06-11T08:55:14.949] [Frame] [INFO] frame=9144 begin
[2026-06-11T08:55:14.956] [Frame] [INFO] frame=9145 begin
[2026-06-11T08:55:14.958] [Frame] [INFO] frame=9146 begin
[2026-06-11T08:55:14.963] [Frame] [INFO] frame=9147 begin
[2026-06-11T08:55:14.969] [Frame] [INFO] frame=9148 begin
[2026-06-11T08:55:14.976] [Frame] [INFO] frame=9149 begin
[2026-06-11T08:55:14.982] [Frame] [INFO] frame=9150 begin
[2026-06-11T08:55:14.990] [Frame] [INFO] frame=9151 begin
[2026-06-11T08:55:14.996] [Frame] [INFO] frame=9152 begin
[2026-06-11T08:55:15.003] [Frame] [INFO] frame=9153 begin
[2026-06-11T08:55:15.010] [Frame] [INFO] frame=9154 begin
[2026-06-11T08:55:15.017] [Frame] [INFO] frame=9155 begin
[2026-06-11T08:55:15.024] [Frame] [INFO] frame=9156 begin
[2026-06-11T08:55:15.031] [Frame] [INFO] frame=9157 begin
[2026-06-11T08:55:15.037] [Frame] [INFO] frame=9158 begin
[2026-06-11T08:55:15.046] [Frame] [INFO] frame=9159 begin
[2026-06-11T08:55:15.052] [Frame] [INFO] frame=9160 begin
[2026-06-11T08:55:15.058] [Frame] [INFO] frame=9161 begin
[2026-06-11T08:55:15.065] [Frame] [INFO] frame=9162 begin
[2026-06-11T08:55:15.072] [Frame] [INFO] frame=9163 begin
[2026-06-11T08:55:15.079] [Frame] [INFO] frame=9164 begin
[2026-06-11T08:55:15.086] [Frame] [INFO] frame=9165 begin
[2026-06-11T08:55:15.093] [Frame] [INFO] frame=9166 begin
[2026-06-11T08:55:15.099] [Frame] [INFO] frame=9167 begin
[2026-06-11T08:55:15.106] [Frame] [INFO] frame=9168 begin
[2026-06-11T08:55:15.113] [Frame] [INFO] frame=9169 begin
[2026-06-11T08:55:15.120] [Frame] [INFO] frame=9170 begin
[2026-06-11T08:55:15.127] [Frame] [INFO] frame=9171 begin
[2026-06-11T08:55:15.134] [Frame] [INFO] frame=9172 begin
[2026-06-11T08:55:15.136] [Frame] [INFO] frame=9173 begin
[2026-06-11T08:55:15.147] [Frame] [INFO] frame=9174 begin
[2026-06-11T08:55:15.155] [Frame] [INFO] frame=9175 begin
[2026-06-11T08:55:15.158] [Frame] [INFO] frame=9176 begin
[2026-06-11T08:55:15.161] [Frame] [INFO] frame=9177 begin
[2026-06-11T08:55:15.169] [Frame] [INFO] frame=9178 begin
[2026-06-11T08:55:15.175] [Frame] [INFO] frame=9179 begin
[2026-06-11T08:55:15.183] [Frame] [INFO] frame=9180 begin
[2026-06-11T08:55:15.189] [Frame] [INFO] frame=9181 begin
[2026-06-11T08:55:15.196] [Frame] [INFO] frame=9182 begin
[2026-06-11T08:55:15.203] [Frame] [INFO] frame=9183 begin
[2026-06-11T08:55:15.210] [Frame] [INFO] frame=9184 begin
[2026-06-11T08:55:15.217] [Frame] [INFO] frame=9185 begin
[2026-06-11T08:55:15.224] [Frame] [INFO] frame=9186 begin
[2026-06-11T08:55:15.230] [Frame] [INFO] frame=9187 begin
[2026-06-11T08:55:15.237] [Frame] [INFO] frame=9188 begin
[2026-06-11T08:55:15.246] [Frame] [INFO] frame=9189 begin
[2026-06-11T08:55:15.251] [Frame] [INFO] frame=9190 begin
[2026-06-11T08:55:15.258] [Frame] [INFO] frame=9191 begin
[2026-06-11T08:55:15.265] [Frame] [INFO] frame=9192 begin
[2026-06-11T08:55:15.271] [Frame] [INFO] frame=9193 begin
[2026-06-11T08:55:15.279] [Frame] [INFO] frame=9194 begin
[2026-06-11T08:55:15.286] [Frame] [INFO] frame=9195 begin
[2026-06-11T08:55:15.292] [Frame] [INFO] frame=9196 begin
[2026-06-11T08:55:15.299] [Frame] [INFO] frame=9197 begin
[2026-06-11T08:55:15.306] [Frame] [INFO] frame=9198 begin
[2026-06-11T08:55:15.313] [Frame] [INFO] frame=9199 begin
[2026-06-11T08:55:15.320] [Frame] [INFO] frame=9200 begin
[2026-06-11T08:55:15.326] [Frame] [INFO] frame=9201 begin
[2026-06-11T08:55:15.333] [Frame] [INFO] frame=9202 begin
[2026-06-11T08:55:15.340] [Frame] [INFO] frame=9203 begin
[2026-06-11T08:55:15.347] [Frame] [INFO] frame=9204 begin
[2026-06-11T08:55:15.354] [Frame] [INFO] frame=9205 begin
[2026-06-11T08:55:15.361] [Frame] [INFO] frame=9206 begin
[2026-06-11T08:55:15.367] [Frame] [INFO] frame=9207 begin
[2026-06-11T08:55:15.374] [Frame] [INFO] frame=9208 begin
[2026-06-11T08:55:15.381] [Frame] [INFO] frame=9209 begin
[2026-06-11T08:55:15.388] [Frame] [INFO] frame=9210 begin
[2026-06-11T08:55:15.396] [Frame] [INFO] frame=9211 begin
[2026-06-11T08:55:15.402] [Frame] [INFO] frame=9212 begin
[2026-06-11T08:55:15.408] [Frame] [INFO] frame=9213 begin
[2026-06-11T08:55:15.416] [Frame] [INFO] frame=9214 begin
[2026-06-11T08:55:15.426] [Frame] [INFO] frame=9215 begin
[2026-06-11T08:55:15.429] [Frame] [INFO] frame=9216 begin
[2026-06-11T08:55:15.436] [Frame] [INFO] frame=9217 begin
[2026-06-11T08:55:15.443] [Frame] [INFO] frame=9218 begin
[2026-06-11T08:55:15.450] [Frame] [INFO] frame=9219 begin
[2026-06-11T08:55:15.456] [Frame] [INFO] frame=9220 begin
[2026-06-11T08:55:15.463] [Frame] [INFO] frame=9221 begin
[2026-06-11T08:55:15.470] [Frame] [INFO] frame=9222 begin
[2026-06-11T08:55:15.473] [Frame] [INFO] frame=9223 begin
[2026-06-11T08:55:15.484] [Frame] [INFO] frame=9224 begin
[2026-06-11T08:55:15.491] [Frame] [INFO] frame=9225 begin
[2026-06-11T08:55:15.494] [Frame] [INFO] frame=9226 begin
[2026-06-11T08:55:15.497] [Frame] [INFO] frame=9227 begin
[2026-06-11T08:55:15.504] [Frame] [INFO] frame=9228 begin
[2026-06-11T08:55:15.511] [Frame] [INFO] frame=9229 begin
[2026-06-11T08:55:15.518] [Frame] [INFO] frame=9230 begin
[2026-06-11T08:55:15.525] [Frame] [INFO] frame=9231 begin
[2026-06-11T08:55:15.564] [Frame] [INFO] frame=9232 begin
[2026-06-11T08:55:15.568] [Frame] [INFO] frame=9233 begin
[2026-06-11T08:55:15.572] [Frame] [INFO] frame=9234 begin
[2026-06-11T08:55:15.575] [Frame] [INFO] frame=9235 begin
[2026-06-11T08:55:15.580] [Frame] [INFO] frame=9236 begin
[2026-06-11T08:55:15.588] [Frame] [INFO] frame=9237 begin
[2026-06-11T08:55:15.594] [Frame] [INFO] frame=9238 begin
[2026-06-11T08:55:15.601] [Frame] [INFO] frame=9239 begin
[2026-06-11T08:55:15.607] [Frame] [INFO] frame=9240 begin
[2026-06-11T08:55:15.615] [Frame] [INFO] frame=9241 begin
[2026-06-11T08:55:15.622] [Frame] [INFO] frame=9242 begin
[2026-06-11T08:55:15.630] [Frame] [INFO] frame=9243 begin
[2026-06-11T08:55:15.637] [Frame] [INFO] frame=9244 begin
[2026-06-11T08:55:15.643] [Frame] [INFO] frame=9245 begin
[2026-06-11T08:55:15.650] [Frame] [INFO] frame=9246 begin
[2026-06-11T08:55:15.657] [Frame] [INFO] frame=9247 begin
[2026-06-11T08:55:15.662] [Frame] [INFO] frame=9248 begin
[2026-06-11T08:55:15.670] [Frame] [INFO] frame=9249 begin
[2026-06-11T08:55:15.677] [Frame] [INFO] frame=9250 begin
[2026-06-11T08:55:15.683] [Frame] [INFO] frame=9251 begin
[2026-06-11T08:55:15.689] [Frame] [INFO] frame=9252 begin
[2026-06-11T08:55:15.696] [Frame] [INFO] frame=9253 begin
[2026-06-11T08:55:15.704] [Frame] [INFO] frame=9254 begin
[2026-06-11T08:55:15.711] [Frame] [INFO] frame=9255 begin
[2026-06-11T08:55:15.718] [Frame] [INFO] frame=9256 begin
[2026-06-11T08:55:15.724] [Frame] [INFO] frame=9257 begin
[2026-06-11T08:55:15.731] [Frame] [INFO] frame=9258 begin
[2026-06-11T08:55:15.739] [Frame] [INFO] frame=9259 begin
[2026-06-11T08:55:15.745] [Frame] [INFO] frame=9260 begin
[2026-06-11T08:55:15.751] [Frame] [INFO] frame=9261 begin
[2026-06-11T08:55:15.758] [Frame] [INFO] frame=9262 begin
[2026-06-11T08:55:15.765] [Frame] [INFO] frame=9263 begin
[2026-06-11T08:55:15.772] [Frame] [INFO] frame=9264 begin
[2026-06-11T08:55:15.779] [Frame] [INFO] frame=9265 begin
[2026-06-11T08:55:15.786] [Frame] [INFO] frame=9266 begin
[2026-06-11T08:55:15.793] [Frame] [INFO] frame=9267 begin
[2026-06-11T08:55:15.800] [Frame] [INFO] frame=9268 begin
[2026-06-11T08:55:15.807] [Frame] [INFO] frame=9269 begin
[2026-06-11T08:55:15.813] [Frame] [INFO] frame=9270 begin
[2026-06-11T08:55:15.820] [Frame] [INFO] frame=9271 begin
[2026-06-11T08:55:15.826] [Frame] [INFO] frame=9272 begin
[2026-06-11T08:55:15.833] [Frame] [INFO] frame=9273 begin
[2026-06-11T08:55:15.840] [Frame] [INFO] frame=9274 begin
[2026-06-11T08:55:15.847] [Frame] [INFO] frame=9275 begin
[2026-06-11T08:55:15.854] [Frame] [INFO] frame=9276 begin
[2026-06-11T08:55:15.861] [Frame] [INFO] frame=9277 begin
[2026-06-11T08:55:15.869] [Frame] [INFO] frame=9278 begin
[2026-06-11T08:55:15.876] [Frame] [INFO] frame=9279 begin
[2026-06-11T08:55:15.883] [Frame] [INFO] frame=9280 begin
[2026-06-11T08:55:15.890] [Frame] [INFO] frame=9281 begin
[2026-06-11T08:55:15.896] [Frame] [INFO] frame=9282 begin
[2026-06-11T08:55:15.902] [Frame] [INFO] frame=9283 begin
[2026-06-11T08:55:15.910] [Frame] [INFO] frame=9284 begin
[2026-06-11T08:55:15.917] [Frame] [INFO] frame=9285 begin
[2026-06-11T08:55:15.924] [Frame] [INFO] frame=9286 begin
[2026-06-11T08:55:15.930] [Frame] [INFO] frame=9287 begin
[2026-06-11T08:55:15.937] [Frame] [INFO] frame=9288 begin
[2026-06-11T08:55:15.944] [Frame] [INFO] frame=9289 begin
[2026-06-11T08:55:15.951] [Frame] [INFO] frame=9290 begin
[2026-06-11T08:55:15.958] [Frame] [INFO] frame=9291 begin
[2026-06-11T08:55:15.965] [Frame] [INFO] frame=9292 begin
[2026-06-11T08:55:15.972] [Frame] [INFO] frame=9293 begin
[2026-06-11T08:55:15.978] [Frame] [INFO] frame=9294 begin
[2026-06-11T08:55:15.985] [Frame] [INFO] frame=9295 begin
[2026-06-11T08:55:15.992] [Frame] [INFO] frame=9296 begin
[2026-06-11T08:55:15.999] [Frame] [INFO] frame=9297 begin
[2026-06-11T08:55:16.006] [Frame] [INFO] frame=9298 begin
[2026-06-11T08:55:16.012] [Frame] [INFO] frame=9299 begin
[2026-06-11T08:55:16.019] [Frame] [INFO] frame=9300 begin
[2026-06-11T08:55:16.027] [Frame] [INFO] frame=9301 begin
[2026-06-11T08:55:16.034] [Frame] [INFO] frame=9302 begin
[2026-06-11T08:55:16.040] [Frame] [INFO] frame=9303 begin
[2026-06-11T08:55:16.048] [Frame] [INFO] frame=9304 begin
[2026-06-11T08:55:16.055] [Frame] [INFO] frame=9305 begin
[2026-06-11T08:55:16.062] [Frame] [INFO] frame=9306 begin
[2026-06-11T08:55:16.068] [Frame] [INFO] frame=9307 begin
[2026-06-11T08:55:16.076] [Frame] [INFO] frame=9308 begin
[2026-06-11T08:55:16.082] [Frame] [INFO] frame=9309 begin
[2026-06-11T08:55:16.089] [Frame] [INFO] frame=9310 begin
[2026-06-11T08:55:16.096] [Frame] [INFO] frame=9311 begin
[2026-06-11T08:55:16.103] [Frame] [INFO] frame=9312 begin
[2026-06-11T08:55:16.111] [Frame] [INFO] frame=9313 begin
[2026-06-11T08:55:16.118] [Frame] [INFO] frame=9314 begin
[2026-06-11T08:55:16.123] [Frame] [INFO] frame=9315 begin
[2026-06-11T08:55:16.130] [Frame] [INFO] frame=9316 begin
[2026-06-11T08:55:16.137] [Frame] [INFO] frame=9317 begin
[2026-06-11T08:55:16.143] [Frame] [INFO] frame=9318 begin
[2026-06-11T08:55:16.151] [Frame] [INFO] frame=9319 begin
[2026-06-11T08:55:16.158] [Frame] [INFO] frame=9320 begin
[2026-06-11T08:55:16.166] [Frame] [INFO] frame=9321 begin
[2026-06-11T08:55:16.173] [Frame] [INFO] frame=9322 begin
[2026-06-11T08:55:16.179] [Frame] [INFO] frame=9323 begin
[2026-06-11T08:55:16.187] [Frame] [INFO] frame=9324 begin
[2026-06-11T08:55:16.193] [Frame] [INFO] frame=9325 begin
[2026-06-11T08:55:16.200] [Frame] [INFO] frame=9326 begin
[2026-06-11T08:55:16.207] [Frame] [INFO] frame=9327 begin
[2026-06-11T08:55:16.213] [Frame] [INFO] frame=9328 begin
[2026-06-11T08:55:16.220] [Frame] [INFO] frame=9329 begin
[2026-06-11T08:55:16.228] [Frame] [INFO] frame=9330 begin
[2026-06-11T08:55:16.234] [Frame] [INFO] frame=9331 begin
[2026-06-11T08:55:16.241] [Frame] [INFO] frame=9332 begin
[2026-06-11T08:55:16.248] [Frame] [INFO] frame=9333 begin
[2026-06-11T08:55:16.256] [Frame] [INFO] frame=9334 begin
[2026-06-11T08:55:16.263] [Frame] [INFO] frame=9335 begin
[2026-06-11T08:55:16.269] [Frame] [INFO] frame=9336 begin
[2026-06-11T08:55:16.276] [Frame] [INFO] frame=9337 begin
[2026-06-11T08:55:16.283] [Frame] [INFO] frame=9338 begin
[2026-06-11T08:55:16.289] [Frame] [INFO] frame=9339 begin
[2026-06-11T08:55:16.297] [Frame] [INFO] frame=9340 begin
[2026-06-11T08:55:16.303] [Frame] [INFO] frame=9341 begin
[2026-06-11T08:55:16.310] [Frame] [INFO] frame=9342 begin
[2026-06-11T08:55:16.319] [Frame] [INFO] frame=9343 begin
[2026-06-11T08:55:16.324] [Frame] [INFO] frame=9344 begin
[2026-06-11T08:55:16.332] [Frame] [INFO] frame=9345 begin
[2026-06-11T08:55:16.338] [Frame] [INFO] frame=9346 begin
[2026-06-11T08:55:16.344] [Frame] [INFO] frame=9347 begin
[2026-06-11T08:55:16.351] [Frame] [INFO] frame=9348 begin
[2026-06-11T08:55:16.359] [Frame] [INFO] frame=9349 begin
[2026-06-11T08:55:16.365] [Frame] [INFO] frame=9350 begin
[2026-06-11T08:55:16.372] [Frame] [INFO] frame=9351 begin
[2026-06-11T08:55:16.378] [Frame] [INFO] frame=9352 begin
[2026-06-11T08:55:16.386] [Frame] [INFO] frame=9353 begin
[2026-06-11T08:55:16.393] [Frame] [INFO] frame=9354 begin
[2026-06-11T08:55:16.401] [Frame] [INFO] frame=9355 begin
[2026-06-11T08:55:16.407] [Frame] [INFO] frame=9356 begin
[2026-06-11T08:55:16.414] [Frame] [INFO] frame=9357 begin
[2026-06-11T08:55:16.414] [Frame] [INFO] frame=9358 begin
[2026-06-11T08:55:16.428] [Frame] [INFO] frame=9359 begin
[2026-06-11T08:55:16.435] [Frame] [INFO] frame=9360 begin
[2026-06-11T08:55:16.439] [Frame] [INFO] frame=9361 begin
[2026-06-11T08:55:16.441] [Frame] [INFO] frame=9362 begin
[2026-06-11T08:55:16.449] [Frame] [INFO] frame=9363 begin
[2026-06-11T08:55:16.456] [Frame] [INFO] frame=9364 begin
[2026-06-11T08:55:16.463] [Frame] [INFO] frame=9365 begin
[2026-06-11T08:55:16.469] [Frame] [INFO] frame=9366 begin
[2026-06-11T08:55:16.476] [Frame] [INFO] frame=9367 begin
[2026-06-11T08:55:16.483] [Frame] [INFO] frame=9368 begin
[2026-06-11T08:55:16.491] [Frame] [INFO] frame=9369 begin
[2026-06-11T08:55:16.497] [Frame] [INFO] frame=9370 begin
[2026-06-11T08:55:16.504] [Frame] [INFO] frame=9371 begin
[2026-06-11T08:55:16.511] [Frame] [INFO] frame=9372 begin
[2026-06-11T08:55:16.518] [Frame] [INFO] frame=9373 begin
[2026-06-11T08:55:16.525] [Frame] [INFO] frame=9374 begin
[2026-06-11T08:55:16.532] [Frame] [INFO] frame=9375 begin
[2026-06-11T08:55:16.538] [Frame] [INFO] frame=9376 begin
[2026-06-11T08:55:16.546] [Frame] [INFO] frame=9377 begin
[2026-06-11T08:55:16.552] [Frame] [INFO] frame=9378 begin
[2026-06-11T08:55:16.558] [Frame] [INFO] frame=9379 begin
[2026-06-11T08:55:16.566] [Frame] [INFO] frame=9380 begin
[2026-06-11T08:55:16.573] [Frame] [INFO] frame=9381 begin
[2026-06-11T08:55:16.580] [Frame] [INFO] frame=9382 begin
[2026-06-11T08:55:16.586] [Frame] [INFO] frame=9383 begin
[2026-06-11T08:55:16.593] [Frame] [INFO] frame=9384 begin
[2026-06-11T08:55:16.600] [Frame] [INFO] frame=9385 begin
[2026-06-11T08:55:16.608] [Frame] [INFO] frame=9386 begin
[2026-06-11T08:55:16.614] [Frame] [INFO] frame=9387 begin
[2026-06-11T08:55:16.622] [Frame] [INFO] frame=9388 begin
[2026-06-11T08:55:16.628] [Frame] [INFO] frame=9389 begin
[2026-06-11T08:55:16.636] [Frame] [INFO] frame=9390 begin
[2026-06-11T08:55:16.643] [Frame] [INFO] frame=9391 begin
[2026-06-11T08:55:16.649] [Frame] [INFO] frame=9392 begin
[2026-06-11T08:55:16.656] [Frame] [INFO] frame=9393 begin
[2026-06-11T08:55:16.662] [Frame] [INFO] frame=9394 begin
[2026-06-11T08:55:16.671] [Frame] [INFO] frame=9395 begin
[2026-06-11T08:55:16.676] [Frame] [INFO] frame=9396 begin
[2026-06-11T08:55:16.684] [Frame] [INFO] frame=9397 begin
[2026-06-11T08:55:16.691] [Frame] [INFO] frame=9398 begin
[2026-06-11T08:55:16.697] [Frame] [INFO] frame=9399 begin
[2026-06-11T08:55:16.703] [Frame] [INFO] frame=9400 begin
[2026-06-11T08:55:16.713] [Frame] [INFO] frame=9401 begin
[2026-06-11T08:55:16.718] [Frame] [INFO] frame=9402 begin
[2026-06-11T08:55:16.725] [Frame] [INFO] frame=9403 begin
[2026-06-11T08:55:16.731] [Frame] [INFO] frame=9404 begin
[2026-06-11T08:55:16.737] [Frame] [INFO] frame=9405 begin
[2026-06-11T08:55:16.744] [Frame] [INFO] frame=9406 begin
[2026-06-11T08:55:16.751] [Frame] [INFO] frame=9407 begin
[2026-06-11T08:55:16.758] [Frame] [INFO] frame=9408 begin
[2026-06-11T08:55:16.765] [Frame] [INFO] frame=9409 begin
[2026-06-11T08:55:16.773] [Frame] [INFO] frame=9410 begin
[2026-06-11T08:55:16.780] [Frame] [INFO] frame=9411 begin
[2026-06-11T08:55:16.786] [Frame] [INFO] frame=9412 begin
[2026-06-11T08:55:16.793] [Frame] [INFO] frame=9413 begin
[2026-06-11T08:55:16.800] [Frame] [INFO] frame=9414 begin
[2026-06-11T08:55:16.808] [Frame] [INFO] frame=9415 begin
[2026-06-11T08:55:16.814] [Frame] [INFO] frame=9416 begin
[2026-06-11T08:55:16.821] [Frame] [INFO] frame=9417 begin
[2026-06-11T08:55:16.828] [Frame] [INFO] frame=9418 begin
[2026-06-11T08:55:16.835] [Frame] [INFO] frame=9419 begin
[2026-06-11T08:55:16.842] [Frame] [INFO] frame=9420 begin
[2026-06-11T08:55:16.850] [Frame] [INFO] frame=9421 begin
[2026-06-11T08:55:16.856] [Frame] [INFO] frame=9422 begin
[2026-06-11T08:55:16.862] [Frame] [INFO] frame=9423 begin
[2026-06-11T08:55:16.869] [Frame] [INFO] frame=9424 begin
[2026-06-11T08:55:16.876] [Frame] [INFO] frame=9425 begin
[2026-06-11T08:55:16.883] [Frame] [INFO] frame=9426 begin
[2026-06-11T08:55:16.890] [Frame] [INFO] frame=9427 begin
[2026-06-11T08:55:16.897] [Frame] [INFO] frame=9428 begin
[2026-06-11T08:55:16.904] [Frame] [INFO] frame=9429 begin
[2026-06-11T08:55:16.910] [Frame] [INFO] frame=9430 begin
[2026-06-11T08:55:16.918] [Frame] [INFO] frame=9431 begin
[2026-06-11T08:55:16.924] [Frame] [INFO] frame=9432 begin
[2026-06-11T08:55:16.930] [Frame] [INFO] frame=9433 begin
[2026-06-11T08:55:16.938] [Frame] [INFO] frame=9434 begin
[2026-06-11T08:55:16.945] [Frame] [INFO] frame=9435 begin
[2026-06-11T08:55:16.952] [Frame] [INFO] frame=9436 begin
[2026-06-11T08:55:16.959] [Frame] [INFO] frame=9437 begin
[2026-06-11T08:55:16.966] [Frame] [INFO] frame=9438 begin
[2026-06-11T08:55:16.972] [Frame] [INFO] frame=9439 begin
[2026-06-11T08:55:16.979] [Frame] [INFO] frame=9440 begin
[2026-06-11T08:55:16.986] [Frame] [INFO] frame=9441 begin
[2026-06-11T08:55:16.993] [Frame] [INFO] frame=9442 begin
[2026-06-11T08:55:17.000] [Frame] [INFO] frame=9443 begin
[2026-06-11T08:55:17.007] [Frame] [INFO] frame=9444 begin
[2026-06-11T08:55:17.013] [Frame] [INFO] frame=9445 begin
[2026-06-11T08:55:17.021] [Frame] [INFO] frame=9446 begin
[2026-06-11T08:55:17.027] [Frame] [INFO] frame=9447 begin
[2026-06-11T08:55:17.034] [Frame] [INFO] frame=9448 begin
[2026-06-11T08:55:17.042] [Frame] [INFO] frame=9449 begin
[2026-06-11T08:55:17.048] [Frame] [INFO] frame=9450 begin
[2026-06-11T08:55:17.055] [Frame] [INFO] frame=9451 begin
[2026-06-11T08:55:17.062] [Frame] [INFO] frame=9452 begin
[2026-06-11T08:55:17.069] [Frame] [INFO] frame=9453 begin
[2026-06-11T08:55:17.075] [Frame] [INFO] frame=9454 begin
[2026-06-11T08:55:17.082] [Frame] [INFO] frame=9455 begin
[2026-06-11T08:55:17.089] [Frame] [INFO] frame=9456 begin
[2026-06-11T08:55:17.096] [Frame] [INFO] frame=9457 begin
[2026-06-11T08:55:17.103] [Frame] [INFO] frame=9458 begin
[2026-06-11T08:55:17.111] [Frame] [INFO] frame=9459 begin
[2026-06-11T08:55:17.117] [Frame] [INFO] frame=9460 begin
[2026-06-11T08:55:17.124] [Frame] [INFO] frame=9461 begin
[2026-06-11T08:55:17.130] [Frame] [INFO] frame=9462 begin
[2026-06-11T08:55:17.138] [Frame] [INFO] frame=9463 begin
[2026-06-11T08:55:17.144] [Frame] [INFO] frame=9464 begin
[2026-06-11T08:55:17.150] [Frame] [INFO] frame=9465 begin
[2026-06-11T08:55:17.153] [Frame] [INFO] frame=9466 begin
[2026-06-11T08:55:17.165] [Frame] [INFO] frame=9467 begin
[2026-06-11T08:55:17.172] [Frame] [INFO] frame=9468 begin
[2026-06-11T08:55:17.175] [Frame] [INFO] frame=9469 begin
[2026-06-11T08:55:17.179] [Frame] [INFO] frame=9470 begin
[2026-06-11T08:55:17.187] [Frame] [INFO] frame=9471 begin
[2026-06-11T08:55:17.193] [Frame] [INFO] frame=9472 begin
[2026-06-11T08:55:17.201] [Frame] [INFO] frame=9473 begin
[2026-06-11T08:55:17.206] [Frame] [INFO] frame=9474 begin
[2026-06-11T08:55:17.213] [Frame] [INFO] frame=9475 begin
[2026-06-11T08:55:17.222] [Frame] [INFO] frame=9476 begin
[2026-06-11T08:55:17.228] [Frame] [INFO] frame=9477 begin
[2026-06-11T08:55:17.234] [Frame] [INFO] frame=9478 begin
[2026-06-11T08:55:17.241] [Frame] [INFO] frame=9479 begin
[2026-06-11T08:55:17.249] [Frame] [INFO] frame=9480 begin
[2026-06-11T08:55:17.255] [Frame] [INFO] frame=9481 begin
[2026-06-11T08:55:17.262] [Frame] [INFO] frame=9482 begin
[2026-06-11T08:55:17.269] [Frame] [INFO] frame=9483 begin
[2026-06-11T08:55:17.276] [Frame] [INFO] frame=9484 begin
[2026-06-11T08:55:17.282] [Frame] [INFO] frame=9485 begin
[2026-06-11T08:55:17.289] [Frame] [INFO] frame=9486 begin
[2026-06-11T08:55:17.296] [Frame] [INFO] frame=9487 begin
[2026-06-11T08:55:17.302] [Frame] [INFO] frame=9488 begin
[2026-06-11T08:55:17.310] [Frame] [INFO] frame=9489 begin
[2026-06-11T08:55:17.318] [Frame] [INFO] frame=9490 begin
[2026-06-11T08:55:17.323] [Frame] [INFO] frame=9491 begin
[2026-06-11T08:55:17.331] [Frame] [INFO] frame=9492 begin
[2026-06-11T08:55:17.338] [Frame] [INFO] frame=9493 begin
[2026-06-11T08:55:17.344] [Frame] [INFO] frame=9494 begin
[2026-06-11T08:55:17.351] [Frame] [INFO] frame=9495 begin
[2026-06-11T08:55:17.358] [Frame] [INFO] frame=9496 begin
[2026-06-11T08:55:17.365] [Frame] [INFO] frame=9497 begin
[2026-06-11T08:55:17.372] [Frame] [INFO] frame=9498 begin
[2026-06-11T08:55:17.379] [Frame] [INFO] frame=9499 begin
[2026-06-11T08:55:17.386] [Frame] [INFO] frame=9500 begin
[2026-06-11T08:55:17.393] [Frame] [INFO] frame=9501 begin
[2026-06-11T08:55:17.399] [Frame] [INFO] frame=9502 begin
[2026-06-11T08:55:17.406] [Frame] [INFO] frame=9503 begin
[2026-06-11T08:55:17.413] [Frame] [INFO] frame=9504 begin
[2026-06-11T08:55:17.420] [Frame] [INFO] frame=9505 begin
[2026-06-11T08:55:17.426] [Frame] [INFO] frame=9506 begin
[2026-06-11T08:55:17.434] [Frame] [INFO] frame=9507 begin
[2026-06-11T08:55:17.440] [Frame] [INFO] frame=9508 begin
[2026-06-11T08:55:17.447] [Frame] [INFO] frame=9509 begin
[2026-06-11T08:55:17.454] [Frame] [INFO] frame=9510 begin
[2026-06-11T08:55:17.465] [Frame] [INFO] frame=9511 begin
[2026-06-11T08:55:17.468] [Frame] [INFO] frame=9512 begin
[2026-06-11T08:55:17.474] [Frame] [INFO] frame=9513 begin
[2026-06-11T08:55:17.482] [Frame] [INFO] frame=9514 begin
[2026-06-11T08:55:17.489] [Frame] [INFO] frame=9515 begin
[2026-06-11T08:55:17.495] [Frame] [INFO] frame=9516 begin
[2026-06-11T08:55:17.503] [Frame] [INFO] frame=9517 begin
[2026-06-11T08:55:17.508] [Frame] [INFO] frame=9518 begin
[2026-06-11T08:55:17.516] [Frame] [INFO] frame=9519 begin
[2026-06-11T08:55:17.518] [Frame] [INFO] frame=9520 begin
[2026-06-11T08:55:17.530] [Frame] [INFO] frame=9521 begin
[2026-06-11T08:55:17.537] [Frame] [INFO] frame=9522 begin
[2026-06-11T08:55:17.539] [Frame] [INFO] frame=9523 begin
[2026-06-11T08:55:17.544] [Frame] [INFO] frame=9524 begin
[2026-06-11T08:55:17.550] [Frame] [INFO] frame=9525 begin
[2026-06-11T08:55:17.558] [Frame] [INFO] frame=9526 begin
[2026-06-11T08:55:17.565] [Frame] [INFO] frame=9527 begin
[2026-06-11T08:55:17.572] [Frame] [INFO] frame=9528 begin
[2026-06-11T08:55:17.578] [Frame] [INFO] frame=9529 begin
[2026-06-11T08:55:17.585] [Frame] [INFO] frame=9530 begin
[2026-06-11T08:55:17.592] [Frame] [INFO] frame=9531 begin
[2026-06-11T08:55:17.599] [Frame] [INFO] frame=9532 begin
[2026-06-11T08:55:17.606] [Frame] [INFO] frame=9533 begin
[2026-06-11T08:55:17.612] [Frame] [INFO] frame=9534 begin
[2026-06-11T08:55:17.621] [Frame] [INFO] frame=9535 begin
[2026-06-11T08:55:17.626] [Frame] [INFO] frame=9536 begin
[2026-06-11T08:55:17.634] [Frame] [INFO] frame=9537 begin
[2026-06-11T08:55:17.640] [Frame] [INFO] frame=9538 begin
[2026-06-11T08:55:17.647] [Frame] [INFO] frame=9539 begin
[2026-06-11T08:55:17.654] [Frame] [INFO] frame=9540 begin
[2026-06-11T08:55:17.662] [Frame] [INFO] frame=9541 begin
[2026-06-11T08:55:17.669] [Frame] [INFO] frame=9542 begin
[2026-06-11T08:55:17.674] [Frame] [INFO] frame=9543 begin
[2026-06-11T08:55:17.681] [Frame] [INFO] frame=9544 begin
[2026-06-11T08:55:17.688] [Frame] [INFO] frame=9545 begin
[2026-06-11T08:55:17.695] [Frame] [INFO] frame=9546 begin
[2026-06-11T08:55:17.702] [Frame] [INFO] frame=9547 begin
[2026-06-11T08:55:17.708] [Frame] [INFO] frame=9548 begin
[2026-06-11T08:55:17.716] [Frame] [INFO] frame=9549 begin
[2026-06-11T08:55:17.723] [Frame] [INFO] frame=9550 begin
[2026-06-11T08:55:17.731] [Frame] [INFO] frame=9551 begin
[2026-06-11T08:55:17.737] [Frame] [INFO] frame=9552 begin
[2026-06-11T08:55:17.744] [Frame] [INFO] frame=9553 begin
[2026-06-11T08:55:17.751] [Frame] [INFO] frame=9554 begin
[2026-06-11T08:55:17.759] [Frame] [INFO] frame=9555 begin
[2026-06-11T08:55:17.765] [Frame] [INFO] frame=9556 begin
[2026-06-11T08:55:17.771] [Frame] [INFO] frame=9557 begin
[2026-06-11T08:55:17.775] [Frame] [INFO] frame=9558 begin
[2026-06-11T08:55:17.786] [Frame] [INFO] frame=9559 begin
[2026-06-11T08:55:17.793] [Frame] [INFO] frame=9560 begin
[2026-06-11T08:55:17.796] [Frame] [INFO] frame=9561 begin
[2026-06-11T08:55:17.799] [Frame] [INFO] frame=9562 begin
[2026-06-11T08:55:17.806] [Frame] [INFO] frame=9563 begin
[2026-06-11T08:55:17.813] [Frame] [INFO] frame=9564 begin
[2026-06-11T08:55:17.820] [Frame] [INFO] frame=9565 begin
[2026-06-11T08:55:17.827] [Frame] [INFO] frame=9566 begin
[2026-06-11T08:55:17.833] [Frame] [INFO] frame=9567 begin
[2026-06-11T08:55:17.841] [Frame] [INFO] frame=9568 begin
[2026-06-11T08:55:17.847] [Frame] [INFO] frame=9569 begin
[2026-06-11T08:55:17.855] [Frame] [INFO] frame=9570 begin
[2026-06-11T08:55:17.861] [Frame] [INFO] frame=9571 begin
[2026-06-11T08:55:17.868] [Frame] [INFO] frame=9572 begin
[2026-06-11T08:55:17.876] [Frame] [INFO] frame=9573 begin
[2026-06-11T08:55:17.881] [Frame] [INFO] frame=9574 begin
[2026-06-11T08:55:17.890] [Frame] [INFO] frame=9575 begin
[2026-06-11T08:55:17.895] [Frame] [INFO] frame=9576 begin
[2026-06-11T08:55:17.902] [Frame] [INFO] frame=9577 begin
[2026-06-11T08:55:17.909] [Frame] [INFO] frame=9578 begin
[2026-06-11T08:55:17.916] [Frame] [INFO] frame=9579 begin
[2026-06-11T08:55:17.922] [Frame] [INFO] frame=9580 begin
[2026-06-11T08:55:17.929] [Frame] [INFO] frame=9581 begin
[2026-06-11T08:55:17.936] [Frame] [INFO] frame=9582 begin
[2026-06-11T08:55:17.943] [Frame] [INFO] frame=9583 begin
[2026-06-11T08:55:17.950] [Frame] [INFO] frame=9584 begin
[2026-06-11T08:55:17.957] [Frame] [INFO] frame=9585 begin
[2026-06-11T08:55:17.963] [Frame] [INFO] frame=9586 begin
[2026-06-11T08:55:17.970] [Frame] [INFO] frame=9587 begin
[2026-06-11T08:55:17.977] [Frame] [INFO] frame=9588 begin
[2026-06-11T08:55:17.984] [Frame] [INFO] frame=9589 begin
[2026-06-11T08:55:17.990] [Frame] [INFO] frame=9590 begin
[2026-06-11T08:55:17.998] [Frame] [INFO] frame=9591 begin
[2026-06-11T08:55:18.004] [Frame] [INFO] frame=9592 begin
[2026-06-11T08:55:18.011] [Frame] [INFO] frame=9593 begin
[2026-06-11T08:55:18.012] [Frame] [INFO] frame=9594 begin
[2026-06-11T08:55:18.025] [Frame] [INFO] frame=9595 begin
[2026-06-11T08:55:18.032] [Frame] [INFO] frame=9596 begin
[2026-06-11T08:55:18.034] [Frame] [INFO] frame=9597 begin
[2026-06-11T08:55:18.039] [Frame] [INFO] frame=9598 begin
[2026-06-11T08:55:18.046] [Frame] [INFO] frame=9599 begin
[2026-06-11T08:55:18.053] [Frame] [INFO] frame=9600 begin
[2026-06-11T08:55:18.060] [Frame] [INFO] frame=9601 begin
[2026-06-11T08:55:18.067] [Frame] [INFO] frame=9602 begin
[2026-06-11T08:55:18.074] [Frame] [INFO] frame=9603 begin
[2026-06-11T08:55:18.081] [Frame] [INFO] frame=9604 begin
[2026-06-11T08:55:18.087] [Frame] [INFO] frame=9605 begin
[2026-06-11T08:55:18.095] [Frame] [INFO] frame=9606 begin
[2026-06-11T08:55:18.101] [Frame] [INFO] frame=9607 begin
[2026-06-11T08:55:18.108] [Frame] [INFO] frame=9608 begin
[2026-06-11T08:55:18.115] [Frame] [INFO] frame=9609 begin
[2026-06-11T08:55:18.122] [Frame] [INFO] frame=9610 begin
[2026-06-11T08:55:18.128] [Frame] [INFO] frame=9611 begin
[2026-06-11T08:55:18.136] [Frame] [INFO] frame=9612 begin
[2026-06-11T08:55:18.144] [Frame] [INFO] frame=9613 begin
[2026-06-11T08:55:18.150] [Frame] [INFO] frame=9614 begin
[2026-06-11T08:55:18.157] [Frame] [INFO] frame=9615 begin
[2026-06-11T08:55:18.163] [Frame] [INFO] frame=9616 begin
[2026-06-11T08:55:18.170] [Frame] [INFO] frame=9617 begin
[2026-06-11T08:55:18.177] [Frame] [INFO] frame=9618 begin
[2026-06-11T08:55:18.184] [Frame] [INFO] frame=9619 begin
[2026-06-11T08:55:18.190] [Frame] [INFO] frame=9620 begin
[2026-06-11T08:55:18.198] [Frame] [INFO] frame=9621 begin
[2026-06-11T08:55:18.205] [Frame] [INFO] frame=9622 begin
[2026-06-11T08:55:18.212] [Frame] [INFO] frame=9623 begin
[2026-06-11T08:55:18.218] [Frame] [INFO] frame=9624 begin
[2026-06-11T08:55:18.225] [Frame] [INFO] frame=9625 begin
[2026-06-11T08:55:18.232] [Frame] [INFO] frame=9626 begin
[2026-06-11T08:55:18.239] [Frame] [INFO] frame=9627 begin
[2026-06-11T08:55:18.246] [Frame] [INFO] frame=9628 begin
[2026-06-11T08:55:18.252] [Frame] [INFO] frame=9629 begin
[2026-06-11T08:55:18.260] [Frame] [INFO] frame=9630 begin
[2026-06-11T08:55:18.266] [Frame] [INFO] frame=9631 begin
[2026-06-11T08:55:18.273] [Frame] [INFO] frame=9632 begin
[2026-06-11T08:55:18.280] [Frame] [INFO] frame=9633 begin
[2026-06-11T08:55:18.287] [Frame] [INFO] frame=9634 begin
[2026-06-11T08:55:18.293] [Frame] [INFO] frame=9635 begin
[2026-06-11T08:55:18.301] [Frame] [INFO] frame=9636 begin
[2026-06-11T08:55:18.308] [Frame] [INFO] frame=9637 begin
[2026-06-11T08:55:18.315] [Frame] [INFO] frame=9638 begin
[2026-06-11T08:55:18.321] [Frame] [INFO] frame=9639 begin
[2026-06-11T08:55:18.328] [Frame] [INFO] frame=9640 begin
[2026-06-11T08:55:18.335] [Frame] [INFO] frame=9641 begin
[2026-06-11T08:55:18.341] [Frame] [INFO] frame=9642 begin
[2026-06-11T08:55:18.348] [Frame] [INFO] frame=9643 begin
[2026-06-11T08:55:18.356] [Frame] [INFO] frame=9644 begin
[2026-06-11T08:55:18.362] [Frame] [INFO] frame=9645 begin
[2026-06-11T08:55:18.369] [Frame] [INFO] frame=9646 begin
[2026-06-11T08:55:18.376] [Frame] [INFO] frame=9647 begin
[2026-06-11T08:55:18.383] [Frame] [INFO] frame=9648 begin
[2026-06-11T08:55:18.390] [Frame] [INFO] frame=9649 begin
[2026-06-11T08:55:18.397] [Frame] [INFO] frame=9650 begin
[2026-06-11T08:55:18.404] [Frame] [INFO] frame=9651 begin
[2026-06-11T08:55:18.410] [Frame] [INFO] frame=9652 begin
[2026-06-11T08:55:18.419] [Frame] [INFO] frame=9653 begin
[2026-06-11T08:55:18.424] [Frame] [INFO] frame=9654 begin
[2026-06-11T08:55:18.431] [Frame] [INFO] frame=9655 begin
[2026-06-11T08:55:18.438] [Frame] [INFO] frame=9656 begin
[2026-06-11T08:55:18.444] [Frame] [INFO] frame=9657 begin
[2026-06-11T08:55:18.451] [Frame] [INFO] frame=9658 begin
[2026-06-11T08:55:18.459] [Frame] [INFO] frame=9659 begin
[2026-06-11T08:55:18.466] [Frame] [INFO] frame=9660 begin
[2026-06-11T08:55:18.473] [Frame] [INFO] frame=9661 begin
[2026-06-11T08:55:18.479] [Frame] [INFO] frame=9662 begin
[2026-06-11T08:55:18.486] [Frame] [INFO] frame=9663 begin
[2026-06-11T08:55:18.494] [Frame] [INFO] frame=9664 begin
[2026-06-11T08:55:18.500] [Frame] [INFO] frame=9665 begin
[2026-06-11T08:55:18.508] [Frame] [INFO] frame=9666 begin
[2026-06-11T08:55:18.515] [Frame] [INFO] frame=9667 begin
[2026-06-11T08:55:18.521] [Frame] [INFO] frame=9668 begin
[2026-06-11T08:55:18.527] [Frame] [INFO] frame=9669 begin
[2026-06-11T08:55:18.534] [Frame] [INFO] frame=9670 begin
[2026-06-11T08:55:18.542] [Frame] [INFO] frame=9671 begin
[2026-06-11T08:55:18.548] [Frame] [INFO] frame=9672 begin
[2026-06-11T08:55:18.555] [Frame] [INFO] frame=9673 begin
[2026-06-11T08:55:18.561] [Frame] [INFO] frame=9674 begin
[2026-06-11T08:55:18.569] [Frame] [INFO] frame=9675 begin
[2026-06-11T08:55:18.570] [Frame] [INFO] frame=9676 begin
[2026-06-11T08:55:18.583] [Frame] [INFO] frame=9677 begin
[2026-06-11T08:55:18.589] [Frame] [INFO] frame=9678 begin
[2026-06-11T08:55:18.592] [Frame] [INFO] frame=9679 begin
[2026-06-11T08:55:18.596] [Frame] [INFO] frame=9680 begin
[2026-06-11T08:55:18.604] [Frame] [INFO] frame=9681 begin
[2026-06-11T08:55:18.610] [Frame] [INFO] frame=9682 begin
[2026-06-11T08:55:18.618] [Frame] [INFO] frame=9683 begin
[2026-06-11T08:55:18.624] [Frame] [INFO] frame=9684 begin
[2026-06-11T08:55:18.631] [Frame] [INFO] frame=9685 begin
[2026-06-11T08:55:18.638] [Frame] [INFO] frame=9686 begin
[2026-06-11T08:55:18.646] [Frame] [INFO] frame=9687 begin
[2026-06-11T08:55:18.653] [Frame] [INFO] frame=9688 begin
[2026-06-11T08:55:18.659] [Frame] [INFO] frame=9689 begin
[2026-06-11T08:55:18.666] [Frame] [INFO] frame=9690 begin
[2026-06-11T08:55:18.672] [Frame] [INFO] frame=9691 begin
[2026-06-11T08:55:18.679] [Frame] [INFO] frame=9692 begin
[2026-06-11T08:55:18.686] [Frame] [INFO] frame=9693 begin
[2026-06-11T08:55:18.693] [Frame] [INFO] frame=9694 begin
[2026-06-11T08:55:18.699] [Frame] [INFO] frame=9695 begin
[2026-06-11T08:55:18.706] [Frame] [INFO] frame=9696 begin
[2026-06-11T08:55:18.714] [Frame] [INFO] frame=9697 begin
[2026-06-11T08:55:18.720] [Frame] [INFO] frame=9698 begin
[2026-06-11T08:55:18.727] [Frame] [INFO] frame=9699 begin
[2026-06-11T08:55:18.734] [Frame] [INFO] frame=9700 begin
[2026-06-11T08:55:18.741] [Frame] [INFO] frame=9701 begin
[2026-06-11T08:55:18.747] [Frame] [INFO] frame=9702 begin
[2026-06-11T08:55:18.754] [Frame] [INFO] frame=9703 begin
[2026-06-11T08:55:18.762] [Frame] [INFO] frame=9704 begin
[2026-06-11T08:55:18.768] [Frame] [INFO] frame=9705 begin
[2026-06-11T08:55:18.775] [Frame] [INFO] frame=9706 begin
[2026-06-11T08:55:18.782] [Frame] [INFO] frame=9707 begin
[2026-06-11T08:55:18.789] [Frame] [INFO] frame=9708 begin
[2026-06-11T08:55:18.795] [Frame] [INFO] frame=9709 begin
[2026-06-11T08:55:18.802] [Frame] [INFO] frame=9710 begin
[2026-06-11T08:55:18.811] [Frame] [INFO] frame=9711 begin
[2026-06-11T08:55:18.816] [Frame] [INFO] frame=9712 begin
[2026-06-11T08:55:18.823] [Frame] [INFO] frame=9713 begin
[2026-06-11T08:55:18.830] [Frame] [INFO] frame=9714 begin
[2026-06-11T08:55:18.837] [Frame] [INFO] frame=9715 begin
[2026-06-11T08:55:18.844] [Frame] [INFO] frame=9716 begin
[2026-06-11T08:55:18.850] [Frame] [INFO] frame=9717 begin
[2026-06-11T08:55:18.858] [Frame] [INFO] frame=9718 begin
[2026-06-11T08:55:18.864] [Frame] [INFO] frame=9719 begin
[2026-06-11T08:55:18.871] [Frame] [INFO] frame=9720 begin
[2026-06-11T08:55:18.878] [Frame] [INFO] frame=9721 begin
[2026-06-11T08:55:18.885] [Frame] [INFO] frame=9722 begin
[2026-06-11T08:55:18.891] [Frame] [INFO] frame=9723 begin
[2026-06-11T08:55:18.899] [Frame] [INFO] frame=9724 begin
[2026-06-11T08:55:18.906] [Frame] [INFO] frame=9725 begin
[2026-06-11T08:55:18.909] [Frame] [INFO] frame=9726 begin
[2026-06-11T08:55:18.919] [Frame] [INFO] frame=9727 begin
[2026-06-11T08:55:18.926] [Frame] [INFO] frame=9728 begin
[2026-06-11T08:55:18.929] [Frame] [INFO] frame=9729 begin
[2026-06-11T08:55:18.933] [Frame] [INFO] frame=9730 begin
[2026-06-11T08:55:18.940] [Frame] [INFO] frame=9731 begin
[2026-06-11T08:55:18.947] [Frame] [INFO] frame=9732 begin
[2026-06-11T08:55:18.955] [Frame] [INFO] frame=9733 begin
[2026-06-11T08:55:18.961] [Frame] [INFO] frame=9734 begin
[2026-06-11T08:55:18.967] [Frame] [INFO] frame=9735 begin
[2026-06-11T08:55:18.974] [Frame] [INFO] frame=9736 begin
[2026-06-11T08:55:18.981] [Frame] [INFO] frame=9737 begin
[2026-06-11T08:55:18.987] [Frame] [INFO] frame=9738 begin
[2026-06-11T08:55:18.994] [Frame] [INFO] frame=9739 begin
[2026-06-11T08:55:19.001] [Frame] [INFO] frame=9740 begin
[2026-06-11T08:55:19.008] [Frame] [INFO] frame=9741 begin
[2026-06-11T08:55:19.015] [Frame] [INFO] frame=9742 begin
[2026-06-11T08:55:19.023] [Frame] [INFO] frame=9743 begin
[2026-06-11T08:55:19.029] [Frame] [INFO] frame=9744 begin
[2026-06-11T08:55:19.035] [Frame] [INFO] frame=9745 begin
[2026-06-11T08:55:19.042] [Frame] [INFO] frame=9746 begin
[2026-06-11T08:55:19.050] [Frame] [INFO] frame=9747 begin
[2026-06-11T08:55:19.057] [Frame] [INFO] frame=9748 begin
[2026-06-11T08:55:19.064] [Frame] [INFO] frame=9749 begin
[2026-06-11T08:55:19.070] [Frame] [INFO] frame=9750 begin
[2026-06-11T08:55:19.077] [Frame] [INFO] frame=9751 begin
[2026-06-11T08:55:19.085] [Frame] [INFO] frame=9752 begin
[2026-06-11T08:55:19.091] [Frame] [INFO] frame=9753 begin
[2026-06-11T08:55:19.098] [Frame] [INFO] frame=9754 begin
[2026-06-11T08:55:19.105] [Frame] [INFO] frame=9755 begin
[2026-06-11T08:55:19.112] [Frame] [INFO] frame=9756 begin
[2026-06-11T08:55:19.119] [Frame] [INFO] frame=9757 begin
[2026-06-11T08:55:19.125] [Frame] [INFO] frame=9758 begin
[2026-06-11T08:55:19.132] [Frame] [INFO] frame=9759 begin
[2026-06-11T08:55:19.139] [Frame] [INFO] frame=9760 begin
[2026-06-11T08:55:19.146] [Frame] [INFO] frame=9761 begin
[2026-06-11T08:55:19.153] [Frame] [INFO] frame=9762 begin
[2026-06-11T08:55:19.159] [Frame] [INFO] frame=9763 begin
[2026-06-11T08:55:19.162] [Frame] [INFO] frame=9764 begin
[2026-06-11T08:55:19.173] [Frame] [INFO] frame=9765 begin
[2026-06-11T08:55:19.180] [Frame] [INFO] frame=9766 begin
[2026-06-11T08:55:19.182] [Frame] [INFO] frame=9767 begin
[2026-06-11T08:55:19.187] [Frame] [INFO] frame=9768 begin
[2026-06-11T08:55:19.194] [Frame] [INFO] frame=9769 begin
[2026-06-11T08:55:19.201] [Frame] [INFO] frame=9770 begin
[2026-06-11T08:55:19.207] [Frame] [INFO] frame=9771 begin
[2026-06-11T08:55:19.214] [Frame] [INFO] frame=9772 begin
[2026-06-11T08:55:19.221] [Frame] [INFO] frame=9773 begin
[2026-06-11T08:55:19.227] [Frame] [INFO] frame=9774 begin
[2026-06-11T08:55:19.235] [Frame] [INFO] frame=9775 begin
[2026-06-11T08:55:19.242] [Frame] [INFO] frame=9776 begin
[2026-06-11T08:55:19.249] [Frame] [INFO] frame=9777 begin
[2026-06-11T08:55:19.255] [Frame] [INFO] frame=9778 begin
[2026-06-11T08:55:19.261] [Frame] [INFO] frame=9779 begin
[2026-06-11T08:55:19.268] [Frame] [INFO] frame=9780 begin
[2026-06-11T08:55:19.275] [Frame] [INFO] frame=9781 begin
[2026-06-11T08:55:19.282] [Frame] [INFO] frame=9782 begin
[2026-06-11T08:55:19.289] [Frame] [INFO] frame=9783 begin
[2026-06-11T08:55:19.296] [Frame] [INFO] frame=9784 begin
[2026-06-11T08:55:19.302] [Frame] [INFO] frame=9785 begin
[2026-06-11T08:55:19.310] [Frame] [INFO] frame=9786 begin
[2026-06-11T08:55:19.317] [Frame] [INFO] frame=9787 begin
[2026-06-11T08:55:19.324] [Frame] [INFO] frame=9788 begin
[2026-06-11T08:55:19.332] [Frame] [INFO] frame=9789 begin
[2026-06-11T08:55:19.339] [Frame] [INFO] frame=9790 begin
[2026-06-11T08:55:19.340] [Frame] [INFO] frame=9791 begin
[2026-06-11T08:55:19.351] [Frame] [INFO] frame=9792 begin
[2026-06-11T08:55:19.358] [Frame] [INFO] frame=9793 begin
[2026-06-11T08:55:19.361] [Frame] [INFO] frame=9794 begin
[2026-06-11T08:55:19.364] [Frame] [INFO] frame=9795 begin
[2026-06-11T08:55:19.372] [Frame] [INFO] frame=9796 begin
[2026-06-11T08:55:19.379] [Frame] [INFO] frame=9797 begin
[2026-06-11T08:55:19.386] [Frame] [INFO] frame=9798 begin
[2026-06-11T08:55:19.393] [Frame] [INFO] frame=9799 begin
[2026-06-11T08:55:19.400] [Frame] [INFO] frame=9800 begin
[2026-06-11T08:55:19.407] [Frame] [INFO] frame=9801 begin
[2026-06-11T08:55:19.414] [Frame] [INFO] frame=9802 begin
[2026-06-11T08:55:19.421] [Frame] [INFO] frame=9803 begin
[2026-06-11T08:55:19.427] [Frame] [INFO] frame=9804 begin
[2026-06-11T08:55:19.434] [Frame] [INFO] frame=9805 begin
[2026-06-11T08:55:19.440] [Frame] [INFO] frame=9806 begin
[2026-06-11T08:55:19.448] [Frame] [INFO] frame=9807 begin
[2026-06-11T08:55:19.450] [Frame] [INFO] frame=9808 begin
[2026-06-11T08:55:19.463] [Frame] [INFO] frame=9809 begin
[2026-06-11T08:55:19.469] [Frame] [INFO] frame=9810 begin
[2026-06-11T08:55:19.472] [Frame] [INFO] frame=9811 begin
[2026-06-11T08:55:19.476] [Frame] [INFO] frame=9812 begin
[2026-06-11T08:55:19.483] [Frame] [INFO] frame=9813 begin
[2026-06-11T08:55:19.490] [Frame] [INFO] frame=9814 begin
[2026-06-11T08:55:19.497] [Frame] [INFO] frame=9815 begin
[2026-06-11T08:55:19.504] [Frame] [INFO] frame=9816 begin
[2026-06-11T08:55:19.511] [Frame] [INFO] frame=9817 begin
[2026-06-11T08:55:19.518] [Frame] [INFO] frame=9818 begin
[2026-06-11T08:55:19.525] [Frame] [INFO] frame=9819 begin
[2026-06-11T08:55:19.531] [Frame] [INFO] frame=9820 begin
[2026-06-11T08:55:19.538] [Frame] [INFO] frame=9821 begin
[2026-06-11T08:55:19.545] [Frame] [INFO] frame=9822 begin
[2026-06-11T08:55:19.552] [Frame] [INFO] frame=9823 begin
[2026-06-11T08:55:19.560] [Frame] [INFO] frame=9824 begin
[2026-06-11T08:55:19.567] [Frame] [INFO] frame=9825 begin
[2026-06-11T08:55:19.574] [Frame] [INFO] frame=9826 begin
[2026-06-11T08:55:19.580] [Frame] [INFO] frame=9827 begin
[2026-06-11T08:55:19.587] [Frame] [INFO] frame=9828 begin
[2026-06-11T08:55:19.594] [Frame] [INFO] frame=9829 begin
[2026-06-11T08:55:19.601] [Frame] [INFO] frame=9830 begin
[2026-06-11T08:55:19.608] [Frame] [INFO] frame=9831 begin
[2026-06-11T08:55:19.614] [Frame] [INFO] frame=9832 begin
[2026-06-11T08:55:19.623] [Frame] [INFO] frame=9833 begin
[2026-06-11T08:55:19.629] [Frame] [INFO] frame=9834 begin
[2026-06-11T08:55:19.635] [Frame] [INFO] frame=9835 begin
[2026-06-11T08:55:19.642] [Frame] [INFO] frame=9836 begin
[2026-06-11T08:55:19.649] [Frame] [INFO] frame=9837 begin
[2026-06-11T08:55:19.656] [Frame] [INFO] frame=9838 begin
[2026-06-11T08:55:19.663] [Frame] [INFO] frame=9839 begin
[2026-06-11T08:55:19.670] [Frame] [INFO] frame=9840 begin
[2026-06-11T08:55:19.676] [Frame] [INFO] frame=9841 begin
[2026-06-11T08:55:19.683] [Frame] [INFO] frame=9842 begin
[2026-06-11T08:55:19.689] [Frame] [INFO] frame=9843 begin
[2026-06-11T08:55:19.696] [Frame] [INFO] frame=9844 begin
[2026-06-11T08:55:19.703] [Frame] [INFO] frame=9845 begin
[2026-06-11T08:55:19.710] [Frame] [INFO] frame=9846 begin
[2026-06-11T08:55:19.716] [Frame] [INFO] frame=9847 begin
[2026-06-11T08:55:19.723] [Frame] [INFO] frame=9848 begin
[2026-06-11T08:55:19.731] [Frame] [INFO] frame=9849 begin
[2026-06-11T08:55:19.737] [Frame] [INFO] frame=9850 begin
[2026-06-11T08:55:19.744] [Frame] [INFO] frame=9851 begin
[2026-06-11T08:55:19.751] [Frame] [INFO] frame=9852 begin
[2026-06-11T08:55:19.759] [Frame] [INFO] frame=9853 begin
[2026-06-11T08:55:19.765] [Frame] [INFO] frame=9854 begin
[2026-06-11T08:55:19.772] [Frame] [INFO] frame=9855 begin
[2026-06-11T08:55:19.779] [Frame] [INFO] frame=9856 begin
[2026-06-11T08:55:19.786] [Frame] [INFO] frame=9857 begin
[2026-06-11T08:55:19.793] [Frame] [INFO] frame=9858 begin
[2026-06-11T08:55:19.799] [Frame] [INFO] frame=9859 begin
[2026-06-11T08:55:19.807] [Frame] [INFO] frame=9860 begin
[2026-06-11T08:55:19.814] [Frame] [INFO] frame=9861 begin
[2026-06-11T08:55:19.820] [Frame] [INFO] frame=9862 begin
[2026-06-11T08:55:19.828] [Frame] [INFO] frame=9863 begin
[2026-06-11T08:55:19.834] [Frame] [INFO] frame=9864 begin
[2026-06-11T08:55:19.841] [Frame] [INFO] frame=9865 begin
[2026-06-11T08:55:19.847] [Frame] [INFO] frame=9866 begin
[2026-06-11T08:55:19.855] [Frame] [INFO] frame=9867 begin
[2026-06-11T08:55:19.862] [Frame] [INFO] frame=9868 begin
[2026-06-11T08:55:19.869] [Frame] [INFO] frame=9869 begin
[2026-06-11T08:55:19.875] [Frame] [INFO] frame=9870 begin
[2026-06-11T08:55:19.882] [Frame] [INFO] frame=9871 begin
[2026-06-11T08:55:19.888] [Frame] [INFO] frame=9872 begin
[2026-06-11T08:55:19.896] [Frame] [INFO] frame=9873 begin
[2026-06-11T08:55:19.903] [Frame] [INFO] frame=9874 begin
[2026-06-11T08:55:19.909] [Frame] [INFO] frame=9875 begin
[2026-06-11T08:55:19.909] [Frame] [INFO] frame=9876 begin
[2026-06-11T08:55:19.924] [Frame] [INFO] frame=9877 begin
[2026-06-11T08:55:19.930] [Frame] [INFO] frame=9878 begin
[2026-06-11T08:55:19.933] [Frame] [INFO] frame=9879 begin
[2026-06-11T08:55:19.936] [Frame] [INFO] frame=9880 begin
[2026-06-11T08:55:19.943] [Frame] [INFO] frame=9881 begin
[2026-06-11T08:55:19.950] [Frame] [INFO] frame=9882 begin
[2026-06-11T08:55:19.957] [Frame] [INFO] frame=9883 begin
[2026-06-11T08:55:19.964] [Frame] [INFO] frame=9884 begin
[2026-06-11T08:55:19.971] [Frame] [INFO] frame=9885 begin
[2026-06-11T08:55:19.978] [Frame] [INFO] frame=9886 begin
[2026-06-11T08:55:19.984] [Frame] [INFO] frame=9887 begin
[2026-06-11T08:55:19.992] [Frame] [INFO] frame=9888 begin
[2026-06-11T08:55:19.998] [Frame] [INFO] frame=9889 begin
[2026-06-11T08:55:20.005] [Frame] [INFO] frame=9890 begin
[2026-06-11T08:55:20.012] [Frame] [INFO] frame=9891 begin
[2026-06-11T08:55:20.019] [Frame] [INFO] frame=9892 begin
[2026-06-11T08:55:20.025] [Frame] [INFO] frame=9893 begin
[2026-06-11T08:55:20.033] [Frame] [INFO] frame=9894 begin
[2026-06-11T08:55:20.040] [Frame] [INFO] frame=9895 begin
[2026-06-11T08:55:20.046] [Frame] [INFO] frame=9896 begin
[2026-06-11T08:55:20.053] [Frame] [INFO] frame=9897 begin
[2026-06-11T08:55:20.060] [Frame] [INFO] frame=9898 begin
[2026-06-11T08:55:20.068] [Frame] [INFO] frame=9899 begin
[2026-06-11T08:55:20.074] [Frame] [INFO] frame=9900 begin
[2026-06-11T08:55:20.081] [Frame] [INFO] frame=9901 begin
[2026-06-11T08:55:20.088] [Frame] [INFO] frame=9902 begin
[2026-06-11T08:55:20.095] [Frame] [INFO] frame=9903 begin
[2026-06-11T08:55:20.102] [Frame] [INFO] frame=9904 begin
[2026-06-11T08:55:20.108] [Frame] [INFO] frame=9905 begin
[2026-06-11T08:55:20.115] [Frame] [INFO] frame=9906 begin
[2026-06-11T08:55:20.122] [Frame] [INFO] frame=9907 begin
[2026-06-11T08:55:20.129] [Frame] [INFO] frame=9908 begin
[2026-06-11T08:55:20.136] [Frame] [INFO] frame=9909 begin
[2026-06-11T08:55:20.143] [Frame] [INFO] frame=9910 begin
[2026-06-11T08:55:20.150] [Frame] [INFO] frame=9911 begin
[2026-06-11T08:55:20.157] [Frame] [INFO] frame=9912 begin
[2026-06-11T08:55:20.164] [Frame] [INFO] frame=9913 begin
[2026-06-11T08:55:20.170] [Frame] [INFO] frame=9914 begin
[2026-06-11T08:55:20.177] [Frame] [INFO] frame=9915 begin
[2026-06-11T08:55:20.185] [Frame] [INFO] frame=9916 begin
[2026-06-11T08:55:20.191] [Frame] [INFO] frame=9917 begin
[2026-06-11T08:55:20.198] [Frame] [INFO] frame=9918 begin
[2026-06-11T08:55:20.205] [Frame] [INFO] frame=9919 begin
[2026-06-11T08:55:20.213] [Frame] [INFO] frame=9920 begin
[2026-06-11T08:55:20.219] [Frame] [INFO] frame=9921 begin
[2026-06-11T08:55:20.227] [Frame] [INFO] frame=9922 begin
[2026-06-11T08:55:20.233] [Frame] [INFO] frame=9923 begin
[2026-06-11T08:55:20.240] [Frame] [INFO] frame=9924 begin
[2026-06-11T08:55:20.246] [Frame] [INFO] frame=9925 begin
[2026-06-11T08:55:20.247] [Frame] [INFO] frame=9926 begin
[2026-06-11T08:55:20.261] [Frame] [INFO] frame=9927 begin
[2026-06-11T08:55:20.268] [Frame] [INFO] frame=9928 begin
[2026-06-11T08:55:20.270] [Frame] [INFO] frame=9929 begin
[2026-06-11T08:55:20.275] [Frame] [INFO] frame=9930 begin
[2026-06-11T08:55:20.281] [Frame] [INFO] frame=9931 begin
[2026-06-11T08:55:20.288] [Frame] [INFO] frame=9932 begin
[2026-06-11T08:55:20.295] [Frame] [INFO] frame=9933 begin
[2026-06-11T08:55:20.302] [Frame] [INFO] frame=9934 begin
[2026-06-11T08:55:20.309] [Frame] [INFO] frame=9935 begin
[2026-06-11T08:55:20.316] [Frame] [INFO] frame=9936 begin
[2026-06-11T08:55:20.322] [Frame] [INFO] frame=9937 begin
[2026-06-11T08:55:20.329] [Frame] [INFO] frame=9938 begin
[2026-06-11T08:55:20.337] [Frame] [INFO] frame=9939 begin
[2026-06-11T08:55:20.345] [Frame] [INFO] frame=9940 begin
[2026-06-11T08:55:20.351] [Frame] [INFO] frame=9941 begin
[2026-06-11T08:55:20.359] [Frame] [INFO] frame=9942 begin
[2026-06-11T08:55:20.364] [Frame] [INFO] frame=9943 begin
[2026-06-11T08:55:20.370] [Frame] [INFO] frame=9944 begin
[2026-06-11T08:55:20.377] [Frame] [INFO] frame=9945 begin
[2026-06-11T08:55:20.385] [Frame] [INFO] frame=9946 begin
[2026-06-11T08:55:20.391] [Frame] [INFO] frame=9947 begin
[2026-06-11T08:55:20.398] [Frame] [INFO] frame=9948 begin
[2026-06-11T08:55:20.405] [Frame] [INFO] frame=9949 begin
[2026-06-11T08:55:20.412] [Frame] [INFO] frame=9950 begin
[2026-06-11T08:55:20.419] [Frame] [INFO] frame=9951 begin
[2026-06-11T08:55:20.425] [Frame] [INFO] frame=9952 begin
[2026-06-11T08:55:20.432] [Frame] [INFO] frame=9953 begin
[2026-06-11T08:55:20.439] [Frame] [INFO] frame=9954 begin
[2026-06-11T08:55:20.446] [Frame] [INFO] frame=9955 begin
[2026-06-11T08:55:20.453] [Frame] [INFO] frame=9956 begin
[2026-06-11T08:55:20.459] [Frame] [INFO] frame=9957 begin
[2026-06-11T08:55:20.466] [Frame] [INFO] frame=9958 begin
[2026-06-11T08:55:20.473] [Frame] [INFO] frame=9959 begin
[2026-06-11T08:55:20.480] [Frame] [INFO] frame=9960 begin
[2026-06-11T08:55:20.487] [Frame] [INFO] frame=9961 begin
[2026-06-11T08:55:20.493] [Frame] [INFO] frame=9962 begin
[2026-06-11T08:55:20.500] [Frame] [INFO] frame=9963 begin
[2026-06-11T08:55:20.507] [Frame] [INFO] frame=9964 begin
[2026-06-11T08:55:20.514] [Frame] [INFO] frame=9965 begin
[2026-06-11T08:55:20.521] [Frame] [INFO] frame=9966 begin
[2026-06-11T08:55:20.528] [Frame] [INFO] frame=9967 begin
[2026-06-11T08:55:20.529] [Frame] [INFO] frame=9968 begin
[2026-06-11T08:55:20.542] [Frame] [INFO] frame=9969 begin
[2026-06-11T08:55:20.549] [Frame] [INFO] frame=9970 begin
[2026-06-11T08:55:20.551] [Frame] [INFO] frame=9971 begin
[2026-06-11T08:55:20.556] [Frame] [INFO] frame=9972 begin
[2026-06-11T08:55:20.562] [Frame] [INFO] frame=9973 begin
[2026-06-11T08:55:20.569] [Frame] [INFO] frame=9974 begin
[2026-06-11T08:55:20.576] [Frame] [INFO] frame=9975 begin
[2026-06-11T08:55:20.584] [Frame] [INFO] frame=9976 begin
[2026-06-11T08:55:20.590] [Frame] [INFO] frame=9977 begin
[2026-06-11T08:55:20.597] [Frame] [INFO] frame=9978 begin
[2026-06-11T08:55:20.604] [Frame] [INFO] frame=9979 begin
[2026-06-11T08:55:20.611] [Frame] [INFO] frame=9980 begin
[2026-06-11T08:55:20.617] [Frame] [INFO] frame=9981 begin
[2026-06-11T08:55:20.624] [Frame] [INFO] frame=9982 begin
[2026-06-11T08:55:20.632] [Frame] [INFO] frame=9983 begin
[2026-06-11T08:55:20.638] [Frame] [INFO] frame=9984 begin
[2026-06-11T08:55:20.644] [Frame] [INFO] frame=9985 begin
[2026-06-11T08:55:20.651] [Frame] [INFO] frame=9986 begin
[2026-06-11T08:55:20.658] [Frame] [INFO] frame=9987 begin
[2026-06-11T08:55:20.665] [Frame] [INFO] frame=9988 begin
[2026-06-11T08:55:20.671] [Frame] [INFO] frame=9989 begin
[2026-06-11T08:55:20.678] [Frame] [INFO] frame=9990 begin
[2026-06-11T08:55:20.685] [Frame] [INFO] frame=9991 begin
[2026-06-11T08:55:20.692] [Frame] [INFO] frame=9992 begin
[2026-06-11T08:55:20.699] [Frame] [INFO] frame=9993 begin
[2026-06-11T08:55:20.705] [Frame] [INFO] frame=9994 begin
[2026-06-11T08:55:20.713] [Frame] [INFO] frame=9995 begin
[2026-06-11T08:55:20.720] [Frame] [INFO] frame=9996 begin
[2026-06-11T08:55:20.726] [Frame] [INFO] frame=9997 begin
[2026-06-11T08:55:20.733] [Frame] [INFO] frame=9998 begin
[2026-06-11T08:55:20.740] [Frame] [INFO] frame=9999 begin
[2026-06-11T08:55:20.747] [Frame] [INFO] frame=10000 begin
[2026-06-11T08:55:20.754] [Frame] [INFO] frame=10001 begin
[2026-06-11T08:55:20.760] [Frame] [INFO] frame=10002 begin
[2026-06-11T08:55:20.767] [Frame] [INFO] frame=10003 begin
[2026-06-11T08:55:20.773] [Frame] [INFO] frame=10004 begin
[2026-06-11T08:55:20.780] [Frame] [INFO] frame=10005 begin
[2026-06-11T08:55:20.787] [Frame] [INFO] frame=10006 begin
[2026-06-11T08:55:20.794] [Frame] [INFO] frame=10007 begin
[2026-06-11T08:55:20.800] [Frame] [INFO] frame=10008 begin
[2026-06-11T08:55:20.807] [Frame] [INFO] frame=10009 begin
[2026-06-11T08:55:20.814] [Frame] [INFO] frame=10010 begin
[2026-06-11T08:55:20.821] [Frame] [INFO] frame=10011 begin
[2026-06-11T08:55:20.828] [Frame] [INFO] frame=10012 begin
[2026-06-11T08:55:20.834] [Frame] [INFO] frame=10013 begin
[2026-06-11T08:55:20.841] [Frame] [INFO] frame=10014 begin
[2026-06-11T08:55:20.848] [Frame] [INFO] frame=10015 begin
[2026-06-11T08:55:20.855] [Frame] [INFO] frame=10016 begin
[2026-06-11T08:55:20.862] [Frame] [INFO] frame=10017 begin
[2026-06-11T08:55:20.868] [Frame] [INFO] frame=10018 begin
[2026-06-11T08:55:20.875] [Frame] [INFO] frame=10019 begin
[2026-06-11T08:55:20.882] [Frame] [INFO] frame=10020 begin
[2026-06-11T08:55:20.888] [Frame] [INFO] frame=10021 begin
[2026-06-11T08:55:20.895] [Frame] [INFO] frame=10022 begin
[2026-06-11T08:55:20.902] [Frame] [INFO] frame=10023 begin
[2026-06-11T08:55:20.909] [Frame] [INFO] frame=10024 begin
[2026-06-11T08:55:20.917] [Frame] [INFO] frame=10025 begin
[2026-06-11T08:55:20.924] [Frame] [INFO] frame=10026 begin
[2026-06-11T08:55:20.929] [Frame] [INFO] frame=10027 begin
[2026-06-11T08:55:20.936] [Frame] [INFO] frame=10028 begin
[2026-06-11T08:55:20.943] [Frame] [INFO] frame=10029 begin
[2026-06-11T08:55:20.950] [Frame] [INFO] frame=10030 begin
[2026-06-11T08:55:20.956] [Frame] [INFO] frame=10031 begin
[2026-06-11T08:55:20.964] [Frame] [INFO] frame=10032 begin
[2026-06-11T08:55:20.970] [Frame] [INFO] frame=10033 begin
[2026-06-11T08:55:20.978] [Frame] [INFO] frame=10034 begin
[2026-06-11T08:55:20.984] [Frame] [INFO] frame=10035 begin
[2026-06-11T08:55:20.990] [Frame] [INFO] frame=10036 begin
[2026-06-11T08:55:20.997] [Frame] [INFO] frame=10037 begin
[2026-06-11T08:55:21.005] [Frame] [INFO] frame=10038 begin
[2026-06-11T08:55:21.011] [Frame] [INFO] frame=10039 begin
[2026-06-11T08:55:21.018] [Frame] [INFO] frame=10040 begin
[2026-06-11T08:55:21.025] [Frame] [INFO] frame=10041 begin
[2026-06-11T08:55:21.031] [Frame] [INFO] frame=10042 begin
[2026-06-11T08:55:21.038] [Frame] [INFO] frame=10043 begin
[2026-06-11T08:55:21.045] [Frame] [INFO] frame=10044 begin
[2026-06-11T08:55:21.052] [Frame] [INFO] frame=10045 begin
[2026-06-11T08:55:21.059] [Frame] [INFO] frame=10046 begin
[2026-06-11T08:55:21.065] [Frame] [INFO] frame=10047 begin
[2026-06-11T08:55:21.072] [Frame] [INFO] frame=10048 begin
[2026-06-11T08:55:21.080] [Frame] [INFO] frame=10049 begin
[2026-06-11T08:55:21.086] [Frame] [INFO] frame=10050 begin
[2026-06-11T08:55:21.093] [Frame] [INFO] frame=10051 begin
[2026-06-11T08:55:21.098] [Frame] [INFO] frame=10052 begin
[2026-06-11T08:55:21.106] [Frame] [INFO] frame=10053 begin
[2026-06-11T08:55:21.113] [Frame] [INFO] frame=10054 begin
[2026-06-11T08:55:21.120] [Frame] [INFO] frame=10055 begin
[2026-06-11T08:55:21.127] [Frame] [INFO] frame=10056 begin
[2026-06-11T08:55:21.134] [Frame] [INFO] frame=10057 begin
[2026-06-11T08:55:21.141] [Frame] [INFO] frame=10058 begin
[2026-06-11T08:55:21.148] [Frame] [INFO] frame=10059 begin
[2026-06-11T08:55:21.154] [Frame] [INFO] frame=10060 begin
[2026-06-11T08:55:21.161] [Frame] [INFO] frame=10061 begin
[2026-06-11T08:55:21.168] [Frame] [INFO] frame=10062 begin
[2026-06-11T08:55:21.175] [Frame] [INFO] frame=10063 begin
[2026-06-11T08:55:21.177] [Frame] [INFO] frame=10064 begin
[2026-06-11T08:55:21.189] [Frame] [INFO] frame=10065 begin
[2026-06-11T08:55:21.197] [Frame] [INFO] frame=10066 begin
[2026-06-11T08:55:21.200] [Frame] [INFO] frame=10067 begin
[2026-06-11T08:55:21.202] [Frame] [INFO] frame=10068 begin
[2026-06-11T08:55:21.209] [Frame] [INFO] frame=10069 begin
[2026-06-11T08:55:21.216] [Frame] [INFO] frame=10070 begin
[2026-06-11T08:55:21.223] [Frame] [INFO] frame=10071 begin
[2026-06-11T08:55:21.230] [Frame] [INFO] frame=10072 begin
[2026-06-11T08:55:21.237] [Frame] [INFO] frame=10073 begin
[2026-06-11T08:55:21.240] [Frame] [INFO] frame=10074 begin
[2026-06-11T08:55:21.251] [Frame] [INFO] frame=10075 begin
[2026-06-11T08:55:21.258] [Frame] [INFO] frame=10076 begin
[2026-06-11T08:55:21.261] [Frame] [INFO] frame=10077 begin
[2026-06-11T08:55:21.265] [Frame] [INFO] frame=10078 begin
[2026-06-11T08:55:21.272] [Frame] [INFO] frame=10079 begin
[2026-06-11T08:55:21.278] [Frame] [INFO] frame=10080 begin
[2026-06-11T08:55:21.286] [Frame] [INFO] frame=10081 begin
[2026-06-11T08:55:21.293] [Frame] [INFO] frame=10082 begin
[2026-06-11T08:55:21.300] [Frame] [INFO] frame=10083 begin
[2026-06-11T08:55:21.307] [Frame] [INFO] frame=10084 begin
[2026-06-11T08:55:21.313] [Frame] [INFO] frame=10085 begin
[2026-06-11T08:55:21.320] [Frame] [INFO] frame=10086 begin
[2026-06-11T08:55:21.326] [Frame] [INFO] frame=10087 begin
[2026-06-11T08:55:21.330] [Frame] [INFO] frame=10088 begin
[2026-06-11T08:55:21.341] [Frame] [INFO] frame=10089 begin
[2026-06-11T08:55:21.348] [Frame] [INFO] frame=10090 begin
[2026-06-11T08:55:21.351] [Frame] [INFO] frame=10091 begin
[2026-06-11T08:55:21.355] [Frame] [INFO] frame=10092 begin
[2026-06-11T08:55:21.362] [Frame] [INFO] frame=10093 begin
[2026-06-11T08:55:21.368] [Frame] [INFO] frame=10094 begin
[2026-06-11T08:55:21.375] [Frame] [INFO] frame=10095 begin
[2026-06-11T08:55:21.382] [Frame] [INFO] frame=10096 begin
[2026-06-11T08:55:21.391] [Frame] [INFO] frame=10097 begin
[2026-06-11T08:55:21.397] [Frame] [INFO] frame=10098 begin
[2026-06-11T08:55:21.402] [Frame] [INFO] frame=10099 begin
[2026-06-11T08:55:21.409] [Frame] [INFO] frame=10100 begin
[2026-06-11T08:55:21.416] [Frame] [INFO] frame=10101 begin
[2026-06-11T08:55:21.423] [Frame] [INFO] frame=10102 begin
[2026-06-11T08:55:21.430] [Frame] [INFO] frame=10103 begin
[2026-06-11T08:55:21.437] [Frame] [INFO] frame=10104 begin
[2026-06-11T08:55:21.444] [Frame] [INFO] frame=10105 begin
[2026-06-11T08:55:21.451] [Frame] [INFO] frame=10106 begin
[2026-06-11T08:55:21.457] [Frame] [INFO] frame=10107 begin
[2026-06-11T08:55:21.464] [Frame] [INFO] frame=10108 begin
[2026-06-11T08:55:21.471] [Frame] [INFO] frame=10109 begin
[2026-06-11T08:55:21.479] [Frame] [INFO] frame=10110 begin
[2026-06-11T08:55:21.485] [Frame] [INFO] frame=10111 begin
[2026-06-11T08:55:21.492] [Frame] [INFO] frame=10112 begin
[2026-06-11T08:55:21.499] [Frame] [INFO] frame=10113 begin
[2026-06-11T08:55:21.505] [Frame] [INFO] frame=10114 begin
[2026-06-11T08:55:21.513] [Frame] [INFO] frame=10115 begin
[2026-06-11T08:55:21.520] [Frame] [INFO] frame=10116 begin
[2026-06-11T08:55:21.526] [Frame] [INFO] frame=10117 begin
[2026-06-11T08:55:21.534] [Frame] [INFO] frame=10118 begin
[2026-06-11T08:55:21.541] [Frame] [INFO] frame=10119 begin
[2026-06-11T08:55:21.547] [Frame] [INFO] frame=10120 begin
[2026-06-11T08:55:21.554] [Frame] [INFO] frame=10121 begin
[2026-06-11T08:55:21.561] [Frame] [INFO] frame=10122 begin
[2026-06-11T08:55:21.568] [Frame] [INFO] frame=10123 begin
[2026-06-11T08:55:21.576] [Frame] [INFO] frame=10124 begin
[2026-06-11T08:55:21.582] [Frame] [INFO] frame=10125 begin
[2026-06-11T08:55:21.589] [Frame] [INFO] frame=10126 begin
[2026-06-11T08:55:21.595] [Frame] [INFO] frame=10127 begin
[2026-06-11T08:55:21.601] [Frame] [INFO] frame=10128 begin
[2026-06-11T08:55:21.609] [Frame] [INFO] frame=10129 begin
[2026-06-11T08:55:21.616] [Frame] [INFO] frame=10130 begin
[2026-06-11T08:55:21.623] [Frame] [INFO] frame=10131 begin
[2026-06-11T08:55:21.623] [Frame] [INFO] frame=10132 begin
[2026-06-11T08:55:21.637] [Frame] [INFO] frame=10133 begin
[2026-06-11T08:55:21.644] [Frame] [INFO] frame=10134 begin
[2026-06-11T08:55:21.648] [Frame] [INFO] frame=10135 begin
[2026-06-11T08:55:21.651] [Frame] [INFO] frame=10136 begin
[2026-06-11T08:55:21.658] [Frame] [INFO] frame=10137 begin
[2026-06-11T08:55:21.665] [Frame] [INFO] frame=10138 begin
[2026-06-11T08:55:21.672] [Frame] [INFO] frame=10139 begin
[2026-06-11T08:55:21.679] [Frame] [INFO] frame=10140 begin
[2026-06-11T08:55:21.685] [Frame] [INFO] frame=10141 begin
[2026-06-11T08:55:21.692] [Frame] [INFO] frame=10142 begin
[2026-06-11T08:55:21.699] [Frame] [INFO] frame=10143 begin
[2026-06-11T08:55:21.706] [Frame] [INFO] frame=10144 begin
[2026-06-11T08:55:21.714] [Frame] [INFO] frame=10145 begin
[2026-06-11T08:55:21.719] [Frame] [INFO] frame=10146 begin
[2026-06-11T08:55:21.726] [Frame] [INFO] frame=10147 begin
[2026-06-11T08:55:21.733] [Frame] [INFO] frame=10148 begin
[2026-06-11T08:55:21.739] [Frame] [INFO] frame=10149 begin
[2026-06-11T08:55:21.746] [Frame] [INFO] frame=10150 begin
[2026-06-11T08:55:21.754] [Frame] [INFO] frame=10151 begin
[2026-06-11T08:55:21.760] [Frame] [INFO] frame=10152 begin
[2026-06-11T08:55:21.767] [Frame] [INFO] frame=10153 begin
[2026-06-11T08:55:21.775] [Frame] [INFO] frame=10154 begin
[2026-06-11T08:55:21.782] [Frame] [INFO] frame=10155 begin
[2026-06-11T08:55:21.788] [Frame] [INFO] frame=10156 begin
[2026-06-11T08:55:21.795] [Frame] [INFO] frame=10157 begin
[2026-06-11T08:55:21.801] [Frame] [INFO] frame=10158 begin
[2026-06-11T08:55:21.809] [Frame] [INFO] frame=10159 begin
[2026-06-11T08:55:21.815] [Frame] [INFO] frame=10160 begin
[2026-06-11T08:55:21.822] [Frame] [INFO] frame=10161 begin
[2026-06-11T08:55:21.829] [Frame] [INFO] frame=10162 begin
[2026-06-11T08:55:21.836] [Frame] [INFO] frame=10163 begin
[2026-06-11T08:55:21.843] [Frame] [INFO] frame=10164 begin
[2026-06-11T08:55:21.849] [Frame] [INFO] frame=10165 begin
[2026-06-11T08:55:21.857] [Frame] [INFO] frame=10166 begin
[2026-06-11T08:55:21.863] [Frame] [INFO] frame=10167 begin
[2026-06-11T08:55:21.870] [Frame] [INFO] frame=10168 begin
[2026-06-11T08:55:21.877] [Frame] [INFO] frame=10169 begin
[2026-06-11T08:55:21.885] [Frame] [INFO] frame=10170 begin
[2026-06-11T08:55:21.892] [Frame] [INFO] frame=10171 begin
[2026-06-11T08:55:21.899] [Frame] [INFO] frame=10172 begin
[2026-06-11T08:55:21.905] [Frame] [INFO] frame=10173 begin
[2026-06-11T08:55:21.912] [Frame] [INFO] frame=10174 begin
[2026-06-11T08:55:21.920] [Frame] [INFO] frame=10175 begin
[2026-06-11T08:55:21.926] [Frame] [INFO] frame=10176 begin
[2026-06-11T08:55:21.933] [Frame] [INFO] frame=10177 begin
[2026-06-11T08:55:21.940] [Frame] [INFO] frame=10178 begin
[2026-06-11T08:55:21.946] [Frame] [INFO] frame=10179 begin
[2026-06-11T08:55:21.953] [Frame] [INFO] frame=10180 begin
[2026-06-11T08:55:21.960] [Frame] [INFO] frame=10181 begin
[2026-06-11T08:55:21.967] [Frame] [INFO] frame=10182 begin
[2026-06-11T08:55:21.975] [Frame] [INFO] frame=10183 begin
[2026-06-11T08:55:21.981] [Frame] [INFO] frame=10184 begin
[2026-06-11T08:55:21.989] [Frame] [INFO] frame=10185 begin
[2026-06-11T08:55:21.995] [Frame] [INFO] frame=10186 begin
[2026-06-11T08:55:22.002] [Frame] [INFO] frame=10187 begin
[2026-06-11T08:55:22.009] [Frame] [INFO] frame=10188 begin
[2026-06-11T08:55:22.016] [Frame] [INFO] frame=10189 begin
[2026-06-11T08:55:22.024] [Frame] [INFO] frame=10190 begin
[2026-06-11T08:55:22.030] [Frame] [INFO] frame=10191 begin
[2026-06-11T08:55:22.037] [Frame] [INFO] frame=10192 begin
[2026-06-11T08:55:22.044] [Frame] [INFO] frame=10193 begin
[2026-06-11T08:55:22.050] [Frame] [INFO] frame=10194 begin
[2026-06-11T08:55:22.057] [Frame] [INFO] frame=10195 begin
[2026-06-11T08:55:22.064] [Frame] [INFO] frame=10196 begin
[2026-06-11T08:55:22.071] [Frame] [INFO] frame=10197 begin
[2026-06-11T08:55:22.078] [Frame] [INFO] frame=10198 begin
[2026-06-11T08:55:22.085] [Frame] [INFO] frame=10199 begin
[2026-06-11T08:55:22.091] [Frame] [INFO] frame=10200 begin
[2026-06-11T08:55:22.098] [Frame] [INFO] frame=10201 begin
[2026-06-11T08:55:22.104] [Frame] [INFO] frame=10202 begin
[2026-06-11T08:55:22.111] [Frame] [INFO] frame=10203 begin
[2026-06-11T08:55:22.118] [Frame] [INFO] frame=10204 begin
[2026-06-11T08:55:22.125] [Frame] [INFO] frame=10205 begin
[2026-06-11T08:55:22.132] [Frame] [INFO] frame=10206 begin
[2026-06-11T08:55:22.140] [Frame] [INFO] frame=10207 begin
[2026-06-11T08:55:22.146] [Frame] [INFO] frame=10208 begin
[2026-06-11T08:55:22.153] [Frame] [INFO] frame=10209 begin
[2026-06-11T08:55:22.160] [Frame] [INFO] frame=10210 begin
[2026-06-11T08:55:22.168] [Frame] [INFO] frame=10211 begin
[2026-06-11T08:55:22.174] [Frame] [INFO] frame=10212 begin
[2026-06-11T08:55:22.181] [Frame] [INFO] frame=10213 begin
[2026-06-11T08:55:22.187] [Frame] [INFO] frame=10214 begin
[2026-06-11T08:55:22.194] [Frame] [INFO] frame=10215 begin
[2026-06-11T08:55:22.202] [Frame] [INFO] frame=10216 begin
[2026-06-11T08:55:22.208] [Frame] [INFO] frame=10217 begin
[2026-06-11T08:55:22.215] [Frame] [INFO] frame=10218 begin
[2026-06-11T08:55:22.222] [Frame] [INFO] frame=10219 begin
[2026-06-11T08:55:22.229] [Frame] [INFO] frame=10220 begin
[2026-06-11T08:55:22.236] [Frame] [INFO] frame=10221 begin
[2026-06-11T08:55:22.243] [Frame] [INFO] frame=10222 begin
[2026-06-11T08:55:22.250] [Frame] [INFO] frame=10223 begin
[2026-06-11T08:55:22.256] [Frame] [INFO] frame=10224 begin
[2026-06-11T08:55:22.264] [Frame] [INFO] frame=10225 begin
[2026-06-11T08:55:22.271] [Frame] [INFO] frame=10226 begin
[2026-06-11T08:55:22.278] [Frame] [INFO] frame=10227 begin
[2026-06-11T08:55:22.284] [Frame] [INFO] frame=10228 begin
[2026-06-11T08:55:22.292] [Frame] [INFO] frame=10229 begin
[2026-06-11T08:55:22.298] [Frame] [INFO] frame=10230 begin
[2026-06-11T08:55:22.305] [Frame] [INFO] frame=10231 begin
[2026-06-11T08:55:22.311] [Frame] [INFO] frame=10232 begin
[2026-06-11T08:55:22.318] [Frame] [INFO] frame=10233 begin
[2026-06-11T08:55:22.325] [Frame] [INFO] frame=10234 begin
[2026-06-11T08:55:22.332] [Frame] [INFO] frame=10235 begin
[2026-06-11T08:55:22.340] [Frame] [INFO] frame=10236 begin
[2026-06-11T08:55:22.347] [Frame] [INFO] frame=10237 begin
[2026-06-11T08:55:22.353] [Frame] [INFO] frame=10238 begin
[2026-06-11T08:55:22.360] [Frame] [INFO] frame=10239 begin
[2026-06-11T08:55:22.368] [Frame] [INFO] frame=10240 begin
[2026-06-11T08:55:22.374] [Frame] [INFO] frame=10241 begin
[2026-06-11T08:55:22.380] [Frame] [INFO] frame=10242 begin
[2026-06-11T08:55:22.387] [Frame] [INFO] frame=10243 begin
[2026-06-11T08:55:22.397] [Frame] [INFO] frame=10244 begin
[2026-06-11T08:55:22.401] [Frame] [INFO] frame=10245 begin
[2026-06-11T08:55:22.408] [Frame] [INFO] frame=10246 begin
[2026-06-11T08:55:22.414] [Frame] [INFO] frame=10247 begin
[2026-06-11T08:55:22.421] [Frame] [INFO] frame=10248 begin
[2026-06-11T08:55:22.428] [Frame] [INFO] frame=10249 begin
[2026-06-11T08:55:22.436] [Frame] [INFO] frame=10250 begin
[2026-06-11T08:55:22.441] [Frame] [INFO] frame=10251 begin
[2026-06-11T08:55:22.449] [Frame] [INFO] frame=10252 begin
[2026-06-11T08:55:22.456] [Frame] [INFO] frame=10253 begin
[2026-06-11T08:55:22.463] [Frame] [INFO] frame=10254 begin
[2026-06-11T08:55:22.469] [Frame] [INFO] frame=10255 begin
[2026-06-11T08:55:22.477] [Frame] [INFO] frame=10256 begin
[2026-06-11T08:55:22.483] [Frame] [INFO] frame=10257 begin
[2026-06-11T08:55:22.490] [Frame] [INFO] frame=10258 begin
[2026-06-11T08:55:22.496] [Frame] [INFO] frame=10259 begin
[2026-06-11T08:55:22.503] [Frame] [INFO] frame=10260 begin
[2026-06-11T08:55:22.511] [Frame] [INFO] frame=10261 begin
[2026-06-11T08:55:22.517] [Frame] [INFO] frame=10262 begin
[2026-06-11T08:55:22.523] [Frame] [INFO] frame=10263 begin
[2026-06-11T08:55:22.531] [Frame] [INFO] frame=10264 begin
[2026-06-11T08:55:22.538] [Frame] [INFO] frame=10265 begin
[2026-06-11T08:55:22.545] [Frame] [INFO] frame=10266 begin
[2026-06-11T08:55:22.548] [Frame] [INFO] frame=10267 begin
[2026-06-11T08:55:22.559] [Frame] [INFO] frame=10268 begin
[2026-06-11T08:55:22.566] [Frame] [INFO] frame=10269 begin
[2026-06-11T08:55:22.568] [Frame] [INFO] frame=10270 begin
[2026-06-11T08:55:22.574] [Frame] [INFO] frame=10271 begin
[2026-06-11T08:55:22.579] [Frame] [INFO] frame=10272 begin
[2026-06-11T08:55:22.586] [Frame] [INFO] frame=10273 begin
[2026-06-11T08:55:22.593] [Frame] [INFO] frame=10274 begin
[2026-06-11T08:55:22.600] [Frame] [INFO] frame=10275 begin
[2026-06-11T08:55:22.607] [Frame] [INFO] frame=10276 begin
[2026-06-11T08:55:22.613] [Frame] [INFO] frame=10277 begin
[2026-06-11T08:55:22.621] [Frame] [INFO] frame=10278 begin
[2026-06-11T08:55:22.628] [Frame] [INFO] frame=10279 begin
[2026-06-11T08:55:22.634] [Frame] [INFO] frame=10280 begin
[2026-06-11T08:55:22.641] [Frame] [INFO] frame=10281 begin
[2026-06-11T08:55:22.648] [Frame] [INFO] frame=10282 begin
[2026-06-11T08:55:22.656] [Frame] [INFO] frame=10283 begin
[2026-06-11T08:55:22.662] [Frame] [INFO] frame=10284 begin
[2026-06-11T08:55:22.669] [Frame] [INFO] frame=10285 begin
[2026-06-11T08:55:22.676] [Frame] [INFO] frame=10286 begin
[2026-06-11T08:55:22.683] [Frame] [INFO] frame=10287 begin
[2026-06-11T08:55:22.691] [Frame] [INFO] frame=10288 begin
[2026-06-11T08:55:22.697] [Frame] [INFO] frame=10289 begin
[2026-06-11T08:55:22.704] [Frame] [INFO] frame=10290 begin
[2026-06-11T08:55:22.710] [Frame] [INFO] frame=10291 begin
[2026-06-11T08:55:22.717] [Frame] [INFO] frame=10292 begin
[2026-06-11T08:55:22.724] [Frame] [INFO] frame=10293 begin
[2026-06-11T08:55:22.731] [Frame] [INFO] frame=10294 begin
[2026-06-11T08:55:22.738] [Frame] [INFO] frame=10295 begin
[2026-06-11T08:55:22.745] [Frame] [INFO] frame=10296 begin
[2026-06-11T08:55:22.751] [Frame] [INFO] frame=10297 begin
[2026-06-11T08:55:22.759] [Frame] [INFO] frame=10298 begin
[2026-06-11T08:55:22.765] [Frame] [INFO] frame=10299 begin
[2026-06-11T08:55:22.772] [Frame] [INFO] frame=10300 begin
[2026-06-11T08:55:22.779] [Frame] [INFO] frame=10301 begin
[2026-06-11T08:55:22.786] [Frame] [INFO] frame=10302 begin
[2026-06-11T08:55:22.793] [Frame] [INFO] frame=10303 begin
[2026-06-11T08:55:22.800] [Frame] [INFO] frame=10304 begin
[2026-06-11T08:55:22.806] [Frame] [INFO] frame=10305 begin
[2026-06-11T08:55:22.813] [Frame] [INFO] frame=10306 begin
[2026-06-11T08:55:22.820] [Frame] [INFO] frame=10307 begin
[2026-06-11T08:55:22.827] [Frame] [INFO] frame=10308 begin
[2026-06-11T08:55:22.834] [Frame] [INFO] frame=10309 begin
[2026-06-11T08:55:22.841] [Frame] [INFO] frame=10310 begin
[2026-06-11T08:55:22.848] [Frame] [INFO] frame=10311 begin
[2026-06-11T08:55:22.856] [Frame] [INFO] frame=10312 begin
[2026-06-11T08:55:22.862] [Frame] [INFO] frame=10313 begin
[2026-06-11T08:55:22.869] [Frame] [INFO] frame=10314 begin
[2026-06-11T08:55:22.876] [Frame] [INFO] frame=10315 begin
[2026-06-11T08:55:22.883] [Frame] [INFO] frame=10316 begin
[2026-06-11T08:55:22.890] [Frame] [INFO] frame=10317 begin
[2026-06-11T08:55:22.897] [Frame] [INFO] frame=10318 begin
[2026-06-11T08:55:22.904] [Frame] [INFO] frame=10319 begin
[2026-06-11T08:55:22.911] [Frame] [INFO] frame=10320 begin
[2026-06-11T08:55:22.918] [Frame] [INFO] frame=10321 begin
[2026-06-11T08:55:22.926] [Frame] [INFO] frame=10322 begin
[2026-06-11T08:55:22.932] [Frame] [INFO] frame=10323 begin
[2026-06-11T08:55:22.939] [Frame] [INFO] frame=10324 begin
[2026-06-11T08:55:22.946] [Frame] [INFO] frame=10325 begin
[2026-06-11T08:55:22.953] [Frame] [INFO] frame=10326 begin
[2026-06-11T08:55:22.960] [Frame] [INFO] frame=10327 begin
[2026-06-11T08:55:22.966] [Frame] [INFO] frame=10328 begin
[2026-06-11T08:55:22.974] [Frame] [INFO] frame=10329 begin
[2026-06-11T08:55:22.980] [Frame] [INFO] frame=10330 begin
[2026-06-11T08:55:22.987] [Frame] [INFO] frame=10331 begin
[2026-06-11T08:55:22.994] [Frame] [INFO] frame=10332 begin
[2026-06-11T08:55:23.001] [Frame] [INFO] frame=10333 begin
[2026-06-11T08:55:23.007] [Frame] [INFO] frame=10334 begin
[2026-06-11T08:55:23.014] [Frame] [INFO] frame=10335 begin
[2026-06-11T08:55:23.021] [Frame] [INFO] frame=10336 begin
[2026-06-11T08:55:23.028] [Frame] [INFO] frame=10337 begin
[2026-06-11T08:55:23.035] [Frame] [INFO] frame=10338 begin
[2026-06-11T08:55:23.042] [Frame] [INFO] frame=10339 begin
[2026-06-11T08:55:23.049] [Frame] [INFO] frame=10340 begin
[2026-06-11T08:55:23.056] [Frame] [INFO] frame=10341 begin
[2026-06-11T08:55:23.063] [Frame] [INFO] frame=10342 begin
[2026-06-11T08:55:23.070] [Frame] [INFO] frame=10343 begin
[2026-06-11T08:55:23.076] [Frame] [INFO] frame=10344 begin
[2026-06-11T08:55:23.084] [Frame] [INFO] frame=10345 begin
[2026-06-11T08:55:23.090] [Frame] [INFO] frame=10346 begin
[2026-06-11T08:55:23.097] [Frame] [INFO] frame=10347 begin
[2026-06-11T08:55:23.104] [Frame] [INFO] frame=10348 begin
[2026-06-11T08:55:23.111] [Frame] [INFO] frame=10349 begin
[2026-06-11T08:55:23.118] [Frame] [INFO] frame=10350 begin
[2026-06-11T08:55:23.125] [Frame] [INFO] frame=10351 begin
[2026-06-11T08:55:23.132] [Frame] [INFO] frame=10352 begin
[2026-06-11T08:55:23.139] [Frame] [INFO] frame=10353 begin
[2026-06-11T08:55:23.145] [Frame] [INFO] frame=10354 begin
[2026-06-11T08:55:23.154] [Frame] [INFO] frame=10355 begin
[2026-06-11T08:55:23.160] [Frame] [INFO] frame=10356 begin
[2026-06-11T08:55:23.166] [Frame] [INFO] frame=10357 begin
[2026-06-11T08:55:23.173] [Frame] [INFO] frame=10358 begin
[2026-06-11T08:55:23.180] [Frame] [INFO] frame=10359 begin
[2026-06-11T08:55:23.187] [Frame] [INFO] frame=10360 begin
[2026-06-11T08:55:23.194] [Frame] [INFO] frame=10361 begin
[2026-06-11T08:55:23.202] [Frame] [INFO] frame=10362 begin
[2026-06-11T08:55:23.208] [Frame] [INFO] frame=10363 begin
[2026-06-11T08:55:23.215] [Frame] [INFO] frame=10364 begin
[2026-06-11T08:55:23.224] [Frame] [INFO] frame=10365 begin
[2026-06-11T08:55:23.228] [Frame] [INFO] frame=10366 begin
[2026-06-11T08:55:23.236] [Frame] [INFO] frame=10367 begin
[2026-06-11T08:55:23.242] [Frame] [INFO] frame=10368 begin
[2026-06-11T08:55:23.249] [Frame] [INFO] frame=10369 begin
[2026-06-11T08:55:23.256] [Frame] [INFO] frame=10370 begin
[2026-06-11T08:55:23.262] [Frame] [INFO] frame=10371 begin
[2026-06-11T08:55:23.270] [Frame] [INFO] frame=10372 begin
[2026-06-11T08:55:23.276] [Frame] [INFO] frame=10373 begin
[2026-06-11T08:55:23.283] [Frame] [INFO] frame=10374 begin
[2026-06-11T08:55:23.290] [Frame] [INFO] frame=10375 begin
[2026-06-11T08:55:23.296] [Frame] [INFO] frame=10376 begin
[2026-06-11T08:55:23.304] [Frame] [INFO] frame=10377 begin
[2026-06-11T08:55:23.310] [Frame] [INFO] frame=10378 begin
[2026-06-11T08:55:23.318] [Frame] [INFO] frame=10379 begin
[2026-06-11T08:55:23.324] [Frame] [INFO] frame=10380 begin
[2026-06-11T08:55:23.331] [Frame] [INFO] frame=10381 begin
[2026-06-11T08:55:23.338] [Frame] [INFO] frame=10382 begin
[2026-06-11T08:55:23.345] [Frame] [INFO] frame=10383 begin
[2026-06-11T08:55:23.352] [Frame] [INFO] frame=10384 begin
[2026-06-11T08:55:23.359] [Frame] [INFO] frame=10385 begin
[2026-06-11T08:55:23.366] [Frame] [INFO] frame=10386 begin
[2026-06-11T08:55:23.368] [Frame] [INFO] frame=10387 begin
[2026-06-11T08:55:23.380] [Frame] [INFO] frame=10388 begin
[2026-06-11T08:55:23.386] [Frame] [INFO] frame=10389 begin
[2026-06-11T08:55:23.389] [Frame] [INFO] frame=10390 begin
[2026-06-11T08:55:23.393] [Frame] [INFO] frame=10391 begin
[2026-06-11T08:55:23.400] [Frame] [INFO] frame=10392 begin
[2026-06-11T08:55:23.408] [Frame] [INFO] frame=10393 begin
[2026-06-11T08:55:23.415] [Frame] [INFO] frame=10394 begin
[2026-06-11T08:55:23.421] [Frame] [INFO] frame=10395 begin
[2026-06-11T08:55:23.428] [Frame] [INFO] frame=10396 begin
[2026-06-11T08:55:23.436] [Frame] [INFO] frame=10397 begin
[2026-06-11T08:55:23.443] [Frame] [INFO] frame=10398 begin
[2026-06-11T08:55:23.449] [Frame] [INFO] frame=10399 begin
[2026-06-11T08:55:23.456] [Frame] [INFO] frame=10400 begin
[2026-06-11T08:55:23.462] [Frame] [INFO] frame=10401 begin
[2026-06-11T08:55:23.470] [Frame] [INFO] frame=10402 begin
[2026-06-11T08:55:23.477] [Frame] [INFO] frame=10403 begin
[2026-06-11T08:55:23.484] [Frame] [INFO] frame=10404 begin
[2026-06-11T08:55:23.490] [Frame] [INFO] frame=10405 begin
[2026-06-11T08:55:23.497] [Frame] [INFO] frame=10406 begin
[2026-06-11T08:55:23.503] [Frame] [INFO] frame=10407 begin
[2026-06-11T08:55:23.511] [Frame] [INFO] frame=10408 begin
[2026-06-11T08:55:23.517] [Frame] [INFO] frame=10409 begin
[2026-06-11T08:55:23.525] [Frame] [INFO] frame=10410 begin
[2026-06-11T08:55:23.532] [Frame] [INFO] frame=10411 begin
[2026-06-11T08:55:23.539] [Frame] [INFO] frame=10412 begin
[2026-06-11T08:55:23.545] [Frame] [INFO] frame=10413 begin
[2026-06-11T08:55:23.553] [Frame] [INFO] frame=10414 begin
[2026-06-11T08:55:23.558] [Frame] [INFO] frame=10415 begin
[2026-06-11T08:55:23.566] [Frame] [INFO] frame=10416 begin
[2026-06-11T08:55:23.573] [Frame] [INFO] frame=10417 begin
[2026-06-11T08:55:23.580] [Frame] [INFO] frame=10418 begin
[2026-06-11T08:55:23.586] [Frame] [INFO] frame=10419 begin
[2026-06-11T08:55:23.593] [Frame] [INFO] frame=10420 begin
[2026-06-11T08:55:23.601] [Frame] [INFO] frame=10421 begin
[2026-06-11T08:55:23.608] [Frame] [INFO] frame=10422 begin
[2026-06-11T08:55:23.613] [Frame] [INFO] frame=10423 begin
[2026-06-11T08:55:23.621] [Frame] [INFO] frame=10424 begin
[2026-06-11T08:55:23.627] [Frame] [INFO] frame=10425 begin
[2026-06-11T08:55:23.635] [Frame] [INFO] frame=10426 begin
[2026-06-11T08:55:23.642] [Frame] [INFO] frame=10427 begin
[2026-06-11T08:55:23.649] [Frame] [INFO] frame=10428 begin
[2026-06-11T08:55:23.656] [Frame] [INFO] frame=10429 begin
[2026-06-11T08:55:23.663] [Frame] [INFO] frame=10430 begin
[2026-06-11T08:55:23.670] [Frame] [INFO] frame=10431 begin
[2026-06-11T08:55:23.677] [Frame] [INFO] frame=10432 begin
[2026-06-11T08:55:23.683] [Frame] [INFO] frame=10433 begin
[2026-06-11T08:55:23.689] [Frame] [INFO] frame=10434 begin
[2026-06-11T08:55:23.697] [Frame] [INFO] frame=10435 begin
[2026-06-11T08:55:23.704] [Frame] [INFO] frame=10436 begin
[2026-06-11T08:55:23.711] [Frame] [INFO] frame=10437 begin
[2026-06-11T08:55:23.718] [Frame] [INFO] frame=10438 begin
[2026-06-11T08:55:23.725] [Frame] [INFO] frame=10439 begin
[2026-06-11T08:55:23.732] [Frame] [INFO] frame=10440 begin
[2026-06-11T08:55:23.738] [Frame] [INFO] frame=10441 begin
[2026-06-11T08:55:23.741] [Frame] [INFO] frame=10442 begin
[2026-06-11T08:55:23.753] [Frame] [INFO] frame=10443 begin
[2026-06-11T08:55:23.759] [Frame] [INFO] frame=10444 begin
[2026-06-11T08:55:23.762] [Frame] [INFO] frame=10445 begin
[2026-06-11T08:55:23.765] [Frame] [INFO] frame=10446 begin
[2026-06-11T08:55:23.773] [Frame] [INFO] frame=10447 begin
[2026-06-11T08:55:23.780] [Frame] [INFO] frame=10448 begin
[2026-06-11T08:55:23.786] [Frame] [INFO] frame=10449 begin
[2026-06-11T08:55:23.793] [Frame] [INFO] frame=10450 begin
[2026-06-11T08:55:23.801] [Frame] [INFO] frame=10451 begin
[2026-06-11T08:55:23.807] [Frame] [INFO] frame=10452 begin
[2026-06-11T08:55:23.814] [Frame] [INFO] frame=10453 begin
[2026-06-11T08:55:23.821] [Frame] [INFO] frame=10454 begin
[2026-06-11T08:55:23.828] [Frame] [INFO] frame=10455 begin
[2026-06-11T08:55:23.835] [Frame] [INFO] frame=10456 begin
[2026-06-11T08:55:23.842] [Frame] [INFO] frame=10457 begin
[2026-06-11T08:55:23.850] [Frame] [INFO] frame=10458 begin
[2026-06-11T08:55:23.856] [Frame] [INFO] frame=10459 begin
[2026-06-11T08:55:23.863] [Frame] [INFO] frame=10460 begin
[2026-06-11T08:55:23.870] [Frame] [INFO] frame=10461 begin
[2026-06-11T08:55:23.877] [Frame] [INFO] frame=10462 begin
[2026-06-11T08:55:23.884] [Frame] [INFO] frame=10463 begin
[2026-06-11T08:55:23.890] [Frame] [INFO] frame=10464 begin
[2026-06-11T08:55:23.897] [Frame] [INFO] frame=10465 begin
[2026-06-11T08:55:23.904] [Frame] [INFO] frame=10466 begin
[2026-06-11T08:55:23.912] [Frame] [INFO] frame=10467 begin
[2026-06-11T08:55:23.919] [Frame] [INFO] frame=10468 begin
[2026-06-11T08:55:23.925] [Frame] [INFO] frame=10469 begin
[2026-06-11T08:55:23.932] [Frame] [INFO] frame=10470 begin
[2026-06-11T08:55:23.940] [Frame] [INFO] frame=10471 begin
[2026-06-11T08:55:23.946] [Frame] [INFO] frame=10472 begin
[2026-06-11T08:55:23.953] [Frame] [INFO] frame=10473 begin
[2026-06-11T08:55:23.960] [Frame] [INFO] frame=10474 begin
[2026-06-11T08:55:23.967] [Frame] [INFO] frame=10475 begin
[2026-06-11T08:55:23.974] [Frame] [INFO] frame=10476 begin
[2026-06-11T08:55:23.980] [Frame] [INFO] frame=10477 begin
[2026-06-11T08:55:23.988] [Frame] [INFO] frame=10478 begin
[2026-06-11T08:55:23.994] [Frame] [INFO] frame=10479 begin
[2026-06-11T08:55:24.003] [Frame] [INFO] frame=10480 begin
[2026-06-11T08:55:24.008] [Frame] [INFO] frame=10481 begin
[2026-06-11T08:55:24.014] [Frame] [INFO] frame=10482 begin
[2026-06-11T08:55:24.022] [Frame] [INFO] frame=10483 begin
[2026-06-11T08:55:24.029] [Frame] [INFO] frame=10484 begin
[2026-06-11T08:55:24.036] [Frame] [INFO] frame=10485 begin
[2026-06-11T08:55:24.043] [Frame] [INFO] frame=10486 begin
[2026-06-11T08:55:24.050] [Frame] [INFO] frame=10487 begin
[2026-06-11T08:55:24.057] [Frame] [INFO] frame=10488 begin
[2026-06-11T08:55:24.063] [Frame] [INFO] frame=10489 begin
[2026-06-11T08:55:24.071] [Frame] [INFO] frame=10490 begin
[2026-06-11T08:55:24.078] [Frame] [INFO] frame=10491 begin
[2026-06-11T08:55:24.084] [Frame] [INFO] frame=10492 begin
[2026-06-11T08:55:24.091] [Frame] [INFO] frame=10493 begin
[2026-06-11T08:55:24.099] [Frame] [INFO] frame=10494 begin
[2026-06-11T08:55:24.105] [Frame] [INFO] frame=10495 begin
[2026-06-11T08:55:24.113] [Frame] [INFO] frame=10496 begin
[2026-06-11T08:55:24.119] [Frame] [INFO] frame=10497 begin
[2026-06-11T08:55:24.126] [Frame] [INFO] frame=10498 begin
[2026-06-11T08:55:24.133] [Frame] [INFO] frame=10499 begin
[2026-06-11T08:55:24.141] [Frame] [INFO] frame=10500 begin
[2026-06-11T08:55:24.147] [Frame] [INFO] frame=10501 begin
[2026-06-11T08:55:24.154] [Frame] [INFO] frame=10502 begin
[2026-06-11T08:55:24.165] [Frame] [INFO] frame=10503 begin
[2026-06-11T08:55:24.168] [Frame] [INFO] frame=10504 begin
[2026-06-11T08:55:24.175] [Frame] [INFO] frame=10505 begin
[2026-06-11T08:55:24.182] [Frame] [INFO] frame=10506 begin
[2026-06-11T08:55:24.189] [Frame] [INFO] frame=10507 begin
[2026-06-11T08:55:24.196] [Frame] [INFO] frame=10508 begin
[2026-06-11T08:55:24.203] [Frame] [INFO] frame=10509 begin
[2026-06-11T08:55:24.209] [Frame] [INFO] frame=10510 begin
[2026-06-11T08:55:24.217] [Frame] [INFO] frame=10511 begin
[2026-06-11T08:55:24.224] [Frame] [INFO] frame=10512 begin
[2026-06-11T08:55:24.230] [Frame] [INFO] frame=10513 begin
[2026-06-11T08:55:24.238] [Frame] [INFO] frame=10514 begin
[2026-06-11T08:55:24.245] [Frame] [INFO] frame=10515 begin
[2026-06-11T08:55:24.251] [Frame] [INFO] frame=10516 begin
[2026-06-11T08:55:24.261] [Frame] [INFO] frame=10517 begin
[2026-06-11T08:55:24.265] [Frame] [INFO] frame=10518 begin
[2026-06-11T08:55:24.272] [Frame] [INFO] frame=10519 begin
[2026-06-11T08:55:24.280] [Frame] [INFO] frame=10520 begin
[2026-06-11T08:55:24.286] [Frame] [INFO] frame=10521 begin
[2026-06-11T08:55:24.292] [Frame] [INFO] frame=10522 begin
[2026-06-11T08:55:24.299] [Frame] [INFO] frame=10523 begin
[2026-06-11T08:55:24.306] [Frame] [INFO] frame=10524 begin
[2026-06-11T08:55:24.313] [Frame] [INFO] frame=10525 begin
[2026-06-11T08:55:24.320] [Frame] [INFO] frame=10526 begin
[2026-06-11T08:55:24.326] [Frame] [INFO] frame=10527 begin
[2026-06-11T08:55:24.334] [Frame] [INFO] frame=10528 begin
[2026-06-11T08:55:24.342] [Frame] [INFO] frame=10529 begin
[2026-06-11T08:55:24.348] [Frame] [INFO] frame=10530 begin
[2026-06-11T08:55:24.355] [Frame] [INFO] frame=10531 begin
[2026-06-11T08:55:24.362] [Frame] [INFO] frame=10532 begin
[2026-06-11T08:55:24.368] [Frame] [INFO] frame=10533 begin
[2026-06-11T08:55:24.375] [Frame] [INFO] frame=10534 begin
[2026-06-11T08:55:24.382] [Frame] [INFO] frame=10535 begin
[2026-06-11T08:55:24.390] [Frame] [INFO] frame=10536 begin
[2026-06-11T08:55:24.396] [Frame] [INFO] frame=10537 begin
[2026-06-11T08:55:24.404] [Frame] [INFO] frame=10538 begin
[2026-06-11T08:55:24.410] [Frame] [INFO] frame=10539 begin
[2026-06-11T08:55:24.417] [Frame] [INFO] frame=10540 begin
[2026-06-11T08:55:24.424] [Frame] [INFO] frame=10541 begin
[2026-06-11T08:55:24.430] [Frame] [INFO] frame=10542 begin
[2026-06-11T08:55:24.438] [Frame] [INFO] frame=10543 begin
[2026-06-11T08:55:24.444] [Frame] [INFO] frame=10544 begin
[2026-06-11T08:55:24.451] [Frame] [INFO] frame=10545 begin
[2026-06-11T08:55:24.458] [Frame] [INFO] frame=10546 begin
[2026-06-11T08:55:24.465] [Frame] [INFO] frame=10547 begin
[2026-06-11T08:55:24.473] [Frame] [INFO] frame=10548 begin
[2026-06-11T08:55:24.481] [Frame] [INFO] frame=10549 begin
[2026-06-11T08:55:24.487] [Frame] [INFO] frame=10550 begin
[2026-06-11T08:55:24.494] [Frame] [INFO] frame=10551 begin
[2026-06-11T08:55:24.501] [Frame] [INFO] frame=10552 begin
[2026-06-11T08:55:24.508] [Frame] [INFO] frame=10553 begin
[2026-06-11T08:55:24.516] [Frame] [INFO] frame=10554 begin
[2026-06-11T08:55:24.521] [Frame] [INFO] frame=10555 begin
[2026-06-11T08:55:24.527] [Frame] [INFO] frame=10556 begin
[2026-06-11T08:55:24.535] [Frame] [INFO] frame=10557 begin
[2026-06-11T08:55:24.542] [Frame] [INFO] frame=10558 begin
[2026-06-11T08:55:24.549] [Frame] [INFO] frame=10559 begin
[2026-06-11T08:55:24.557] [Frame] [INFO] frame=10560 begin
[2026-06-11T08:55:24.563] [Frame] [INFO] frame=10561 begin
[2026-06-11T08:55:24.571] [Frame] [INFO] frame=10562 begin
[2026-06-11T08:55:24.578] [Frame] [INFO] frame=10563 begin
[2026-06-11T08:55:24.585] [Frame] [INFO] frame=10564 begin
[2026-06-11T08:55:24.591] [Frame] [INFO] frame=10565 begin
[2026-06-11T08:55:24.598] [Frame] [INFO] frame=10566 begin
[2026-06-11T08:55:24.605] [Frame] [INFO] frame=10567 begin
[2026-06-11T08:55:24.613] [Frame] [INFO] frame=10568 begin
[2026-06-11T08:55:24.619] [Frame] [INFO] frame=10569 begin
[2026-06-11T08:55:24.626] [Frame] [INFO] frame=10570 begin
[2026-06-11T08:55:24.633] [Frame] [INFO] frame=10571 begin
[2026-06-11T08:55:24.640] [Frame] [INFO] frame=10572 begin
[2026-06-11T08:55:24.646] [Frame] [INFO] frame=10573 begin
[2026-06-11T08:55:24.654] [Frame] [INFO] frame=10574 begin
[2026-06-11T08:55:24.660] [Frame] [INFO] frame=10575 begin
[2026-06-11T08:55:24.668] [Frame] [INFO] frame=10576 begin
[2026-06-11T08:55:24.674] [Frame] [INFO] frame=10577 begin
[2026-06-11T08:55:24.681] [Frame] [INFO] frame=10578 begin
[2026-06-11T08:55:24.687] [Frame] [INFO] frame=10579 begin
[2026-06-11T08:55:24.695] [Frame] [INFO] frame=10580 begin
[2026-06-11T08:55:24.701] [Frame] [INFO] frame=10581 begin
[2026-06-11T08:55:24.708] [Frame] [INFO] frame=10582 begin
[2026-06-11T08:55:24.715] [Frame] [INFO] frame=10583 begin
[2026-06-11T08:55:24.723] [Frame] [INFO] frame=10584 begin
[2026-06-11T08:55:24.729] [Frame] [INFO] frame=10585 begin
[2026-06-11T08:55:24.736] [Frame] [INFO] frame=10586 begin
[2026-06-11T08:55:24.743] [Frame] [INFO] frame=10587 begin
[2026-06-11T08:55:24.750] [Frame] [INFO] frame=10588 begin
[2026-06-11T08:55:24.758] [Frame] [INFO] frame=10589 begin
[2026-06-11T08:55:24.763] [Frame] [INFO] frame=10590 begin
[2026-06-11T08:55:24.771] [Frame] [INFO] frame=10591 begin
[2026-06-11T08:55:24.778] [Frame] [INFO] frame=10592 begin
[2026-06-11T08:55:24.785] [Frame] [INFO] frame=10593 begin
[2026-06-11T08:55:24.792] [Frame] [INFO] frame=10594 begin
[2026-06-11T08:55:24.799] [Frame] [INFO] frame=10595 begin
[2026-06-11T08:55:24.806] [Frame] [INFO] frame=10596 begin
[2026-06-11T08:55:24.813] [Frame] [INFO] frame=10597 begin
[2026-06-11T08:55:24.820] [Frame] [INFO] frame=10598 begin
[2026-06-11T08:55:24.827] [Frame] [INFO] frame=10599 begin
[2026-06-11T08:55:24.834] [Frame] [INFO] frame=10600 begin
[2026-06-11T08:55:24.840] [Frame] [INFO] frame=10601 begin
[2026-06-11T08:55:24.847] [Frame] [INFO] frame=10602 begin
[2026-06-11T08:55:24.854] [Frame] [INFO] frame=10603 begin
[2026-06-11T08:55:24.861] [Frame] [INFO] frame=10604 begin
[2026-06-11T08:55:24.868] [Frame] [INFO] frame=10605 begin
[2026-06-11T08:55:24.874] [Frame] [INFO] frame=10606 begin
[2026-06-11T08:55:24.881] [Frame] [INFO] frame=10607 begin
[2026-06-11T08:55:24.889] [Frame] [INFO] frame=10608 begin
[2026-06-11T08:55:24.896] [Frame] [INFO] frame=10609 begin
[2026-06-11T08:55:24.902] [Frame] [INFO] frame=10610 begin
[2026-06-11T08:55:24.910] [Frame] [INFO] frame=10611 begin
[2026-06-11T08:55:24.916] [Frame] [INFO] frame=10612 begin
[2026-06-11T08:55:24.923] [Frame] [INFO] frame=10613 begin
[2026-06-11T08:55:24.930] [Frame] [INFO] frame=10614 begin
[2026-06-11T08:55:24.937] [Frame] [INFO] frame=10615 begin
[2026-06-11T08:55:24.944] [Frame] [INFO] frame=10616 begin
[2026-06-11T08:55:24.951] [Frame] [INFO] frame=10617 begin
[2026-06-11T08:55:24.958] [Frame] [INFO] frame=10618 begin
[2026-06-11T08:55:24.965] [Frame] [INFO] frame=10619 begin
[2026-06-11T08:55:24.971] [Frame] [INFO] frame=10620 begin
[2026-06-11T08:55:24.978] [Frame] [INFO] frame=10621 begin
[2026-06-11T08:55:24.985] [Frame] [INFO] frame=10622 begin
[2026-06-11T08:55:24.992] [Frame] [INFO] frame=10623 begin
[2026-06-11T08:55:24.999] [Frame] [INFO] frame=10624 begin
[2026-06-11T08:55:25.006] [Frame] [INFO] frame=10625 begin
[2026-06-11T08:55:25.013] [Frame] [INFO] frame=10626 begin
[2026-06-11T08:55:25.023] [Frame] [INFO] frame=10627 begin
[2026-06-11T08:55:25.028] [Frame] [INFO] frame=10628 begin
[2026-06-11T08:55:25.034] [Frame] [INFO] frame=10629 begin
[2026-06-11T08:55:25.041] [Frame] [INFO] frame=10630 begin
[2026-06-11T08:55:25.048] [Frame] [INFO] frame=10631 begin
[2026-06-11T08:55:25.055] [Frame] [INFO] frame=10632 begin
[2026-06-11T08:55:25.062] [Frame] [INFO] frame=10633 begin
[2026-06-11T08:55:25.069] [Frame] [INFO] frame=10634 begin
[2026-06-11T08:55:25.076] [Frame] [INFO] frame=10635 begin
[2026-06-11T08:55:25.083] [Frame] [INFO] frame=10636 begin
[2026-06-11T08:55:25.090] [Frame] [INFO] frame=10637 begin
[2026-06-11T08:55:25.096] [Frame] [INFO] frame=10638 begin
[2026-06-11T08:55:25.104] [Frame] [INFO] frame=10639 begin
[2026-06-11T08:55:25.111] [Frame] [INFO] frame=10640 begin
[2026-06-11T08:55:25.118] [Frame] [INFO] frame=10641 begin
[2026-06-11T08:55:25.124] [Frame] [INFO] frame=10642 begin
[2026-06-11T08:55:25.131] [Frame] [INFO] frame=10643 begin
[2026-06-11T08:55:25.138] [Frame] [INFO] frame=10644 begin
[2026-06-11T08:55:25.145] [Frame] [INFO] frame=10645 begin
[2026-06-11T08:55:25.152] [Frame] [INFO] frame=10646 begin
[2026-06-11T08:55:25.158] [Frame] [INFO] frame=10647 begin
[2026-06-11T08:55:25.166] [Frame] [INFO] frame=10648 begin
[2026-06-11T08:55:25.173] [Frame] [INFO] frame=10649 begin
[2026-06-11T08:55:25.180] [Frame] [INFO] frame=10650 begin
[2026-06-11T08:55:25.187] [Frame] [INFO] frame=10651 begin
[2026-06-11T08:55:25.193] [Frame] [INFO] frame=10652 begin
[2026-06-11T08:55:25.200] [Frame] [INFO] frame=10653 begin
[2026-06-11T08:55:25.207] [Frame] [INFO] frame=10654 begin
[2026-06-11T08:55:25.214] [Frame] [INFO] frame=10655 begin
[2026-06-11T08:55:25.222] [Frame] [INFO] frame=10656 begin
[2026-06-11T08:55:25.228] [Frame] [INFO] frame=10657 begin
[2026-06-11T08:55:25.236] [Frame] [INFO] frame=10658 begin
[2026-06-11T08:55:25.242] [Frame] [INFO] frame=10659 begin
[2026-06-11T08:55:25.248] [Frame] [INFO] frame=10660 begin
[2026-06-11T08:55:25.255] [Frame] [INFO] frame=10661 begin
[2026-06-11T08:55:25.262] [Frame] [INFO] frame=10662 begin
[2026-06-11T08:55:25.270] [Frame] [INFO] frame=10663 begin
[2026-06-11T08:55:25.276] [Frame] [INFO] frame=10664 begin
[2026-06-11T08:55:25.283] [Frame] [INFO] frame=10665 begin
[2026-06-11T08:55:25.290] [Frame] [INFO] frame=10666 begin
[2026-06-11T08:55:25.297] [Frame] [INFO] frame=10667 begin
[2026-06-11T08:55:25.304] [Frame] [INFO] frame=10668 begin
[2026-06-11T08:55:25.311] [Frame] [INFO] frame=10669 begin
[2026-06-11T08:55:25.318] [Frame] [INFO] frame=10670 begin
[2026-06-11T08:55:25.325] [Frame] [INFO] frame=10671 begin
[2026-06-11T08:55:25.332] [Frame] [INFO] frame=10672 begin
[2026-06-11T08:55:25.339] [Frame] [INFO] frame=10673 begin
[2026-06-11T08:55:25.346] [Frame] [INFO] frame=10674 begin
[2026-06-11T08:55:25.354] [Frame] [INFO] frame=10675 begin
[2026-06-11T08:55:25.361] [Frame] [INFO] frame=10676 begin
[2026-06-11T08:55:25.366] [Frame] [INFO] frame=10677 begin
[2026-06-11T08:55:25.374] [Frame] [INFO] frame=10678 begin
[2026-06-11T08:55:25.380] [Frame] [INFO] frame=10679 begin
[2026-06-11T08:55:25.388] [Frame] [INFO] frame=10680 begin
[2026-06-11T08:55:25.395] [Frame] [INFO] frame=10681 begin
[2026-06-11T08:55:25.402] [Frame] [INFO] frame=10682 begin
[2026-06-11T08:55:25.409] [Frame] [INFO] frame=10683 begin
[2026-06-11T08:55:25.415] [Frame] [INFO] frame=10684 begin
[2026-06-11T08:55:25.422] [Frame] [INFO] frame=10685 begin
[2026-06-11T08:55:25.429] [Frame] [INFO] frame=10686 begin
[2026-06-11T08:55:25.436] [Frame] [INFO] frame=10687 begin
[2026-06-11T08:55:25.443] [Frame] [INFO] frame=10688 begin
[2026-06-11T08:55:25.449] [Frame] [INFO] frame=10689 begin
[2026-06-11T08:55:25.456] [Frame] [INFO] frame=10690 begin
[2026-06-11T08:55:25.463] [Frame] [INFO] frame=10691 begin
[2026-06-11T08:55:25.470] [Frame] [INFO] frame=10692 begin
[2026-06-11T08:55:25.477] [Frame] [INFO] frame=10693 begin
[2026-06-11T08:55:25.484] [Frame] [INFO] frame=10694 begin
[2026-06-11T08:55:25.491] [Frame] [INFO] frame=10695 begin
[2026-06-11T08:55:25.498] [Frame] [INFO] frame=10696 begin
[2026-06-11T08:55:25.504] [Frame] [INFO] frame=10697 begin
[2026-06-11T08:55:25.512] [Frame] [INFO] frame=10698 begin
[2026-06-11T08:55:25.518] [Frame] [INFO] frame=10699 begin
[2026-06-11T08:55:25.525] [Frame] [INFO] frame=10700 begin
[2026-06-11T08:55:25.534] [Frame] [INFO] frame=10701 begin
[2026-06-11T08:55:25.539] [Frame] [INFO] frame=10702 begin
[2026-06-11T08:55:25.546] [Frame] [INFO] frame=10703 begin
[2026-06-11T08:55:25.553] [Frame] [INFO] frame=10704 begin
[2026-06-11T08:55:25.560] [Frame] [INFO] frame=10705 begin
[2026-06-11T08:55:25.567] [Frame] [INFO] frame=10706 begin
[2026-06-11T08:55:25.574] [Frame] [INFO] frame=10707 begin
[2026-06-11T08:55:25.580] [Frame] [INFO] frame=10708 begin
[2026-06-11T08:55:25.583] [Frame] [INFO] frame=10709 begin
[2026-06-11T08:55:25.594] [Frame] [INFO] frame=10710 begin
[2026-06-11T08:55:25.601] [Frame] [INFO] frame=10711 begin
[2026-06-11T08:55:25.604] [Frame] [INFO] frame=10712 begin
[2026-06-11T08:55:25.608] [Frame] [INFO] frame=10713 begin
[2026-06-11T08:55:25.629] [Frame] [INFO] frame=10714 begin
[2026-06-11T08:55:25.632] [Frame] [INFO] frame=10715 begin
[2026-06-11T08:55:25.635] [Frame] [INFO] frame=10716 begin
[2026-06-11T08:55:25.639] [Frame] [INFO] frame=10717 begin
[2026-06-11T08:55:25.646] [Frame] [INFO] frame=10718 begin
[2026-06-11T08:55:25.652] [Frame] [INFO] frame=10719 begin
[2026-06-11T08:55:25.659] [Frame] [INFO] frame=10720 begin
[2026-06-11T08:55:25.666] [Frame] [INFO] frame=10721 begin
[2026-06-11T08:55:25.673] [Frame] [INFO] frame=10722 begin
[2026-06-11T08:55:25.680] [Frame] [INFO] frame=10723 begin
[2026-06-11T08:55:25.687] [Frame] [INFO] frame=10724 begin
[2026-06-11T08:55:25.694] [Frame] [INFO] frame=10725 begin
[2026-06-11T08:55:25.701] [Frame] [INFO] frame=10726 begin
[2026-06-11T08:55:25.708] [Frame] [INFO] frame=10727 begin
[2026-06-11T08:55:25.715] [Frame] [INFO] frame=10728 begin
[2026-06-11T08:55:25.722] [Frame] [INFO] frame=10729 begin
[2026-06-11T08:55:25.729] [Frame] [INFO] frame=10730 begin
[2026-06-11T08:55:25.736] [Frame] [INFO] frame=10731 begin
[2026-06-11T08:55:25.742] [Frame] [INFO] frame=10732 begin
[2026-06-11T08:55:25.750] [Frame] [INFO] frame=10733 begin
[2026-06-11T08:55:25.757] [Frame] [INFO] frame=10734 begin
[2026-06-11T08:55:25.764] [Frame] [INFO] frame=10735 begin
[2026-06-11T08:55:25.771] [Frame] [INFO] frame=10736 begin
[2026-06-11T08:55:25.777] [Frame] [INFO] frame=10737 begin
[2026-06-11T08:55:25.784] [Frame] [INFO] frame=10738 begin
[2026-06-11T08:55:25.791] [Frame] [INFO] frame=10739 begin
[2026-06-11T08:55:25.798] [Frame] [INFO] frame=10740 begin
[2026-06-11T08:55:25.805] [Frame] [INFO] frame=10741 begin
[2026-06-11T08:55:25.812] [Frame] [INFO] frame=10742 begin
[2026-06-11T08:55:25.819] [Frame] [INFO] frame=10743 begin
[2026-06-11T08:55:25.825] [Frame] [INFO] frame=10744 begin
[2026-06-11T08:55:25.832] [Frame] [INFO] frame=10745 begin
[2026-06-11T08:55:25.839] [Frame] [INFO] frame=10746 begin
[2026-06-11T08:55:25.847] [Frame] [INFO] frame=10747 begin
[2026-06-11T08:55:25.853] [Frame] [INFO] frame=10748 begin
[2026-06-11T08:55:25.860] [Frame] [INFO] frame=10749 begin
[2026-06-11T08:55:25.867] [Frame] [INFO] frame=10750 begin
[2026-06-11T08:55:25.874] [Frame] [INFO] frame=10751 begin
[2026-06-11T08:55:25.881] [Frame] [INFO] frame=10752 begin
[2026-06-11T08:55:25.889] [Frame] [INFO] frame=10753 begin
[2026-06-11T08:55:25.896] [Frame] [INFO] frame=10754 begin
[2026-06-11T08:55:25.902] [Frame] [INFO] frame=10755 begin
[2026-06-11T08:55:25.910] [Frame] [INFO] frame=10756 begin
[2026-06-11T08:55:25.918] [Frame] [INFO] frame=10757 begin
[2026-06-11T08:55:25.924] [Frame] [INFO] frame=10758 begin
[2026-06-11T08:55:25.930] [Frame] [INFO] frame=10759 begin
[2026-06-11T08:55:25.938] [Frame] [INFO] frame=10760 begin
[2026-06-11T08:55:25.944] [Frame] [INFO] frame=10761 begin
[2026-06-11T08:55:25.952] [Frame] [INFO] frame=10762 begin
[2026-06-11T08:55:25.958] [Frame] [INFO] frame=10763 begin
[2026-06-11T08:55:25.966] [Frame] [INFO] frame=10764 begin
[2026-06-11T08:55:25.973] [Frame] [INFO] frame=10765 begin
[2026-06-11T08:55:25.980] [Frame] [INFO] frame=10766 begin
[2026-06-11T08:55:25.986] [Frame] [INFO] frame=10767 begin
[2026-06-11T08:55:25.993] [Frame] [INFO] frame=10768 begin
[2026-06-11T08:55:26.000] [Frame] [INFO] frame=10769 begin
[2026-06-11T08:55:26.007] [Frame] [INFO] frame=10770 begin
[2026-06-11T08:55:26.014] [Frame] [INFO] frame=10771 begin
[2026-06-11T08:55:26.021] [Frame] [INFO] frame=10772 begin
[2026-06-11T08:55:26.028] [Frame] [INFO] frame=10773 begin
[2026-06-11T08:55:26.035] [Frame] [INFO] frame=10774 begin
[2026-06-11T08:55:26.042] [Frame] [INFO] frame=10775 begin
[2026-06-11T08:55:26.048] [Frame] [INFO] frame=10776 begin
[2026-06-11T08:55:26.055] [Frame] [INFO] frame=10777 begin
[2026-06-11T08:55:26.062] [Frame] [INFO] frame=10778 begin
[2026-06-11T08:55:26.071] [Frame] [INFO] frame=10779 begin
[2026-06-11T08:55:26.076] [Frame] [INFO] frame=10780 begin
[2026-06-11T08:55:26.083] [Frame] [INFO] frame=10781 begin
[2026-06-11T08:55:26.090] [Frame] [INFO] frame=10782 begin
[2026-06-11T08:55:26.097] [Frame] [INFO] frame=10783 begin
[2026-06-11T08:55:26.104] [Frame] [INFO] frame=10784 begin
[2026-06-11T08:55:26.111] [Frame] [INFO] frame=10785 begin
[2026-06-11T08:55:26.118] [Frame] [INFO] frame=10786 begin
[2026-06-11T08:55:26.124] [Frame] [INFO] frame=10787 begin
[2026-06-11T08:55:26.132] [Frame] [INFO] frame=10788 begin
[2026-06-11T08:55:26.139] [Frame] [INFO] frame=10789 begin
[2026-06-11T08:55:26.146] [Frame] [INFO] frame=10790 begin
[2026-06-11T08:55:26.153] [Frame] [INFO] frame=10791 begin
[2026-06-11T08:55:26.159] [Frame] [INFO] frame=10792 begin
[2026-06-11T08:55:26.167] [Frame] [INFO] frame=10793 begin
[2026-06-11T08:55:26.173] [Frame] [INFO] frame=10794 begin
[2026-06-11T08:55:26.180] [Frame] [INFO] frame=10795 begin
[2026-06-11T08:55:26.187] [Frame] [INFO] frame=10796 begin
[2026-06-11T08:55:26.194] [Frame] [INFO] frame=10797 begin
[2026-06-11T08:55:26.201] [Frame] [INFO] frame=10798 begin
[2026-06-11T08:55:26.208] [Frame] [INFO] frame=10799 begin
[2026-06-11T08:55:26.215] [Frame] [INFO] frame=10800 begin
[2026-06-11T08:55:26.221] [Frame] [INFO] frame=10801 begin
[2026-06-11T08:55:26.228] [Frame] [INFO] frame=10802 begin
[2026-06-11T08:55:26.235] [Frame] [INFO] frame=10803 begin
[2026-06-11T08:55:26.242] [Frame] [INFO] frame=10804 begin
[2026-06-11T08:55:26.249] [Frame] [INFO] frame=10805 begin
[2026-06-11T08:55:26.256] [Frame] [INFO] frame=10806 begin
[2026-06-11T08:55:26.263] [Frame] [INFO] frame=10807 begin
[2026-06-11T08:55:26.271] [Frame] [INFO] frame=10808 begin
[2026-06-11T08:55:26.276] [Frame] [INFO] frame=10809 begin
[2026-06-11T08:55:26.283] [Frame] [INFO] frame=10810 begin
[2026-06-11T08:55:26.290] [Frame] [INFO] frame=10811 begin
[2026-06-11T08:55:26.299] [Frame] [INFO] frame=10812 begin
[2026-06-11T08:55:26.305] [Frame] [INFO] frame=10813 begin
[2026-06-11T08:55:26.311] [Frame] [INFO] frame=10814 begin
[2026-06-11T08:55:26.318] [Frame] [INFO] frame=10815 begin
[2026-06-11T08:55:26.325] [Frame] [INFO] frame=10816 begin
[2026-06-11T08:55:26.332] [Frame] [INFO] frame=10817 begin
[2026-06-11T08:55:26.340] [Frame] [INFO] frame=10818 begin
[2026-06-11T08:55:26.346] [Frame] [INFO] frame=10819 begin
[2026-06-11T08:55:26.354] [Frame] [INFO] frame=10820 begin
[2026-06-11T08:55:26.360] [Frame] [INFO] frame=10821 begin
[2026-06-11T08:55:26.368] [Frame] [INFO] frame=10822 begin
[2026-06-11T08:55:26.374] [Frame] [INFO] frame=10823 begin
[2026-06-11T08:55:26.378] [Frame] [INFO] frame=10824 begin
[2026-06-11T08:55:26.388] [Frame] [INFO] frame=10825 begin
[2026-06-11T08:55:26.396] [Frame] [INFO] frame=10826 begin
[2026-06-11T08:55:26.398] [Frame] [INFO] frame=10827 begin
[2026-06-11T08:55:26.403] [Frame] [INFO] frame=10828 begin
[2026-06-11T08:55:26.409] [Frame] [INFO] frame=10829 begin
[2026-06-11T08:55:26.416] [Frame] [INFO] frame=10830 begin
[2026-06-11T08:55:26.423] [Frame] [INFO] frame=10831 begin
[2026-06-11T08:55:26.430] [Frame] [INFO] frame=10832 begin
[2026-06-11T08:55:26.437] [Frame] [INFO] frame=10833 begin
[2026-06-11T08:55:26.444] [Frame] [INFO] frame=10834 begin
[2026-06-11T08:55:26.450] [Frame] [INFO] frame=10835 begin
[2026-06-11T08:55:26.458] [Frame] [INFO] frame=10836 begin
[2026-06-11T08:55:26.464] [Frame] [INFO] frame=10837 begin
[2026-06-11T08:55:26.472] [Frame] [INFO] frame=10838 begin
[2026-06-11T08:55:26.478] [Frame] [INFO] frame=10839 begin
[2026-06-11T08:55:26.486] [Frame] [INFO] frame=10840 begin
[2026-06-11T08:55:26.492] [Frame] [INFO] frame=10841 begin
[2026-06-11T08:55:26.499] [Frame] [INFO] frame=10842 begin
[2026-06-11T08:55:26.506] [Frame] [INFO] frame=10843 begin
[2026-06-11T08:55:26.513] [Frame] [INFO] frame=10844 begin
[2026-06-11T08:55:26.520] [Frame] [INFO] frame=10845 begin
[2026-06-11T08:55:26.527] [Frame] [INFO] frame=10846 begin
[2026-06-11T08:55:26.534] [Frame] [INFO] frame=10847 begin
[2026-06-11T08:55:26.542] [Frame] [INFO] frame=10848 begin
[2026-06-11T08:55:26.547] [Frame] [INFO] frame=10849 begin
[2026-06-11T08:55:26.555] [Frame] [INFO] frame=10850 begin
[2026-06-11T08:55:26.561] [Frame] [INFO] frame=10851 begin
[2026-06-11T08:55:26.570] [Frame] [INFO] frame=10852 begin
[2026-06-11T08:55:26.571] [Frame] [INFO] frame=10853 begin
[2026-06-11T08:55:26.582] [Frame] [INFO] frame=10854 begin
[2026-06-11T08:55:26.589] [Frame] [INFO] frame=10855 begin
[2026-06-11T08:55:26.592] [Frame] [INFO] frame=10856 begin
[2026-06-11T08:55:26.596] [Frame] [INFO] frame=10857 begin
[2026-06-11T08:55:26.604] [Frame] [INFO] frame=10858 begin
[2026-06-11T08:55:26.611] [Frame] [INFO] frame=10859 begin
[2026-06-11T08:55:26.617] [Frame] [INFO] frame=10860 begin
[2026-06-11T08:55:26.625] [Frame] [INFO] frame=10861 begin
[2026-06-11T08:55:26.631] [Frame] [INFO] frame=10862 begin
[2026-06-11T08:55:26.639] [Frame] [INFO] frame=10863 begin
[2026-06-11T08:55:26.645] [Frame] [INFO] frame=10864 begin
[2026-06-11T08:55:26.652] [Frame] [INFO] frame=10865 begin
[2026-06-11T08:55:26.659] [Frame] [INFO] frame=10866 begin
[2026-06-11T08:55:26.667] [Frame] [INFO] frame=10867 begin
[2026-06-11T08:55:26.674] [Frame] [INFO] frame=10868 begin
[2026-06-11T08:55:26.680] [Frame] [INFO] frame=10869 begin
[2026-06-11T08:55:26.686] [Frame] [INFO] frame=10870 begin
[2026-06-11T08:55:26.694] [Frame] [INFO] frame=10871 begin
[2026-06-11T08:55:26.701] [Frame] [INFO] frame=10872 begin
[2026-06-11T08:55:26.707] [Frame] [INFO] frame=10873 begin
[2026-06-11T08:55:26.715] [Frame] [INFO] frame=10874 begin
[2026-06-11T08:55:26.722] [Frame] [INFO] frame=10875 begin
[2026-06-11T08:55:26.728] [Frame] [INFO] frame=10876 begin
[2026-06-11T08:55:26.735] [Frame] [INFO] frame=10877 begin
[2026-06-11T08:55:26.743] [Frame] [INFO] frame=10878 begin
[2026-06-11T08:55:26.749] [Frame] [INFO] frame=10879 begin
[2026-06-11T08:55:26.756] [Frame] [INFO] frame=10880 begin
[2026-06-11T08:55:26.763] [Frame] [INFO] frame=10881 begin
[2026-06-11T08:55:26.770] [Frame] [INFO] frame=10882 begin
[2026-06-11T08:55:26.777] [Frame] [INFO] frame=10883 begin
[2026-06-11T08:55:26.784] [Frame] [INFO] frame=10884 begin
[2026-06-11T08:55:26.791] [Frame] [INFO] frame=10885 begin
[2026-06-11T08:55:26.797] [Frame] [INFO] frame=10886 begin
[2026-06-11T08:55:26.804] [Frame] [INFO] frame=10887 begin
[2026-06-11T08:55:26.811] [Frame] [INFO] frame=10888 begin
[2026-06-11T08:55:26.819] [Frame] [INFO] frame=10889 begin
[2026-06-11T08:55:26.826] [Frame] [INFO] frame=10890 begin
[2026-06-11T08:55:26.832] [Frame] [INFO] frame=10891 begin
[2026-06-11T08:55:26.839] [Frame] [INFO] frame=10892 begin
[2026-06-11T08:55:26.846] [Frame] [INFO] frame=10893 begin
[2026-06-11T08:55:26.853] [Frame] [INFO] frame=10894 begin
[2026-06-11T08:55:26.860] [Frame] [INFO] frame=10895 begin
[2026-06-11T08:55:26.868] [Frame] [INFO] frame=10896 begin
[2026-06-11T08:55:26.873] [Frame] [INFO] frame=10897 begin
[2026-06-11T08:55:26.880] [Frame] [INFO] frame=10898 begin
[2026-06-11T08:55:26.888] [Frame] [INFO] frame=10899 begin
[2026-06-11T08:55:26.895] [Frame] [INFO] frame=10900 begin
[2026-06-11T08:55:26.902] [Frame] [INFO] frame=10901 begin
[2026-06-11T08:55:26.908] [Frame] [INFO] frame=10902 begin
[2026-06-11T08:55:26.916] [Frame] [INFO] frame=10903 begin
[2026-06-11T08:55:26.925] [Frame] [INFO] frame=10904 begin
[2026-06-11T08:55:26.930] [Frame] [INFO] frame=10905 begin
[2026-06-11T08:55:26.936] [Frame] [INFO] frame=10906 begin
[2026-06-11T08:55:26.943] [Frame] [INFO] frame=10907 begin
[2026-06-11T08:55:26.951] [Frame] [INFO] frame=10908 begin
[2026-06-11T08:55:26.957] [Frame] [INFO] frame=10909 begin
[2026-06-11T08:55:26.965] [Frame] [INFO] frame=10910 begin
[2026-06-11T08:55:26.972] [Frame] [INFO] frame=10911 begin
[2026-06-11T08:55:26.979] [Frame] [INFO] frame=10912 begin
[2026-06-11T08:55:26.985] [Frame] [INFO] frame=10913 begin
[2026-06-11T08:55:26.992] [Frame] [INFO] frame=10914 begin
[2026-06-11T08:55:26.999] [Frame] [INFO] frame=10915 begin
[2026-06-11T08:55:27.006] [Frame] [INFO] frame=10916 begin
[2026-06-11T08:55:27.014] [Frame] [INFO] frame=10917 begin
[2026-06-11T08:55:27.020] [Frame] [INFO] frame=10918 begin
[2026-06-11T08:55:27.028] [Frame] [INFO] frame=10919 begin
[2026-06-11T08:55:27.035] [Frame] [INFO] frame=10920 begin
[2026-06-11T08:55:27.041] [Frame] [INFO] frame=10921 begin
[2026-06-11T08:55:27.048] [Frame] [INFO] frame=10922 begin
[2026-06-11T08:55:27.056] [Frame] [INFO] frame=10923 begin
[2026-06-11T08:55:27.062] [Frame] [INFO] frame=10924 begin
[2026-06-11T08:55:27.069] [Frame] [INFO] frame=10925 begin
[2026-06-11T08:55:27.076] [Frame] [INFO] frame=10926 begin
[2026-06-11T08:55:27.084] [Frame] [INFO] frame=10927 begin
[2026-06-11T08:55:27.091] [Frame] [INFO] frame=10928 begin
[2026-06-11T08:55:27.097] [Frame] [INFO] frame=10929 begin
[2026-06-11T08:55:27.105] [Frame] [INFO] frame=10930 begin
[2026-06-11T08:55:27.111] [Frame] [INFO] frame=10931 begin
[2026-06-11T08:55:27.118] [Frame] [INFO] frame=10932 begin
[2026-06-11T08:55:27.125] [Frame] [INFO] frame=10933 begin
[2026-06-11T08:55:27.132] [Frame] [INFO] frame=10934 begin
[2026-06-11T08:55:27.139] [Frame] [INFO] frame=10935 begin
[2026-06-11T08:55:27.145] [Frame] [INFO] frame=10936 begin
[2026-06-11T08:55:27.152] [Frame] [INFO] frame=10937 begin
[2026-06-11T08:55:27.159] [Frame] [INFO] frame=10938 begin
[2026-06-11T08:55:27.166] [Frame] [INFO] frame=10939 begin
[2026-06-11T08:55:27.174] [Frame] [INFO] frame=10940 begin
[2026-06-11T08:55:27.180] [Frame] [INFO] frame=10941 begin
[2026-06-11T08:55:27.187] [Frame] [INFO] frame=10942 begin
[2026-06-11T08:55:27.193] [Frame] [INFO] frame=10943 begin
[2026-06-11T08:55:27.201] [Frame] [INFO] frame=10944 begin
[2026-06-11T08:55:27.208] [Frame] [INFO] frame=10945 begin
[2026-06-11T08:55:27.214] [Frame] [INFO] frame=10946 begin
[2026-06-11T08:55:27.222] [Frame] [INFO] frame=10947 begin
[2026-06-11T08:55:27.229] [Frame] [INFO] frame=10948 begin
[2026-06-11T08:55:27.236] [Frame] [INFO] frame=10949 begin
[2026-06-11T08:55:27.243] [Frame] [INFO] frame=10950 begin
[2026-06-11T08:55:27.248] [Frame] [INFO] frame=10951 begin
[2026-06-11T08:55:27.256] [Frame] [INFO] frame=10952 begin
[2026-06-11T08:55:27.263] [Frame] [INFO] frame=10953 begin
[2026-06-11T08:55:27.270] [Frame] [INFO] frame=10954 begin
[2026-06-11T08:55:27.276] [Frame] [INFO] frame=10955 begin
[2026-06-11T08:55:27.283] [Frame] [INFO] frame=10956 begin
[2026-06-11T08:55:27.291] [Frame] [INFO] frame=10957 begin
[2026-06-11T08:55:27.297] [Frame] [INFO] frame=10958 begin
[2026-06-11T08:55:27.304] [Frame] [INFO] frame=10959 begin
[2026-06-11T08:55:27.312] [Frame] [INFO] frame=10960 begin
[2026-06-11T08:55:27.318] [Frame] [INFO] frame=10961 begin
[2026-06-11T08:55:27.324] [Frame] [INFO] frame=10962 begin
[2026-06-11T08:55:27.332] [Frame] [INFO] frame=10963 begin
[2026-06-11T08:55:27.339] [Frame] [INFO] frame=10964 begin
[2026-06-11T08:55:27.345] [Frame] [INFO] frame=10965 begin
[2026-06-11T08:55:27.352] [Frame] [INFO] frame=10966 begin
[2026-06-11T08:55:27.360] [Frame] [INFO] frame=10967 begin
[2026-06-11T08:55:27.362] [Frame] [INFO] frame=10968 begin
[2026-06-11T08:55:27.374] [Frame] [INFO] frame=10969 begin
[2026-06-11T08:55:27.380] [Frame] [INFO] frame=10970 begin
[2026-06-11T08:55:27.384] [Frame] [INFO] frame=10971 begin
[2026-06-11T08:55:27.387] [Frame] [INFO] frame=10972 begin
[2026-06-11T08:55:27.394] [Frame] [INFO] frame=10973 begin
[2026-06-11T08:55:27.403] [Frame] [INFO] frame=10974 begin
[2026-06-11T08:55:27.408] [Frame] [INFO] frame=10975 begin
[2026-06-11T08:55:27.415] [Frame] [INFO] frame=10976 begin
[2026-06-11T08:55:27.421] [Frame] [INFO] frame=10977 begin
[2026-06-11T08:55:27.429] [Frame] [INFO] frame=10978 begin
[2026-06-11T08:55:27.435] [Frame] [INFO] frame=10979 begin
[2026-06-11T08:55:27.442] [Frame] [INFO] frame=10980 begin
[2026-06-11T08:55:27.449] [Frame] [INFO] frame=10981 begin
[2026-06-11T08:55:27.456] [Frame] [INFO] frame=10982 begin
[2026-06-11T08:55:27.463] [Frame] [INFO] frame=10983 begin
[2026-06-11T08:55:27.470] [Frame] [INFO] frame=10984 begin
[2026-06-11T08:55:27.477] [Frame] [INFO] frame=10985 begin
[2026-06-11T08:55:27.484] [Frame] [INFO] frame=10986 begin
[2026-06-11T08:55:27.491] [Frame] [INFO] frame=10987 begin
[2026-06-11T08:55:27.500] [Frame] [INFO] frame=10988 begin
[2026-06-11T08:55:27.504] [Frame] [INFO] frame=10989 begin
[2026-06-11T08:55:27.512] [Frame] [INFO] frame=10990 begin
[2026-06-11T08:55:27.519] [Frame] [INFO] frame=10991 begin
[2026-06-11T08:55:27.525] [Frame] [INFO] frame=10992 begin
[2026-06-11T08:55:27.532] [Frame] [INFO] frame=10993 begin
[2026-06-11T08:55:27.540] [Frame] [INFO] frame=10994 begin
[2026-06-11T08:55:27.547] [Frame] [INFO] frame=10995 begin
[2026-06-11T08:55:27.554] [Frame] [INFO] frame=10996 begin
[2026-06-11T08:55:27.561] [Frame] [INFO] frame=10997 begin
[2026-06-11T08:55:27.567] [Frame] [INFO] frame=10998 begin
[2026-06-11T08:55:27.576] [Frame] [INFO] frame=10999 begin
[2026-06-11T08:55:27.583] [Frame] [INFO] frame=11000 begin
[2026-06-11T08:55:27.588] [Frame] [INFO] frame=11001 begin
[2026-06-11T08:55:27.596] [Frame] [INFO] frame=11002 begin
[2026-06-11T08:55:27.603] [Frame] [INFO] frame=11003 begin
[2026-06-11T08:55:27.609] [Frame] [INFO] frame=11004 begin
[2026-06-11T08:55:27.616] [Frame] [INFO] frame=11005 begin
[2026-06-11T08:55:27.623] [Frame] [INFO] frame=11006 begin
[2026-06-11T08:55:27.630] [Frame] [INFO] frame=11007 begin
[2026-06-11T08:55:27.637] [Frame] [INFO] frame=11008 begin
[2026-06-11T08:55:27.644] [Frame] [INFO] frame=11009 begin
[2026-06-11T08:55:27.651] [Frame] [INFO] frame=11010 begin
[2026-06-11T08:55:27.657] [Frame] [INFO] frame=11011 begin
[2026-06-11T08:55:27.665] [Frame] [INFO] frame=11012 begin
[2026-06-11T08:55:27.671] [Frame] [INFO] frame=11013 begin
[2026-06-11T08:55:27.679] [Frame] [INFO] frame=11014 begin
[2026-06-11T08:55:27.685] [Frame] [INFO] frame=11015 begin
[2026-06-11T08:55:27.691] [Frame] [INFO] frame=11016 begin
[2026-06-11T08:55:27.699] [Frame] [INFO] frame=11017 begin
[2026-06-11T08:55:27.706] [Frame] [INFO] frame=11018 begin
[2026-06-11T08:55:27.713] [Frame] [INFO] frame=11019 begin
[2026-06-11T08:55:27.720] [Frame] [INFO] frame=11020 begin
[2026-06-11T08:55:27.727] [Frame] [INFO] frame=11021 begin
[2026-06-11T08:55:27.729] [Frame] [INFO] frame=11022 begin
[2026-06-11T08:55:27.741] [Frame] [INFO] frame=11023 begin
[2026-06-11T08:55:27.748] [Frame] [INFO] frame=11024 begin
[2026-06-11T08:55:27.750] [Frame] [INFO] frame=11025 begin
[2026-06-11T08:55:27.754] [Frame] [INFO] frame=11026 begin
[2026-06-11T08:55:27.761] [Frame] [INFO] frame=11027 begin
[2026-06-11T08:55:27.768] [Frame] [INFO] frame=11028 begin
[2026-06-11T08:55:27.776] [Frame] [INFO] frame=11029 begin
[2026-06-11T08:55:27.782] [Frame] [INFO] frame=11030 begin
[2026-06-11T08:55:27.789] [Frame] [INFO] frame=11031 begin
[2026-06-11T08:55:27.797] [Frame] [INFO] frame=11032 begin
[2026-06-11T08:55:27.804] [Frame] [INFO] frame=11033 begin
[2026-06-11T08:55:27.810] [Frame] [INFO] frame=11034 begin
[2026-06-11T08:55:27.817] [Frame] [INFO] frame=11035 begin
[2026-06-11T08:55:27.824] [Frame] [INFO] frame=11036 begin
[2026-06-11T08:55:27.831] [Frame] [INFO] frame=11037 begin
[2026-06-11T08:55:27.838] [Frame] [INFO] frame=11038 begin
[2026-06-11T08:55:27.845] [Frame] [INFO] frame=11039 begin
[2026-06-11T08:55:27.852] [Frame] [INFO] frame=11040 begin
[2026-06-11T08:55:27.859] [Frame] [INFO] frame=11041 begin
[2026-06-11T08:55:27.867] [Frame] [INFO] frame=11042 begin
[2026-06-11T08:55:27.873] [Frame] [INFO] frame=11043 begin
[2026-06-11T08:55:27.879] [Frame] [INFO] frame=11044 begin
[2026-06-11T08:55:27.887] [Frame] [INFO] frame=11045 begin
[2026-06-11T08:55:27.893] [Frame] [INFO] frame=11046 begin
[2026-06-11T08:55:27.901] [Frame] [INFO] frame=11047 begin
[2026-06-11T08:55:27.903] [Frame] [INFO] frame=11048 begin
[2026-06-11T08:55:27.914] [Frame] [INFO] frame=11049 begin
[2026-06-11T08:55:27.921] [Frame] [INFO] frame=11050 begin
[2026-06-11T08:55:27.925] [Frame] [INFO] frame=11051 begin
[2026-06-11T08:55:27.928] [Frame] [INFO] frame=11052 begin
[2026-06-11T08:55:27.935] [Frame] [INFO] frame=11053 begin
[2026-06-11T08:55:27.937] [Frame] [INFO] frame=11054 begin
[2026-06-11T08:55:27.949] [Frame] [INFO] frame=11055 begin
[2026-06-11T08:55:27.956] [Frame] [INFO] frame=11056 begin
[2026-06-11T08:55:27.959] [Frame] [INFO] frame=11057 begin
[2026-06-11T08:55:27.963] [Frame] [INFO] frame=11058 begin
[2026-06-11T08:55:27.970] [Frame] [INFO] frame=11059 begin
[2026-06-11T08:55:27.977] [Frame] [INFO] frame=11060 begin
[2026-06-11T08:55:27.984] [Frame] [INFO] frame=11061 begin
[2026-06-11T08:55:27.991] [Frame] [INFO] frame=11062 begin
[2026-06-11T08:55:27.997] [Frame] [INFO] frame=11063 begin
[2026-06-11T08:55:28.005] [Frame] [INFO] frame=11064 begin
[2026-06-11T08:55:28.012] [Frame] [INFO] frame=11065 begin
[2026-06-11T08:55:28.022] [Frame] [INFO] frame=11066 begin
[2026-06-11T08:55:28.026] [Frame] [INFO] frame=11067 begin
[2026-06-11T08:55:28.033] [Frame] [INFO] frame=11068 begin
[2026-06-11T08:55:28.040] [Frame] [INFO] frame=11069 begin
[2026-06-11T08:55:28.046] [Frame] [INFO] frame=11070 begin
[2026-06-11T08:55:28.053] [Frame] [INFO] frame=11071 begin
[2026-06-11T08:55:28.060] [Frame] [INFO] frame=11072 begin
[2026-06-11T08:55:28.067] [Frame] [INFO] frame=11073 begin
[2026-06-11T08:55:28.073] [Frame] [INFO] frame=11074 begin
[2026-06-11T08:55:28.081] [Frame] [INFO] frame=11075 begin
[2026-06-11T08:55:28.088] [Frame] [INFO] frame=11076 begin
[2026-06-11T08:55:28.095] [Frame] [INFO] frame=11077 begin
[2026-06-11T08:55:28.102] [Frame] [INFO] frame=11078 begin
[2026-06-11T08:55:28.109] [Frame] [INFO] frame=11079 begin
[2026-06-11T08:55:28.116] [Frame] [INFO] frame=11080 begin
[2026-06-11T08:55:28.123] [Frame] [INFO] frame=11081 begin
[2026-06-11T08:55:28.129] [Frame] [INFO] frame=11082 begin
[2026-06-11T08:55:28.137] [Frame] [INFO] frame=11083 begin
[2026-06-11T08:55:28.144] [Frame] [INFO] frame=11084 begin
[2026-06-11T08:55:28.151] [Frame] [INFO] frame=11085 begin
[2026-06-11T08:55:28.157] [Frame] [INFO] frame=11086 begin
[2026-06-11T08:55:28.164] [Frame] [INFO] frame=11087 begin
[2026-06-11T08:55:28.171] [Frame] [INFO] frame=11088 begin
[2026-06-11T08:55:28.178] [Frame] [INFO] frame=11089 begin
[2026-06-11T08:55:28.184] [Frame] [INFO] frame=11090 begin
[2026-06-11T08:55:28.192] [Frame] [INFO] frame=11091 begin
[2026-06-11T08:55:28.198] [Frame] [INFO] frame=11092 begin
[2026-06-11T08:55:28.205] [Frame] [INFO] frame=11093 begin
[2026-06-11T08:55:28.213] [Frame] [INFO] frame=11094 begin
[2026-06-11T08:55:28.220] [Frame] [INFO] frame=11095 begin
[2026-06-11T08:55:28.226] [Frame] [INFO] frame=11096 begin
[2026-06-11T08:55:28.233] [Frame] [INFO] frame=11097 begin
[2026-06-11T08:55:28.240] [Frame] [INFO] frame=11098 begin
[2026-06-11T08:55:28.246] [Frame] [INFO] frame=11099 begin
[2026-06-11T08:55:28.253] [Frame] [INFO] frame=11100 begin
[2026-06-11T08:55:28.260] [Frame] [INFO] frame=11101 begin
[2026-06-11T08:55:28.262] [Frame] [INFO] frame=11102 begin
[2026-06-11T08:55:28.275] [Frame] [INFO] frame=11103 begin
[2026-06-11T08:55:28.281] [Frame] [INFO] frame=11104 begin
[2026-06-11T08:55:28.284] [Frame] [INFO] frame=11105 begin
[2026-06-11T08:55:28.288] [Frame] [INFO] frame=11106 begin
[2026-06-11T08:55:28.295] [Frame] [INFO] frame=11107 begin
[2026-06-11T08:55:28.303] [Frame] [INFO] frame=11108 begin
[2026-06-11T08:55:28.309] [Frame] [INFO] frame=11109 begin
[2026-06-11T08:55:28.315] [Frame] [INFO] frame=11110 begin
[2026-06-11T08:55:28.323] [Frame] [INFO] frame=11111 begin
[2026-06-11T08:55:28.329] [Frame] [INFO] frame=11112 begin
[2026-06-11T08:55:28.341] [Frame] [INFO] frame=11113 begin
[2026-06-11T08:55:28.344] [Frame] [INFO] frame=11114 begin
[2026-06-11T08:55:28.350] [Frame] [INFO] frame=11115 begin
[2026-06-11T08:55:28.357] [Frame] [INFO] frame=11116 begin
[2026-06-11T08:55:28.364] [Frame] [INFO] frame=11117 begin
[2026-06-11T08:55:28.366] [Frame] [INFO] frame=11118 begin
[2026-06-11T08:55:28.378] [Frame] [INFO] frame=11119 begin
[2026-06-11T08:55:28.385] [Frame] [INFO] frame=11120 begin
[2026-06-11T08:55:28.388] [Frame] [INFO] frame=11121 begin
[2026-06-11T08:55:28.392] [Frame] [INFO] frame=11122 begin
[2026-06-11T08:55:28.400] [Frame] [INFO] frame=11123 begin
[2026-06-11T08:55:28.406] [Frame] [INFO] frame=11124 begin
[2026-06-11T08:55:28.413] [Frame] [INFO] frame=11125 begin
[2026-06-11T08:55:28.420] [Frame] [INFO] frame=11126 begin
[2026-06-11T08:55:28.428] [Frame] [INFO] frame=11127 begin
[2026-06-11T08:55:28.434] [Frame] [INFO] frame=11128 begin
[2026-06-11T08:55:28.440] [Frame] [INFO] frame=11129 begin
[2026-06-11T08:55:28.449] [Frame] [INFO] frame=11130 begin
[2026-06-11T08:55:28.455] [Frame] [INFO] frame=11131 begin
[2026-06-11T08:55:28.462] [Frame] [INFO] frame=11132 begin
[2026-06-11T08:55:28.468] [Frame] [INFO] frame=11133 begin
[2026-06-11T08:55:28.475] [Frame] [INFO] frame=11134 begin
[2026-06-11T08:55:28.482] [Frame] [INFO] frame=11135 begin
[2026-06-11T08:55:28.489] [Frame] [INFO] frame=11136 begin
[2026-06-11T08:55:28.496] [Frame] [INFO] frame=11137 begin
[2026-06-11T08:55:28.503] [Frame] [INFO] frame=11138 begin
[2026-06-11T08:55:28.510] [Frame] [INFO] frame=11139 begin
[2026-06-11T08:55:28.516] [Frame] [INFO] frame=11140 begin
[2026-06-11T08:55:28.525] [Frame] [INFO] frame=11141 begin
[2026-06-11T08:55:28.531] [Frame] [INFO] frame=11142 begin
[2026-06-11T08:55:28.537] [Frame] [INFO] frame=11143 begin
[2026-06-11T08:55:28.544] [Frame] [INFO] frame=11144 begin
[2026-06-11T08:55:28.552] [Frame] [INFO] frame=11145 begin
[2026-06-11T08:55:28.559] [Frame] [INFO] frame=11146 begin
[2026-06-11T08:55:28.565] [Frame] [INFO] frame=11147 begin
[2026-06-11T08:55:28.572] [Frame] [INFO] frame=11148 begin
[2026-06-11T08:55:28.579] [Frame] [INFO] frame=11149 begin
[2026-06-11T08:55:28.587] [Frame] [INFO] frame=11150 begin
[2026-06-11T08:55:28.593] [Frame] [INFO] frame=11151 begin
[2026-06-11T08:55:28.600] [Frame] [INFO] frame=11152 begin
[2026-06-11T08:55:28.607] [Frame] [INFO] frame=11153 begin
[2026-06-11T08:55:28.614] [Frame] [INFO] frame=11154 begin
[2026-06-11T08:55:28.622] [Frame] [INFO] frame=11155 begin
[2026-06-11T08:55:28.627] [Frame] [INFO] frame=11156 begin
[2026-06-11T08:55:28.634] [Frame] [INFO] frame=11157 begin
[2026-06-11T08:55:28.641] [Frame] [INFO] frame=11158 begin
[2026-06-11T08:55:28.648] [Frame] [INFO] frame=11159 begin
[2026-06-11T08:55:28.655] [Frame] [INFO] frame=11160 begin
[2026-06-11T08:55:28.662] [Frame] [INFO] frame=11161 begin
[2026-06-11T08:55:28.670] [Frame] [INFO] frame=11162 begin
[2026-06-11T08:55:28.673] [Frame] [INFO] frame=11163 begin
[2026-06-11T08:55:28.684] [Frame] [INFO] frame=11164 begin
[2026-06-11T08:55:28.691] [Frame] [INFO] frame=11165 begin
[2026-06-11T08:55:28.693] [Frame] [INFO] frame=11166 begin
[2026-06-11T08:55:28.697] [Frame] [INFO] frame=11167 begin
[2026-06-11T08:55:28.704] [Frame] [INFO] frame=11168 begin
[2026-06-11T08:55:28.711] [Frame] [INFO] frame=11169 begin
[2026-06-11T08:55:28.718] [Frame] [INFO] frame=11170 begin
[2026-06-11T08:55:28.725] [Frame] [INFO] frame=11171 begin
[2026-06-11T08:55:28.732] [Frame] [INFO] frame=11172 begin
[2026-06-11T08:55:28.738] [Frame] [INFO] frame=11173 begin
[2026-06-11T08:55:28.745] [Frame] [INFO] frame=11174 begin
[2026-06-11T08:55:28.753] [Frame] [INFO] frame=11175 begin
[2026-06-11T08:55:28.759] [Frame] [INFO] frame=11176 begin
[2026-06-11T08:55:28.766] [Frame] [INFO] frame=11177 begin
[2026-06-11T08:55:28.773] [Frame] [INFO] frame=11178 begin
[2026-06-11T08:55:28.781] [Frame] [INFO] frame=11179 begin
[2026-06-11T08:55:28.787] [Frame] [INFO] frame=11180 begin
[2026-06-11T08:55:28.794] [Frame] [INFO] frame=11181 begin
[2026-06-11T08:55:28.800] [Frame] [INFO] frame=11182 begin
[2026-06-11T08:55:28.808] [Frame] [INFO] frame=11183 begin
[2026-06-11T08:55:28.815] [Frame] [INFO] frame=11184 begin
[2026-06-11T08:55:28.822] [Frame] [INFO] frame=11185 begin
[2026-06-11T08:55:28.829] [Frame] [INFO] frame=11186 begin
[2026-06-11T08:55:28.836] [Frame] [INFO] frame=11187 begin
[2026-06-11T08:55:28.844] [Frame] [INFO] frame=11188 begin
[2026-06-11T08:55:28.850] [Frame] [INFO] frame=11189 begin
[2026-06-11T08:55:28.858] [Frame] [INFO] frame=11190 begin
[2026-06-11T08:55:28.864] [Frame] [INFO] frame=11191 begin
[2026-06-11T08:55:28.871] [Frame] [INFO] frame=11192 begin
[2026-06-11T08:55:28.878] [Frame] [INFO] frame=11193 begin
[2026-06-11T08:55:28.885] [Frame] [INFO] frame=11194 begin
[2026-06-11T08:55:28.891] [Frame] [INFO] frame=11195 begin
[2026-06-11T08:55:28.899] [Frame] [INFO] frame=11196 begin
[2026-06-11T08:55:28.906] [Frame] [INFO] frame=11197 begin
[2026-06-11T08:55:28.913] [Frame] [INFO] frame=11198 begin
[2026-06-11T08:55:28.919] [Frame] [INFO] frame=11199 begin
[2026-06-11T08:55:28.927] [Frame] [INFO] frame=11200 begin
[2026-06-11T08:55:28.934] [Frame] [INFO] frame=11201 begin
[2026-06-11T08:55:28.941] [Frame] [INFO] frame=11202 begin
[2026-06-11T08:55:28.947] [Frame] [INFO] frame=11203 begin
[2026-06-11T08:55:28.954] [Frame] [INFO] frame=11204 begin
[2026-06-11T08:55:28.962] [Frame] [INFO] frame=11205 begin
[2026-06-11T08:55:28.968] [Frame] [INFO] frame=11206 begin
[2026-06-11T08:55:28.972] [Frame] [INFO] frame=11207 begin
[2026-06-11T08:55:28.982] [Frame] [INFO] frame=11208 begin
[2026-06-11T08:55:28.989] [Frame] [INFO] frame=11209 begin
[2026-06-11T08:55:28.992] [Frame] [INFO] frame=11210 begin
[2026-06-11T08:55:28.996] [Frame] [INFO] frame=11211 begin
[2026-06-11T08:55:29.003] [Frame] [INFO] frame=11212 begin
[2026-06-11T08:55:29.010] [Frame] [INFO] frame=11213 begin
[2026-06-11T08:55:29.017] [Frame] [INFO] frame=11214 begin
[2026-06-11T08:55:29.023] [Frame] [INFO] frame=11215 begin
[2026-06-11T08:55:29.031] [Frame] [INFO] frame=11216 begin
[2026-06-11T08:55:29.038] [Frame] [INFO] frame=11217 begin
[2026-06-11T08:55:29.046] [Frame] [INFO] frame=11218 begin
[2026-06-11T08:55:29.052] [Frame] [INFO] frame=11219 begin
[2026-06-11T08:55:29.059] [Frame] [INFO] frame=11220 begin
[2026-06-11T08:55:29.066] [Frame] [INFO] frame=11221 begin
[2026-06-11T08:55:29.072] [Frame] [INFO] frame=11222 begin
[2026-06-11T08:55:29.079] [Frame] [INFO] frame=11223 begin
[2026-06-11T08:55:29.086] [Frame] [INFO] frame=11224 begin
[2026-06-11T08:55:29.094] [Frame] [INFO] frame=11225 begin
[2026-06-11T08:55:29.096] [Frame] [INFO] frame=11226 begin
[2026-06-11T08:55:29.107] [Frame] [INFO] frame=11227 begin
[2026-06-11T08:55:29.110] [Frame] [INFO] frame=11228 begin
[2026-06-11T08:55:29.114] [Frame] [INFO] frame=11229 begin
[2026-06-11T08:55:29.122] [Frame] [INFO] frame=11230 begin
[2026-06-11T08:55:29.129] [Frame] [INFO] frame=11231 begin
[2026-06-11T08:55:29.132] [Frame] [INFO] frame=11232 begin
[2026-06-11T08:55:29.135] [Frame] [INFO] frame=11233 begin
[2026-06-11T08:55:29.142] [Frame] [INFO] frame=11234 begin
[2026-06-11T08:55:29.150] [Frame] [INFO] frame=11235 begin
[2026-06-11T08:55:29.156] [Frame] [INFO] frame=11236 begin
[2026-06-11T08:55:29.164] [Frame] [INFO] frame=11237 begin
[2026-06-11T08:55:29.171] [Frame] [INFO] frame=11238 begin
[2026-06-11T08:55:29.177] [Frame] [INFO] frame=11239 begin
[2026-06-11T08:55:29.184] [Frame] [INFO] frame=11240 begin
[2026-06-11T08:55:29.191] [Frame] [INFO] frame=11241 begin
[2026-06-11T08:55:29.197] [Frame] [INFO] frame=11242 begin
[2026-06-11T08:55:29.205] [Frame] [INFO] frame=11243 begin
[2026-06-11T08:55:29.212] [Frame] [INFO] frame=11244 begin
[2026-06-11T08:55:29.218] [Frame] [INFO] frame=11245 begin
[2026-06-11T08:55:29.225] [Frame] [INFO] frame=11246 begin
[2026-06-11T08:55:29.233] [Frame] [INFO] frame=11247 begin
[2026-06-11T08:55:29.239] [Frame] [INFO] frame=11248 begin
[2026-06-11T08:55:29.246] [Frame] [INFO] frame=11249 begin
[2026-06-11T08:55:29.253] [Frame] [INFO] frame=11250 begin
[2026-06-11T08:55:29.259] [Frame] [INFO] frame=11251 begin
[2026-06-11T08:55:29.266] [Frame] [INFO] frame=11252 begin
[2026-06-11T08:55:29.273] [Frame] [INFO] frame=11253 begin
[2026-06-11T08:55:29.281] [Frame] [INFO] frame=11254 begin
[2026-06-11T08:55:29.288] [Frame] [INFO] frame=11255 begin
[2026-06-11T08:55:29.295] [Frame] [INFO] frame=11256 begin
[2026-06-11T08:55:29.301] [Frame] [INFO] frame=11257 begin
[2026-06-11T08:55:29.308] [Frame] [INFO] frame=11258 begin
[2026-06-11T08:55:29.316] [Frame] [INFO] frame=11259 begin
[2026-06-11T08:55:29.322] [Frame] [INFO] frame=11260 begin
[2026-06-11T08:55:29.329] [Frame] [INFO] frame=11261 begin
[2026-06-11T08:55:29.336] [Frame] [INFO] frame=11262 begin
[2026-06-11T08:55:29.342] [Frame] [INFO] frame=11263 begin
[2026-06-11T08:55:29.350] [Frame] [INFO] frame=11264 begin
[2026-06-11T08:55:29.357] [Frame] [INFO] frame=11265 begin
[2026-06-11T08:55:29.364] [Frame] [INFO] frame=11266 begin
[2026-06-11T08:55:29.371] [Frame] [INFO] frame=11267 begin
[2026-06-11T08:55:29.378] [Frame] [INFO] frame=11268 begin
[2026-06-11T08:55:29.385] [Frame] [INFO] frame=11269 begin
[2026-06-11T08:55:29.392] [Frame] [INFO] frame=11270 begin
[2026-06-11T08:55:29.399] [Frame] [INFO] frame=11271 begin
[2026-06-11T08:55:29.407] [Frame] [INFO] frame=11272 begin
[2026-06-11T08:55:29.413] [Frame] [INFO] frame=11273 begin
[2026-06-11T08:55:29.422] [Frame] [INFO] frame=11274 begin
[2026-06-11T08:55:29.427] [Frame] [INFO] frame=11275 begin
[2026-06-11T08:55:29.435] [Frame] [INFO] frame=11276 begin
[2026-06-11T08:55:29.441] [Frame] [INFO] frame=11277 begin
[2026-06-11T08:55:29.448] [Frame] [INFO] frame=11278 begin
[2026-06-11T08:55:29.455] [Frame] [INFO] frame=11279 begin
[2026-06-11T08:55:29.462] [Frame] [INFO] frame=11280 begin
[2026-06-11T08:55:29.469] [Frame] [INFO] frame=11281 begin
[2026-06-11T08:55:29.475] [Frame] [INFO] frame=11282 begin
[2026-06-11T08:55:29.481] [Frame] [INFO] frame=11283 begin
[2026-06-11T08:55:29.489] [Frame] [INFO] frame=11284 begin
[2026-06-11T08:55:29.495] [Frame] [INFO] frame=11285 begin
[2026-06-11T08:55:29.503] [Frame] [INFO] frame=11286 begin
[2026-06-11T08:55:29.510] [Frame] [INFO] frame=11287 begin
[2026-06-11T08:55:29.517] [Frame] [INFO] frame=11288 begin
[2026-06-11T08:55:29.524] [Frame] [INFO] frame=11289 begin
[2026-06-11T08:55:29.531] [Frame] [INFO] frame=11290 begin
[2026-06-11T08:55:29.537] [Frame] [INFO] frame=11291 begin
[2026-06-11T08:55:29.544] [Frame] [INFO] frame=11292 begin
[2026-06-11T08:55:29.554] [Frame] [INFO] frame=11293 begin
[2026-06-11T08:55:29.558] [Frame] [INFO] frame=11294 begin
[2026-06-11T08:55:29.565] [Frame] [INFO] frame=11295 begin
[2026-06-11T08:55:29.572] [Frame] [INFO] frame=11296 begin
[2026-06-11T08:55:29.578] [Frame] [INFO] frame=11297 begin
[2026-06-11T08:55:29.586] [Frame] [INFO] frame=11298 begin
[2026-06-11T08:55:29.592] [Frame] [INFO] frame=11299 begin
[2026-06-11T08:55:29.600] [Frame] [INFO] frame=11300 begin
[2026-06-11T08:55:29.607] [Frame] [INFO] frame=11301 begin
[2026-06-11T08:55:29.614] [Frame] [INFO] frame=11302 begin
[2026-06-11T08:55:29.620] [Frame] [INFO] frame=11303 begin
[2026-06-11T08:55:29.628] [Frame] [INFO] frame=11304 begin
[2026-06-11T08:55:29.634] [Frame] [INFO] frame=11305 begin
[2026-06-11T08:55:29.641] [Frame] [INFO] frame=11306 begin
[2026-06-11T08:55:29.649] [Frame] [INFO] frame=11307 begin
[2026-06-11T08:55:29.658] [Frame] [INFO] frame=11308 begin
[2026-06-11T08:55:29.662] [Frame] [INFO] frame=11309 begin
[2026-06-11T08:55:29.669] [Frame] [INFO] frame=11310 begin
[2026-06-11T08:55:29.676] [Frame] [INFO] frame=11311 begin
[2026-06-11T08:55:29.683] [Frame] [INFO] frame=11312 begin
[2026-06-11T08:55:29.690] [Frame] [INFO] frame=11313 begin
[2026-06-11T08:55:29.697] [Frame] [INFO] frame=11314 begin
[2026-06-11T08:55:29.704] [Frame] [INFO] frame=11315 begin
[2026-06-11T08:55:29.710] [Frame] [INFO] frame=11316 begin
[2026-06-11T08:55:29.719] [Frame] [INFO] frame=11317 begin
[2026-06-11T08:55:29.725] [Frame] [INFO] frame=11318 begin
[2026-06-11T08:55:29.731] [Frame] [INFO] frame=11319 begin
[2026-06-11T08:55:29.738] [Frame] [INFO] frame=11320 begin
[2026-06-11T08:55:29.746] [Frame] [INFO] frame=11321 begin
[2026-06-11T08:55:29.752] [Frame] [INFO] frame=11322 begin
[2026-06-11T08:55:29.758] [Frame] [INFO] frame=11323 begin
[2026-06-11T08:55:29.766] [Frame] [INFO] frame=11324 begin
[2026-06-11T08:55:29.772] [Frame] [INFO] frame=11325 begin
[2026-06-11T08:55:29.779] [Frame] [INFO] frame=11326 begin
[2026-06-11T08:55:29.787] [Frame] [INFO] frame=11327 begin
[2026-06-11T08:55:29.793] [Frame] [INFO] frame=11328 begin
[2026-06-11T08:55:29.800] [Frame] [INFO] frame=11329 begin
[2026-06-11T08:55:29.807] [Frame] [INFO] frame=11330 begin
[2026-06-11T08:55:29.815] [Frame] [INFO] frame=11331 begin
[2026-06-11T08:55:29.821] [Frame] [INFO] frame=11332 begin
[2026-06-11T08:55:29.827] [Frame] [INFO] frame=11333 begin
[2026-06-11T08:55:29.835] [Frame] [INFO] frame=11334 begin
[2026-06-11T08:55:29.842] [Frame] [INFO] frame=11335 begin
[2026-06-11T08:55:29.848] [Frame] [INFO] frame=11336 begin
[2026-06-11T08:55:29.855] [Frame] [INFO] frame=11337 begin
[2026-06-11T08:55:29.863] [Frame] [INFO] frame=11338 begin
[2026-06-11T08:55:29.869] [Frame] [INFO] frame=11339 begin
[2026-06-11T08:55:29.875] [Frame] [INFO] frame=11340 begin
[2026-06-11T08:55:29.882] [Frame] [INFO] frame=11341 begin
[2026-06-11T08:55:29.889] [Frame] [INFO] frame=11342 begin
[2026-06-11T08:55:29.896] [Frame] [INFO] frame=11343 begin
[2026-06-11T08:55:29.903] [Frame] [INFO] frame=11344 begin
[2026-06-11T08:55:29.910] [Frame] [INFO] frame=11345 begin
[2026-06-11T08:55:29.916] [Frame] [INFO] frame=11346 begin
[2026-06-11T08:55:29.924] [Frame] [INFO] frame=11347 begin
[2026-06-11T08:55:29.930] [Frame] [INFO] frame=11348 begin
[2026-06-11T08:55:29.938] [Frame] [INFO] frame=11349 begin
[2026-06-11T08:55:29.944] [Frame] [INFO] frame=11350 begin
[2026-06-11T08:55:29.951] [Frame] [INFO] frame=11351 begin
[2026-06-11T08:55:29.958] [Frame] [INFO] frame=11352 begin
[2026-06-11T08:55:29.965] [Frame] [INFO] frame=11353 begin
[2026-06-11T08:55:29.972] [Frame] [INFO] frame=11354 begin
[2026-06-11T08:55:29.978] [Frame] [INFO] frame=11355 begin
[2026-06-11T08:55:29.986] [Frame] [INFO] frame=11356 begin
[2026-06-11T08:55:29.992] [Frame] [INFO] frame=11357 begin
[2026-06-11T08:55:30.000] [Frame] [INFO] frame=11358 begin
[2026-06-11T08:55:30.006] [Frame] [INFO] frame=11359 begin
[2026-06-11T08:55:30.014] [Frame] [INFO] frame=11360 begin
[2026-06-11T08:55:30.020] [Frame] [INFO] frame=11361 begin
[2026-06-11T08:55:30.028] [Frame] [INFO] frame=11362 begin
[2026-06-11T08:55:30.034] [Frame] [INFO] frame=11363 begin
[2026-06-11T08:55:30.041] [Frame] [INFO] frame=11364 begin
[2026-06-11T08:55:30.048] [Frame] [INFO] frame=11365 begin
[2026-06-11T08:55:30.054] [Frame] [INFO] frame=11366 begin
[2026-06-11T08:55:30.062] [Frame] [INFO] frame=11367 begin
[2026-06-11T08:55:30.068] [Frame] [INFO] frame=11368 begin
[2026-06-11T08:55:30.075] [Frame] [INFO] frame=11369 begin
[2026-06-11T08:55:30.082] [Frame] [INFO] frame=11370 begin
[2026-06-11T08:55:30.089] [Frame] [INFO] frame=11371 begin
[2026-06-11T08:55:30.096] [Frame] [INFO] frame=11372 begin
[2026-06-11T08:55:30.100] [Frame] [INFO] frame=11373 begin
[2026-06-11T08:55:30.110] [Frame] [INFO] frame=11374 begin
[2026-06-11T08:55:30.119] [Frame] [INFO] frame=11375 begin
[2026-06-11T08:55:30.123] [Frame] [INFO] frame=11376 begin
[2026-06-11T08:55:30.126] [Frame] [INFO] frame=11377 begin
[2026-06-11T08:55:30.131] [Frame] [INFO] frame=11378 begin
[2026-06-11T08:55:30.138] [Frame] [INFO] frame=11379 begin
[2026-06-11T08:55:30.145] [Frame] [INFO] frame=11380 begin
[2026-06-11T08:55:30.152] [Frame] [INFO] frame=11381 begin
[2026-06-11T08:55:30.159] [Frame] [INFO] frame=11382 begin
[2026-06-11T08:55:30.166] [Frame] [INFO] frame=11383 begin
[2026-06-11T08:55:30.173] [Frame] [INFO] frame=11384 begin
[2026-06-11T08:55:30.180] [Frame] [INFO] frame=11385 begin
[2026-06-11T08:55:30.187] [Frame] [INFO] frame=11386 begin
[2026-06-11T08:55:30.194] [Frame] [INFO] frame=11387 begin
[2026-06-11T08:55:30.200] [Frame] [INFO] frame=11388 begin
[2026-06-11T08:55:30.207] [Frame] [INFO] frame=11389 begin
[2026-06-11T08:55:30.215] [Frame] [INFO] frame=11390 begin
[2026-06-11T08:55:30.223] [Frame] [INFO] frame=11391 begin
[2026-06-11T08:55:30.229] [Frame] [INFO] frame=11392 begin
[2026-06-11T08:55:30.237] [Frame] [INFO] frame=11393 begin
[2026-06-11T08:55:30.243] [Frame] [INFO] frame=11394 begin
[2026-06-11T08:55:30.250] [Frame] [INFO] frame=11395 begin
[2026-06-11T08:55:30.257] [Frame] [INFO] frame=11396 begin
[2026-06-11T08:55:30.264] [Frame] [INFO] frame=11397 begin
[2026-06-11T08:55:30.271] [Frame] [INFO] frame=11398 begin
[2026-06-11T08:55:30.279] [Frame] [INFO] frame=11399 begin
[2026-06-11T08:55:30.286] [Frame] [INFO] frame=11400 begin
[2026-06-11T08:55:30.292] [Frame] [INFO] frame=11401 begin
[2026-06-11T08:55:30.299] [Frame] [INFO] frame=11402 begin
[2026-06-11T08:55:30.306] [Frame] [INFO] frame=11403 begin
[2026-06-11T08:55:30.312] [Frame] [INFO] frame=11404 begin
[2026-06-11T08:55:30.320] [Frame] [INFO] frame=11405 begin
[2026-06-11T08:55:30.326] [Frame] [INFO] frame=11406 begin
[2026-06-11T08:55:30.333] [Frame] [INFO] frame=11407 begin
[2026-06-11T08:55:30.340] [Frame] [INFO] frame=11408 begin
[2026-06-11T08:55:30.346] [Frame] [INFO] frame=11409 begin
[2026-06-11T08:55:30.354] [Frame] [INFO] frame=11410 begin
[2026-06-11T08:55:30.361] [Frame] [INFO] frame=11411 begin
[2026-06-11T08:55:30.367] [Frame] [INFO] frame=11412 begin
[2026-06-11T08:55:30.374] [Frame] [INFO] frame=11413 begin
[2026-06-11T08:55:30.382] [Frame] [INFO] frame=11414 begin
[2026-06-11T08:55:30.389] [Frame] [INFO] frame=11415 begin
[2026-06-11T08:55:30.395] [Frame] [INFO] frame=11416 begin
[2026-06-11T08:55:30.402] [Frame] [INFO] frame=11417 begin
[2026-06-11T08:55:30.409] [Frame] [INFO] frame=11418 begin
[2026-06-11T08:55:30.416] [Frame] [INFO] frame=11419 begin
[2026-06-11T08:55:30.423] [Frame] [INFO] frame=11420 begin
[2026-06-11T08:55:30.429] [Frame] [INFO] frame=11421 begin
[2026-06-11T08:55:30.436] [Frame] [INFO] frame=11422 begin
[2026-06-11T08:55:30.443] [Frame] [INFO] frame=11423 begin
[2026-06-11T08:55:30.450] [Frame] [INFO] frame=11424 begin
[2026-06-11T08:55:30.457] [Frame] [INFO] frame=11425 begin
[2026-06-11T08:55:30.464] [Frame] [INFO] frame=11426 begin
[2026-06-11T08:55:30.470] [Frame] [INFO] frame=11427 begin
[2026-06-11T08:55:30.477] [Frame] [INFO] frame=11428 begin
[2026-06-11T08:55:30.485] [Frame] [INFO] frame=11429 begin
[2026-06-11T08:55:30.492] [Frame] [INFO] frame=11430 begin
[2026-06-11T08:55:30.498] [Frame] [INFO] frame=11431 begin
[2026-06-11T08:55:30.504] [Frame] [INFO] frame=11432 begin
[2026-06-11T08:55:30.512] [Frame] [INFO] frame=11433 begin
[2026-06-11T08:55:30.522] [Frame] [INFO] frame=11434 begin
[2026-06-11T08:55:30.526] [Frame] [INFO] frame=11435 begin
[2026-06-11T08:55:30.533] [Frame] [INFO] frame=11436 begin
[2026-06-11T08:55:30.540] [Frame] [INFO] frame=11437 begin
[2026-06-11T08:55:30.547] [Frame] [INFO] frame=11438 begin
[2026-06-11T08:55:30.554] [Frame] [INFO] frame=11439 begin
[2026-06-11T08:55:30.561] [Frame] [INFO] frame=11440 begin
[2026-06-11T08:55:30.567] [Frame] [INFO] frame=11441 begin
[2026-06-11T08:55:30.574] [Frame] [INFO] frame=11442 begin
[2026-06-11T08:55:30.582] [Frame] [INFO] frame=11443 begin
[2026-06-11T08:55:30.589] [Frame] [INFO] frame=11444 begin
[2026-06-11T08:55:30.596] [Frame] [INFO] frame=11445 begin
[2026-06-11T08:55:30.603] [Frame] [INFO] frame=11446 begin
[2026-06-11T08:55:30.610] [Frame] [INFO] frame=11447 begin
[2026-06-11T08:55:30.618] [Frame] [INFO] frame=11448 begin
[2026-06-11T08:55:30.624] [Frame] [INFO] frame=11449 begin
[2026-06-11T08:55:30.630] [Frame] [INFO] frame=11450 begin
[2026-06-11T08:55:30.638] [Frame] [INFO] frame=11451 begin
[2026-06-11T08:55:30.645] [Frame] [INFO] frame=11452 begin
[2026-06-11T08:55:30.652] [Frame] [INFO] frame=11453 begin
[2026-06-11T08:55:30.659] [Frame] [INFO] frame=11454 begin
[2026-06-11T08:55:30.666] [Frame] [INFO] frame=11455 begin
[2026-06-11T08:55:30.674] [Frame] [INFO] frame=11456 begin
[2026-06-11T08:55:30.681] [Frame] [INFO] frame=11457 begin
[2026-06-11T08:55:30.687] [Frame] [INFO] frame=11458 begin
[2026-06-11T08:55:30.694] [Frame] [INFO] frame=11459 begin
[2026-06-11T08:55:30.701] [Frame] [INFO] frame=11460 begin
[2026-06-11T08:55:30.708] [Frame] [INFO] frame=11461 begin
[2026-06-11T08:55:30.716] [Frame] [INFO] frame=11462 begin
[2026-06-11T08:55:30.722] [Frame] [INFO] frame=11463 begin
[2026-06-11T08:55:30.728] [Frame] [INFO] frame=11464 begin
[2026-06-11T08:55:30.735] [Frame] [INFO] frame=11465 begin
[2026-06-11T08:55:30.742] [Frame] [INFO] frame=11466 begin
[2026-06-11T08:55:30.750] [Frame] [INFO] frame=11467 begin
[2026-06-11T08:55:30.756] [Frame] [INFO] frame=11468 begin
[2026-06-11T08:55:30.763] [Frame] [INFO] frame=11469 begin
[2026-06-11T08:55:30.770] [Frame] [INFO] frame=11470 begin
[2026-06-11T08:55:30.777] [Frame] [INFO] frame=11471 begin
[2026-06-11T08:55:30.785] [Frame] [INFO] frame=11472 begin
[2026-06-11T08:55:30.790] [Frame] [INFO] frame=11473 begin
[2026-06-11T08:55:30.798] [Frame] [INFO] frame=11474 begin
[2026-06-11T08:55:30.805] [Frame] [INFO] frame=11475 begin
[2026-06-11T08:55:30.812] [Frame] [INFO] frame=11476 begin
[2026-06-11T08:55:30.819] [Frame] [INFO] frame=11477 begin
[2026-06-11T08:55:30.825] [Frame] [INFO] frame=11478 begin
[2026-06-11T08:55:30.832] [Frame] [INFO] frame=11479 begin
[2026-06-11T08:55:30.840] [Frame] [INFO] frame=11480 begin
[2026-06-11T08:55:30.847] [Frame] [INFO] frame=11481 begin
[2026-06-11T08:55:30.854] [Frame] [INFO] frame=11482 begin
[2026-06-11T08:55:30.861] [Frame] [INFO] frame=11483 begin
[2026-06-11T08:55:30.868] [Frame] [INFO] frame=11484 begin
[2026-06-11T08:55:30.876] [Frame] [INFO] frame=11485 begin
[2026-06-11T08:55:30.881] [Frame] [INFO] frame=11486 begin
[2026-06-11T08:55:30.889] [Frame] [INFO] frame=11487 begin
[2026-06-11T08:55:30.896] [Frame] [INFO] frame=11488 begin
[2026-06-11T08:55:30.902] [Frame] [INFO] frame=11489 begin
[2026-06-11T08:55:30.911] [Frame] [INFO] frame=11490 begin
[2026-06-11T08:55:30.915] [Frame] [INFO] frame=11491 begin
[2026-06-11T08:55:30.923] [Frame] [INFO] frame=11492 begin
[2026-06-11T08:55:30.929] [Frame] [INFO] frame=11493 begin
[2026-06-11T08:55:30.936] [Frame] [INFO] frame=11494 begin
[2026-06-11T08:55:30.944] [Frame] [INFO] frame=11495 begin
[2026-06-11T08:55:30.950] [Frame] [INFO] frame=11496 begin
[2026-06-11T08:55:30.957] [Frame] [INFO] frame=11497 begin
[2026-06-11T08:55:30.964] [Frame] [INFO] frame=11498 begin
[2026-06-11T08:55:30.971] [Frame] [INFO] frame=11499 begin
[2026-06-11T08:55:30.978] [Frame] [INFO] frame=11500 begin
[2026-06-11T08:55:30.985] [Frame] [INFO] frame=11501 begin
[2026-06-11T08:55:30.992] [Frame] [INFO] frame=11502 begin
[2026-06-11T08:55:30.999] [Frame] [INFO] frame=11503 begin
[2026-06-11T08:55:31.006] [Frame] [INFO] frame=11504 begin
[2026-06-11T08:55:31.012] [Frame] [INFO] frame=11505 begin
[2026-06-11T08:55:31.020] [Frame] [INFO] frame=11506 begin
[2026-06-11T08:55:31.026] [Frame] [INFO] frame=11507 begin
[2026-06-11T08:55:31.033] [Frame] [INFO] frame=11508 begin
[2026-06-11T08:55:31.040] [Frame] [INFO] frame=11509 begin
[2026-06-11T08:55:31.049] [Frame] [INFO] frame=11510 begin
[2026-06-11T08:55:31.055] [Frame] [INFO] frame=11511 begin
[2026-06-11T08:55:31.062] [Frame] [INFO] frame=11512 begin
[2026-06-11T08:55:31.063] [Frame] [INFO] frame=11513 begin
[2026-06-11T08:55:31.080] [Frame] [INFO] frame=11514 begin
[2026-06-11T08:55:31.084] [Frame] [INFO] frame=11515 begin
[2026-06-11T08:55:31.086] [Frame] [INFO] frame=11516 begin
[2026-06-11T08:55:31.091] [Frame] [INFO] frame=11517 begin
[2026-06-11T08:55:31.098] [Frame] [INFO] frame=11518 begin
[2026-06-11T08:55:31.106] [Frame] [INFO] frame=11519 begin
[2026-06-11T08:55:31.112] [Frame] [INFO] frame=11520 begin
[2026-06-11T08:55:31.119] [Frame] [INFO] frame=11521 begin
[2026-06-11T08:55:31.125] [Frame] [INFO] frame=11522 begin
[2026-06-11T08:55:31.133] [Frame] [INFO] frame=11523 begin
[2026-06-11T08:55:31.140] [Frame] [INFO] frame=11524 begin
[2026-06-11T08:55:31.147] [Frame] [INFO] frame=11525 begin
[2026-06-11T08:55:31.155] [Frame] [INFO] frame=11526 begin
[2026-06-11T08:55:31.160] [Frame] [INFO] frame=11527 begin
[2026-06-11T08:55:31.167] [Frame] [INFO] frame=11528 begin
[2026-06-11T08:55:31.175] [Frame] [INFO] frame=11529 begin
[2026-06-11T08:55:31.181] [Frame] [INFO] frame=11530 begin
[2026-06-11T08:55:31.188] [Frame] [INFO] frame=11531 begin
[2026-06-11T08:55:31.195] [Frame] [INFO] frame=11532 begin
[2026-06-11T08:55:31.203] [Frame] [INFO] frame=11533 begin
[2026-06-11T08:55:31.209] [Frame] [INFO] frame=11534 begin
[2026-06-11T08:55:31.216] [Frame] [INFO] frame=11535 begin
[2026-06-11T08:55:31.223] [Frame] [INFO] frame=11536 begin
[2026-06-11T08:55:31.231] [Frame] [INFO] frame=11537 begin
[2026-06-11T08:55:31.237] [Frame] [INFO] frame=11538 begin
[2026-06-11T08:55:31.244] [Frame] [INFO] frame=11539 begin
[2026-06-11T08:55:31.251] [Frame] [INFO] frame=11540 begin
[2026-06-11T08:55:31.258] [Frame] [INFO] frame=11541 begin
[2026-06-11T08:55:31.265] [Frame] [INFO] frame=11542 begin
[2026-06-11T08:55:31.272] [Frame] [INFO] frame=11543 begin
[2026-06-11T08:55:31.279] [Frame] [INFO] frame=11544 begin
[2026-06-11T08:55:31.286] [Frame] [INFO] frame=11545 begin
[2026-06-11T08:55:31.293] [Frame] [INFO] frame=11546 begin
[2026-06-11T08:55:31.299] [Frame] [INFO] frame=11547 begin
[2026-06-11T08:55:31.306] [Frame] [INFO] frame=11548 begin
[2026-06-11T08:55:31.313] [Frame] [INFO] frame=11549 begin
[2026-06-11T08:55:31.321] [Frame] [INFO] frame=11550 begin
[2026-06-11T08:55:31.327] [Frame] [INFO] frame=11551 begin
[2026-06-11T08:55:31.334] [Frame] [INFO] frame=11552 begin
[2026-06-11T08:55:31.341] [Frame] [INFO] frame=11553 begin
[2026-06-11T08:55:31.348] [Frame] [INFO] frame=11554 begin
[2026-06-11T08:55:31.356] [Frame] [INFO] frame=11555 begin
[2026-06-11T08:55:31.362] [Frame] [INFO] frame=11556 begin
[2026-06-11T08:55:31.369] [Frame] [INFO] frame=11557 begin
[2026-06-11T08:55:31.376] [Frame] [INFO] frame=11558 begin
[2026-06-11T08:55:31.383] [Frame] [INFO] frame=11559 begin
[2026-06-11T08:55:31.390] [Frame] [INFO] frame=11560 begin
[2026-06-11T08:55:31.396] [Frame] [INFO] frame=11561 begin
[2026-06-11T08:55:31.404] [Frame] [INFO] frame=11562 begin
[2026-06-11T08:55:31.410] [Frame] [INFO] frame=11563 begin
[2026-06-11T08:55:31.421] [Frame] [INFO] frame=11564 begin
[2026-06-11T08:55:31.425] [Frame] [INFO] frame=11565 begin
[2026-06-11T08:55:31.432] [Frame] [INFO] frame=11566 begin
[2026-06-11T08:55:31.439] [Frame] [INFO] frame=11567 begin
[2026-06-11T08:55:31.447] [Frame] [INFO] frame=11568 begin
[2026-06-11T08:55:31.452] [Frame] [INFO] frame=11569 begin
[2026-06-11T08:55:31.459] [Frame] [INFO] frame=11570 begin
[2026-06-11T08:55:31.467] [Frame] [INFO] frame=11571 begin
[2026-06-11T08:55:31.473] [Frame] [INFO] frame=11572 begin
[2026-06-11T08:55:31.480] [Frame] [INFO] frame=11573 begin
[2026-06-11T08:55:31.488] [Frame] [INFO] frame=11574 begin
[2026-06-11T08:55:31.494] [Frame] [INFO] frame=11575 begin
[2026-06-11T08:55:31.501] [Frame] [INFO] frame=11576 begin
[2026-06-11T08:55:31.509] [Frame] [INFO] frame=11577 begin
[2026-06-11T08:55:31.516] [Frame] [INFO] frame=11578 begin
[2026-06-11T08:55:31.521] [Frame] [INFO] frame=11579 begin
[2026-06-11T08:55:31.528] [Frame] [INFO] frame=11580 begin
[2026-06-11T08:55:31.535] [Frame] [INFO] frame=11581 begin
[2026-06-11T08:55:31.543] [Frame] [INFO] frame=11582 begin
[2026-06-11T08:55:31.550] [Frame] [INFO] frame=11583 begin
[2026-06-11T08:55:31.556] [Frame] [INFO] frame=11584 begin
[2026-06-11T08:55:31.563] [Frame] [INFO] frame=11585 begin
[2026-06-11T08:55:31.570] [Frame] [INFO] frame=11586 begin
[2026-06-11T08:55:31.577] [Frame] [INFO] frame=11587 begin
[2026-06-11T08:55:31.585] [Frame] [INFO] frame=11588 begin
[2026-06-11T08:55:31.591] [Frame] [INFO] frame=11589 begin
[2026-06-11T08:55:31.598] [Frame] [INFO] frame=11590 begin
[2026-06-11T08:55:31.605] [Frame] [INFO] frame=11591 begin
[2026-06-11T08:55:31.612] [Frame] [INFO] frame=11592 begin
[2026-06-11T08:55:31.619] [Frame] [INFO] frame=11593 begin
[2026-06-11T08:55:31.626] [Frame] [INFO] frame=11594 begin
[2026-06-11T08:55:31.634] [Frame] [INFO] frame=11595 begin
[2026-06-11T08:55:31.640] [Frame] [INFO] frame=11596 begin
[2026-06-11T08:55:31.646] [Frame] [INFO] frame=11597 begin
[2026-06-11T08:55:31.654] [Frame] [INFO] frame=11598 begin
[2026-06-11T08:55:31.660] [Frame] [INFO] frame=11599 begin
[2026-06-11T08:55:31.667] [Frame] [INFO] frame=11600 begin
[2026-06-11T08:55:31.673] [Frame] [INFO] frame=11601 begin
[2026-06-11T08:55:31.681] [Frame] [INFO] frame=11602 begin
[2026-06-11T08:55:31.687] [Frame] [INFO] frame=11603 begin
[2026-06-11T08:55:31.696] [Frame] [INFO] frame=11604 begin
[2026-06-11T08:55:31.702] [Frame] [INFO] frame=11605 begin
[2026-06-11T08:55:31.709] [Frame] [INFO] frame=11606 begin
[2026-06-11T08:55:31.716] [Frame] [INFO] frame=11607 begin
[2026-06-11T08:55:31.722] [Frame] [INFO] frame=11608 begin
[2026-06-11T08:55:31.729] [Frame] [INFO] frame=11609 begin
[2026-06-11T08:55:31.736] [Frame] [INFO] frame=11610 begin
[2026-06-11T08:55:31.743] [Frame] [INFO] frame=11611 begin
[2026-06-11T08:55:31.750] [Frame] [INFO] frame=11612 begin
[2026-06-11T08:55:31.757] [Frame] [INFO] frame=11613 begin
[2026-06-11T08:55:31.763] [Frame] [INFO] frame=11614 begin
[2026-06-11T08:55:31.770] [Frame] [INFO] frame=11615 begin
[2026-06-11T08:55:31.778] [Frame] [INFO] frame=11616 begin
[2026-06-11T08:55:31.784] [Frame] [INFO] frame=11617 begin
[2026-06-11T08:55:31.791] [Frame] [INFO] frame=11618 begin
[2026-06-11T08:55:31.798] [Frame] [INFO] frame=11619 begin
[2026-06-11T08:55:31.805] [Frame] [INFO] frame=11620 begin
[2026-06-11T08:55:31.812] [Frame] [INFO] frame=11621 begin
[2026-06-11T08:55:31.819] [Frame] [INFO] frame=11622 begin
[2026-06-11T08:55:31.827] [Frame] [INFO] frame=11623 begin
[2026-06-11T08:55:31.832] [Frame] [INFO] frame=11624 begin
[2026-06-11T08:55:31.840] [Frame] [INFO] frame=11625 begin
[2026-06-11T08:55:31.847] [Frame] [INFO] frame=11626 begin
[2026-06-11T08:55:31.854] [Frame] [INFO] frame=11627 begin
[2026-06-11T08:55:31.860] [Frame] [INFO] frame=11628 begin
[2026-06-11T08:55:31.867] [Frame] [INFO] frame=11629 begin
[2026-06-11T08:55:31.875] [Frame] [INFO] frame=11630 begin
[2026-06-11T08:55:31.881] [Frame] [INFO] frame=11631 begin
[2026-06-11T08:55:31.888] [Frame] [INFO] frame=11632 begin
[2026-06-11T08:55:31.896] [Frame] [INFO] frame=11633 begin
[2026-06-11T08:55:31.903] [Frame] [INFO] frame=11634 begin
[2026-06-11T08:55:31.909] [Frame] [INFO] frame=11635 begin
[2026-06-11T08:55:31.918] [Frame] [INFO] frame=11636 begin
[2026-06-11T08:55:31.923] [Frame] [INFO] frame=11637 begin
[2026-06-11T08:55:31.930] [Frame] [INFO] frame=11638 begin
[2026-06-11T08:55:31.938] [Frame] [INFO] frame=11639 begin
[2026-06-11T08:55:31.944] [Frame] [INFO] frame=11640 begin
[2026-06-11T08:55:31.951] [Frame] [INFO] frame=11641 begin
[2026-06-11T08:55:31.958] [Frame] [INFO] frame=11642 begin
[2026-06-11T08:55:31.965] [Frame] [INFO] frame=11643 begin
[2026-06-11T08:55:31.973] [Frame] [INFO] frame=11644 begin
[2026-06-11T08:55:31.979] [Frame] [INFO] frame=11645 begin
[2026-06-11T08:55:31.986] [Frame] [INFO] frame=11646 begin
[2026-06-11T08:55:31.994] [Frame] [INFO] frame=11647 begin
[2026-06-11T08:55:32.000] [Frame] [INFO] frame=11648 begin
[2026-06-11T08:55:32.007] [Frame] [INFO] frame=11649 begin
[2026-06-11T08:55:32.014] [Frame] [INFO] frame=11650 begin
[2026-06-11T08:55:32.021] [Frame] [INFO] frame=11651 begin
[2026-06-11T08:55:32.029] [Frame] [INFO] frame=11652 begin
[2026-06-11T08:55:32.034] [Frame] [INFO] frame=11653 begin
[2026-06-11T08:55:32.042] [Frame] [INFO] frame=11654 begin
[2026-06-11T08:55:32.048] [Frame] [INFO] frame=11655 begin
[2026-06-11T08:55:32.055] [Frame] [INFO] frame=11656 begin
[2026-06-11T08:55:32.062] [Frame] [INFO] frame=11657 begin
[2026-06-11T08:55:32.070] [Frame] [INFO] frame=11658 begin
[2026-06-11T08:55:32.077] [Frame] [INFO] frame=11659 begin
[2026-06-11T08:55:32.084] [Frame] [INFO] frame=11660 begin
[2026-06-11T08:55:32.087] [Frame] [INFO] frame=11661 begin
[2026-06-11T08:55:32.097] [Frame] [INFO] frame=11662 begin
[2026-06-11T08:55:32.104] [Frame] [INFO] frame=11663 begin
[2026-06-11T08:55:32.107] [Frame] [INFO] frame=11664 begin
[2026-06-11T08:55:32.112] [Frame] [INFO] frame=11665 begin
[2026-06-11T08:55:32.120] [Frame] [INFO] frame=11666 begin
[2026-06-11T08:55:32.126] [Frame] [INFO] frame=11667 begin
[2026-06-11T08:55:32.132] [Frame] [INFO] frame=11668 begin
[2026-06-11T08:55:32.141] [Frame] [INFO] frame=11669 begin
[2026-06-11T08:55:32.146] [Frame] [INFO] frame=11670 begin
[2026-06-11T08:55:32.154] [Frame] [INFO] frame=11671 begin
[2026-06-11T08:55:32.161] [Frame] [INFO] frame=11672 begin
[2026-06-11T08:55:32.168] [Frame] [INFO] frame=11673 begin
[2026-06-11T08:55:32.174] [Frame] [INFO] frame=11674 begin
[2026-06-11T08:55:32.181] [Frame] [INFO] frame=11675 begin
[2026-06-11T08:55:32.188] [Frame] [INFO] frame=11676 begin
[2026-06-11T08:55:32.196] [Frame] [INFO] frame=11677 begin
[2026-06-11T08:55:32.203] [Frame] [INFO] frame=11678 begin
[2026-06-11T08:55:32.209] [Frame] [INFO] frame=11679 begin
[2026-06-11T08:55:32.217] [Frame] [INFO] frame=11680 begin
[2026-06-11T08:55:32.223] [Frame] [INFO] frame=11681 begin
[2026-06-11T08:55:32.229] [Frame] [INFO] frame=11682 begin
[2026-06-11T08:55:32.237] [Frame] [INFO] frame=11683 begin
[2026-06-11T08:55:32.244] [Frame] [INFO] frame=11684 begin
[2026-06-11T08:55:32.249] [Frame] [INFO] frame=11685 begin
[2026-06-11T08:55:32.256] [Frame] [INFO] frame=11686 begin
[2026-06-11T08:55:32.264] [Frame] [INFO] frame=11687 begin
[2026-06-11T08:55:32.271] [Frame] [INFO] frame=11688 begin
[2026-06-11T08:55:32.278] [Frame] [INFO] frame=11689 begin
[2026-06-11T08:55:32.285] [Frame] [INFO] frame=11690 begin
[2026-06-11T08:55:32.292] [Frame] [INFO] frame=11691 begin
[2026-06-11T08:55:32.298] [Frame] [INFO] frame=11692 begin
[2026-06-11T08:55:32.305] [Frame] [INFO] frame=11693 begin
[2026-06-11T08:55:32.313] [Frame] [INFO] frame=11694 begin
[2026-06-11T08:55:32.319] [Frame] [INFO] frame=11695 begin
[2026-06-11T08:55:32.326] [Frame] [INFO] frame=11696 begin
[2026-06-11T08:55:32.334] [Frame] [INFO] frame=11697 begin
[2026-06-11T08:55:32.340] [Frame] [INFO] frame=11698 begin
[2026-06-11T08:55:32.347] [Frame] [INFO] frame=11699 begin
[2026-06-11T08:55:32.354] [Frame] [INFO] frame=11700 begin
[2026-06-11T08:55:32.361] [Frame] [INFO] frame=11701 begin
[2026-06-11T08:55:32.368] [Frame] [INFO] frame=11702 begin
[2026-06-11T08:55:32.374] [Frame] [INFO] frame=11703 begin
[2026-06-11T08:55:32.382] [Frame] [INFO] frame=11704 begin
[2026-06-11T08:55:32.389] [Frame] [INFO] frame=11705 begin
[2026-06-11T08:55:32.395] [Frame] [INFO] frame=11706 begin
[2026-06-11T08:55:32.403] [Frame] [INFO] frame=11707 begin
[2026-06-11T08:55:32.409] [Frame] [INFO] frame=11708 begin
[2026-06-11T08:55:32.417] [Frame] [INFO] frame=11709 begin
[2026-06-11T08:55:32.423] [Frame] [INFO] frame=11710 begin
[2026-06-11T08:55:32.431] [Frame] [INFO] frame=11711 begin
[2026-06-11T08:55:32.438] [Frame] [INFO] frame=11712 begin
[2026-06-11T08:55:32.444] [Frame] [INFO] frame=11713 begin
[2026-06-11T08:55:32.451] [Frame] [INFO] frame=11714 begin
[2026-06-11T08:55:32.458] [Frame] [INFO] frame=11715 begin
[2026-06-11T08:55:32.466] [Frame] [INFO] frame=11716 begin
[2026-06-11T08:55:32.473] [Frame] [INFO] frame=11717 begin
[2026-06-11T08:55:32.479] [Frame] [INFO] frame=11718 begin
[2026-06-11T08:55:32.486] [Frame] [INFO] frame=11719 begin
[2026-06-11T08:55:32.493] [Frame] [INFO] frame=11720 begin
[2026-06-11T08:55:32.500] [Frame] [INFO] frame=11721 begin
[2026-06-11T08:55:32.507] [Frame] [INFO] frame=11722 begin
[2026-06-11T08:55:32.515] [Frame] [INFO] frame=11723 begin
[2026-06-11T08:55:32.521] [Frame] [INFO] frame=11724 begin
[2026-06-11T08:55:32.528] [Frame] [INFO] frame=11725 begin
[2026-06-11T08:55:32.535] [Frame] [INFO] frame=11726 begin
[2026-06-11T08:55:32.542] [Frame] [INFO] frame=11727 begin
[2026-06-11T08:55:32.548] [Frame] [INFO] frame=11728 begin
[2026-06-11T08:55:32.555] [Frame] [INFO] frame=11729 begin
[2026-06-11T08:55:32.562] [Frame] [INFO] frame=11730 begin
[2026-06-11T08:55:32.570] [Frame] [INFO] frame=11731 begin
[2026-06-11T08:55:32.576] [Frame] [INFO] frame=11732 begin
[2026-06-11T08:55:32.583] [Frame] [INFO] frame=11733 begin
[2026-06-11T08:55:32.590] [Frame] [INFO] frame=11734 begin
[2026-06-11T08:55:32.597] [Frame] [INFO] frame=11735 begin
[2026-06-11T08:55:32.606] [Frame] [INFO] frame=11736 begin
[2026-06-11T08:55:32.611] [Frame] [INFO] frame=11737 begin
[2026-06-11T08:55:32.617] [Frame] [INFO] frame=11738 begin
[2026-06-11T08:55:32.624] [Frame] [INFO] frame=11739 begin
[2026-06-11T08:55:32.631] [Frame] [INFO] frame=11740 begin
[2026-06-11T08:55:32.638] [Frame] [INFO] frame=11741 begin
[2026-06-11T08:55:32.645] [Frame] [INFO] frame=11742 begin
[2026-06-11T08:55:32.653] [Frame] [INFO] frame=11743 begin
[2026-06-11T08:55:32.659] [Frame] [INFO] frame=11744 begin
[2026-06-11T08:55:32.668] [Frame] [INFO] frame=11745 begin
[2026-06-11T08:55:32.673] [Frame] [INFO] frame=11746 begin
[2026-06-11T08:55:32.681] [Frame] [INFO] frame=11747 begin
[2026-06-11T08:55:32.689] [Frame] [INFO] frame=11748 begin
[2026-06-11T08:55:32.694] [Frame] [INFO] frame=11749 begin
[2026-06-11T08:55:32.700] [Frame] [INFO] frame=11750 begin
[2026-06-11T08:55:32.706] [Frame] [INFO] frame=11751 begin
[2026-06-11T08:55:32.709] [Frame] [INFO] frame=11752 begin
[2026-06-11T08:55:32.721] [Frame] [INFO] frame=11753 begin
[2026-06-11T08:55:32.730] [Frame] [INFO] frame=11754 begin
[2026-06-11T08:55:32.733] [Frame] [INFO] frame=11755 begin
[2026-06-11T08:55:32.736] [Frame] [INFO] frame=11756 begin
[2026-06-11T08:55:32.743] [Frame] [INFO] frame=11757 begin
[2026-06-11T08:55:32.751] [Frame] [INFO] frame=11758 begin
[2026-06-11T08:55:32.757] [Frame] [INFO] frame=11759 begin
[2026-06-11T08:55:32.764] [Frame] [INFO] frame=11760 begin
[2026-06-11T08:55:32.771] [Frame] [INFO] frame=11761 begin
[2026-06-11T08:55:32.778] [Frame] [INFO] frame=11762 begin
[2026-06-11T08:55:32.785] [Frame] [INFO] frame=11763 begin
[2026-06-11T08:55:32.792] [Frame] [INFO] frame=11764 begin
[2026-06-11T08:55:32.798] [Frame] [INFO] frame=11765 begin
[2026-06-11T08:55:32.806] [Frame] [INFO] frame=11766 begin
[2026-06-11T08:55:32.809] [Frame] [INFO] frame=11767 begin
[2026-06-11T08:55:32.819] [Frame] [INFO] frame=11768 begin
[2026-06-11T08:55:32.827] [Frame] [INFO] frame=11769 begin
[2026-06-11T08:55:32.830] [Frame] [INFO] frame=11770 begin
[2026-06-11T08:55:32.834] [Frame] [INFO] frame=11771 begin
[2026-06-11T08:55:32.840] [Frame] [INFO] frame=11772 begin
[2026-06-11T08:55:32.848] [Frame] [INFO] frame=11773 begin
[2026-06-11T08:55:32.854] [Frame] [INFO] frame=11774 begin
[2026-06-11T08:55:32.861] [Frame] [INFO] frame=11775 begin
[2026-06-11T08:55:32.868] [Frame] [INFO] frame=11776 begin
[2026-06-11T08:55:32.875] [Frame] [INFO] frame=11777 begin
[2026-06-11T08:55:32.882] [Frame] [INFO] frame=11778 begin
[2026-06-11T08:55:32.889] [Frame] [INFO] frame=11779 begin
[2026-06-11T08:55:32.896] [Frame] [INFO] frame=11780 begin
[2026-06-11T08:55:32.903] [Frame] [INFO] frame=11781 begin
[2026-06-11T08:55:32.909] [Frame] [INFO] frame=11782 begin
[2026-06-11T08:55:32.917] [Frame] [INFO] frame=11783 begin
[2026-06-11T08:55:32.924] [Frame] [INFO] frame=11784 begin
[2026-06-11T08:55:32.930] [Frame] [INFO] frame=11785 begin
[2026-06-11T08:55:32.938] [Frame] [INFO] frame=11786 begin
[2026-06-11T08:55:32.944] [Frame] [INFO] frame=11787 begin
[2026-06-11T08:55:32.951] [Frame] [INFO] frame=11788 begin
[2026-06-11T08:55:32.958] [Frame] [INFO] frame=11789 begin
[2026-06-11T08:55:32.966] [Frame] [INFO] frame=11790 begin
[2026-06-11T08:55:32.972] [Frame] [INFO] frame=11791 begin
[2026-06-11T08:55:32.979] [Frame] [INFO] frame=11792 begin
[2026-06-11T08:55:32.985] [Frame] [INFO] frame=11793 begin
[2026-06-11T08:55:32.992] [Frame] [INFO] frame=11794 begin
[2026-06-11T08:55:33.000] [Frame] [INFO] frame=11795 begin
[2026-06-11T08:55:33.006] [Frame] [INFO] frame=11796 begin
[2026-06-11T08:55:33.013] [Frame] [INFO] frame=11797 begin
[2026-06-11T08:55:33.020] [Frame] [INFO] frame=11798 begin
[2026-06-11T08:55:33.027] [Frame] [INFO] frame=11799 begin
[2026-06-11T08:55:33.034] [Frame] [INFO] frame=11800 begin
[2026-06-11T08:55:33.041] [Frame] [INFO] frame=11801 begin
[2026-06-11T08:55:33.048] [Frame] [INFO] frame=11802 begin
[2026-06-11T08:55:33.054] [Frame] [INFO] frame=11803 begin
[2026-06-11T08:55:33.062] [Frame] [INFO] frame=11804 begin
[2026-06-11T08:55:33.069] [Frame] [INFO] frame=11805 begin
[2026-06-11T08:55:33.070] [Frame] [INFO] frame=11806 begin
[2026-06-11T08:55:33.082] [Frame] [INFO] frame=11807 begin
[2026-06-11T08:55:33.090] [Frame] [INFO] frame=11808 begin
[2026-06-11T08:55:33.092] [Frame] [INFO] frame=11809 begin
[2026-06-11T08:55:33.097] [Frame] [INFO] frame=11810 begin
[2026-06-11T08:55:33.104] [Frame] [INFO] frame=11811 begin
[2026-06-11T08:55:33.111] [Frame] [INFO] frame=11812 begin
[2026-06-11T08:55:33.118] [Frame] [INFO] frame=11813 begin
[2026-06-11T08:55:33.125] [Frame] [INFO] frame=11814 begin
[2026-06-11T08:55:33.131] [Frame] [INFO] frame=11815 begin
[2026-06-11T08:55:33.139] [Frame] [INFO] frame=11816 begin
[2026-06-11T08:55:33.146] [Frame] [INFO] frame=11817 begin
[2026-06-11T08:55:33.153] [Frame] [INFO] frame=11818 begin
[2026-06-11T08:55:33.159] [Frame] [INFO] frame=11819 begin
[2026-06-11T08:55:33.166] [Frame] [INFO] frame=11820 begin
[2026-06-11T08:55:33.173] [Frame] [INFO] frame=11821 begin
[2026-06-11T08:55:33.179] [Frame] [INFO] frame=11822 begin
[2026-06-11T08:55:33.186] [Frame] [INFO] frame=11823 begin
[2026-06-11T08:55:33.195] [Frame] [INFO] frame=11824 begin
[2026-06-11T08:55:33.201] [Frame] [INFO] frame=11825 begin
[2026-06-11T08:55:33.207] [Frame] [INFO] frame=11826 begin
[2026-06-11T08:55:33.214] [Frame] [INFO] frame=11827 begin
[2026-06-11T08:55:33.223] [Frame] [INFO] frame=11828 begin
[2026-06-11T08:55:33.229] [Frame] [INFO] frame=11829 begin
[2026-06-11T08:55:33.235] [Frame] [INFO] frame=11830 begin
[2026-06-11T08:55:33.243] [Frame] [INFO] frame=11831 begin
[2026-06-11T08:55:33.249] [Frame] [INFO] frame=11832 begin
[2026-06-11T08:55:33.255] [Frame] [INFO] frame=11833 begin
[2026-06-11T08:55:33.263] [Frame] [INFO] frame=11834 begin
[2026-06-11T08:55:33.269] [Frame] [INFO] frame=11835 begin
[2026-06-11T08:55:33.276] [Frame] [INFO] frame=11836 begin
[2026-06-11T08:55:33.283] [Frame] [INFO] frame=11837 begin
[2026-06-11T08:55:33.291] [Frame] [INFO] frame=11838 begin
[2026-06-11T08:55:33.298] [Frame] [INFO] frame=11839 begin
[2026-06-11T08:55:33.304] [Frame] [INFO] frame=11840 begin
[2026-06-11T08:55:33.311] [Frame] [INFO] frame=11841 begin
[2026-06-11T08:55:33.318] [Frame] [INFO] frame=11842 begin
[2026-06-11T08:55:33.325] [Frame] [INFO] frame=11843 begin
[2026-06-11T08:55:33.332] [Frame] [INFO] frame=11844 begin
[2026-06-11T08:55:33.339] [Frame] [INFO] frame=11845 begin
[2026-06-11T08:55:33.346] [Frame] [INFO] frame=11846 begin
[2026-06-11T08:55:33.349] [Frame] [INFO] frame=11847 begin
[2026-06-11T08:55:33.361] [Frame] [INFO] frame=11848 begin
[2026-06-11T08:55:33.362] [Frame] [INFO] frame=11849 begin
[2026-06-11T08:55:33.367] [Frame] [INFO] frame=11850 begin
[2026-06-11T08:55:33.375] [Frame] [INFO] frame=11851 begin
[2026-06-11T08:55:33.382] [Frame] [INFO] frame=11852 begin
[2026-06-11T08:55:33.385] [Frame] [INFO] frame=11853 begin
[2026-06-11T08:55:33.389] [Frame] [INFO] frame=11854 begin
[2026-06-11T08:55:33.395] [Frame] [INFO] frame=11855 begin
[2026-06-11T08:55:33.403] [Frame] [INFO] frame=11856 begin
[2026-06-11T08:55:33.410] [Frame] [INFO] frame=11857 begin
[2026-06-11T08:55:33.417] [Frame] [INFO] frame=11858 begin
[2026-06-11T08:55:33.423] [Frame] [INFO] frame=11859 begin
[2026-06-11T08:55:33.430] [Frame] [INFO] frame=11860 begin
[2026-06-11T08:55:33.437] [Frame] [INFO] frame=11861 begin
[2026-06-11T08:55:33.444] [Frame] [INFO] frame=11862 begin
[2026-06-11T08:55:33.451] [Frame] [INFO] frame=11863 begin
[2026-06-11T08:55:33.458] [Frame] [INFO] frame=11864 begin
[2026-06-11T08:55:33.465] [Frame] [INFO] frame=11865 begin
[2026-06-11T08:55:33.472] [Frame] [INFO] frame=11866 begin
[2026-06-11T08:55:33.479] [Frame] [INFO] frame=11867 begin
[2026-06-11T08:55:33.487] [Frame] [INFO] frame=11868 begin
[2026-06-11T08:55:33.493] [Frame] [INFO] frame=11869 begin
[2026-06-11T08:55:33.500] [Frame] [INFO] frame=11870 begin
[2026-06-11T08:55:33.507] [Frame] [INFO] frame=11871 begin
[2026-06-11T08:55:33.514] [Frame] [INFO] frame=11872 begin
[2026-06-11T08:55:33.520] [Frame] [INFO] frame=11873 begin
[2026-06-11T08:55:33.528] [Frame] [INFO] frame=11874 begin
[2026-06-11T08:55:33.535] [Frame] [INFO] frame=11875 begin
[2026-06-11T08:55:33.541] [Frame] [INFO] frame=11876 begin
[2026-06-11T08:55:33.549] [Frame] [INFO] frame=11877 begin
[2026-06-11T08:55:33.556] [Frame] [INFO] frame=11878 begin
[2026-06-11T08:55:33.563] [Frame] [INFO] frame=11879 begin
[2026-06-11T08:55:33.570] [Frame] [INFO] frame=11880 begin
[2026-06-11T08:55:33.577] [Frame] [INFO] frame=11881 begin
[2026-06-11T08:55:33.584] [Frame] [INFO] frame=11882 begin
[2026-06-11T08:55:33.591] [Frame] [INFO] frame=11883 begin
[2026-06-11T08:55:33.598] [Frame] [INFO] frame=11884 begin
[2026-06-11T08:55:33.605] [Frame] [INFO] frame=11885 begin
[2026-06-11T08:55:33.614] [Frame] [INFO] frame=11886 begin
[2026-06-11T08:55:33.619] [Frame] [INFO] frame=11887 begin
[2026-06-11T08:55:33.626] [Frame] [INFO] frame=11888 begin
[2026-06-11T08:55:33.632] [Frame] [INFO] frame=11889 begin
[2026-06-11T08:55:33.641] [Frame] [INFO] frame=11890 begin
[2026-06-11T08:55:33.646] [Frame] [INFO] frame=11891 begin
[2026-06-11T08:55:33.653] [Frame] [INFO] frame=11892 begin
[2026-06-11T08:55:33.661] [Frame] [INFO] frame=11893 begin
[2026-06-11T08:55:33.668] [Frame] [INFO] frame=11894 begin
[2026-06-11T08:55:33.674] [Frame] [INFO] frame=11895 begin
[2026-06-11T08:55:33.681] [Frame] [INFO] frame=11896 begin
[2026-06-11T08:55:33.688] [Frame] [INFO] frame=11897 begin
[2026-06-11T08:55:33.695] [Frame] [INFO] frame=11898 begin
[2026-06-11T08:55:33.702] [Frame] [INFO] frame=11899 begin
[2026-06-11T08:55:33.708] [Frame] [INFO] frame=11900 begin
[2026-06-11T08:55:33.716] [Frame] [INFO] frame=11901 begin
[2026-06-11T08:55:33.724] [Frame] [INFO] frame=11902 begin
[2026-06-11T08:55:33.730] [Frame] [INFO] frame=11903 begin
[2026-06-11T08:55:33.736] [Frame] [INFO] frame=11904 begin
[2026-06-11T08:55:33.744] [Frame] [INFO] frame=11905 begin
[2026-06-11T08:55:33.751] [Frame] [INFO] frame=11906 begin
[2026-06-11T08:55:33.757] [Frame] [INFO] frame=11907 begin
[2026-06-11T08:55:33.765] [Frame] [INFO] frame=11908 begin
[2026-06-11T08:55:33.772] [Frame] [INFO] frame=11909 begin
[2026-06-11T08:55:33.779] [Frame] [INFO] frame=11910 begin
[2026-06-11T08:55:33.785] [Frame] [INFO] frame=11911 begin
[2026-06-11T08:55:33.794] [Frame] [INFO] frame=11912 begin
[2026-06-11T08:55:33.800] [Frame] [INFO] frame=11913 begin
[2026-06-11T08:55:33.806] [Frame] [INFO] frame=11914 begin
[2026-06-11T08:55:33.813] [Frame] [INFO] frame=11915 begin
[2026-06-11T08:55:33.821] [Frame] [INFO] frame=11916 begin
[2026-06-11T08:55:33.827] [Frame] [INFO] frame=11917 begin
[2026-06-11T08:55:33.834] [Frame] [INFO] frame=11918 begin
[2026-06-11T08:55:33.841] [Frame] [INFO] frame=11919 begin
[2026-06-11T08:55:33.847] [Frame] [INFO] frame=11920 begin
[2026-06-11T08:55:33.855] [Frame] [INFO] frame=11921 begin
[2026-06-11T08:55:33.861] [Frame] [INFO] frame=11922 begin
[2026-06-11T08:55:33.869] [Frame] [INFO] frame=11923 begin
[2026-06-11T08:55:33.876] [Frame] [INFO] frame=11924 begin
[2026-06-11T08:55:33.883] [Frame] [INFO] frame=11925 begin
[2026-06-11T08:55:33.889] [Frame] [INFO] frame=11926 begin
[2026-06-11T08:55:33.897] [Frame] [INFO] frame=11927 begin
[2026-06-11T08:55:33.904] [Frame] [INFO] frame=11928 begin
[2026-06-11T08:55:33.911] [Frame] [INFO] frame=11929 begin
[2026-06-11T08:55:33.918] [Frame] [INFO] frame=11930 begin
[2026-06-11T08:55:33.924] [Frame] [INFO] frame=11931 begin
[2026-06-11T08:55:33.932] [Frame] [INFO] frame=11932 begin
[2026-06-11T08:55:33.939] [Frame] [INFO] frame=11933 begin
[2026-06-11T08:55:33.945] [Frame] [INFO] frame=11934 begin
[2026-06-11T08:55:33.953] [Frame] [INFO] frame=11935 begin
[2026-06-11T08:55:33.959] [Frame] [INFO] frame=11936 begin
[2026-06-11T08:55:33.965] [Frame] [INFO] frame=11937 begin
[2026-06-11T08:55:33.973] [Frame] [INFO] frame=11938 begin
[2026-06-11T08:55:33.980] [Frame] [INFO] frame=11939 begin
[2026-06-11T08:55:33.987] [Frame] [INFO] frame=11940 begin
[2026-06-11T08:55:33.993] [Frame] [INFO] frame=11941 begin
[2026-06-11T08:55:34.001] [Frame] [INFO] frame=11942 begin
[2026-06-11T08:55:34.007] [Frame] [INFO] frame=11943 begin
[2026-06-11T08:55:34.014] [Frame] [INFO] frame=11944 begin
[2026-06-11T08:55:34.021] [Frame] [INFO] frame=11945 begin
[2026-06-11T08:55:34.028] [Frame] [INFO] frame=11946 begin
[2026-06-11T08:55:34.035] [Frame] [INFO] frame=11947 begin
[2026-06-11T08:55:34.043] [Frame] [INFO] frame=11948 begin
[2026-06-11T08:55:34.049] [Frame] [INFO] frame=11949 begin
[2026-06-11T08:55:34.056] [Frame] [INFO] frame=11950 begin
[2026-06-11T08:55:34.063] [Frame] [INFO] frame=11951 begin
[2026-06-11T08:55:34.071] [Frame] [INFO] frame=11952 begin
[2026-06-11T08:55:34.077] [Frame] [INFO] frame=11953 begin
[2026-06-11T08:55:34.083] [Frame] [INFO] frame=11954 begin
[2026-06-11T08:55:34.091] [Frame] [INFO] frame=11955 begin
[2026-06-11T08:55:34.097] [Frame] [INFO] frame=11956 begin
[2026-06-11T08:55:34.105] [Frame] [INFO] frame=11957 begin
[2026-06-11T08:55:34.112] [Frame] [INFO] frame=11958 begin
[2026-06-11T08:55:34.119] [Frame] [INFO] frame=11959 begin
[2026-06-11T08:55:34.125] [Frame] [INFO] frame=11960 begin
[2026-06-11T08:55:34.132] [Frame] [INFO] frame=11961 begin
[2026-06-11T08:55:34.139] [Frame] [INFO] frame=11962 begin
[2026-06-11T08:55:34.146] [Frame] [INFO] frame=11963 begin
[2026-06-11T08:55:34.153] [Frame] [INFO] frame=11964 begin
[2026-06-11T08:55:34.155] [Frame] [INFO] frame=11965 begin
[2026-06-11T08:55:34.167] [Frame] [INFO] frame=11966 begin
[2026-06-11T08:55:34.175] [Frame] [INFO] frame=11967 begin
[2026-06-11T08:55:34.179] [Frame] [INFO] frame=11968 begin
[2026-06-11T08:55:34.183] [Frame] [INFO] frame=11969 begin
[2026-06-11T08:55:34.188] [Frame] [INFO] frame=11970 begin
[2026-06-11T08:55:34.196] [Frame] [INFO] frame=11971 begin
[2026-06-11T08:55:34.202] [Frame] [INFO] frame=11972 begin
[2026-06-11T08:55:34.209] [Frame] [INFO] frame=11973 begin
[2026-06-11T08:55:34.217] [Frame] [INFO] frame=11974 begin
[2026-06-11T08:55:34.224] [Frame] [INFO] frame=11975 begin
[2026-06-11T08:55:34.230] [Frame] [INFO] frame=11976 begin
[2026-06-11T08:55:34.237] [Frame] [INFO] frame=11977 begin
[2026-06-11T08:55:34.244] [Frame] [INFO] frame=11978 begin
[2026-06-11T08:55:34.251] [Frame] [INFO] frame=11979 begin
[2026-06-11T08:55:34.257] [Frame] [INFO] frame=11980 begin
[2026-06-11T08:55:34.264] [Frame] [INFO] frame=11981 begin
[2026-06-11T08:55:34.272] [Frame] [INFO] frame=11982 begin
[2026-06-11T08:55:34.279] [Frame] [INFO] frame=11983 begin
[2026-06-11T08:55:34.285] [Frame] [INFO] frame=11984 begin
[2026-06-11T08:55:34.293] [Frame] [INFO] frame=11985 begin
[2026-06-11T08:55:34.298] [Frame] [INFO] frame=11986 begin
[2026-06-11T08:55:34.306] [Frame] [INFO] frame=11987 begin
[2026-06-11T08:55:34.313] [Frame] [INFO] frame=11988 begin
[2026-06-11T08:55:34.321] [Frame] [INFO] frame=11989 begin
[2026-06-11T08:55:34.327] [Frame] [INFO] frame=11990 begin
[2026-06-11T08:55:34.335] [Frame] [INFO] frame=11991 begin
[2026-06-11T08:55:34.341] [Frame] [INFO] frame=11992 begin
[2026-06-11T08:55:34.348] [Frame] [INFO] frame=11993 begin
[2026-06-11T08:55:34.356] [Frame] [INFO] frame=11994 begin
[2026-06-11T08:55:34.363] [Frame] [INFO] frame=11995 begin
[2026-06-11T08:55:34.373] [Frame] [INFO] frame=11996 begin
[2026-06-11T08:55:34.377] [Frame] [INFO] frame=11997 begin
[2026-06-11T08:55:34.384] [Frame] [INFO] frame=11998 begin
[2026-06-11T08:55:34.391] [Frame] [INFO] frame=11999 begin
[2026-06-11T08:55:34.398] [Frame] [INFO] frame=12000 begin
[2026-06-11T08:55:34.405] [Frame] [INFO] frame=12001 begin
[2026-06-11T08:55:34.412] [Frame] [INFO] frame=12002 begin
[2026-06-11T08:55:34.419] [Frame] [INFO] frame=12003 begin
[2026-06-11T08:55:34.426] [Frame] [INFO] frame=12004 begin
[2026-06-11T08:55:34.432] [Frame] [INFO] frame=12005 begin
[2026-06-11T08:55:34.439] [Frame] [INFO] frame=12006 begin
[2026-06-11T08:55:34.446] [Frame] [INFO] frame=12007 begin
[2026-06-11T08:55:34.453] [Frame] [INFO] frame=12008 begin
[2026-06-11T08:55:34.459] [Frame] [INFO] frame=12009 begin
[2026-06-11T08:55:34.466] [Frame] [INFO] frame=12010 begin
[2026-06-11T08:55:34.473] [Frame] [INFO] frame=12011 begin
[2026-06-11T08:55:34.481] [Frame] [INFO] frame=12012 begin
[2026-06-11T08:55:34.487] [Frame] [INFO] frame=12013 begin
[2026-06-11T08:55:34.494] [Frame] [INFO] frame=12014 begin
[2026-06-11T08:55:34.501] [Frame] [INFO] frame=12015 begin
[2026-06-11T08:55:34.508] [Frame] [INFO] frame=12016 begin
[2026-06-11T08:55:34.514] [Frame] [INFO] frame=12017 begin
[2026-06-11T08:55:34.521] [Frame] [INFO] frame=12018 begin
[2026-06-11T08:55:34.527] [Frame] [INFO] frame=12019 begin
[2026-06-11T08:55:34.534] [Frame] [INFO] frame=12020 begin
[2026-06-11T08:55:34.542] [Frame] [INFO] frame=12021 begin
[2026-06-11T08:55:34.549] [Frame] [INFO] frame=12022 begin
[2026-06-11T08:55:34.555] [Frame] [INFO] frame=12023 begin
[2026-06-11T08:55:34.562] [Frame] [INFO] frame=12024 begin
[2026-06-11T08:55:34.569] [Frame] [INFO] frame=12025 begin
[2026-06-11T08:55:34.577] [Frame] [INFO] frame=12026 begin
[2026-06-11T08:55:34.584] [Frame] [INFO] frame=12027 begin
[2026-06-11T08:55:34.590] [Frame] [INFO] frame=12028 begin
[2026-06-11T08:55:34.597] [Frame] [INFO] frame=12029 begin
[2026-06-11T08:55:34.604] [Frame] [INFO] frame=12030 begin
[2026-06-11T08:55:34.610] [Frame] [INFO] frame=12031 begin
[2026-06-11T08:55:34.618] [Frame] [INFO] frame=12032 begin
[2026-06-11T08:55:34.624] [Frame] [INFO] frame=12033 begin
[2026-06-11T08:55:34.633] [Frame] [INFO] frame=12034 begin
[2026-06-11T08:55:34.638] [Frame] [INFO] frame=12035 begin
[2026-06-11T08:55:34.645] [Frame] [INFO] frame=12036 begin
[2026-06-11T08:55:34.651] [Frame] [INFO] frame=12037 begin
[2026-06-11T08:55:34.658] [Frame] [INFO] frame=12038 begin
[2026-06-11T08:55:34.665] [Frame] [INFO] frame=12039 begin
[2026-06-11T08:55:34.672] [Frame] [INFO] frame=12040 begin
[2026-06-11T08:55:34.679] [Frame] [INFO] frame=12041 begin
[2026-06-11T08:55:34.685] [Frame] [INFO] frame=12042 begin
[2026-06-11T08:55:34.692] [Frame] [INFO] frame=12043 begin
[2026-06-11T08:55:34.699] [Frame] [INFO] frame=12044 begin
[2026-06-11T08:55:34.706] [Frame] [INFO] frame=12045 begin
[2026-06-11T08:55:34.713] [Frame] [INFO] frame=12046 begin
[2026-06-11T08:55:34.720] [Frame] [INFO] frame=12047 begin
[2026-06-11T08:55:34.727] [Frame] [INFO] frame=12048 begin
[2026-06-11T08:55:34.734] [Frame] [INFO] frame=12049 begin
[2026-06-11T08:55:34.741] [Frame] [INFO] frame=12050 begin
[2026-06-11T08:55:34.748] [Frame] [INFO] frame=12051 begin
[2026-06-11T08:55:34.755] [Frame] [INFO] frame=12052 begin
[2026-06-11T08:55:34.761] [Frame] [INFO] frame=12053 begin
[2026-06-11T08:55:34.769] [Frame] [INFO] frame=12054 begin
[2026-06-11T08:55:34.776] [Frame] [INFO] frame=12055 begin
[2026-06-11T08:55:34.782] [Frame] [INFO] frame=12056 begin
[2026-06-11T08:55:34.790] [Frame] [INFO] frame=12057 begin
[2026-06-11T08:55:34.796] [Frame] [INFO] frame=12058 begin
[2026-06-11T08:55:34.803] [Frame] [INFO] frame=12059 begin
[2026-06-11T08:55:34.813] [Frame] [INFO] frame=12060 begin
[2026-06-11T08:55:34.817] [Frame] [INFO] frame=12061 begin
[2026-06-11T08:55:34.824] [Frame] [INFO] frame=12062 begin
[2026-06-11T08:55:34.830] [Frame] [INFO] frame=12063 begin
[2026-06-11T08:55:34.833] [Frame] [INFO] frame=12064 begin
[2026-06-11T08:55:34.844] [Frame] [INFO] frame=12065 begin
[2026-06-11T08:55:34.851] [Frame] [INFO] frame=12066 begin
[2026-06-11T08:55:34.853] [Frame] [INFO] frame=12067 begin
[2026-06-11T08:55:34.857] [Frame] [INFO] frame=12068 begin
[2026-06-11T08:55:34.864] [Frame] [INFO] frame=12069 begin
[2026-06-11T08:55:34.872] [Frame] [INFO] frame=12070 begin
[2026-06-11T08:55:34.878] [Frame] [INFO] frame=12071 begin
[2026-06-11T08:55:34.886] [Frame] [INFO] frame=12072 begin
[2026-06-11T08:55:34.893] [Frame] [INFO] frame=12073 begin
[2026-06-11T08:55:34.899] [Frame] [INFO] frame=12074 begin
[2026-06-11T08:55:34.906] [Frame] [INFO] frame=12075 begin
[2026-06-11T08:55:34.912] [Frame] [INFO] frame=12076 begin
[2026-06-11T08:55:34.921] [Frame] [INFO] frame=12077 begin
[2026-06-11T08:55:34.928] [Frame] [INFO] frame=12078 begin
[2026-06-11T08:55:34.934] [Frame] [INFO] frame=12079 begin
[2026-06-11T08:55:34.940] [Frame] [INFO] frame=12080 begin
[2026-06-11T08:55:34.947] [Frame] [INFO] frame=12081 begin
[2026-06-11T08:55:34.955] [Frame] [INFO] frame=12082 begin
[2026-06-11T08:55:34.962] [Frame] [INFO] frame=12083 begin
[2026-06-11T08:55:34.968] [Frame] [INFO] frame=12084 begin
[2026-06-11T08:55:34.975] [Frame] [INFO] frame=12085 begin
[2026-06-11T08:55:34.983] [Frame] [INFO] frame=12086 begin
[2026-06-11T08:55:34.989] [Frame] [INFO] frame=12087 begin
[2026-06-11T08:55:34.996] [Frame] [INFO] frame=12088 begin
[2026-06-11T08:55:35.002] [Frame] [INFO] frame=12089 begin
[2026-06-11T08:55:35.010] [Frame] [INFO] frame=12090 begin
[2026-06-11T08:55:35.016] [Frame] [INFO] frame=12091 begin
[2026-06-11T08:55:35.024] [Frame] [INFO] frame=12092 begin
[2026-06-11T08:55:35.030] [Frame] [INFO] frame=12093 begin
[2026-06-11T08:55:35.036] [Frame] [INFO] frame=12094 begin
[2026-06-11T08:55:35.043] [Frame] [INFO] frame=12095 begin
[2026-06-11T08:55:35.051] [Frame] [INFO] frame=12096 begin
[2026-06-11T08:55:35.058] [Frame] [INFO] frame=12097 begin
[2026-06-11T08:55:35.065] [Frame] [INFO] frame=12098 begin
[2026-06-11T08:55:35.072] [Frame] [INFO] frame=12099 begin
[2026-06-11T08:55:35.079] [Frame] [INFO] frame=12100 begin
[2026-06-11T08:55:35.085] [Frame] [INFO] frame=12101 begin
[2026-06-11T08:55:35.092] [Frame] [INFO] frame=12102 begin
[2026-06-11T08:55:35.098] [Frame] [INFO] frame=12103 begin
[2026-06-11T08:55:35.106] [Frame] [INFO] frame=12104 begin
[2026-06-11T08:55:35.113] [Frame] [INFO] frame=12105 begin
[2026-06-11T08:55:35.120] [Frame] [INFO] frame=12106 begin
[2026-06-11T08:55:35.127] [Frame] [INFO] frame=12107 begin
[2026-06-11T08:55:35.133] [Frame] [INFO] frame=12108 begin
[2026-06-11T08:55:35.141] [Frame] [INFO] frame=12109 begin
[2026-06-11T08:55:35.148] [Frame] [INFO] frame=12110 begin
[2026-06-11T08:55:35.155] [Frame] [INFO] frame=12111 begin
[2026-06-11T08:55:35.162] [Frame] [INFO] frame=12112 begin
[2026-06-11T08:55:35.169] [Frame] [INFO] frame=12113 begin
[2026-06-11T08:55:35.175] [Frame] [INFO] frame=12114 begin
[2026-06-11T08:55:35.183] [Frame] [INFO] frame=12115 begin
[2026-06-11T08:55:35.190] [Frame] [INFO] frame=12116 begin
[2026-06-11T08:55:35.197] [Frame] [INFO] frame=12117 begin
[2026-06-11T08:55:35.204] [Frame] [INFO] frame=12118 begin
[2026-06-11T08:55:35.210] [Frame] [INFO] frame=12119 begin
[2026-06-11T08:55:35.217] [Frame] [INFO] frame=12120 begin
[2026-06-11T08:55:35.224] [Frame] [INFO] frame=12121 begin
[2026-06-11T08:55:35.232] [Frame] [INFO] frame=12122 begin
[2026-06-11T08:55:35.239] [Frame] [INFO] frame=12123 begin
[2026-06-11T08:55:35.246] [Frame] [INFO] frame=12124 begin
[2026-06-11T08:55:35.252] [Frame] [INFO] frame=12125 begin
[2026-06-11T08:55:35.260] [Frame] [INFO] frame=12126 begin
[2026-06-11T08:55:35.266] [Frame] [INFO] frame=12127 begin
[2026-06-11T08:55:35.274] [Frame] [INFO] frame=12128 begin
[2026-06-11T08:55:35.281] [Frame] [INFO] frame=12129 begin
[2026-06-11T08:55:35.287] [Frame] [INFO] frame=12130 begin
[2026-06-11T08:55:35.294] [Frame] [INFO] frame=12131 begin
[2026-06-11T08:55:35.302] [Frame] [INFO] frame=12132 begin
[2026-06-11T08:55:35.309] [Frame] [INFO] frame=12133 begin
[2026-06-11T08:55:35.315] [Frame] [INFO] frame=12134 begin
[2026-06-11T08:55:35.323] [Frame] [INFO] frame=12135 begin
[2026-06-11T08:55:35.329] [Frame] [INFO] frame=12136 begin
[2026-06-11T08:55:35.335] [Frame] [INFO] frame=12137 begin
[2026-06-11T08:55:35.343] [Frame] [INFO] frame=12138 begin
[2026-06-11T08:55:35.349] [Frame] [INFO] frame=12139 begin
[2026-06-11T08:55:35.356] [Frame] [INFO] frame=12140 begin
[2026-06-11T08:55:35.364] [Frame] [INFO] frame=12141 begin
[2026-06-11T08:55:35.371] [Frame] [INFO] frame=12142 begin
[2026-06-11T08:55:35.378] [Frame] [INFO] frame=12143 begin
[2026-06-11T08:55:35.385] [Frame] [INFO] frame=12144 begin
[2026-06-11T08:55:35.392] [Frame] [INFO] frame=12145 begin
[2026-06-11T08:55:35.399] [Frame] [INFO] frame=12146 begin
[2026-06-11T08:55:35.405] [Frame] [INFO] frame=12147 begin
[2026-06-11T08:55:35.412] [Frame] [INFO] frame=12148 begin
[2026-06-11T08:55:35.418] [Frame] [INFO] frame=12149 begin
[2026-06-11T08:55:35.425] [Frame] [INFO] frame=12150 begin
[2026-06-11T08:55:35.433] [Frame] [INFO] frame=12151 begin
[2026-06-11T08:55:35.439] [Frame] [INFO] frame=12152 begin
[2026-06-11T08:55:35.447] [Frame] [INFO] frame=12153 begin
[2026-06-11T08:55:35.454] [Frame] [INFO] frame=12154 begin
[2026-06-11T08:55:35.460] [Frame] [INFO] frame=12155 begin
[2026-06-11T08:55:35.467] [Frame] [INFO] frame=12156 begin
[2026-06-11T08:55:35.474] [Frame] [INFO] frame=12157 begin
[2026-06-11T08:55:35.481] [Frame] [INFO] frame=12158 begin
[2026-06-11T08:55:35.488] [Frame] [INFO] frame=12159 begin
[2026-06-11T08:55:35.495] [Frame] [INFO] frame=12160 begin
[2026-06-11T08:55:35.502] [Frame] [INFO] frame=12161 begin
[2026-06-11T08:55:35.509] [Frame] [INFO] frame=12162 begin
[2026-06-11T08:55:35.516] [Frame] [INFO] frame=12163 begin
[2026-06-11T08:55:35.523] [Frame] [INFO] frame=12164 begin
[2026-06-11T08:55:35.530] [Frame] [INFO] frame=12165 begin
[2026-06-11T08:55:35.537] [Frame] [INFO] frame=12166 begin
[2026-06-11T08:55:35.544] [Frame] [INFO] frame=12167 begin
[2026-06-11T08:55:35.551] [Frame] [INFO] frame=12168 begin
[2026-06-11T08:55:35.558] [Frame] [INFO] frame=12169 begin
[2026-06-11T08:55:35.564] [Frame] [INFO] frame=12170 begin
[2026-06-11T08:55:35.571] [Frame] [INFO] frame=12171 begin
[2026-06-11T08:55:35.579] [Frame] [INFO] frame=12172 begin
[2026-06-11T08:55:35.586] [Frame] [INFO] frame=12173 begin
[2026-06-11T08:55:35.593] [Frame] [INFO] frame=12174 begin
[2026-06-11T08:55:35.600] [Frame] [INFO] frame=12175 begin
[2026-06-11T08:55:35.606] [Frame] [INFO] frame=12176 begin
[2026-06-11T08:55:35.613] [Frame] [INFO] frame=12177 begin
[2026-06-11T08:55:35.620] [Frame] [INFO] frame=12178 begin
[2026-06-11T08:55:35.627] [Frame] [INFO] frame=12179 begin
[2026-06-11T08:55:35.634] [Frame] [INFO] frame=12180 begin
[2026-06-11T08:55:35.641] [Frame] [INFO] frame=12181 begin
[2026-06-11T08:55:35.648] [Frame] [INFO] frame=12182 begin
[2026-06-11T08:55:35.655] [Frame] [INFO] frame=12183 begin
[2026-06-11T08:55:35.662] [Frame] [INFO] frame=12184 begin
[2026-06-11T08:55:35.669] [Frame] [INFO] frame=12185 begin
[2026-06-11T08:55:35.675] [Frame] [INFO] frame=12186 begin
[2026-06-11T08:55:35.683] [Frame] [INFO] frame=12187 begin
[2026-06-11T08:55:35.689] [Frame] [INFO] frame=12188 begin
[2026-06-11T08:55:35.696] [Frame] [INFO] frame=12189 begin
[2026-06-11T08:55:35.703] [Frame] [INFO] frame=12190 begin
[2026-06-11T08:55:35.710] [Frame] [INFO] frame=12191 begin
[2026-06-11T08:55:35.718] [Frame] [INFO] frame=12192 begin
[2026-06-11T08:55:35.724] [Frame] [INFO] frame=12193 begin
[2026-06-11T08:55:35.731] [Frame] [INFO] frame=12194 begin
[2026-06-11T08:55:35.739] [Frame] [INFO] frame=12195 begin
[2026-06-11T08:55:35.745] [Frame] [INFO] frame=12196 begin
[2026-06-11T08:55:35.752] [Frame] [INFO] frame=12197 begin
[2026-06-11T08:55:35.759] [Frame] [INFO] frame=12198 begin
[2026-06-11T08:55:35.766] [Frame] [INFO] frame=12199 begin
[2026-06-11T08:55:35.773] [Frame] [INFO] frame=12200 begin
[2026-06-11T08:55:35.780] [Frame] [INFO] frame=12201 begin
[2026-06-11T08:55:35.787] [Frame] [INFO] frame=12202 begin
[2026-06-11T08:55:35.794] [Frame] [INFO] frame=12203 begin
[2026-06-11T08:55:35.800] [Frame] [INFO] frame=12204 begin
[2026-06-11T08:55:35.808] [Frame] [INFO] frame=12205 begin
[2026-06-11T08:55:35.815] [Frame] [INFO] frame=12206 begin
[2026-06-11T08:55:35.823] [Frame] [INFO] frame=12207 begin
[2026-06-11T08:55:35.829] [Frame] [INFO] frame=12208 begin
[2026-06-11T08:55:35.835] [Frame] [INFO] frame=12209 begin
[2026-06-11T08:55:35.842] [Frame] [INFO] frame=12210 begin
[2026-06-11T08:55:35.849] [Frame] [INFO] frame=12211 begin
[2026-06-11T08:55:35.856] [Frame] [INFO] frame=12212 begin
[2026-06-11T08:55:35.863] [Frame] [INFO] frame=12213 begin
[2026-06-11T08:55:35.871] [Frame] [INFO] frame=12214 begin
[2026-06-11T08:55:35.879] [Frame] [INFO] frame=12215 begin
[2026-06-11T08:55:35.884] [Frame] [INFO] frame=12216 begin
[2026-06-11T08:55:35.891] [Frame] [INFO] frame=12217 begin
[2026-06-11T08:55:35.898] [Frame] [INFO] frame=12218 begin
[2026-06-11T08:55:35.905] [Frame] [INFO] frame=12219 begin
[2026-06-11T08:55:35.911] [Frame] [INFO] frame=12220 begin
[2026-06-11T08:55:35.918] [Frame] [INFO] frame=12221 begin
[2026-06-11T08:55:35.926] [Frame] [INFO] frame=12222 begin
[2026-06-11T08:55:35.933] [Frame] [INFO] frame=12223 begin
[2026-06-11T08:55:35.939] [Frame] [INFO] frame=12224 begin
[2026-06-11T08:55:35.946] [Frame] [INFO] frame=12225 begin
[2026-06-11T08:55:35.953] [Frame] [INFO] frame=12226 begin
[2026-06-11T08:55:35.956] [Frame] [INFO] frame=12227 begin
[2026-06-11T08:55:35.967] [Frame] [INFO] frame=12228 begin
[2026-06-11T08:55:35.974] [Frame] [INFO] frame=12229 begin
[2026-06-11T08:55:35.976] [Frame] [INFO] frame=12230 begin
[2026-06-11T08:55:35.981] [Frame] [INFO] frame=12231 begin
[2026-06-11T08:55:35.988] [Frame] [INFO] frame=12232 begin
[2026-06-11T08:55:35.995] [Frame] [INFO] frame=12233 begin
[2026-06-11T08:55:36.001] [Frame] [INFO] frame=12234 begin
[2026-06-11T08:55:36.008] [Frame] [INFO] frame=12235 begin
[2026-06-11T08:55:36.015] [Frame] [INFO] frame=12236 begin
[2026-06-11T08:55:36.015] [Frame] [INFO] frame=12237 begin
[2026-06-11T08:55:36.029] [Frame] [INFO] frame=12238 begin
[2026-06-11T08:55:36.036] [Frame] [INFO] frame=12239 begin
[2026-06-11T08:55:36.038] [Frame] [INFO] frame=12240 begin
[2026-06-11T08:55:36.044] [Frame] [INFO] frame=12241 begin
[2026-06-11T08:55:36.050] [Frame] [INFO] frame=12242 begin
[2026-06-11T08:55:36.058] [Frame] [INFO] frame=12243 begin
[2026-06-11T08:55:36.064] [Frame] [INFO] frame=12244 begin
[2026-06-11T08:55:36.071] [Frame] [INFO] frame=12245 begin
[2026-06-11T08:55:36.078] [Frame] [INFO] frame=12246 begin
[2026-06-11T08:55:36.085] [Frame] [INFO] frame=12247 begin
[2026-06-11T08:55:36.092] [Frame] [INFO] frame=12248 begin
[2026-06-11T08:55:36.100] [Frame] [INFO] frame=12249 begin
[2026-06-11T08:55:36.106] [Frame] [INFO] frame=12250 begin
[2026-06-11T08:55:36.114] [Frame] [INFO] frame=12251 begin
[2026-06-11T08:55:36.120] [Frame] [INFO] frame=12252 begin
[2026-06-11T08:55:36.126] [Frame] [INFO] frame=12253 begin
[2026-06-11T08:55:36.135] [Frame] [INFO] frame=12254 begin
[2026-06-11T08:55:36.141] [Frame] [INFO] frame=12255 begin
[2026-06-11T08:55:36.148] [Frame] [INFO] frame=12256 begin
[2026-06-11T08:55:36.155] [Frame] [INFO] frame=12257 begin
[2026-06-11T08:55:36.162] [Frame] [INFO] frame=12258 begin
[2026-06-11T08:55:36.169] [Frame] [INFO] frame=12259 begin
[2026-06-11T08:55:36.177] [Frame] [INFO] frame=12260 begin
[2026-06-11T08:55:36.182] [Frame] [INFO] frame=12261 begin
[2026-06-11T08:55:36.189] [Frame] [INFO] frame=12262 begin
[2026-06-11T08:55:36.197] [Frame] [INFO] frame=12263 begin
[2026-06-11T08:55:36.205] [Frame] [INFO] frame=12264 begin
[2026-06-11T08:55:36.211] [Frame] [INFO] frame=12265 begin
[2026-06-11T08:55:36.217] [Frame] [INFO] frame=12266 begin
[2026-06-11T08:55:36.224] [Frame] [INFO] frame=12267 begin
[2026-06-11T08:55:36.231] [Frame] [INFO] frame=12268 begin
[2026-06-11T08:55:36.237] [Frame] [INFO] frame=12269 begin
[2026-06-11T08:55:36.245] [Frame] [INFO] frame=12270 begin
[2026-06-11T08:55:36.252] [Frame] [INFO] frame=12271 begin
[2026-06-11T08:55:36.258] [Frame] [INFO] frame=12272 begin
[2026-06-11T08:55:36.265] [Frame] [INFO] frame=12273 begin
[2026-06-11T08:55:36.272] [Frame] [INFO] frame=12274 begin
[2026-06-11T08:55:36.279] [Frame] [INFO] frame=12275 begin
[2026-06-11T08:55:36.286] [Frame] [INFO] frame=12276 begin
[2026-06-11T08:55:36.293] [Frame] [INFO] frame=12277 begin
[2026-06-11T08:55:36.300] [Frame] [INFO] frame=12278 begin
[2026-06-11T08:55:36.306] [Frame] [INFO] frame=12279 begin
[2026-06-11T08:55:36.314] [Frame] [INFO] frame=12280 begin
[2026-06-11T08:55:36.320] [Frame] [INFO] frame=12281 begin
[2026-06-11T08:55:36.328] [Frame] [INFO] frame=12282 begin
[2026-06-11T08:55:36.335] [Frame] [INFO] frame=12283 begin
[2026-06-11T08:55:36.341] [Frame] [INFO] frame=12284 begin
[2026-06-11T08:55:36.348] [Frame] [INFO] frame=12285 begin
[2026-06-11T08:55:36.356] [Frame] [INFO] frame=12286 begin
[2026-06-11T08:55:36.362] [Frame] [INFO] frame=12287 begin
[2026-06-11T08:55:36.370] [Frame] [INFO] frame=12288 begin
[2026-06-11T08:55:36.377] [Frame] [INFO] frame=12289 begin
[2026-06-11T08:55:36.384] [Frame] [INFO] frame=12290 begin
[2026-06-11T08:55:36.390] [Frame] [INFO] frame=12291 begin
[2026-06-11T08:55:36.397] [Frame] [INFO] frame=12292 begin
[2026-06-11T08:55:36.404] [Frame] [INFO] frame=12293 begin
[2026-06-11T08:55:36.411] [Frame] [INFO] frame=12294 begin
[2026-06-11T08:55:36.419] [Frame] [INFO] frame=12295 begin
[2026-06-11T08:55:36.425] [Frame] [INFO] frame=12296 begin
[2026-06-11T08:55:36.431] [Frame] [INFO] frame=12297 begin
[2026-06-11T08:55:36.439] [Frame] [INFO] frame=12298 begin
[2026-06-11T08:55:36.446] [Frame] [INFO] frame=12299 begin
[2026-06-11T08:55:36.454] [Frame] [INFO] frame=12300 begin
[2026-06-11T08:55:36.460] [Frame] [INFO] frame=12301 begin
[2026-06-11T08:55:36.467] [Frame] [INFO] frame=12302 begin
[2026-06-11T08:55:36.475] [Frame] [INFO] frame=12303 begin
[2026-06-11T08:55:36.481] [Frame] [INFO] frame=12304 begin
[2026-06-11T08:55:36.487] [Frame] [INFO] frame=12305 begin
[2026-06-11T08:55:36.494] [Frame] [INFO] frame=12306 begin
[2026-06-11T08:55:36.495] [Frame] [INFO] frame=12307 begin
[2026-06-11T08:55:36.508] [Frame] [INFO] frame=12308 begin
[2026-06-11T08:55:36.515] [Frame] [INFO] frame=12309 begin
[2026-06-11T08:55:36.518] [Frame] [INFO] frame=12310 begin
[2026-06-11T08:55:36.527] [Frame] [INFO] frame=12311 begin
[2026-06-11T08:55:36.530] [Frame] [INFO] frame=12312 begin
[2026-06-11T08:55:36.537] [Frame] [INFO] frame=12313 begin
[2026-06-11T08:55:36.543] [Frame] [INFO] frame=12314 begin
[2026-06-11T08:55:36.550] [Frame] [INFO] frame=12315 begin
[2026-06-11T08:55:36.557] [Frame] [INFO] frame=12316 begin
[2026-06-11T08:55:36.564] [Frame] [INFO] frame=12317 begin
[2026-06-11T08:55:36.571] [Frame] [INFO] frame=12318 begin
[2026-06-11T08:55:36.579] [Frame] [INFO] frame=12319 begin
[2026-06-11T08:55:36.585] [Frame] [INFO] frame=12320 begin
[2026-06-11T08:55:36.591] [Frame] [INFO] frame=12321 begin
[2026-06-11T08:55:36.598] [Frame] [INFO] frame=12322 begin
[2026-06-11T08:55:36.602] [Frame] [INFO] frame=12323 begin
[2026-06-11T08:55:36.614] [Frame] [INFO] frame=12324 begin
[2026-06-11T08:55:36.619] [Frame] [INFO] frame=12325 begin
[2026-06-11T08:55:36.622] [Frame] [INFO] frame=12326 begin
[2026-06-11T08:55:36.627] [Frame] [INFO] frame=12327 begin
[2026-06-11T08:55:36.634] [Frame] [INFO] frame=12328 begin
[2026-06-11T08:55:36.641] [Frame] [INFO] frame=12329 begin
[2026-06-11T08:55:36.649] [Frame] [INFO] frame=12330 begin
[2026-06-11T08:55:36.654] [Frame] [INFO] frame=12331 begin
[2026-06-11T08:55:36.661] [Frame] [INFO] frame=12332 begin
[2026-06-11T08:55:36.669] [Frame] [INFO] frame=12333 begin
[2026-06-11T08:55:36.675] [Frame] [INFO] frame=12334 begin
[2026-06-11T08:55:36.682] [Frame] [INFO] frame=12335 begin
[2026-06-11T08:55:36.684] [Frame] [INFO] frame=12336 begin
[2026-06-11T08:55:36.696] [Frame] [INFO] frame=12337 begin
[2026-06-11T08:55:36.703] [Frame] [INFO] frame=12338 begin
[2026-06-11T08:55:36.706] [Frame] [INFO] frame=12339 begin
[2026-06-11T08:55:36.710] [Frame] [INFO] frame=12340 begin
[2026-06-11T08:55:36.717] [Frame] [INFO] frame=12341 begin
[2026-06-11T08:55:36.724] [Frame] [INFO] frame=12342 begin
[2026-06-11T08:55:36.731] [Frame] [INFO] frame=12343 begin
[2026-06-11T08:55:36.738] [Frame] [INFO] frame=12344 begin
[2026-06-11T08:55:36.744] [Frame] [INFO] frame=12345 begin
[2026-06-11T08:55:36.752] [Frame] [INFO] frame=12346 begin
[2026-06-11T08:55:36.760] [Frame] [INFO] frame=12347 begin
[2026-06-11T08:55:36.766] [Frame] [INFO] frame=12348 begin
[2026-06-11T08:55:36.774] [Frame] [INFO] frame=12349 begin
[2026-06-11T08:55:36.780] [Frame] [INFO] frame=12350 begin
[2026-06-11T08:55:36.787] [Frame] [INFO] frame=12351 begin
[2026-06-11T08:55:36.794] [Frame] [INFO] frame=12352 begin
[2026-06-11T08:55:36.801] [Frame] [INFO] frame=12353 begin
[2026-06-11T08:55:36.807] [Frame] [INFO] frame=12354 begin
[2026-06-11T08:55:36.815] [Frame] [INFO] frame=12355 begin
[2026-06-11T08:55:36.822] [Frame] [INFO] frame=12356 begin
[2026-06-11T08:55:36.829] [Frame] [INFO] frame=12357 begin
[2026-06-11T08:55:36.836] [Frame] [INFO] frame=12358 begin
[2026-06-11T08:55:36.842] [Frame] [INFO] frame=12359 begin
[2026-06-11T08:55:36.849] [Frame] [INFO] frame=12360 begin
[2026-06-11T08:55:36.857] [Frame] [INFO] frame=12361 begin
[2026-06-11T08:55:36.863] [Frame] [INFO] frame=12362 begin
[2026-06-11T08:55:36.870] [Frame] [INFO] frame=12363 begin
[2026-06-11T08:55:36.877] [Frame] [INFO] frame=12364 begin
[2026-06-11T08:55:36.885] [Frame] [INFO] frame=12365 begin
[2026-06-11T08:55:36.891] [Frame] [INFO] frame=12366 begin
[2026-06-11T08:55:36.894] [Frame] [INFO] frame=12367 begin
[2026-06-11T08:55:36.905] [Frame] [INFO] frame=12368 begin
[2026-06-11T08:55:36.912] [Frame] [INFO] frame=12369 begin
[2026-06-11T08:55:36.914] [Frame] [INFO] frame=12370 begin
[2026-06-11T08:55:36.919] [Frame] [INFO] frame=12371 begin
[2026-06-11T08:55:36.925] [Frame] [INFO] frame=12372 begin
[2026-06-11T08:55:36.932] [Frame] [INFO] frame=12373 begin
[2026-06-11T08:55:36.940] [Frame] [INFO] frame=12374 begin
[2026-06-11T08:55:36.946] [Frame] [INFO] frame=12375 begin
[2026-06-11T08:55:36.953] [Frame] [INFO] frame=12376 begin
[2026-06-11T08:55:36.960] [Frame] [INFO] frame=12377 begin
[2026-06-11T08:55:36.967] [Frame] [INFO] frame=12378 begin
[2026-06-11T08:55:36.974] [Frame] [INFO] frame=12379 begin
[2026-06-11T08:55:36.981] [Frame] [INFO] frame=12380 begin
[2026-06-11T08:55:36.988] [Frame] [INFO] frame=12381 begin
[2026-06-11T08:55:36.988] [Frame] [INFO] frame=12382 begin
[2026-06-11T08:55:37.004] [Frame] [INFO] frame=12383 begin
[2026-06-11T08:55:37.009] [Frame] [INFO] frame=12384 begin
[2026-06-11T08:55:37.011] [Frame] [INFO] frame=12385 begin
[2026-06-11T08:55:37.017] [Frame] [INFO] frame=12386 begin
[2026-06-11T08:55:37.024] [Frame] [INFO] frame=12387 begin
[2026-06-11T08:55:37.030] [Frame] [INFO] frame=12388 begin
[2026-06-11T08:55:37.043] [Frame] [INFO] frame=12389 begin
[2026-06-11T08:55:37.047] [Frame] [INFO] frame=12390 begin
[2026-06-11T08:55:37.051] [Frame] [INFO] frame=12391 begin
[2026-06-11T08:55:37.058] [Frame] [INFO] frame=12392 begin
[2026-06-11T08:55:37.064] [Frame] [INFO] frame=12393 begin
[2026-06-11T08:55:37.070] [Frame] [INFO] frame=12394 begin
[2026-06-11T08:55:37.077] [Frame] [INFO] frame=12395 begin
[2026-06-11T08:55:37.083] [Frame] [INFO] frame=12396 begin
[2026-06-11T08:55:37.095] [Frame] [INFO] frame=12397 begin
[2026-06-11T08:55:37.098] [Frame] [INFO] frame=12398 begin
[2026-06-11T08:55:37.104] [Frame] [INFO] frame=12399 begin
[2026-06-11T08:55:37.111] [Frame] [INFO] frame=12400 begin
[2026-06-11T08:55:37.117] [Frame] [INFO] frame=12401 begin
[2026-06-11T08:55:37.124] [Frame] [INFO] frame=12402 begin
[2026-06-11T08:55:37.131] [Frame] [INFO] frame=12403 begin
[2026-06-11T08:55:37.141] [Frame] [INFO] frame=12404 begin
[2026-06-11T08:55:37.145] [Frame] [INFO] frame=12405 begin
[2026-06-11T08:55:37.151] [Frame] [INFO] frame=12406 begin
[2026-06-11T08:55:37.157] [Frame] [INFO] frame=12407 begin
[2026-06-11T08:55:37.164] [Frame] [INFO] frame=12408 begin
[2026-06-11T08:55:37.171] [Frame] [INFO] frame=12409 begin
[2026-06-11T08:55:37.178] [Frame] [INFO] frame=12410 begin
[2026-06-11T08:55:37.184] [Frame] [INFO] frame=12411 begin
[2026-06-11T08:55:37.193] [Frame] [INFO] frame=12412 begin
[2026-06-11T08:55:37.198] [Frame] [INFO] frame=12413 begin
[2026-06-11T08:55:37.204] [Frame] [INFO] frame=12414 begin
[2026-06-11T08:55:37.210] [Frame] [INFO] frame=12415 begin
[2026-06-11T08:55:37.218] [Frame] [INFO] frame=12416 begin
[2026-06-11T08:55:37.224] [Frame] [INFO] frame=12417 begin
[2026-06-11T08:55:37.231] [Frame] [INFO] frame=12418 begin
[2026-06-11T08:55:37.256] [Frame] [INFO] frame=12419 begin
[2026-06-11T08:55:37.259] [Frame] [INFO] frame=12420 begin
[2026-06-11T08:55:37.262] [Frame] [INFO] frame=12421 begin
[2026-06-11T08:55:37.265] [Frame] [INFO] frame=12422 begin
[2026-06-11T08:55:37.272] [Frame] [INFO] frame=12423 begin
[2026-06-11T08:55:37.278] [Frame] [INFO] frame=12424 begin
[2026-06-11T08:55:37.286] [Frame] [INFO] frame=12425 begin
[2026-06-11T08:55:37.294] [Frame] [INFO] frame=12426 begin
[2026-06-11T08:55:37.299] [Frame] [INFO] frame=12427 begin
[2026-06-11T08:55:37.306] [Frame] [INFO] frame=12428 begin
[2026-06-11T08:55:37.314] [Frame] [INFO] frame=12429 begin
[2026-06-11T08:55:37.319] [Frame] [INFO] frame=12430 begin
[2026-06-11T08:55:37.326] [Frame] [INFO] frame=12431 begin
[2026-06-11T08:55:37.333] [Frame] [INFO] frame=12432 begin
[2026-06-11T08:55:37.341] [Frame] [INFO] frame=12433 begin
[2026-06-11T08:55:37.346] [Frame] [INFO] frame=12434 begin
[2026-06-11T08:55:37.353] [Frame] [INFO] frame=12435 begin
[2026-06-11T08:55:37.360] [Frame] [INFO] frame=12436 begin
[2026-06-11T08:55:37.361] [Frame] [INFO] frame=12437 begin
[2026-06-11T08:55:37.409] [Frame] [INFO] frame=12438 begin
[2026-06-11T08:55:37.413] [Frame] [INFO] frame=12439 begin
[2026-06-11T08:55:37.416] [Frame] [INFO] frame=12440 begin
[2026-06-11T08:55:37.419] [Frame] [INFO] frame=12441 begin
[2026-06-11T08:55:37.424] [Frame] [INFO] frame=12442 begin
[2026-06-11T08:55:37.431] [Frame] [INFO] frame=12443 begin
[2026-06-11T08:55:37.438] [Frame] [INFO] frame=12444 begin
[2026-06-11T08:55:37.445] [Frame] [INFO] frame=12445 begin
[2026-06-11T08:55:37.451] [Frame] [INFO] frame=12446 begin
[2026-06-11T08:55:37.461] [Frame] [INFO] frame=12447 begin
[2026-06-11T08:55:37.468] [Frame] [INFO] frame=12448 begin
[2026-06-11T08:55:37.479] [Frame] [INFO] frame=12449 begin
[2026-06-11T08:55:37.484] [Frame] [INFO] frame=12450 begin
[2026-06-11T08:55:37.499] [Frame] [INFO] frame=12451 begin
[2026-06-11T08:55:37.503] [Frame] [INFO] frame=12452 begin
[2026-06-11T08:55:37.507] [Frame] [INFO] frame=12453 begin
[2026-06-11T08:55:37.513] [Frame] [INFO] frame=12454 begin
[2026-06-11T08:55:37.516] [Frame] [INFO] frame=12455 begin
[2026-06-11T08:55:37.521] [Frame] [INFO] frame=12456 begin
[2026-06-11T08:55:37.529] [Frame] [INFO] frame=12457 begin
[2026-06-11T08:55:37.536] [Frame] [INFO] frame=12458 begin
[2026-06-11T08:55:37.544] [Frame] [INFO] frame=12459 begin
[2026-06-11T08:55:37.550] [Frame] [INFO] frame=12460 begin
[2026-06-11T08:55:37.557] [Frame] [INFO] frame=12461 begin
[2026-06-11T08:55:37.564] [Frame] [INFO] frame=12462 begin
[2026-06-11T08:55:37.572] [Frame] [INFO] frame=12463 begin
[2026-06-11T08:55:37.578] [Frame] [INFO] frame=12464 begin
[2026-06-11T08:55:37.585] [Frame] [INFO] frame=12465 begin
[2026-06-11T08:55:37.591] [Frame] [INFO] frame=12466 begin
[2026-06-11T08:55:37.598] [Frame] [INFO] frame=12467 begin
[2026-06-11T08:55:37.605] [Frame] [INFO] frame=12468 begin
[2026-06-11T08:55:37.611] [Frame] [INFO] frame=12469 begin
[2026-06-11T08:55:37.618] [Frame] [INFO] frame=12470 begin
[2026-06-11T08:55:37.625] [Frame] [INFO] frame=12471 begin
[2026-06-11T08:55:37.633] [Frame] [INFO] frame=12472 begin
[2026-06-11T08:55:37.639] [Frame] [INFO] frame=12473 begin
[2026-06-11T08:55:37.646] [Frame] [INFO] frame=12474 begin
[2026-06-11T08:55:37.650] [Frame] [INFO] frame=12475 begin
[2026-06-11T08:55:37.661] [Frame] [INFO] frame=12476 begin
[2026-06-11T08:55:37.667] [Frame] [INFO] frame=12477 begin
[2026-06-11T08:55:37.671] [Frame] [INFO] frame=12478 begin
[2026-06-11T08:55:37.674] [Frame] [INFO] frame=12479 begin
[2026-06-11T08:55:37.681] [Frame] [INFO] frame=12480 begin
[2026-06-11T08:55:37.687] [Frame] [INFO] frame=12481 begin
[2026-06-11T08:55:37.694] [Frame] [INFO] frame=12482 begin
[2026-06-11T08:55:37.700] [Frame] [INFO] frame=12483 begin
[2026-06-11T08:55:37.707] [Frame] [INFO] frame=12484 begin
[2026-06-11T08:55:37.714] [Frame] [INFO] frame=12485 begin
[2026-06-11T08:55:37.721] [Frame] [INFO] frame=12486 begin
[2026-06-11T08:55:37.728] [Frame] [INFO] frame=12487 begin
[2026-06-11T08:55:37.734] [Frame] [INFO] frame=12488 begin
[2026-06-11T08:55:37.742] [Frame] [INFO] frame=12489 begin
[2026-06-11T08:55:37.748] [Frame] [INFO] frame=12490 begin
[2026-06-11T08:55:37.756] [Frame] [INFO] frame=12491 begin
[2026-06-11T08:55:37.762] [Frame] [INFO] frame=12492 begin
[2026-06-11T08:55:37.769] [Frame] [INFO] frame=12493 begin
[2026-06-11T08:55:37.776] [Frame] [INFO] frame=12494 begin
[2026-06-11T08:55:37.783] [Frame] [INFO] frame=12495 begin
[2026-06-11T08:55:37.791] [Frame] [INFO] frame=12496 begin
[2026-06-11T08:55:37.796] [Frame] [INFO] frame=12497 begin
[2026-06-11T08:55:37.802] [Frame] [INFO] frame=12498 begin
[2026-06-11T08:55:37.809] [Frame] [INFO] frame=12499 begin
[2026-06-11T08:55:37.816] [Frame] [INFO] frame=12500 begin
[2026-06-11T08:55:37.823] [Frame] [INFO] frame=12501 begin
[2026-06-11T08:55:37.830] [Frame] [INFO] frame=12502 begin
[2026-06-11T08:55:37.836] [Frame] [INFO] frame=12503 begin
[2026-06-11T08:55:37.844] [Frame] [INFO] frame=12504 begin
[2026-06-11T08:55:37.851] [Frame] [INFO] frame=12505 begin
[2026-06-11T08:55:37.857] [Frame] [INFO] frame=12506 begin
[2026-06-11T08:55:37.864] [Frame] [INFO] frame=12507 begin
[2026-06-11T08:55:37.871] [Frame] [INFO] frame=12508 begin
[2026-06-11T08:55:37.877] [Frame] [INFO] frame=12509 begin
[2026-06-11T08:55:37.885] [Frame] [INFO] frame=12510 begin
[2026-06-11T08:55:37.891] [Frame] [INFO] frame=12511 begin
[2026-06-11T08:55:37.898] [Frame] [INFO] frame=12512 begin
[2026-06-11T08:55:37.905] [Frame] [INFO] frame=12513 begin
[2026-06-11T08:55:37.912] [Frame] [INFO] frame=12514 begin
[2026-06-11T08:55:37.918] [Frame] [INFO] frame=12515 begin
[2026-06-11T08:55:37.925] [Frame] [INFO] frame=12516 begin
[2026-06-11T08:55:37.932] [Frame] [INFO] frame=12517 begin
[2026-06-11T08:55:37.939] [Frame] [INFO] frame=12518 begin
[2026-06-11T08:55:37.946] [Frame] [INFO] frame=12519 begin
[2026-06-11T08:55:37.953] [Frame] [INFO] frame=12520 begin
[2026-06-11T08:55:37.960] [Frame] [INFO] frame=12521 begin
[2026-06-11T08:55:37.967] [Frame] [INFO] frame=12522 begin
[2026-06-11T08:55:37.973] [Frame] [INFO] frame=12523 begin
[2026-06-11T08:55:37.980] [Frame] [INFO] frame=12524 begin
[2026-06-11T08:55:37.988] [Frame] [INFO] frame=12525 begin
[2026-06-11T08:55:37.994] [Frame] [INFO] frame=12526 begin
[2026-06-11T08:55:38.001] [Frame] [INFO] frame=12527 begin
[2026-06-11T08:55:38.008] [Frame] [INFO] frame=12528 begin
[2026-06-11T08:55:38.014] [Frame] [INFO] frame=12529 begin
[2026-06-11T08:55:38.021] [Frame] [INFO] frame=12530 begin
[2026-06-11T08:55:38.028] [Frame] [INFO] frame=12531 begin
[2026-06-11T08:55:38.035] [Frame] [INFO] frame=12532 begin
[2026-06-11T08:55:38.041] [Frame] [INFO] frame=12533 begin
[2026-06-11T08:55:38.048] [Frame] [INFO] frame=12534 begin
[2026-06-11T08:55:38.055] [Frame] [INFO] frame=12535 begin
[2026-06-11T08:55:38.062] [Frame] [INFO] frame=12536 begin
[2026-06-11T08:55:38.068] [Frame] [INFO] frame=12537 begin
[2026-06-11T08:55:38.075] [Frame] [INFO] frame=12538 begin
[2026-06-11T08:55:38.082] [Frame] [INFO] frame=12539 begin
[2026-06-11T08:55:38.089] [Frame] [INFO] frame=12540 begin
[2026-06-11T08:55:38.095] [Frame] [INFO] frame=12541 begin
[2026-06-11T08:55:38.103] [Frame] [INFO] frame=12542 begin
[2026-06-11T08:55:38.110] [Frame] [INFO] frame=12543 begin
[2026-06-11T08:55:38.116] [Frame] [INFO] frame=12544 begin
[2026-06-11T08:55:38.123] [Frame] [INFO] frame=12545 begin
[2026-06-11T08:55:38.130] [Frame] [INFO] frame=12546 begin
[2026-06-11T08:55:38.137] [Frame] [INFO] frame=12547 begin
[2026-06-11T08:55:38.144] [Frame] [INFO] frame=12548 begin
[2026-06-11T08:55:38.151] [Frame] [INFO] frame=12549 begin
[2026-06-11T08:55:38.158] [Frame] [INFO] frame=12550 begin
[2026-06-11T08:55:38.169] [Frame] [INFO] frame=12551 begin
[2026-06-11T08:55:38.680] [Frame] [INFO] frame=12552 begin
[2026-06-11T08:55:38.682] [Frame] [INFO] frame=12553 begin
[2026-06-11T08:55:38.683] [Frame] [INFO] frame=12554 begin
[2026-06-11T08:55:38.684] [Frame] [INFO] frame=12555 begin
[2026-06-11T08:55:38.685] [Frame] [INFO] frame=12556 begin
[2026-06-11T08:55:38.686] [Frame] [INFO] frame=12557 begin
[2026-06-11T08:55:38.687] [Frame] [INFO] frame=12558 begin
[2026-06-11T08:55:38.688] [Frame] [INFO] frame=12559 begin
[2026-06-11T08:55:38.689] [Frame] [INFO] frame=12560 begin
[2026-06-11T08:55:38.776] [Frame] [INFO] frame=12561 begin
[2026-06-11T08:55:38.780] [Frame] [INFO] frame=12562 begin
[2026-06-11T08:55:38.863] [Frame] [INFO] frame=12563 begin
[2026-06-11T08:55:38.867] [Frame] [INFO] frame=12564 begin
[2026-06-11T08:55:38.940] [Frame] [INFO] frame=12565 begin
[2026-06-11T08:55:38.944] [Frame] [INFO] frame=12566 begin
[2026-06-11T08:55:39.008] [Frame] [INFO] frame=12567 begin
[2026-06-11T08:55:39.012] [Frame] [INFO] frame=12568 begin
[2026-06-11T08:55:39.068] [Frame] [INFO] frame=12569 begin
[2026-06-11T08:55:39.072] [Frame] [INFO] frame=12570 begin
[2026-06-11T08:55:39.120] [Frame] [INFO] frame=12571 begin
[2026-06-11T08:55:39.124] [Frame] [INFO] frame=12572 begin
[2026-06-11T08:55:39.163] [Frame] [INFO] frame=12573 begin
[2026-06-11T08:55:39.167] [Frame] [INFO] frame=12574 begin
[2026-06-11T08:55:39.197] [Frame] [INFO] frame=12575 begin
[2026-06-11T08:55:39.201] [Frame] [INFO] frame=12576 begin
[2026-06-11T08:55:39.223] [Frame] [INFO] frame=12577 begin
[2026-06-11T08:55:39.227] [Frame] [INFO] frame=12578 begin
[2026-06-11T08:55:39.242] [Frame] [INFO] frame=12579 begin
[2026-06-11T08:55:39.246] [Frame] [INFO] frame=12580 begin
[2026-06-11T08:55:39.250] [Frame] [INFO] frame=12581 begin
[2026-06-11T08:55:39.254] [Frame] [INFO] frame=12582 begin
[2026-06-11T08:55:39.259] [Frame] [INFO] frame=12583 begin
[2026-06-11T08:55:39.263] [Frame] [INFO] frame=12584 begin
[2026-06-11T08:55:39.267] [Frame] [INFO] frame=12585 begin
[2026-06-11T08:55:39.271] [Frame] [INFO] frame=12586 begin
[2026-06-11T08:55:39.275] [Frame] [INFO] frame=12587 begin
[2026-06-11T08:55:39.279] [Frame] [INFO] frame=12588 begin
[2026-06-11T08:55:39.284] [Frame] [INFO] frame=12589 begin
[2026-06-11T08:55:39.288] [Frame] [INFO] frame=12590 begin
[2026-06-11T08:55:39.292] [Frame] [INFO] frame=12591 begin
[2026-06-11T08:55:39.296] [Frame] [INFO] frame=12592 begin
[2026-06-11T08:55:39.300] [Frame] [INFO] frame=12593 begin
[2026-06-11T08:55:39.304] [Frame] [INFO] frame=12594 begin
[2026-06-11T08:55:39.309] [Frame] [INFO] frame=12595 begin
[2026-06-11T08:55:39.313] [Frame] [INFO] frame=12596 begin
[2026-06-11T08:55:39.317] [Frame] [INFO] frame=12597 begin
[2026-06-11T08:55:39.321] [Frame] [INFO] frame=12598 begin
[2026-06-11T08:55:39.325] [Frame] [INFO] frame=12599 begin
[2026-06-11T08:55:39.329] [Frame] [INFO] frame=12600 begin
[2026-06-11T08:55:39.334] [Frame] [INFO] frame=12601 begin
[2026-06-11T08:55:39.338] [Frame] [INFO] frame=12602 begin
[2026-06-11T08:55:39.342] [Frame] [INFO] frame=12603 begin
[2026-06-11T08:55:39.346] [Frame] [INFO] frame=12604 begin
[2026-06-11T08:55:39.350] [Frame] [INFO] frame=12605 begin
[2026-06-11T08:55:39.354] [Frame] [INFO] frame=12606 begin
[2026-06-11T08:55:39.359] [Frame] [INFO] frame=12607 begin
[2026-06-11T08:55:39.363] [Frame] [INFO] frame=12608 begin
[2026-06-11T08:55:39.367] [Frame] [INFO] frame=12609 begin
[2026-06-11T08:55:39.371] [Frame] [INFO] frame=12610 begin
[2026-06-11T08:55:39.375] [Frame] [INFO] frame=12611 begin
[2026-06-11T08:55:39.379] [Frame] [INFO] frame=12612 begin
[2026-06-11T08:55:39.384] [Frame] [INFO] frame=12613 begin
[2026-06-11T08:55:39.388] [Frame] [INFO] frame=12614 begin
[2026-06-11T08:55:39.392] [Frame] [INFO] frame=12615 begin
[2026-06-11T08:55:39.396] [Frame] [INFO] frame=12616 begin
[2026-06-11T08:55:39.400] [Frame] [INFO] frame=12617 begin
[2026-06-11T08:55:39.405] [Frame] [INFO] frame=12618 begin
